{
  "Top": "ethernet_mux",
  "RtlTop": "ethernet_mux",
  "RtlPrefix": "",
  "SourceLanguage": "cpp",
  "ResetStyle": "control",
  "GenerateBdFiles": "1",
  "HostMachineBits": "64",
  "Target": {
    "Family": "zynquplus",
    "Device": "xczu9eg",
    "Package": "-ffvb1156",
    "Speed": "-2-e"
  },
  "HlsSolution": {"Config": [
      "config_export -format=ip_catalog",
      "config_export -rtl=verilog",
      "config_export -vivado_optimization_level=2",
      "config_export -vivado_phys_opt=place",
      "config_export -vivado_report_level=0"
    ]},
  "Args": {
    "ether_mux_data_in": {
      "index": "0",
      "type": {
        "kinds": ["struct"],
        "dataType": "ETH_BUS",
        "structImpl": "flat-field",
        "dataPack": true,
        "fields": {
          "data": {
            "order": "0",
            "dataType": "ap_uint"
          },
          "user": {
            "order": "1",
            "dataType": "ap_uint"
          },
          "keep": {
            "order": "2",
            "dataType": "ap_uint"
          },
          "last": {
            "order": "3",
            "dataType": "ap_uint"
          }
        }
      }
    },
    "sync_data_in": {
      "index": "1",
      "type": {
        "kinds": ["struct"],
        "dataType": "ETH_BUS",
        "structImpl": "flat-field",
        "dataPack": true,
        "fields": {
          "data": {
            "order": "0",
            "dataType": "ap_uint"
          },
          "user": {
            "order": "1",
            "dataType": "ap_uint"
          },
          "keep": {
            "order": "2",
            "dataType": "ap_uint"
          },
          "last": {
            "order": "3",
            "dataType": "ap_uint"
          }
        }
      }
    },
    "mgmt_data_in": {
      "index": "2",
      "type": {
        "kinds": ["struct"],
        "dataType": "ETH_BUS",
        "structImpl": "flat-field",
        "dataPack": true,
        "fields": {
          "data": {
            "order": "0",
            "dataType": "ap_uint"
          },
          "user": {
            "order": "1",
            "dataType": "ap_uint"
          },
          "keep": {
            "order": "2",
            "dataType": "ap_uint"
          },
          "last": {
            "order": "3",
            "dataType": "ap_uint"
          }
        }
      }
    },
    "eth_data_out": {
      "index": "3",
      "type": {
        "kinds": ["struct"],
        "dataType": "ETH_BUS",
        "structImpl": "flat-field",
        "dataPack": true,
        "fields": {
          "data": {
            "order": "0",
            "dataType": "ap_uint"
          },
          "user": {
            "order": "1",
            "dataType": "ap_uint"
          },
          "keep": {
            "order": "2",
            "dataType": "ap_uint"
          },
          "last": {
            "order": "3",
            "dataType": "ap_uint"
          }
        }
      }
    },
    "ptp_tag_filed_out": {
      "index": "4",
      "type": {
        "dataType": "ap_uint",
        "dataWidth": "16",
        "interfaceRef": "ptp_tag_filed_out_V"
      }
    }
  },
  "Return": {
    
  },
  "ClockInfo": {
    "ClockName": "ap_clk",
    "ClockPeriod": "3.2",
    "IsCombLogic": "0",
    "II": "1",
    "Latency": "1",
    "Uncertainty": "0.4"
  },
  "Xdc": {"OocClocks": ["create_clock -name ap_clk -period 3.200 [get_ports ap_clk]"]},
  "Ipx": {
    "Vendor": "xilinx.com",
    "Library": "hls",
    "Name": "ethernet_mux",
    "Version": "1.0",
    "DisplayName": "Ethernet_mux",
    "Revision": "",
    "Description": "An IP generated by Vivado HLS",
    "Taxonomy": "\/VIVADO_HLS_IP",
    "AutoFamilySupport": ""
  },
  "Files": {
    "CSource": ["..\/ethernet_mux.cpp"],
    "Vhdl": ["impl\/vhdl\/ethernet_mux.vhd"],
    "Verilog": ["impl\/verilog\/ethernet_mux.v"],
    "Misc": ["impl\/misc\/logo.png"],
    "DesignXml": "\/home\/sai\/Desktop\/Looping_Hardware-design\/hls_src\/Ethernet_MUX\/solution1\/.autopilot\/db\/ethernet_mux.design.xml",
    "DebugDir": "\/home\/sai\/Desktop\/Looping_Hardware-design\/hls_src\/Ethernet_MUX\/solution1\/.debug",
    "ProtoInst": ["\/home\/sai\/Desktop\/Looping_Hardware-design\/hls_src\/Ethernet_MUX\/solution1\/.debug\/ethernet_mux.protoinst"]
  },
  "SubcoreInfo": {
    "HasXpmMemory": false,
    "HasClockedDsp": false,
    "IP": []
  },
  "Interfaces": {
    "ap_clk": {
      "type": "clock",
      "ctype": {"CLK": {"Type": "bool"}},
      "bundle_name": "ap_clk",
      "bundle_role": "default",
      "buses": "ether_mux_data_in sync_data_in mgmt_data_in eth_data_out",
      "reset": "ap_rst_n"
    },
    "ap_rst_n": {
      "type": "reset",
      "polarity": "ACTIVE_LOW",
      "ctype": {"RST": {"Type": "bool"}},
      "bundle_name": "ap_rst_n",
      "bundle_role": "default"
    },
    "eth_data_out": {
      "type": "axi4stream",
      "mode": "master",
      "port_prefix": "eth_data_out",
      "has_tready": "1",
      "ctype": {
        "TDATA": {
          "Type": "integer unsigned",
          "Width": "128"
        },
        "TREADY": {"Type": "bool"},
        "TVALID": {"Type": "bool"},
        "TLAST": {
          "Type": "integer unsigned",
          "Width": "1"
        },
        "TUSER": {
          "Type": "integer unsigned",
          "Width": "1"
        },
        "TKEEP": {
          "Type": "integer unsigned",
          "Width": "16"
        }
      },
      "port_width": {
        "TDATA": "128",
        "TKEEP": "16",
        "TLAST": "1",
        "TUSER": "1"
      }
    },
    "ether_mux_data_in": {
      "type": "axi4stream",
      "mode": "slave",
      "port_prefix": "ether_mux_data_in",
      "has_tready": "1",
      "ctype": {
        "TDATA": {
          "Type": "integer unsigned",
          "Width": "128"
        },
        "TVALID": {"Type": "bool"},
        "TREADY": {"Type": "bool"},
        "TLAST": {
          "Type": "integer unsigned",
          "Width": "1"
        },
        "TUSER": {
          "Type": "integer unsigned",
          "Width": "1"
        },
        "TKEEP": {
          "Type": "integer unsigned",
          "Width": "16"
        }
      },
      "port_width": {
        "TDATA": "128",
        "TKEEP": "16",
        "TLAST": "1",
        "TUSER": "1"
      }
    },
    "mgmt_data_in": {
      "type": "axi4stream",
      "mode": "slave",
      "port_prefix": "mgmt_data_in",
      "has_tready": "1",
      "ctype": {
        "TDATA": {
          "Type": "integer unsigned",
          "Width": "128"
        },
        "TVALID": {"Type": "bool"},
        "TREADY": {"Type": "bool"},
        "TLAST": {
          "Type": "integer unsigned",
          "Width": "1"
        },
        "TUSER": {
          "Type": "integer unsigned",
          "Width": "1"
        },
        "TKEEP": {
          "Type": "integer unsigned",
          "Width": "16"
        }
      },
      "port_width": {
        "TDATA": "128",
        "TKEEP": "16",
        "TLAST": "1",
        "TUSER": "1"
      }
    },
    "ptp_tag_filed_out_V": {
      "type": "data",
      "dir": "out",
      "width": "16",
      "ctype": {"DATA": {
          "Type": "integer unsigned",
          "Width": "16"
        }},
      "bundle_name": "ptp_tag_filed_out_V",
      "bundle_role": "default"
    },
    "sync_data_in": {
      "type": "axi4stream",
      "mode": "slave",
      "port_prefix": "sync_data_in",
      "has_tready": "1",
      "ctype": {
        "TDATA": {
          "Type": "integer unsigned",
          "Width": "128"
        },
        "TVALID": {"Type": "bool"},
        "TREADY": {"Type": "bool"},
        "TLAST": {
          "Type": "integer unsigned",
          "Width": "1"
        },
        "TUSER": {
          "Type": "integer unsigned",
          "Width": "1"
        },
        "TKEEP": {
          "Type": "integer unsigned",
          "Width": "16"
        }
      },
      "port_width": {
        "TDATA": "128",
        "TKEEP": "16",
        "TLAST": "1",
        "TUSER": "1"
      }
    }
  },
  "RtlPorts": {
    "ap_clk": {
      "dir": "in",
      "width": "1"
    },
    "ap_rst_n": {
      "dir": "in",
      "width": "1"
    },
    "ether_mux_data_in_TDATA": {
      "dir": "in",
      "width": "128"
    },
    "ether_mux_data_in_TVALID": {
      "dir": "in",
      "width": "1"
    },
    "ether_mux_data_in_TREADY": {
      "dir": "out",
      "width": "1"
    },
    "ether_mux_data_in_TLAST": {
      "dir": "in",
      "width": "1",
      "isVector": "true"
    },
    "ether_mux_data_in_TUSER": {
      "dir": "in",
      "width": "1",
      "isVector": "true"
    },
    "ether_mux_data_in_TKEEP": {
      "dir": "in",
      "width": "16"
    },
    "sync_data_in_TDATA": {
      "dir": "in",
      "width": "128"
    },
    "sync_data_in_TVALID": {
      "dir": "in",
      "width": "1"
    },
    "sync_data_in_TREADY": {
      "dir": "out",
      "width": "1"
    },
    "sync_data_in_TLAST": {
      "dir": "in",
      "width": "1",
      "isVector": "true"
    },
    "sync_data_in_TUSER": {
      "dir": "in",
      "width": "1",
      "isVector": "true"
    },
    "sync_data_in_TKEEP": {
      "dir": "in",
      "width": "16"
    },
    "mgmt_data_in_TDATA": {
      "dir": "in",
      "width": "128"
    },
    "mgmt_data_in_TVALID": {
      "dir": "in",
      "width": "1"
    },
    "mgmt_data_in_TREADY": {
      "dir": "out",
      "width": "1"
    },
    "mgmt_data_in_TLAST": {
      "dir": "in",
      "width": "1",
      "isVector": "true"
    },
    "mgmt_data_in_TUSER": {
      "dir": "in",
      "width": "1",
      "isVector": "true"
    },
    "mgmt_data_in_TKEEP": {
      "dir": "in",
      "width": "16"
    },
    "eth_data_out_TDATA": {
      "dir": "out",
      "width": "128"
    },
    "eth_data_out_TREADY": {
      "dir": "in",
      "width": "1"
    },
    "eth_data_out_TVALID": {
      "dir": "out",
      "width": "1"
    },
    "eth_data_out_TLAST": {
      "dir": "out",
      "width": "1",
      "isVector": "true"
    },
    "eth_data_out_TUSER": {
      "dir": "out",
      "width": "1",
      "isVector": "true"
    },
    "eth_data_out_TKEEP": {
      "dir": "out",
      "width": "16"
    },
    "ptp_tag_filed_out_V": {
      "dir": "out",
      "width": "16"
    },
    "ptp_tag_filed_out_V_ap_vld": {
      "dir": "out",
      "width": "1"
    }
  },
  "ModuleInfo": {
    "Hierarchy": {"ModuleName": "ethernet_mux"},
    "Info": {"ethernet_mux": {
        "FunctionProtocol": "ap_ctrl_none",
        "isTaskLevelControl": "1",
        "isPipelined": "1",
        "isCombinational": "0",
        "isOneStateSeq": "0"
      }},
    "Metrics": {"ethernet_mux": {
        "Latency": {
          "LatencyBest": "1",
          "LatencyAvg": "1",
          "LatencyWorst": "1",
          "PipelineII": "1",
          "PipelineDepth": "2",
          "PipelineType": "function"
        },
        "Timing": {
          "Target": "3.20",
          "Uncertainty": "0.40",
          "Estimate": "0.000"
        },
        "Area": {
          "FF": "443",
          "LUT": "161",
          "BRAM_18K": "0",
          "DSP48E": "0",
          "URAM": "0"
        }
      }}
  },
  "Sdx": {
    "Target": "none",
    "ProfileOption": "0",
    "ProfileType": "none",
    "XO": "",
    "KernelName": "ethernet_mux",
    "EnableXoSwEmu": "1"
  },
  "GenData": {
    "DataVersion": "0.2",
    "Time": "2023-03-03 10:27:25 IST",
    "ToolName": "vivado_hls",
    "ToolVersion": "2019.1"
  }
}
