<annotationInfo>
<item  id="52" filename="CtrlPlaneDepacketizer/CtrlPlaneDepacketizer.cpp" linenumber="353" name="p_Result_81" contextFuncName="cplane_depacketizer" moduleName="cplane_depacketizer" rtlName="grp_fu_836_p4" latency="0" BRAM="-1" DSP="-1" FF="-1" LUT="-1" fileDirectory="/home/aswin/Desktop/Vivado_projects/13_LETS_INTEGRATE/C/looping/12_ORAN_1L_no_compression_cont_data/ORAN_INTEG_1/hls_src"><\/item>
<item  id="53" filename="CtrlPlaneDepacketizer/CtrlPlaneDepacketizer.cpp" linenumber="354" name="trunc_ln647_9" contextFuncName="cplane_depacketizer" moduleName="cplane_depacketizer" rtlName="trunc_ln647_9_fu_1067_p1" latency="0" BRAM="-1" DSP="-1" FF="-1" LUT="-1" fileDirectory="/home/aswin/Desktop/Vivado_projects/13_LETS_INTEGRATE/C/looping/12_ORAN_1L_no_compression_cont_data/ORAN_INTEG_1/hls_src"><\/item>
<item  id="54" filename="CtrlPlaneDepacketizer/CtrlPlaneDepacketizer.cpp" linenumber="355" name="p_Result_82" contextFuncName="cplane_depacketizer" moduleName="cplane_depacketizer" rtlName="reg_980" latency="0" BRAM="-1" DSP="-1" FF="-1" LUT="-1" fileDirectory="/home/aswin/Desktop/Vivado_projects/13_LETS_INTEGRATE/C/looping/12_ORAN_1L_no_compression_cont_data/ORAN_INTEG_1/hls_src"><\/item>
<item  id="55" filename="CtrlPlaneDepacketizer/CtrlPlaneDepacketizer.cpp" linenumber="356" name="p_Result_83" contextFuncName="cplane_depacketizer" moduleName="cplane_depacketizer" rtlName="reg_984" latency="0" BRAM="-1" DSP="-1" FF="-1" LUT="-1" fileDirectory="/home/aswin/Desktop/Vivado_projects/13_LETS_INTEGRATE/C/looping/12_ORAN_1L_no_compression_cont_data/ORAN_INTEG_1/hls_src"><\/item>
<item  id="56" filename="CtrlPlaneDepacketizer/CtrlPlaneDepacketizer.cpp" linenumber="357" name="p_Result_85" contextFuncName="cplane_depacketizer" moduleName="cplane_depacketizer" rtlName="reg_988" latency="0" BRAM="-1" DSP="-1" FF="-1" LUT="-1" fileDirectory="/home/aswin/Desktop/Vivado_projects/13_LETS_INTEGRATE/C/looping/12_ORAN_1L_no_compression_cont_data/ORAN_INTEG_1/hls_src"><\/item>
<item  id="57" filename="CtrlPlaneDepacketizer/CtrlPlaneDepacketizer.cpp" linenumber="358" name="p_Result_86" contextFuncName="cplane_depacketizer" moduleName="cplane_depacketizer" rtlName="reg_992" latency="0" BRAM="-1" DSP="-1" FF="-1" LUT="-1" fileDirectory="/home/aswin/Desktop/Vivado_projects/13_LETS_INTEGRATE/C/looping/12_ORAN_1L_no_compression_cont_data/ORAN_INTEG_1/hls_src"><\/item>
<item  id="58" filename="CtrlPlaneDepacketizer/CtrlPlaneDepacketizer.cpp" linenumber="359" name="p_Result_87" contextFuncName="cplane_depacketizer" moduleName="cplane_depacketizer" rtlName="reg_996" latency="0" BRAM="-1" DSP="-1" FF="-1" LUT="-1" fileDirectory="/home/aswin/Desktop/Vivado_projects/13_LETS_INTEGRATE/C/looping/12_ORAN_1L_no_compression_cont_data/ORAN_INTEG_1/hls_src"><\/item>
<item  id="59" filename="CtrlPlaneDepacketizer/CtrlPlaneDepacketizer.cpp" linenumber="360" name="p_Result_88" contextFuncName="cplane_depacketizer" moduleName="cplane_depacketizer" rtlName="reg_1000" latency="0" BRAM="-1" DSP="-1" FF="-1" LUT="-1" fileDirectory="/home/aswin/Desktop/Vivado_projects/13_LETS_INTEGRATE/C/looping/12_ORAN_1L_no_compression_cont_data/ORAN_INTEG_1/hls_src"><\/item>
<item  id="60" filename="CtrlPlaneDepacketizer/CtrlPlaneDepacketizer.cpp" linenumber="361" name="p_Result_89" contextFuncName="cplane_depacketizer" moduleName="cplane_depacketizer" rtlName="reg_1004" latency="0" BRAM="-1" DSP="-1" FF="-1" LUT="-1" fileDirectory="/home/aswin/Desktop/Vivado_projects/13_LETS_INTEGRATE/C/looping/12_ORAN_1L_no_compression_cont_data/ORAN_INTEG_1/hls_src"><\/item>
<item  id="61" filename="CtrlPlaneDepacketizer/CtrlPlaneDepacketizer.cpp" linenumber="362" name="p_Result_90" contextFuncName="cplane_depacketizer" moduleName="cplane_depacketizer" rtlName="reg_1008" latency="0" BRAM="-1" DSP="-1" FF="-1" LUT="-1" fileDirectory="/home/aswin/Desktop/Vivado_projects/13_LETS_INTEGRATE/C/looping/12_ORAN_1L_no_compression_cont_data/ORAN_INTEG_1/hls_src"><\/item>
<item  id="62" filename="CtrlPlaneDepacketizer/CtrlPlaneDepacketizer.cpp" linenumber="363" name="p_Result_91" contextFuncName="cplane_depacketizer" moduleName="cplane_depacketizer" rtlName="reg_1012" latency="0" BRAM="-1" DSP="-1" FF="-1" LUT="-1" fileDirectory="/home/aswin/Desktop/Vivado_projects/13_LETS_INTEGRATE/C/looping/12_ORAN_1L_no_compression_cont_data/ORAN_INTEG_1/hls_src"><\/item>
<item  id="63" filename="CtrlPlaneDepacketizer/CtrlPlaneDepacketizer.cpp" linenumber="364" name="p_Result_92" contextFuncName="cplane_depacketizer" moduleName="cplane_depacketizer" rtlName="reg_1016" latency="0" BRAM="-1" DSP="-1" FF="-1" LUT="-1" fileDirectory="/home/aswin/Desktop/Vivado_projects/13_LETS_INTEGRATE/C/looping/12_ORAN_1L_no_compression_cont_data/ORAN_INTEG_1/hls_src"><\/item>
<item  id="64" filename="CtrlPlaneDepacketizer/CtrlPlaneDepacketizer.cpp" linenumber="364" name="p_Result_158" contextFuncName="cplane_depacketizer" moduleName="cplane_depacketizer" rtlName="p_Result_158_fu_1396_p13" latency="0" BRAM="-1" DSP="-1" FF="-1" LUT="-1" fileDirectory="/home/aswin/Desktop/Vivado_projects/13_LETS_INTEGRATE/C/looping/12_ORAN_1L_no_compression_cont_data/ORAN_INTEG_1/hls_src"><\/item>
<item  id="78" filename="CtrlPlaneDepacketizer/CtrlPlaneDepacketizer.cpp" linenumber="317" name="p_Result_69" contextFuncName="cplane_depacketizer" moduleName="cplane_depacketizer" rtlName="grp_fu_836_p4" latency="0" BRAM="-1" DSP="-1" FF="-1" LUT="-1" fileDirectory="/home/aswin/Desktop/Vivado_projects/13_LETS_INTEGRATE/C/looping/12_ORAN_1L_no_compression_cont_data/ORAN_INTEG_1/hls_src"><\/item>
<item  id="79" filename="CtrlPlaneDepacketizer/CtrlPlaneDepacketizer.cpp" linenumber="318" name="trunc_ln647_8" contextFuncName="cplane_depacketizer" moduleName="cplane_depacketizer" rtlName="trunc_ln647_8_fu_1424_p1" latency="0" BRAM="-1" DSP="-1" FF="-1" LUT="-1" fileDirectory="/home/aswin/Desktop/Vivado_projects/13_LETS_INTEGRATE/C/looping/12_ORAN_1L_no_compression_cont_data/ORAN_INTEG_1/hls_src"><\/item>
<item  id="80" filename="CtrlPlaneDepacketizer/CtrlPlaneDepacketizer.cpp" linenumber="319" name="p_Result_70" contextFuncName="cplane_depacketizer" moduleName="cplane_depacketizer" rtlName="grp_fu_845_p4" latency="0" BRAM="-1" DSP="-1" FF="-1" LUT="-1" fileDirectory="/home/aswin/Desktop/Vivado_projects/13_LETS_INTEGRATE/C/looping/12_ORAN_1L_no_compression_cont_data/ORAN_INTEG_1/hls_src"><\/item>
<item  id="81" filename="CtrlPlaneDepacketizer/CtrlPlaneDepacketizer.cpp" linenumber="320" name="p_Result_71" contextFuncName="cplane_depacketizer" moduleName="cplane_depacketizer" rtlName="grp_fu_854_p4" latency="0" BRAM="-1" DSP="-1" FF="-1" LUT="-1" fileDirectory="/home/aswin/Desktop/Vivado_projects/13_LETS_INTEGRATE/C/looping/12_ORAN_1L_no_compression_cont_data/ORAN_INTEG_1/hls_src"><\/item>
<item  id="82" filename="CtrlPlaneDepacketizer/CtrlPlaneDepacketizer.cpp" linenumber="321" name="p_Result_72" contextFuncName="cplane_depacketizer" moduleName="cplane_depacketizer" rtlName="grp_fu_863_p4" latency="0" BRAM="-1" DSP="-1" FF="-1" LUT="-1" fileDirectory="/home/aswin/Desktop/Vivado_projects/13_LETS_INTEGRATE/C/looping/12_ORAN_1L_no_compression_cont_data/ORAN_INTEG_1/hls_src"><\/item>
<item  id="83" filename="CtrlPlaneDepacketizer/CtrlPlaneDepacketizer.cpp" linenumber="322" name="p_Result_73" contextFuncName="cplane_depacketizer" moduleName="cplane_depacketizer" rtlName="grp_fu_872_p4" latency="0" BRAM="-1" DSP="-1" FF="-1" LUT="-1" fileDirectory="/home/aswin/Desktop/Vivado_projects/13_LETS_INTEGRATE/C/looping/12_ORAN_1L_no_compression_cont_data/ORAN_INTEG_1/hls_src"><\/item>
<item  id="84" filename="CtrlPlaneDepacketizer/CtrlPlaneDepacketizer.cpp" linenumber="323" name="p_Result_75" contextFuncName="cplane_depacketizer" moduleName="cplane_depacketizer" rtlName="grp_fu_881_p4" latency="0" BRAM="-1" DSP="-1" FF="-1" LUT="-1" fileDirectory="/home/aswin/Desktop/Vivado_projects/13_LETS_INTEGRATE/C/looping/12_ORAN_1L_no_compression_cont_data/ORAN_INTEG_1/hls_src"><\/item>
<item  id="85" filename="CtrlPlaneDepacketizer/CtrlPlaneDepacketizer.cpp" linenumber="324" name="p_Result_76" contextFuncName="cplane_depacketizer" moduleName="cplane_depacketizer" rtlName="grp_fu_890_p4" latency="0" BRAM="-1" DSP="-1" FF="-1" LUT="-1" fileDirectory="/home/aswin/Desktop/Vivado_projects/13_LETS_INTEGRATE/C/looping/12_ORAN_1L_no_compression_cont_data/ORAN_INTEG_1/hls_src"><\/item>
<item  id="86" filename="CtrlPlaneDepacketizer/CtrlPlaneDepacketizer.cpp" linenumber="325" name="p_Result_77" contextFuncName="cplane_depacketizer" moduleName="cplane_depacketizer" rtlName="grp_fu_899_p4" latency="0" BRAM="-1" DSP="-1" FF="-1" LUT="-1" fileDirectory="/home/aswin/Desktop/Vivado_projects/13_LETS_INTEGRATE/C/looping/12_ORAN_1L_no_compression_cont_data/ORAN_INTEG_1/hls_src"><\/item>
<item  id="87" filename="CtrlPlaneDepacketizer/CtrlPlaneDepacketizer.cpp" linenumber="326" name="p_Result_78" contextFuncName="cplane_depacketizer" moduleName="cplane_depacketizer" rtlName="grp_fu_1035_p4" latency="0" BRAM="-1" DSP="-1" FF="-1" LUT="-1" fileDirectory="/home/aswin/Desktop/Vivado_projects/13_LETS_INTEGRATE/C/looping/12_ORAN_1L_no_compression_cont_data/ORAN_INTEG_1/hls_src"><\/item>
<item  id="88" filename="CtrlPlaneDepacketizer/CtrlPlaneDepacketizer.cpp" linenumber="327" name="p_Result_79" contextFuncName="cplane_depacketizer" moduleName="cplane_depacketizer" rtlName="grp_fu_1045_p4" latency="0" BRAM="-1" DSP="-1" FF="-1" LUT="-1" fileDirectory="/home/aswin/Desktop/Vivado_projects/13_LETS_INTEGRATE/C/looping/12_ORAN_1L_no_compression_cont_data/ORAN_INTEG_1/hls_src"><\/item>
<item  id="89" filename="CtrlPlaneDepacketizer/CtrlPlaneDepacketizer.cpp" linenumber="328" name="p_Result_80" contextFuncName="cplane_depacketizer" moduleName="cplane_depacketizer" rtlName="grp_fu_908_p4" latency="0" BRAM="-1" DSP="-1" FF="-1" LUT="-1" fileDirectory="/home/aswin/Desktop/Vivado_projects/13_LETS_INTEGRATE/C/looping/12_ORAN_1L_no_compression_cont_data/ORAN_INTEG_1/hls_src"><\/item>
<item  id="90" filename="CtrlPlaneDepacketizer/CtrlPlaneDepacketizer.cpp" linenumber="328" name="p_Result_157" contextFuncName="cplane_depacketizer" moduleName="cplane_depacketizer" rtlName="p_Result_157_fu_1428_p13" latency="0" BRAM="-1" DSP="-1" FF="-1" LUT="-1" fileDirectory="/home/aswin/Desktop/Vivado_projects/13_LETS_INTEGRATE/C/looping/12_ORAN_1L_no_compression_cont_data/ORAN_INTEG_1/hls_src"><\/item>
<item  id="94" filename="CtrlPlaneDepacketizer/CtrlPlaneDepacketizer.cpp" linenumber="294" name="p_Result_60" contextFuncName="cplane_depacketizer" moduleName="cplane_depacketizer" rtlName="grp_fu_917_p4" latency="0" BRAM="-1" DSP="-1" FF="-1" LUT="-1" fileDirectory="/home/aswin/Desktop/Vivado_projects/13_LETS_INTEGRATE/C/looping/12_ORAN_1L_no_compression_cont_data/ORAN_INTEG_1/hls_src"><\/item>
<item  id="95" filename="CtrlPlaneDepacketizer/CtrlPlaneDepacketizer.cpp" linenumber="295" name="trunc_ln647_7" contextFuncName="cplane_depacketizer" moduleName="cplane_depacketizer" rtlName="trunc_ln647_7_fu_1457_p1" latency="0" BRAM="-1" DSP="-1" FF="-1" LUT="-1" fileDirectory="/home/aswin/Desktop/Vivado_projects/13_LETS_INTEGRATE/C/looping/12_ORAN_1L_no_compression_cont_data/ORAN_INTEG_1/hls_src"><\/item>
<item  id="96" filename="CtrlPlaneDepacketizer/CtrlPlaneDepacketizer.cpp" linenumber="296" name="p_Result_61" contextFuncName="cplane_depacketizer" moduleName="cplane_depacketizer" rtlName="grp_fu_845_p4" latency="0" BRAM="-1" DSP="-1" FF="-1" LUT="-1" fileDirectory="/home/aswin/Desktop/Vivado_projects/13_LETS_INTEGRATE/C/looping/12_ORAN_1L_no_compression_cont_data/ORAN_INTEG_1/hls_src"><\/item>
<item  id="97" filename="CtrlPlaneDepacketizer/CtrlPlaneDepacketizer.cpp" linenumber="297" name="p_Result_62" contextFuncName="cplane_depacketizer" moduleName="cplane_depacketizer" rtlName="grp_fu_854_p4" latency="0" BRAM="-1" DSP="-1" FF="-1" LUT="-1" fileDirectory="/home/aswin/Desktop/Vivado_projects/13_LETS_INTEGRATE/C/looping/12_ORAN_1L_no_compression_cont_data/ORAN_INTEG_1/hls_src"><\/item>
<item  id="98" filename="CtrlPlaneDepacketizer/CtrlPlaneDepacketizer.cpp" linenumber="298" name="p_Result_63" contextFuncName="cplane_depacketizer" moduleName="cplane_depacketizer" rtlName="grp_fu_863_p4" latency="0" BRAM="-1" DSP="-1" FF="-1" LUT="-1" fileDirectory="/home/aswin/Desktop/Vivado_projects/13_LETS_INTEGRATE/C/looping/12_ORAN_1L_no_compression_cont_data/ORAN_INTEG_1/hls_src"><\/item>
<item  id="99" filename="CtrlPlaneDepacketizer/CtrlPlaneDepacketizer.cpp" linenumber="299" name="p_Result_65" contextFuncName="cplane_depacketizer" moduleName="cplane_depacketizer" rtlName="grp_fu_872_p4" latency="0" BRAM="-1" DSP="-1" FF="-1" LUT="-1" fileDirectory="/home/aswin/Desktop/Vivado_projects/13_LETS_INTEGRATE/C/looping/12_ORAN_1L_no_compression_cont_data/ORAN_INTEG_1/hls_src"><\/item>
<item  id="100" filename="CtrlPlaneDepacketizer/CtrlPlaneDepacketizer.cpp" linenumber="300" name="p_Result_66" contextFuncName="cplane_depacketizer" moduleName="cplane_depacketizer" rtlName="grp_fu_881_p4" latency="0" BRAM="-1" DSP="-1" FF="-1" LUT="-1" fileDirectory="/home/aswin/Desktop/Vivado_projects/13_LETS_INTEGRATE/C/looping/12_ORAN_1L_no_compression_cont_data/ORAN_INTEG_1/hls_src"><\/item>
<item  id="101" filename="CtrlPlaneDepacketizer/CtrlPlaneDepacketizer.cpp" linenumber="301" name="p_Result_67" contextFuncName="cplane_depacketizer" moduleName="cplane_depacketizer" rtlName="grp_fu_890_p4" latency="0" BRAM="-1" DSP="-1" FF="-1" LUT="-1" fileDirectory="/home/aswin/Desktop/Vivado_projects/13_LETS_INTEGRATE/C/looping/12_ORAN_1L_no_compression_cont_data/ORAN_INTEG_1/hls_src"><\/item>
<item  id="102" filename="CtrlPlaneDepacketizer/CtrlPlaneDepacketizer.cpp" linenumber="302" name="p_Result_68" contextFuncName="cplane_depacketizer" moduleName="cplane_depacketizer" rtlName="grp_fu_899_p4" latency="0" BRAM="-1" DSP="-1" FF="-1" LUT="-1" fileDirectory="/home/aswin/Desktop/Vivado_projects/13_LETS_INTEGRATE/C/looping/12_ORAN_1L_no_compression_cont_data/ORAN_INTEG_1/hls_src"><\/item>
<item  id="103" filename="CtrlPlaneDepacketizer/CtrlPlaneDepacketizer.cpp" linenumber="302" name="p_Result_155" contextFuncName="cplane_depacketizer" moduleName="cplane_depacketizer" rtlName="p_Result_155_fu_1461_p10" latency="0" BRAM="-1" DSP="-1" FF="-1" LUT="-1" fileDirectory="/home/aswin/Desktop/Vivado_projects/13_LETS_INTEGRATE/C/looping/12_ORAN_1L_no_compression_cont_data/ORAN_INTEG_1/hls_src"><\/item>
<item  id="107" filename="CtrlPlaneDepacketizer/CtrlPlaneDepacketizer.cpp" linenumber="310" name="p_Result_102" contextFuncName="cplane_depacketizer" moduleName="cplane_depacketizer" rtlName="p_Result_102_fu_1484_p4" latency="0" BRAM="-1" DSP="-1" FF="-1" LUT="-1" fileDirectory="/home/aswin/Desktop/Vivado_projects/13_LETS_INTEGRATE/C/looping/12_ORAN_1L_no_compression_cont_data/ORAN_INTEG_1/hls_src"><\/item>
<item  id="108" filename="CtrlPlaneDepacketizer/CtrlPlaneDepacketizer.cpp" linenumber="311" name="p_Result_103" contextFuncName="cplane_depacketizer" moduleName="cplane_depacketizer" rtlName="grp_fu_908_p4" latency="0" BRAM="-1" DSP="-1" FF="-1" LUT="-1" fileDirectory="/home/aswin/Desktop/Vivado_projects/13_LETS_INTEGRATE/C/looping/12_ORAN_1L_no_compression_cont_data/ORAN_INTEG_1/hls_src"><\/item>
<item  id="109" filename="CtrlPlaneDepacketizer/CtrlPlaneDepacketizer.cpp" linenumber="311" name="tmp_11" contextFuncName="cplane_depacketizer" moduleName="cplane_depacketizer" rtlName="tmp_11_fu_1494_p3" latency="0" BRAM="-1" DSP="-1" FF="-1" LUT="-1" fileDirectory="/home/aswin/Desktop/Vivado_projects/13_LETS_INTEGRATE/C/looping/12_ORAN_1L_no_compression_cont_data/ORAN_INTEG_1/hls_src"><\/item>
<item  id="110" filename="CtrlPlaneDepacketizer/CtrlPlaneDepacketizer.cpp" linenumber="311" name="p_Result_156" contextFuncName="cplane_depacketizer" moduleName="cplane_depacketizer" rtlName="p_Result_156_fu_1502_p5" latency="0" BRAM="-1" DSP="-1" FF="-1" LUT="-1" fileDirectory="/home/aswin/Desktop/Vivado_projects/13_LETS_INTEGRATE/C/looping/12_ORAN_1L_no_compression_cont_data/ORAN_INTEG_1/hls_src"><\/item>
<item  id="112" filename="CtrlPlaneDepacketizer/CtrlPlaneDepacketizer.cpp" linenumber="312" name="tmp_468" contextFuncName="cplane_depacketizer" moduleName="cplane_depacketizer" rtlName="tmp_468_fu_1520_p9" latency="0" BRAM="-1" DSP="-1" FF="-1" LUT="-1" fileDirectory="/home/aswin/Desktop/Vivado_projects/13_LETS_INTEGRATE/C/looping/12_ORAN_1L_no_compression_cont_data/ORAN_INTEG_1/hls_src"><\/item>
<item  id="120" filename="CtrlPlaneDepacketizer/CtrlPlaneDepacketizer.cpp" linenumber="334" name="p_Result_138" contextFuncName="cplane_depacketizer" moduleName="cplane_depacketizer" rtlName="p_Result_33_reg_2190" latency="0" BRAM="-1" DSP="-1" FF="-1" LUT="-1" fileDirectory="/home/aswin/Desktop/Vivado_projects/13_LETS_INTEGRATE/C/looping/12_ORAN_1L_no_compression_cont_data/ORAN_INTEG_1/hls_src"><\/item>
<item  id="121" filename="CtrlPlaneDepacketizer/CtrlPlaneDepacketizer.cpp" linenumber="335" name="p_Result_139" contextFuncName="cplane_depacketizer" moduleName="cplane_depacketizer" rtlName="p_Result_34_reg_2195" latency="0" BRAM="-1" DSP="-1" FF="-1" LUT="-1" fileDirectory="/home/aswin/Desktop/Vivado_projects/13_LETS_INTEGRATE/C/looping/12_ORAN_1L_no_compression_cont_data/ORAN_INTEG_1/hls_src"><\/item>
<item  id="122" filename="CtrlPlaneDepacketizer/CtrlPlaneDepacketizer.cpp" linenumber="336" name="p_Result_140" contextFuncName="cplane_depacketizer" moduleName="cplane_depacketizer" rtlName="p_Result_35_reg_2200" latency="0" BRAM="-1" DSP="-1" FF="-1" LUT="-1" fileDirectory="/home/aswin/Desktop/Vivado_projects/13_LETS_INTEGRATE/C/looping/12_ORAN_1L_no_compression_cont_data/ORAN_INTEG_1/hls_src"><\/item>
<item  id="123" filename="CtrlPlaneDepacketizer/CtrlPlaneDepacketizer.cpp" linenumber="337" name="p_Result_141" contextFuncName="cplane_depacketizer" moduleName="cplane_depacketizer" rtlName="p_Result_36_reg_2205" latency="0" BRAM="-1" DSP="-1" FF="-1" LUT="-1" fileDirectory="/home/aswin/Desktop/Vivado_projects/13_LETS_INTEGRATE/C/looping/12_ORAN_1L_no_compression_cont_data/ORAN_INTEG_1/hls_src"><\/item>
<item  id="124" filename="CtrlPlaneDepacketizer/CtrlPlaneDepacketizer.cpp" linenumber="338" name="p_Result_142" contextFuncName="cplane_depacketizer" moduleName="cplane_depacketizer" rtlName="grp_fu_820_p4" latency="0" BRAM="-1" DSP="-1" FF="-1" LUT="-1" fileDirectory="/home/aswin/Desktop/Vivado_projects/13_LETS_INTEGRATE/C/looping/12_ORAN_1L_no_compression_cont_data/ORAN_INTEG_1/hls_src"><\/item>
<item  id="125" filename="CtrlPlaneDepacketizer/CtrlPlaneDepacketizer.cpp" linenumber="338" name="tmp_15" contextFuncName="cplane_depacketizer" moduleName="cplane_depacketizer" rtlName="tmp_15_fu_1071_p6" latency="0" BRAM="-1" DSP="-1" FF="-1" LUT="-1" fileDirectory="/home/aswin/Desktop/Vivado_projects/13_LETS_INTEGRATE/C/looping/12_ORAN_1L_no_compression_cont_data/ORAN_INTEG_1/hls_src"><\/item>
<item  id="126" filename="CtrlPlaneDepacketizer/CtrlPlaneDepacketizer.cpp" linenumber="338" name="p_Result_84" contextFuncName="cplane_depacketizer" moduleName="cplane_depacketizer" rtlName="p_Result_84_fu_1085_p5" latency="0" BRAM="-1" DSP="-1" FF="-1" LUT="-1" fileDirectory="/home/aswin/Desktop/Vivado_projects/13_LETS_INTEGRATE/C/looping/12_ORAN_1L_no_compression_cont_data/ORAN_INTEG_1/hls_src"><\/item>
<item  id="138" filename="CtrlPlaneDepacketizer/CtrlPlaneDepacketizer.cpp" linenumber="260" name="p_Result_51" contextFuncName="cplane_depacketizer" moduleName="cplane_depacketizer" rtlName="grp_fu_917_p4" latency="0" BRAM="-1" DSP="-1" FF="-1" LUT="-1" fileDirectory="/home/aswin/Desktop/Vivado_projects/13_LETS_INTEGRATE/C/looping/12_ORAN_1L_no_compression_cont_data/ORAN_INTEG_1/hls_src"><\/item>
<item  id="139" filename="CtrlPlaneDepacketizer/CtrlPlaneDepacketizer.cpp" linenumber="261" name="trunc_ln647_6" contextFuncName="cplane_depacketizer" moduleName="cplane_depacketizer" rtlName="trunc_ln647_6_fu_1103_p1" latency="0" BRAM="-1" DSP="-1" FF="-1" LUT="-1" fileDirectory="/home/aswin/Desktop/Vivado_projects/13_LETS_INTEGRATE/C/looping/12_ORAN_1L_no_compression_cont_data/ORAN_INTEG_1/hls_src"><\/item>
<item  id="140" filename="CtrlPlaneDepacketizer/CtrlPlaneDepacketizer.cpp" linenumber="262" name="p_Result_52" contextFuncName="cplane_depacketizer" moduleName="cplane_depacketizer" rtlName="reg_980" latency="0" BRAM="-1" DSP="-1" FF="-1" LUT="-1" fileDirectory="/home/aswin/Desktop/Vivado_projects/13_LETS_INTEGRATE/C/looping/12_ORAN_1L_no_compression_cont_data/ORAN_INTEG_1/hls_src"><\/item>
<item  id="141" filename="CtrlPlaneDepacketizer/CtrlPlaneDepacketizer.cpp" linenumber="263" name="p_Result_53" contextFuncName="cplane_depacketizer" moduleName="cplane_depacketizer" rtlName="reg_984" latency="0" BRAM="-1" DSP="-1" FF="-1" LUT="-1" fileDirectory="/home/aswin/Desktop/Vivado_projects/13_LETS_INTEGRATE/C/looping/12_ORAN_1L_no_compression_cont_data/ORAN_INTEG_1/hls_src"><\/item>
<item  id="142" filename="CtrlPlaneDepacketizer/CtrlPlaneDepacketizer.cpp" linenumber="264" name="p_Result_54" contextFuncName="cplane_depacketizer" moduleName="cplane_depacketizer" rtlName="reg_988" latency="0" BRAM="-1" DSP="-1" FF="-1" LUT="-1" fileDirectory="/home/aswin/Desktop/Vivado_projects/13_LETS_INTEGRATE/C/looping/12_ORAN_1L_no_compression_cont_data/ORAN_INTEG_1/hls_src"><\/item>
<item  id="143" filename="CtrlPlaneDepacketizer/CtrlPlaneDepacketizer.cpp" linenumber="265" name="p_Result_55" contextFuncName="cplane_depacketizer" moduleName="cplane_depacketizer" rtlName="reg_992" latency="0" BRAM="-1" DSP="-1" FF="-1" LUT="-1" fileDirectory="/home/aswin/Desktop/Vivado_projects/13_LETS_INTEGRATE/C/looping/12_ORAN_1L_no_compression_cont_data/ORAN_INTEG_1/hls_src"><\/item>
<item  id="144" filename="CtrlPlaneDepacketizer/CtrlPlaneDepacketizer.cpp" linenumber="266" name="p_Result_56" contextFuncName="cplane_depacketizer" moduleName="cplane_depacketizer" rtlName="reg_996" latency="0" BRAM="-1" DSP="-1" FF="-1" LUT="-1" fileDirectory="/home/aswin/Desktop/Vivado_projects/13_LETS_INTEGRATE/C/looping/12_ORAN_1L_no_compression_cont_data/ORAN_INTEG_1/hls_src"><\/item>
<item  id="145" filename="CtrlPlaneDepacketizer/CtrlPlaneDepacketizer.cpp" linenumber="267" name="p_Result_58" contextFuncName="cplane_depacketizer" moduleName="cplane_depacketizer" rtlName="reg_1000" latency="0" BRAM="-1" DSP="-1" FF="-1" LUT="-1" fileDirectory="/home/aswin/Desktop/Vivado_projects/13_LETS_INTEGRATE/C/looping/12_ORAN_1L_no_compression_cont_data/ORAN_INTEG_1/hls_src"><\/item>
<item  id="146" filename="CtrlPlaneDepacketizer/CtrlPlaneDepacketizer.cpp" linenumber="268" name="p_Result_59" contextFuncName="cplane_depacketizer" moduleName="cplane_depacketizer" rtlName="reg_1004" latency="0" BRAM="-1" DSP="-1" FF="-1" LUT="-1" fileDirectory="/home/aswin/Desktop/Vivado_projects/13_LETS_INTEGRATE/C/looping/12_ORAN_1L_no_compression_cont_data/ORAN_INTEG_1/hls_src"><\/item>
<item  id="147" filename="CtrlPlaneDepacketizer/CtrlPlaneDepacketizer.cpp" linenumber="268" name="p_Result_154" contextFuncName="cplane_depacketizer" moduleName="cplane_depacketizer" rtlName="p_Result_154_fu_1541_p10" latency="0" BRAM="-1" DSP="-1" FF="-1" LUT="-1" fileDirectory="/home/aswin/Desktop/Vivado_projects/13_LETS_INTEGRATE/C/looping/12_ORAN_1L_no_compression_cont_data/ORAN_INTEG_1/hls_src"><\/item>
<item  id="151" filename="CtrlPlaneDepacketizer/CtrlPlaneDepacketizer.cpp" linenumber="238" name="p_Result_46" contextFuncName="cplane_depacketizer" moduleName="cplane_depacketizer" rtlName="grp_fu_926_p4" latency="0" BRAM="-1" DSP="-1" FF="-1" LUT="-1" fileDirectory="/home/aswin/Desktop/Vivado_projects/13_LETS_INTEGRATE/C/looping/12_ORAN_1L_no_compression_cont_data/ORAN_INTEG_1/hls_src"><\/item>
<item  id="152" filename="CtrlPlaneDepacketizer/CtrlPlaneDepacketizer.cpp" linenumber="239" name="trunc_ln647_5" contextFuncName="cplane_depacketizer" moduleName="cplane_depacketizer" rtlName="trunc_ln647_5_fu_1107_p1" latency="0" BRAM="-1" DSP="-1" FF="-1" LUT="-1" fileDirectory="/home/aswin/Desktop/Vivado_projects/13_LETS_INTEGRATE/C/looping/12_ORAN_1L_no_compression_cont_data/ORAN_INTEG_1/hls_src"><\/item>
<item  id="153" filename="CtrlPlaneDepacketizer/CtrlPlaneDepacketizer.cpp" linenumber="240" name="p_Result_47" contextFuncName="cplane_depacketizer" moduleName="cplane_depacketizer" rtlName="reg_980" latency="0" BRAM="-1" DSP="-1" FF="-1" LUT="-1" fileDirectory="/home/aswin/Desktop/Vivado_projects/13_LETS_INTEGRATE/C/looping/12_ORAN_1L_no_compression_cont_data/ORAN_INTEG_1/hls_src"><\/item>
<item  id="154" filename="CtrlPlaneDepacketizer/CtrlPlaneDepacketizer.cpp" linenumber="241" name="p_Result_48" contextFuncName="cplane_depacketizer" moduleName="cplane_depacketizer" rtlName="reg_984" latency="0" BRAM="-1" DSP="-1" FF="-1" LUT="-1" fileDirectory="/home/aswin/Desktop/Vivado_projects/13_LETS_INTEGRATE/C/looping/12_ORAN_1L_no_compression_cont_data/ORAN_INTEG_1/hls_src"><\/item>
<item  id="155" filename="CtrlPlaneDepacketizer/CtrlPlaneDepacketizer.cpp" linenumber="242" name="p_Result_49" contextFuncName="cplane_depacketizer" moduleName="cplane_depacketizer" rtlName="reg_988" latency="0" BRAM="-1" DSP="-1" FF="-1" LUT="-1" fileDirectory="/home/aswin/Desktop/Vivado_projects/13_LETS_INTEGRATE/C/looping/12_ORAN_1L_no_compression_cont_data/ORAN_INTEG_1/hls_src"><\/item>
<item  id="156" filename="CtrlPlaneDepacketizer/CtrlPlaneDepacketizer.cpp" linenumber="243" name="p_Result_50" contextFuncName="cplane_depacketizer" moduleName="cplane_depacketizer" rtlName="reg_992" latency="0" BRAM="-1" DSP="-1" FF="-1" LUT="-1" fileDirectory="/home/aswin/Desktop/Vivado_projects/13_LETS_INTEGRATE/C/looping/12_ORAN_1L_no_compression_cont_data/ORAN_INTEG_1/hls_src"><\/item>
<item  id="157" filename="CtrlPlaneDepacketizer/CtrlPlaneDepacketizer.cpp" linenumber="243" name="p_Result_152" contextFuncName="cplane_depacketizer" moduleName="cplane_depacketizer" rtlName="p_Result_152_fu_1563_p7" latency="0" BRAM="-1" DSP="-1" FF="-1" LUT="-1" fileDirectory="/home/aswin/Desktop/Vivado_projects/13_LETS_INTEGRATE/C/looping/12_ORAN_1L_no_compression_cont_data/ORAN_INTEG_1/hls_src"><\/item>
<item  id="161" filename="CtrlPlaneDepacketizer/CtrlPlaneDepacketizer.cpp" linenumber="251" name="p_Result_99" contextFuncName="cplane_depacketizer" moduleName="cplane_depacketizer" rtlName="p_Result_99_reg_2126" latency="0" BRAM="-1" DSP="-1" FF="-1" LUT="-1" fileDirectory="/home/aswin/Desktop/Vivado_projects/13_LETS_INTEGRATE/C/looping/12_ORAN_1L_no_compression_cont_data/ORAN_INTEG_1/hls_src"><\/item>
<item  id="162" filename="CtrlPlaneDepacketizer/CtrlPlaneDepacketizer.cpp" linenumber="252" name="p_Result_100" contextFuncName="cplane_depacketizer" moduleName="cplane_depacketizer" rtlName="reg_1004" latency="0" BRAM="-1" DSP="-1" FF="-1" LUT="-1" fileDirectory="/home/aswin/Desktop/Vivado_projects/13_LETS_INTEGRATE/C/looping/12_ORAN_1L_no_compression_cont_data/ORAN_INTEG_1/hls_src"><\/item>
<item  id="163" filename="CtrlPlaneDepacketizer/CtrlPlaneDepacketizer.cpp" linenumber="252" name="tmp_10" contextFuncName="cplane_depacketizer" moduleName="cplane_depacketizer" rtlName="tmp_10_fu_1579_p3" latency="0" BRAM="-1" DSP="-1" FF="-1" LUT="-1" fileDirectory="/home/aswin/Desktop/Vivado_projects/13_LETS_INTEGRATE/C/looping/12_ORAN_1L_no_compression_cont_data/ORAN_INTEG_1/hls_src"><\/item>
<item  id="164" filename="CtrlPlaneDepacketizer/CtrlPlaneDepacketizer.cpp" linenumber="252" name="p_Result_153" contextFuncName="cplane_depacketizer" moduleName="cplane_depacketizer" rtlName="p_Result_153_fu_1586_p5" latency="0" BRAM="-1" DSP="-1" FF="-1" LUT="-1" fileDirectory="/home/aswin/Desktop/Vivado_projects/13_LETS_INTEGRATE/C/looping/12_ORAN_1L_no_compression_cont_data/ORAN_INTEG_1/hls_src"><\/item>
<item  id="166" filename="CtrlPlaneDepacketizer/CtrlPlaneDepacketizer.cpp" linenumber="253" name="tmp_351" contextFuncName="cplane_depacketizer" moduleName="cplane_depacketizer" rtlName="tmp_351_fu_1604_p9" latency="0" BRAM="-1" DSP="-1" FF="-1" LUT="-1" fileDirectory="/home/aswin/Desktop/Vivado_projects/13_LETS_INTEGRATE/C/looping/12_ORAN_1L_no_compression_cont_data/ORAN_INTEG_1/hls_src"><\/item>
<item  id="174" filename="CtrlPlaneDepacketizer/CtrlPlaneDepacketizer.cpp" linenumber="273" name="p_Result_130" contextFuncName="cplane_depacketizer" moduleName="cplane_depacketizer" rtlName="reg_1008" latency="0" BRAM="-1" DSP="-1" FF="-1" LUT="-1" fileDirectory="/home/aswin/Desktop/Vivado_projects/13_LETS_INTEGRATE/C/looping/12_ORAN_1L_no_compression_cont_data/ORAN_INTEG_1/hls_src"><\/item>
<item  id="175" filename="CtrlPlaneDepacketizer/CtrlPlaneDepacketizer.cpp" linenumber="274" name="p_Result_131" contextFuncName="cplane_depacketizer" moduleName="cplane_depacketizer" rtlName="reg_1012" latency="0" BRAM="-1" DSP="-1" FF="-1" LUT="-1" fileDirectory="/home/aswin/Desktop/Vivado_projects/13_LETS_INTEGRATE/C/looping/12_ORAN_1L_no_compression_cont_data/ORAN_INTEG_1/hls_src"><\/item>
<item  id="176" filename="CtrlPlaneDepacketizer/CtrlPlaneDepacketizer.cpp" linenumber="275" name="p_Result_132" contextFuncName="cplane_depacketizer" moduleName="cplane_depacketizer" rtlName="reg_1016" latency="0" BRAM="-1" DSP="-1" FF="-1" LUT="-1" fileDirectory="/home/aswin/Desktop/Vivado_projects/13_LETS_INTEGRATE/C/looping/12_ORAN_1L_no_compression_cont_data/ORAN_INTEG_1/hls_src"><\/item>
<item  id="177" filename="CtrlPlaneDepacketizer/CtrlPlaneDepacketizer.cpp" linenumber="276" name="p_Result_133" contextFuncName="cplane_depacketizer" moduleName="cplane_depacketizer" rtlName="p_Result_33_reg_2190" latency="0" BRAM="-1" DSP="-1" FF="-1" LUT="-1" fileDirectory="/home/aswin/Desktop/Vivado_projects/13_LETS_INTEGRATE/C/looping/12_ORAN_1L_no_compression_cont_data/ORAN_INTEG_1/hls_src"><\/item>
<item  id="178" filename="CtrlPlaneDepacketizer/CtrlPlaneDepacketizer.cpp" linenumber="277" name="p_Result_134" contextFuncName="cplane_depacketizer" moduleName="cplane_depacketizer" rtlName="p_Result_34_reg_2195" latency="0" BRAM="-1" DSP="-1" FF="-1" LUT="-1" fileDirectory="/home/aswin/Desktop/Vivado_projects/13_LETS_INTEGRATE/C/looping/12_ORAN_1L_no_compression_cont_data/ORAN_INTEG_1/hls_src"><\/item>
<item  id="179" filename="CtrlPlaneDepacketizer/CtrlPlaneDepacketizer.cpp" linenumber="278" name="p_Result_135" contextFuncName="cplane_depacketizer" moduleName="cplane_depacketizer" rtlName="p_Result_35_reg_2200" latency="0" BRAM="-1" DSP="-1" FF="-1" LUT="-1" fileDirectory="/home/aswin/Desktop/Vivado_projects/13_LETS_INTEGRATE/C/looping/12_ORAN_1L_no_compression_cont_data/ORAN_INTEG_1/hls_src"><\/item>
<item  id="180" filename="CtrlPlaneDepacketizer/CtrlPlaneDepacketizer.cpp" linenumber="279" name="p_Result_136" contextFuncName="cplane_depacketizer" moduleName="cplane_depacketizer" rtlName="p_Result_36_reg_2205" latency="0" BRAM="-1" DSP="-1" FF="-1" LUT="-1" fileDirectory="/home/aswin/Desktop/Vivado_projects/13_LETS_INTEGRATE/C/looping/12_ORAN_1L_no_compression_cont_data/ORAN_INTEG_1/hls_src"><\/item>
<item  id="181" filename="CtrlPlaneDepacketizer/CtrlPlaneDepacketizer.cpp" linenumber="280" name="p_Result_137" contextFuncName="cplane_depacketizer" moduleName="cplane_depacketizer" rtlName="grp_fu_820_p4" latency="0" BRAM="-1" DSP="-1" FF="-1" LUT="-1" fileDirectory="/home/aswin/Desktop/Vivado_projects/13_LETS_INTEGRATE/C/looping/12_ORAN_1L_no_compression_cont_data/ORAN_INTEG_1/hls_src"><\/item>
<item  id="182" filename="CtrlPlaneDepacketizer/CtrlPlaneDepacketizer.cpp" linenumber="280" name="tmp_14" contextFuncName="cplane_depacketizer" moduleName="cplane_depacketizer" rtlName="tmp_14_fu_1121_p9" latency="0" BRAM="-1" DSP="-1" FF="-1" LUT="-1" fileDirectory="/home/aswin/Desktop/Vivado_projects/13_LETS_INTEGRATE/C/looping/12_ORAN_1L_no_compression_cont_data/ORAN_INTEG_1/hls_src"><\/item>
<item  id="183" filename="CtrlPlaneDepacketizer/CtrlPlaneDepacketizer.cpp" linenumber="280" name="p_Result_74" contextFuncName="cplane_depacketizer" moduleName="cplane_depacketizer" rtlName="p_Result_74_fu_1141_p5" latency="0" BRAM="-1" DSP="-1" FF="-1" LUT="-1" fileDirectory="/home/aswin/Desktop/Vivado_projects/13_LETS_INTEGRATE/C/looping/12_ORAN_1L_no_compression_cont_data/ORAN_INTEG_1/hls_src"><\/item>
<item  id="195" filename="CtrlPlaneDepacketizer/CtrlPlaneDepacketizer.cpp" linenumber="203" name="p_Result_41" contextFuncName="cplane_depacketizer" moduleName="cplane_depacketizer" rtlName="grp_fu_926_p4" latency="0" BRAM="-1" DSP="-1" FF="-1" LUT="-1" fileDirectory="/home/aswin/Desktop/Vivado_projects/13_LETS_INTEGRATE/C/looping/12_ORAN_1L_no_compression_cont_data/ORAN_INTEG_1/hls_src"><\/item>
<item  id="196" filename="CtrlPlaneDepacketizer/CtrlPlaneDepacketizer.cpp" linenumber="204" name="trunc_ln647_4" contextFuncName="cplane_depacketizer" moduleName="cplane_depacketizer" rtlName="trunc_ln647_4_fu_1159_p1" latency="0" BRAM="-1" DSP="-1" FF="-1" LUT="-1" fileDirectory="/home/aswin/Desktop/Vivado_projects/13_LETS_INTEGRATE/C/looping/12_ORAN_1L_no_compression_cont_data/ORAN_INTEG_1/hls_src"><\/item>
<item  id="197" filename="CtrlPlaneDepacketizer/CtrlPlaneDepacketizer.cpp" linenumber="205" name="p_Result_42" contextFuncName="cplane_depacketizer" moduleName="cplane_depacketizer" rtlName="reg_980" latency="0" BRAM="-1" DSP="-1" FF="-1" LUT="-1" fileDirectory="/home/aswin/Desktop/Vivado_projects/13_LETS_INTEGRATE/C/looping/12_ORAN_1L_no_compression_cont_data/ORAN_INTEG_1/hls_src"><\/item>
<item  id="198" filename="CtrlPlaneDepacketizer/CtrlPlaneDepacketizer.cpp" linenumber="206" name="p_Result_43" contextFuncName="cplane_depacketizer" moduleName="cplane_depacketizer" rtlName="reg_984" latency="0" BRAM="-1" DSP="-1" FF="-1" LUT="-1" fileDirectory="/home/aswin/Desktop/Vivado_projects/13_LETS_INTEGRATE/C/looping/12_ORAN_1L_no_compression_cont_data/ORAN_INTEG_1/hls_src"><\/item>
<item  id="199" filename="CtrlPlaneDepacketizer/CtrlPlaneDepacketizer.cpp" linenumber="207" name="p_Result_44" contextFuncName="cplane_depacketizer" moduleName="cplane_depacketizer" rtlName="reg_988" latency="0" BRAM="-1" DSP="-1" FF="-1" LUT="-1" fileDirectory="/home/aswin/Desktop/Vivado_projects/13_LETS_INTEGRATE/C/looping/12_ORAN_1L_no_compression_cont_data/ORAN_INTEG_1/hls_src"><\/item>
<item  id="200" filename="CtrlPlaneDepacketizer/CtrlPlaneDepacketizer.cpp" linenumber="208" name="p_Result_45" contextFuncName="cplane_depacketizer" moduleName="cplane_depacketizer" rtlName="reg_992" latency="0" BRAM="-1" DSP="-1" FF="-1" LUT="-1" fileDirectory="/home/aswin/Desktop/Vivado_projects/13_LETS_INTEGRATE/C/looping/12_ORAN_1L_no_compression_cont_data/ORAN_INTEG_1/hls_src"><\/item>
<item  id="201" filename="CtrlPlaneDepacketizer/CtrlPlaneDepacketizer.cpp" linenumber="208" name="p_Result_151" contextFuncName="cplane_depacketizer" moduleName="cplane_depacketizer" rtlName="p_Result_151_fu_1625_p7" latency="0" BRAM="-1" DSP="-1" FF="-1" LUT="-1" fileDirectory="/home/aswin/Desktop/Vivado_projects/13_LETS_INTEGRATE/C/looping/12_ORAN_1L_no_compression_cont_data/ORAN_INTEG_1/hls_src"><\/item>
<item  id="205" filename="CtrlPlaneDepacketizer/CtrlPlaneDepacketizer.cpp" linenumber="185" name="p_Result_39" contextFuncName="cplane_depacketizer" moduleName="cplane_depacketizer" rtlName="grp_fu_935_p4" latency="0" BRAM="-1" DSP="-1" FF="-1" LUT="-1" fileDirectory="/home/aswin/Desktop/Vivado_projects/13_LETS_INTEGRATE/C/looping/12_ORAN_1L_no_compression_cont_data/ORAN_INTEG_1/hls_src"><\/item>
<item  id="206" filename="CtrlPlaneDepacketizer/CtrlPlaneDepacketizer.cpp" linenumber="186" name="trunc_ln647_3" contextFuncName="cplane_depacketizer" moduleName="cplane_depacketizer" rtlName="trunc_ln647_3_fu_1163_p1" latency="0" BRAM="-1" DSP="-1" FF="-1" LUT="-1" fileDirectory="/home/aswin/Desktop/Vivado_projects/13_LETS_INTEGRATE/C/looping/12_ORAN_1L_no_compression_cont_data/ORAN_INTEG_1/hls_src"><\/item>
<item  id="207" filename="CtrlPlaneDepacketizer/CtrlPlaneDepacketizer.cpp" linenumber="187" name="p_Result_40" contextFuncName="cplane_depacketizer" moduleName="cplane_depacketizer" rtlName="reg_980" latency="0" BRAM="-1" DSP="-1" FF="-1" LUT="-1" fileDirectory="/home/aswin/Desktop/Vivado_projects/13_LETS_INTEGRATE/C/looping/12_ORAN_1L_no_compression_cont_data/ORAN_INTEG_1/hls_src"><\/item>
<item  id="208" filename="CtrlPlaneDepacketizer/CtrlPlaneDepacketizer.cpp" linenumber="187" name="p_Result_149" contextFuncName="cplane_depacketizer" moduleName="cplane_depacketizer" rtlName="p_Result_149_fu_1641_p4" latency="0" BRAM="-1" DSP="-1" FF="-1" LUT="-1" fileDirectory="/home/aswin/Desktop/Vivado_projects/13_LETS_INTEGRATE/C/looping/12_ORAN_1L_no_compression_cont_data/ORAN_INTEG_1/hls_src"><\/item>
<item  id="212" filename="CtrlPlaneDepacketizer/CtrlPlaneDepacketizer.cpp" linenumber="195" name="p_Result_96" contextFuncName="cplane_depacketizer" moduleName="cplane_depacketizer" rtlName="p_Result_96_reg_2151" latency="0" BRAM="-1" DSP="-1" FF="-1" LUT="-1" fileDirectory="/home/aswin/Desktop/Vivado_projects/13_LETS_INTEGRATE/C/looping/12_ORAN_1L_no_compression_cont_data/ORAN_INTEG_1/hls_src"><\/item>
<item  id="213" filename="CtrlPlaneDepacketizer/CtrlPlaneDepacketizer.cpp" linenumber="196" name="p_Result_97" contextFuncName="cplane_depacketizer" moduleName="cplane_depacketizer" rtlName="reg_992" latency="0" BRAM="-1" DSP="-1" FF="-1" LUT="-1" fileDirectory="/home/aswin/Desktop/Vivado_projects/13_LETS_INTEGRATE/C/looping/12_ORAN_1L_no_compression_cont_data/ORAN_INTEG_1/hls_src"><\/item>
<item  id="214" filename="CtrlPlaneDepacketizer/CtrlPlaneDepacketizer.cpp" linenumber="196" name="tmp_9" contextFuncName="cplane_depacketizer" moduleName="cplane_depacketizer" rtlName="tmp_9_fu_1651_p3" latency="0" BRAM="-1" DSP="-1" FF="-1" LUT="-1" fileDirectory="/home/aswin/Desktop/Vivado_projects/13_LETS_INTEGRATE/C/looping/12_ORAN_1L_no_compression_cont_data/ORAN_INTEG_1/hls_src"><\/item>
<item  id="215" filename="CtrlPlaneDepacketizer/CtrlPlaneDepacketizer.cpp" linenumber="196" name="p_Result_150" contextFuncName="cplane_depacketizer" moduleName="cplane_depacketizer" rtlName="p_Result_150_fu_1658_p5" latency="0" BRAM="-1" DSP="-1" FF="-1" LUT="-1" fileDirectory="/home/aswin/Desktop/Vivado_projects/13_LETS_INTEGRATE/C/looping/12_ORAN_1L_no_compression_cont_data/ORAN_INTEG_1/hls_src"><\/item>
<item  id="217" filename="CtrlPlaneDepacketizer/CtrlPlaneDepacketizer.cpp" linenumber="197" name="tmp_234" contextFuncName="cplane_depacketizer" moduleName="cplane_depacketizer" rtlName="tmp_234_fu_1676_p9" latency="0" BRAM="-1" DSP="-1" FF="-1" LUT="-1" fileDirectory="/home/aswin/Desktop/Vivado_projects/13_LETS_INTEGRATE/C/looping/12_ORAN_1L_no_compression_cont_data/ORAN_INTEG_1/hls_src"><\/item>
<item  id="225" filename="CtrlPlaneDepacketizer/CtrlPlaneDepacketizer.cpp" linenumber="214" name="p_Result_119" contextFuncName="cplane_depacketizer" moduleName="cplane_depacketizer" rtlName="reg_996" latency="0" BRAM="-1" DSP="-1" FF="-1" LUT="-1" fileDirectory="/home/aswin/Desktop/Vivado_projects/13_LETS_INTEGRATE/C/looping/12_ORAN_1L_no_compression_cont_data/ORAN_INTEG_1/hls_src"><\/item>
<item  id="226" filename="CtrlPlaneDepacketizer/CtrlPlaneDepacketizer.cpp" linenumber="215" name="p_Result_120" contextFuncName="cplane_depacketizer" moduleName="cplane_depacketizer" rtlName="reg_1000" latency="0" BRAM="-1" DSP="-1" FF="-1" LUT="-1" fileDirectory="/home/aswin/Desktop/Vivado_projects/13_LETS_INTEGRATE/C/looping/12_ORAN_1L_no_compression_cont_data/ORAN_INTEG_1/hls_src"><\/item>
<item  id="227" filename="CtrlPlaneDepacketizer/CtrlPlaneDepacketizer.cpp" linenumber="216" name="p_Result_121" contextFuncName="cplane_depacketizer" moduleName="cplane_depacketizer" rtlName="reg_1004" latency="0" BRAM="-1" DSP="-1" FF="-1" LUT="-1" fileDirectory="/home/aswin/Desktop/Vivado_projects/13_LETS_INTEGRATE/C/looping/12_ORAN_1L_no_compression_cont_data/ORAN_INTEG_1/hls_src"><\/item>
<item  id="228" filename="CtrlPlaneDepacketizer/CtrlPlaneDepacketizer.cpp" linenumber="217" name="p_Result_122" contextFuncName="cplane_depacketizer" moduleName="cplane_depacketizer" rtlName="reg_1008" latency="0" BRAM="-1" DSP="-1" FF="-1" LUT="-1" fileDirectory="/home/aswin/Desktop/Vivado_projects/13_LETS_INTEGRATE/C/looping/12_ORAN_1L_no_compression_cont_data/ORAN_INTEG_1/hls_src"><\/item>
<item  id="229" filename="CtrlPlaneDepacketizer/CtrlPlaneDepacketizer.cpp" linenumber="218" name="p_Result_123" contextFuncName="cplane_depacketizer" moduleName="cplane_depacketizer" rtlName="reg_1012" latency="0" BRAM="-1" DSP="-1" FF="-1" LUT="-1" fileDirectory="/home/aswin/Desktop/Vivado_projects/13_LETS_INTEGRATE/C/looping/12_ORAN_1L_no_compression_cont_data/ORAN_INTEG_1/hls_src"><\/item>
<item  id="230" filename="CtrlPlaneDepacketizer/CtrlPlaneDepacketizer.cpp" linenumber="219" name="p_Result_124" contextFuncName="cplane_depacketizer" moduleName="cplane_depacketizer" rtlName="reg_1016" latency="0" BRAM="-1" DSP="-1" FF="-1" LUT="-1" fileDirectory="/home/aswin/Desktop/Vivado_projects/13_LETS_INTEGRATE/C/looping/12_ORAN_1L_no_compression_cont_data/ORAN_INTEG_1/hls_src"><\/item>
<item  id="231" filename="CtrlPlaneDepacketizer/CtrlPlaneDepacketizer.cpp" linenumber="220" name="p_Result_125" contextFuncName="cplane_depacketizer" moduleName="cplane_depacketizer" rtlName="p_Result_33_reg_2190" latency="0" BRAM="-1" DSP="-1" FF="-1" LUT="-1" fileDirectory="/home/aswin/Desktop/Vivado_projects/13_LETS_INTEGRATE/C/looping/12_ORAN_1L_no_compression_cont_data/ORAN_INTEG_1/hls_src"><\/item>
<item  id="232" filename="CtrlPlaneDepacketizer/CtrlPlaneDepacketizer.cpp" linenumber="221" name="p_Result_126" contextFuncName="cplane_depacketizer" moduleName="cplane_depacketizer" rtlName="p_Result_34_reg_2195" latency="0" BRAM="-1" DSP="-1" FF="-1" LUT="-1" fileDirectory="/home/aswin/Desktop/Vivado_projects/13_LETS_INTEGRATE/C/looping/12_ORAN_1L_no_compression_cont_data/ORAN_INTEG_1/hls_src"><\/item>
<item  id="233" filename="CtrlPlaneDepacketizer/CtrlPlaneDepacketizer.cpp" linenumber="222" name="p_Result_127" contextFuncName="cplane_depacketizer" moduleName="cplane_depacketizer" rtlName="p_Result_35_reg_2200" latency="0" BRAM="-1" DSP="-1" FF="-1" LUT="-1" fileDirectory="/home/aswin/Desktop/Vivado_projects/13_LETS_INTEGRATE/C/looping/12_ORAN_1L_no_compression_cont_data/ORAN_INTEG_1/hls_src"><\/item>
<item  id="234" filename="CtrlPlaneDepacketizer/CtrlPlaneDepacketizer.cpp" linenumber="223" name="p_Result_128" contextFuncName="cplane_depacketizer" moduleName="cplane_depacketizer" rtlName="p_Result_36_reg_2205" latency="0" BRAM="-1" DSP="-1" FF="-1" LUT="-1" fileDirectory="/home/aswin/Desktop/Vivado_projects/13_LETS_INTEGRATE/C/looping/12_ORAN_1L_no_compression_cont_data/ORAN_INTEG_1/hls_src"><\/item>
<item  id="235" filename="CtrlPlaneDepacketizer/CtrlPlaneDepacketizer.cpp" linenumber="224" name="p_Result_129" contextFuncName="cplane_depacketizer" moduleName="cplane_depacketizer" rtlName="grp_fu_820_p4" latency="0" BRAM="-1" DSP="-1" FF="-1" LUT="-1" fileDirectory="/home/aswin/Desktop/Vivado_projects/13_LETS_INTEGRATE/C/looping/12_ORAN_1L_no_compression_cont_data/ORAN_INTEG_1/hls_src"><\/item>
<item  id="236" filename="CtrlPlaneDepacketizer/CtrlPlaneDepacketizer.cpp" linenumber="224" name="tmp_13" contextFuncName="cplane_depacketizer" moduleName="cplane_depacketizer" rtlName="tmp_13_fu_1177_p12" latency="0" BRAM="-1" DSP="-1" FF="-1" LUT="-1" fileDirectory="/home/aswin/Desktop/Vivado_projects/13_LETS_INTEGRATE/C/looping/12_ORAN_1L_no_compression_cont_data/ORAN_INTEG_1/hls_src"><\/item>
<item  id="237" filename="CtrlPlaneDepacketizer/CtrlPlaneDepacketizer.cpp" linenumber="224" name="p_Result_64" contextFuncName="cplane_depacketizer" moduleName="cplane_depacketizer" rtlName="p_Result_64_fu_1203_p5" latency="0" BRAM="-1" DSP="-1" FF="-1" LUT="-1" fileDirectory="/home/aswin/Desktop/Vivado_projects/13_LETS_INTEGRATE/C/looping/12_ORAN_1L_no_compression_cont_data/ORAN_INTEG_1/hls_src"><\/item>
<item  id="249" filename="CtrlPlaneDepacketizer/CtrlPlaneDepacketizer.cpp" linenumber="150" name="p_Result_37" contextFuncName="cplane_depacketizer" moduleName="cplane_depacketizer" rtlName="grp_fu_935_p4" latency="0" BRAM="-1" DSP="-1" FF="-1" LUT="-1" fileDirectory="/home/aswin/Desktop/Vivado_projects/13_LETS_INTEGRATE/C/looping/12_ORAN_1L_no_compression_cont_data/ORAN_INTEG_1/hls_src"><\/item>
<item  id="250" filename="CtrlPlaneDepacketizer/CtrlPlaneDepacketizer.cpp" linenumber="151" name="trunc_ln647_2" contextFuncName="cplane_depacketizer" moduleName="cplane_depacketizer" rtlName="trunc_ln647_2_fu_1221_p1" latency="0" BRAM="-1" DSP="-1" FF="-1" LUT="-1" fileDirectory="/home/aswin/Desktop/Vivado_projects/13_LETS_INTEGRATE/C/looping/12_ORAN_1L_no_compression_cont_data/ORAN_INTEG_1/hls_src"><\/item>
<item  id="251" filename="CtrlPlaneDepacketizer/CtrlPlaneDepacketizer.cpp" linenumber="152" name="p_Result_38" contextFuncName="cplane_depacketizer" moduleName="cplane_depacketizer" rtlName="reg_980" latency="0" BRAM="-1" DSP="-1" FF="-1" LUT="-1" fileDirectory="/home/aswin/Desktop/Vivado_projects/13_LETS_INTEGRATE/C/looping/12_ORAN_1L_no_compression_cont_data/ORAN_INTEG_1/hls_src"><\/item>
<item  id="252" filename="CtrlPlaneDepacketizer/CtrlPlaneDepacketizer.cpp" linenumber="152" name="p_Result_148" contextFuncName="cplane_depacketizer" moduleName="cplane_depacketizer" rtlName="p_Result_148_fu_1697_p4" latency="0" BRAM="-1" DSP="-1" FF="-1" LUT="-1" fileDirectory="/home/aswin/Desktop/Vivado_projects/13_LETS_INTEGRATE/C/looping/12_ORAN_1L_no_compression_cont_data/ORAN_INTEG_1/hls_src"><\/item>
<item  id="258" filename="CtrlPlaneDepacketizer/CtrlPlaneDepacketizer.cpp" linenumber="142" name="trunc_ln647_10" contextFuncName="cplane_depacketizer" moduleName="cplane_depacketizer" rtlName="trunc_ln647_10_fu_1225_p1" latency="0" BRAM="-1" DSP="-1" FF="-1" LUT="-1" fileDirectory="/home/aswin/Desktop/Vivado_projects/13_LETS_INTEGRATE/C/looping/12_ORAN_1L_no_compression_cont_data/ORAN_INTEG_1/hls_src"><\/item>
<item  id="259" filename="CtrlPlaneDepacketizer/CtrlPlaneDepacketizer.cpp" linenumber="144" name="p_Result_94" contextFuncName="cplane_depacketizer" moduleName="cplane_depacketizer" rtlName="reg_980" latency="0" BRAM="-1" DSP="-1" FF="-1" LUT="-1" fileDirectory="/home/aswin/Desktop/Vivado_projects/13_LETS_INTEGRATE/C/looping/12_ORAN_1L_no_compression_cont_data/ORAN_INTEG_1/hls_src"><\/item>
<item  id="260" filename="CtrlPlaneDepacketizer/CtrlPlaneDepacketizer.cpp" linenumber="144" name="tmp_s" contextFuncName="cplane_depacketizer" moduleName="cplane_depacketizer" rtlName="tmp_s_fu_1707_p3" latency="0" BRAM="-1" DSP="-1" FF="-1" LUT="-1" fileDirectory="/home/aswin/Desktop/Vivado_projects/13_LETS_INTEGRATE/C/looping/12_ORAN_1L_no_compression_cont_data/ORAN_INTEG_1/hls_src"><\/item>
<item  id="261" filename="CtrlPlaneDepacketizer/CtrlPlaneDepacketizer.cpp" linenumber="144" name="p_Result_147" contextFuncName="cplane_depacketizer" moduleName="cplane_depacketizer" rtlName="p_Result_147_fu_1714_p5" latency="0" BRAM="-1" DSP="-1" FF="-1" LUT="-1" fileDirectory="/home/aswin/Desktop/Vivado_projects/13_LETS_INTEGRATE/C/looping/12_ORAN_1L_no_compression_cont_data/ORAN_INTEG_1/hls_src"><\/item>
<item  id="263" filename="CtrlPlaneDepacketizer/CtrlPlaneDepacketizer.cpp" linenumber="145" name="tmp_117" contextFuncName="cplane_depacketizer" moduleName="cplane_depacketizer" rtlName="tmp_117_fu_1732_p9" latency="0" BRAM="-1" DSP="-1" FF="-1" LUT="-1" fileDirectory="/home/aswin/Desktop/Vivado_projects/13_LETS_INTEGRATE/C/looping/12_ORAN_1L_no_compression_cont_data/ORAN_INTEG_1/hls_src"><\/item>
<item  id="271" filename="CtrlPlaneDepacketizer/CtrlPlaneDepacketizer.cpp" linenumber="158" name="p_Result_105" contextFuncName="cplane_depacketizer" moduleName="cplane_depacketizer" rtlName="reg_984" latency="0" BRAM="-1" DSP="-1" FF="-1" LUT="-1" fileDirectory="/home/aswin/Desktop/Vivado_projects/13_LETS_INTEGRATE/C/looping/12_ORAN_1L_no_compression_cont_data/ORAN_INTEG_1/hls_src"><\/item>
<item  id="272" filename="CtrlPlaneDepacketizer/CtrlPlaneDepacketizer.cpp" linenumber="159" name="p_Result_106" contextFuncName="cplane_depacketizer" moduleName="cplane_depacketizer" rtlName="reg_988" latency="0" BRAM="-1" DSP="-1" FF="-1" LUT="-1" fileDirectory="/home/aswin/Desktop/Vivado_projects/13_LETS_INTEGRATE/C/looping/12_ORAN_1L_no_compression_cont_data/ORAN_INTEG_1/hls_src"><\/item>
<item  id="273" filename="CtrlPlaneDepacketizer/CtrlPlaneDepacketizer.cpp" linenumber="160" name="p_Result_107" contextFuncName="cplane_depacketizer" moduleName="cplane_depacketizer" rtlName="reg_992" latency="0" BRAM="-1" DSP="-1" FF="-1" LUT="-1" fileDirectory="/home/aswin/Desktop/Vivado_projects/13_LETS_INTEGRATE/C/looping/12_ORAN_1L_no_compression_cont_data/ORAN_INTEG_1/hls_src"><\/item>
<item  id="274" filename="CtrlPlaneDepacketizer/CtrlPlaneDepacketizer.cpp" linenumber="161" name="p_Result_108" contextFuncName="cplane_depacketizer" moduleName="cplane_depacketizer" rtlName="reg_996" latency="0" BRAM="-1" DSP="-1" FF="-1" LUT="-1" fileDirectory="/home/aswin/Desktop/Vivado_projects/13_LETS_INTEGRATE/C/looping/12_ORAN_1L_no_compression_cont_data/ORAN_INTEG_1/hls_src"><\/item>
<item  id="275" filename="CtrlPlaneDepacketizer/CtrlPlaneDepacketizer.cpp" linenumber="162" name="p_Result_109" contextFuncName="cplane_depacketizer" moduleName="cplane_depacketizer" rtlName="reg_1000" latency="0" BRAM="-1" DSP="-1" FF="-1" LUT="-1" fileDirectory="/home/aswin/Desktop/Vivado_projects/13_LETS_INTEGRATE/C/looping/12_ORAN_1L_no_compression_cont_data/ORAN_INTEG_1/hls_src"><\/item>
<item  id="276" filename="CtrlPlaneDepacketizer/CtrlPlaneDepacketizer.cpp" linenumber="163" name="p_Result_110" contextFuncName="cplane_depacketizer" moduleName="cplane_depacketizer" rtlName="reg_1004" latency="0" BRAM="-1" DSP="-1" FF="-1" LUT="-1" fileDirectory="/home/aswin/Desktop/Vivado_projects/13_LETS_INTEGRATE/C/looping/12_ORAN_1L_no_compression_cont_data/ORAN_INTEG_1/hls_src"><\/item>
<item  id="277" filename="CtrlPlaneDepacketizer/CtrlPlaneDepacketizer.cpp" linenumber="164" name="p_Result_111" contextFuncName="cplane_depacketizer" moduleName="cplane_depacketizer" rtlName="reg_1008" latency="0" BRAM="-1" DSP="-1" FF="-1" LUT="-1" fileDirectory="/home/aswin/Desktop/Vivado_projects/13_LETS_INTEGRATE/C/looping/12_ORAN_1L_no_compression_cont_data/ORAN_INTEG_1/hls_src"><\/item>
<item  id="278" filename="CtrlPlaneDepacketizer/CtrlPlaneDepacketizer.cpp" linenumber="165" name="p_Result_112" contextFuncName="cplane_depacketizer" moduleName="cplane_depacketizer" rtlName="reg_1012" latency="0" BRAM="-1" DSP="-1" FF="-1" LUT="-1" fileDirectory="/home/aswin/Desktop/Vivado_projects/13_LETS_INTEGRATE/C/looping/12_ORAN_1L_no_compression_cont_data/ORAN_INTEG_1/hls_src"><\/item>
<item  id="279" filename="CtrlPlaneDepacketizer/CtrlPlaneDepacketizer.cpp" linenumber="166" name="p_Result_113" contextFuncName="cplane_depacketizer" moduleName="cplane_depacketizer" rtlName="reg_1016" latency="0" BRAM="-1" DSP="-1" FF="-1" LUT="-1" fileDirectory="/home/aswin/Desktop/Vivado_projects/13_LETS_INTEGRATE/C/looping/12_ORAN_1L_no_compression_cont_data/ORAN_INTEG_1/hls_src"><\/item>
<item  id="280" filename="CtrlPlaneDepacketizer/CtrlPlaneDepacketizer.cpp" linenumber="167" name="p_Result_114" contextFuncName="cplane_depacketizer" moduleName="cplane_depacketizer" rtlName="p_Result_33_reg_2190" latency="0" BRAM="-1" DSP="-1" FF="-1" LUT="-1" fileDirectory="/home/aswin/Desktop/Vivado_projects/13_LETS_INTEGRATE/C/looping/12_ORAN_1L_no_compression_cont_data/ORAN_INTEG_1/hls_src"><\/item>
<item  id="281" filename="CtrlPlaneDepacketizer/CtrlPlaneDepacketizer.cpp" linenumber="168" name="p_Result_115" contextFuncName="cplane_depacketizer" moduleName="cplane_depacketizer" rtlName="p_Result_34_reg_2195" latency="0" BRAM="-1" DSP="-1" FF="-1" LUT="-1" fileDirectory="/home/aswin/Desktop/Vivado_projects/13_LETS_INTEGRATE/C/looping/12_ORAN_1L_no_compression_cont_data/ORAN_INTEG_1/hls_src"><\/item>
<item  id="282" filename="CtrlPlaneDepacketizer/CtrlPlaneDepacketizer.cpp" linenumber="169" name="p_Result_116" contextFuncName="cplane_depacketizer" moduleName="cplane_depacketizer" rtlName="p_Result_35_reg_2200" latency="0" BRAM="-1" DSP="-1" FF="-1" LUT="-1" fileDirectory="/home/aswin/Desktop/Vivado_projects/13_LETS_INTEGRATE/C/looping/12_ORAN_1L_no_compression_cont_data/ORAN_INTEG_1/hls_src"><\/item>
<item  id="283" filename="CtrlPlaneDepacketizer/CtrlPlaneDepacketizer.cpp" linenumber="170" name="p_Result_117" contextFuncName="cplane_depacketizer" moduleName="cplane_depacketizer" rtlName="p_Result_36_reg_2205" latency="0" BRAM="-1" DSP="-1" FF="-1" LUT="-1" fileDirectory="/home/aswin/Desktop/Vivado_projects/13_LETS_INTEGRATE/C/looping/12_ORAN_1L_no_compression_cont_data/ORAN_INTEG_1/hls_src"><\/item>
<item  id="284" filename="CtrlPlaneDepacketizer/CtrlPlaneDepacketizer.cpp" linenumber="171" name="p_Result_118" contextFuncName="cplane_depacketizer" moduleName="cplane_depacketizer" rtlName="grp_fu_820_p4" latency="0" BRAM="-1" DSP="-1" FF="-1" LUT="-1" fileDirectory="/home/aswin/Desktop/Vivado_projects/13_LETS_INTEGRATE/C/looping/12_ORAN_1L_no_compression_cont_data/ORAN_INTEG_1/hls_src"><\/item>
<item  id="285" filename="CtrlPlaneDepacketizer/CtrlPlaneDepacketizer.cpp" linenumber="171" name="tmp_12" contextFuncName="cplane_depacketizer" moduleName="cplane_depacketizer" rtlName="tmp_12_fu_1229_p15" latency="0" BRAM="-1" DSP="-1" FF="-1" LUT="-1" fileDirectory="/home/aswin/Desktop/Vivado_projects/13_LETS_INTEGRATE/C/looping/12_ORAN_1L_no_compression_cont_data/ORAN_INTEG_1/hls_src"><\/item>
<item  id="286" filename="CtrlPlaneDepacketizer/CtrlPlaneDepacketizer.cpp" linenumber="171" name="p_Result_57" contextFuncName="cplane_depacketizer" moduleName="cplane_depacketizer" rtlName="p_Result_57_fu_1261_p5" latency="0" BRAM="-1" DSP="-1" FF="-1" LUT="-1" fileDirectory="/home/aswin/Desktop/Vivado_projects/13_LETS_INTEGRATE/C/looping/12_ORAN_1L_no_compression_cont_data/ORAN_INTEG_1/hls_src"><\/item>
<item  id="298" filename="CtrlPlaneDepacketizer/CtrlPlaneDepacketizer.cpp" linenumber="100" name="p_Result_22" contextFuncName="cplane_depacketizer" moduleName="cplane_depacketizer" rtlName="grp_fu_944_p4" latency="0" BRAM="-1" DSP="-1" FF="-1" LUT="-1" fileDirectory="/home/aswin/Desktop/Vivado_projects/13_LETS_INTEGRATE/C/looping/12_ORAN_1L_no_compression_cont_data/ORAN_INTEG_1/hls_src"><\/item>
<item  id="299" filename="CtrlPlaneDepacketizer/CtrlPlaneDepacketizer.cpp" linenumber="101" name="trunc_ln647_1" contextFuncName="cplane_depacketizer" moduleName="cplane_depacketizer" rtlName="trunc_ln647_1_fu_1279_p1" latency="0" BRAM="-1" DSP="-1" FF="-1" LUT="-1" fileDirectory="/home/aswin/Desktop/Vivado_projects/13_LETS_INTEGRATE/C/looping/12_ORAN_1L_no_compression_cont_data/ORAN_INTEG_1/hls_src"><\/item>
<item  id="300" filename="CtrlPlaneDepacketizer/CtrlPlaneDepacketizer.cpp" linenumber="102" name="p_Result_23" contextFuncName="cplane_depacketizer" moduleName="cplane_depacketizer" rtlName="reg_980" latency="0" BRAM="-1" DSP="-1" FF="-1" LUT="-1" fileDirectory="/home/aswin/Desktop/Vivado_projects/13_LETS_INTEGRATE/C/looping/12_ORAN_1L_no_compression_cont_data/ORAN_INTEG_1/hls_src"><\/item>
<item  id="301" filename="CtrlPlaneDepacketizer/CtrlPlaneDepacketizer.cpp" linenumber="103" name="p_Result_24" contextFuncName="cplane_depacketizer" moduleName="cplane_depacketizer" rtlName="reg_984" latency="0" BRAM="-1" DSP="-1" FF="-1" LUT="-1" fileDirectory="/home/aswin/Desktop/Vivado_projects/13_LETS_INTEGRATE/C/looping/12_ORAN_1L_no_compression_cont_data/ORAN_INTEG_1/hls_src"><\/item>
<item  id="302" filename="CtrlPlaneDepacketizer/CtrlPlaneDepacketizer.cpp" linenumber="104" name="p_Result_25" contextFuncName="cplane_depacketizer" moduleName="cplane_depacketizer" rtlName="reg_988" latency="0" BRAM="-1" DSP="-1" FF="-1" LUT="-1" fileDirectory="/home/aswin/Desktop/Vivado_projects/13_LETS_INTEGRATE/C/looping/12_ORAN_1L_no_compression_cont_data/ORAN_INTEG_1/hls_src"><\/item>
<item  id="303" filename="CtrlPlaneDepacketizer/CtrlPlaneDepacketizer.cpp" linenumber="105" name="p_Result_26" contextFuncName="cplane_depacketizer" moduleName="cplane_depacketizer" rtlName="reg_992" latency="0" BRAM="-1" DSP="-1" FF="-1" LUT="-1" fileDirectory="/home/aswin/Desktop/Vivado_projects/13_LETS_INTEGRATE/C/looping/12_ORAN_1L_no_compression_cont_data/ORAN_INTEG_1/hls_src"><\/item>
<item  id="304" filename="CtrlPlaneDepacketizer/CtrlPlaneDepacketizer.cpp" linenumber="106" name="p_Result_27" contextFuncName="cplane_depacketizer" moduleName="cplane_depacketizer" rtlName="reg_996" latency="0" BRAM="-1" DSP="-1" FF="-1" LUT="-1" fileDirectory="/home/aswin/Desktop/Vivado_projects/13_LETS_INTEGRATE/C/looping/12_ORAN_1L_no_compression_cont_data/ORAN_INTEG_1/hls_src"><\/item>
<item  id="305" filename="CtrlPlaneDepacketizer/CtrlPlaneDepacketizer.cpp" linenumber="107" name="p_Result_28" contextFuncName="cplane_depacketizer" moduleName="cplane_depacketizer" rtlName="reg_1000" latency="0" BRAM="-1" DSP="-1" FF="-1" LUT="-1" fileDirectory="/home/aswin/Desktop/Vivado_projects/13_LETS_INTEGRATE/C/looping/12_ORAN_1L_no_compression_cont_data/ORAN_INTEG_1/hls_src"><\/item>
<item  id="306" filename="CtrlPlaneDepacketizer/CtrlPlaneDepacketizer.cpp" linenumber="108" name="p_Result_29" contextFuncName="cplane_depacketizer" moduleName="cplane_depacketizer" rtlName="reg_1004" latency="0" BRAM="-1" DSP="-1" FF="-1" LUT="-1" fileDirectory="/home/aswin/Desktop/Vivado_projects/13_LETS_INTEGRATE/C/looping/12_ORAN_1L_no_compression_cont_data/ORAN_INTEG_1/hls_src"><\/item>
<item  id="307" filename="CtrlPlaneDepacketizer/CtrlPlaneDepacketizer.cpp" linenumber="109" name="p_Result_30" contextFuncName="cplane_depacketizer" moduleName="cplane_depacketizer" rtlName="reg_1008" latency="0" BRAM="-1" DSP="-1" FF="-1" LUT="-1" fileDirectory="/home/aswin/Desktop/Vivado_projects/13_LETS_INTEGRATE/C/looping/12_ORAN_1L_no_compression_cont_data/ORAN_INTEG_1/hls_src"><\/item>
<item  id="308" filename="CtrlPlaneDepacketizer/CtrlPlaneDepacketizer.cpp" linenumber="110" name="p_Result_31" contextFuncName="cplane_depacketizer" moduleName="cplane_depacketizer" rtlName="reg_1012" latency="0" BRAM="-1" DSP="-1" FF="-1" LUT="-1" fileDirectory="/home/aswin/Desktop/Vivado_projects/13_LETS_INTEGRATE/C/looping/12_ORAN_1L_no_compression_cont_data/ORAN_INTEG_1/hls_src"><\/item>
<item  id="309" filename="CtrlPlaneDepacketizer/CtrlPlaneDepacketizer.cpp" linenumber="111" name="p_Result_32" contextFuncName="cplane_depacketizer" moduleName="cplane_depacketizer" rtlName="reg_1016" latency="0" BRAM="-1" DSP="-1" FF="-1" LUT="-1" fileDirectory="/home/aswin/Desktop/Vivado_projects/13_LETS_INTEGRATE/C/looping/12_ORAN_1L_no_compression_cont_data/ORAN_INTEG_1/hls_src"><\/item>
<item  id="310" filename="CtrlPlaneDepacketizer/CtrlPlaneDepacketizer.cpp" linenumber="112" name="p_Result_33" contextFuncName="cplane_depacketizer" moduleName="cplane_depacketizer" rtlName="p_Result_33_reg_2190" latency="0" BRAM="-1" DSP="-1" FF="-1" LUT="-1" fileDirectory="/home/aswin/Desktop/Vivado_projects/13_LETS_INTEGRATE/C/looping/12_ORAN_1L_no_compression_cont_data/ORAN_INTEG_1/hls_src"><\/item>
<item  id="311" filename="CtrlPlaneDepacketizer/CtrlPlaneDepacketizer.cpp" linenumber="113" name="p_Result_34" contextFuncName="cplane_depacketizer" moduleName="cplane_depacketizer" rtlName="p_Result_34_reg_2195" latency="0" BRAM="-1" DSP="-1" FF="-1" LUT="-1" fileDirectory="/home/aswin/Desktop/Vivado_projects/13_LETS_INTEGRATE/C/looping/12_ORAN_1L_no_compression_cont_data/ORAN_INTEG_1/hls_src"><\/item>
<item  id="312" filename="CtrlPlaneDepacketizer/CtrlPlaneDepacketizer.cpp" linenumber="114" name="p_Result_35" contextFuncName="cplane_depacketizer" moduleName="cplane_depacketizer" rtlName="p_Result_35_reg_2200" latency="0" BRAM="-1" DSP="-1" FF="-1" LUT="-1" fileDirectory="/home/aswin/Desktop/Vivado_projects/13_LETS_INTEGRATE/C/looping/12_ORAN_1L_no_compression_cont_data/ORAN_INTEG_1/hls_src"><\/item>
<item  id="313" filename="CtrlPlaneDepacketizer/CtrlPlaneDepacketizer.cpp" linenumber="115" name="p_Result_36" contextFuncName="cplane_depacketizer" moduleName="cplane_depacketizer" rtlName="p_Result_36_reg_2205" latency="0" BRAM="-1" DSP="-1" FF="-1" LUT="-1" fileDirectory="/home/aswin/Desktop/Vivado_projects/13_LETS_INTEGRATE/C/looping/12_ORAN_1L_no_compression_cont_data/ORAN_INTEG_1/hls_src"><\/item>
<item  id="314" filename="CtrlPlaneDepacketizer/CtrlPlaneDepacketizer.cpp" linenumber="115" name="p_Result_146" contextFuncName="cplane_depacketizer" moduleName="cplane_depacketizer" rtlName="p_Result_146_fu_1753_p17" latency="0" BRAM="-1" DSP="-1" FF="-1" LUT="-1" fileDirectory="/home/aswin/Desktop/Vivado_projects/13_LETS_INTEGRATE/C/looping/12_ORAN_1L_no_compression_cont_data/ORAN_INTEG_1/hls_src"><\/item>
<item  id="328" filename="CtrlPlaneDepacketizer/CtrlPlaneDepacketizer.cpp" linenumber="67" name="p_Result_9" contextFuncName="cplane_depacketizer" moduleName="cplane_depacketizer" rtlName="grp_fu_944_p4" latency="0" BRAM="-1" DSP="-1" FF="-1" LUT="-1" fileDirectory="/home/aswin/Desktop/Vivado_projects/13_LETS_INTEGRATE/C/looping/12_ORAN_1L_no_compression_cont_data/ORAN_INTEG_1/hls_src"><\/item>
<item  id="329" filename="CtrlPlaneDepacketizer/CtrlPlaneDepacketizer.cpp" linenumber="68" name="trunc_ln647" contextFuncName="cplane_depacketizer" moduleName="cplane_depacketizer" rtlName="trunc_ln647_fu_1785_p1" latency="0" BRAM="-1" DSP="-1" FF="-1" LUT="-1" fileDirectory="/home/aswin/Desktop/Vivado_projects/13_LETS_INTEGRATE/C/looping/12_ORAN_1L_no_compression_cont_data/ORAN_INTEG_1/hls_src"><\/item>
<item  id="330" filename="CtrlPlaneDepacketizer/CtrlPlaneDepacketizer.cpp" linenumber="69" name="p_Result_5" contextFuncName="cplane_depacketizer" moduleName="cplane_depacketizer" rtlName="grp_fu_953_p4" latency="0" BRAM="-1" DSP="-1" FF="-1" LUT="-1" fileDirectory="/home/aswin/Desktop/Vivado_projects/13_LETS_INTEGRATE/C/looping/12_ORAN_1L_no_compression_cont_data/ORAN_INTEG_1/hls_src"><\/item>
<item  id="331" filename="CtrlPlaneDepacketizer/CtrlPlaneDepacketizer.cpp" linenumber="70" name="p_Result_3" contextFuncName="cplane_depacketizer" moduleName="cplane_depacketizer" rtlName="grp_fu_962_p4" latency="0" BRAM="-1" DSP="-1" FF="-1" LUT="-1" fileDirectory="/home/aswin/Desktop/Vivado_projects/13_LETS_INTEGRATE/C/looping/12_ORAN_1L_no_compression_cont_data/ORAN_INTEG_1/hls_src"><\/item>
<item  id="332" filename="CtrlPlaneDepacketizer/CtrlPlaneDepacketizer.cpp" linenumber="71" name="p_Result_10" contextFuncName="cplane_depacketizer" moduleName="cplane_depacketizer" rtlName="p_Result_10_fu_1789_p4" latency="0" BRAM="-1" DSP="-1" FF="-1" LUT="-1" fileDirectory="/home/aswin/Desktop/Vivado_projects/13_LETS_INTEGRATE/C/looping/12_ORAN_1L_no_compression_cont_data/ORAN_INTEG_1/hls_src"><\/item>
<item  id="333" filename="CtrlPlaneDepacketizer/CtrlPlaneDepacketizer.cpp" linenumber="72" name="p_Result_11" contextFuncName="cplane_depacketizer" moduleName="cplane_depacketizer" rtlName="p_Result_11_fu_1799_p4" latency="0" BRAM="-1" DSP="-1" FF="-1" LUT="-1" fileDirectory="/home/aswin/Desktop/Vivado_projects/13_LETS_INTEGRATE/C/looping/12_ORAN_1L_no_compression_cont_data/ORAN_INTEG_1/hls_src"><\/item>
<item  id="334" filename="CtrlPlaneDepacketizer/CtrlPlaneDepacketizer.cpp" linenumber="73" name="p_Result_12" contextFuncName="cplane_depacketizer" moduleName="cplane_depacketizer" rtlName="p_Result_12_fu_1809_p4" latency="0" BRAM="-1" DSP="-1" FF="-1" LUT="-1" fileDirectory="/home/aswin/Desktop/Vivado_projects/13_LETS_INTEGRATE/C/looping/12_ORAN_1L_no_compression_cont_data/ORAN_INTEG_1/hls_src"><\/item>
<item  id="335" filename="CtrlPlaneDepacketizer/CtrlPlaneDepacketizer.cpp" linenumber="74" name="p_Result_13" contextFuncName="cplane_depacketizer" moduleName="cplane_depacketizer" rtlName="p_Result_13_fu_1819_p4" latency="0" BRAM="-1" DSP="-1" FF="-1" LUT="-1" fileDirectory="/home/aswin/Desktop/Vivado_projects/13_LETS_INTEGRATE/C/looping/12_ORAN_1L_no_compression_cont_data/ORAN_INTEG_1/hls_src"><\/item>
<item  id="336" filename="CtrlPlaneDepacketizer/CtrlPlaneDepacketizer.cpp" linenumber="75" name="p_Result_14" contextFuncName="cplane_depacketizer" moduleName="cplane_depacketizer" rtlName="p_Result_14_fu_1829_p4" latency="0" BRAM="-1" DSP="-1" FF="-1" LUT="-1" fileDirectory="/home/aswin/Desktop/Vivado_projects/13_LETS_INTEGRATE/C/looping/12_ORAN_1L_no_compression_cont_data/ORAN_INTEG_1/hls_src"><\/item>
<item  id="337" filename="CtrlPlaneDepacketizer/CtrlPlaneDepacketizer.cpp" linenumber="76" name="p_Result_15" contextFuncName="cplane_depacketizer" moduleName="cplane_depacketizer" rtlName="grp_fu_1035_p4" latency="0" BRAM="-1" DSP="-1" FF="-1" LUT="-1" fileDirectory="/home/aswin/Desktop/Vivado_projects/13_LETS_INTEGRATE/C/looping/12_ORAN_1L_no_compression_cont_data/ORAN_INTEG_1/hls_src"><\/item>
<item  id="338" filename="CtrlPlaneDepacketizer/CtrlPlaneDepacketizer.cpp" linenumber="77" name="p_Result_16" contextFuncName="cplane_depacketizer" moduleName="cplane_depacketizer" rtlName="grp_fu_1045_p4" latency="0" BRAM="-1" DSP="-1" FF="-1" LUT="-1" fileDirectory="/home/aswin/Desktop/Vivado_projects/13_LETS_INTEGRATE/C/looping/12_ORAN_1L_no_compression_cont_data/ORAN_INTEG_1/hls_src"><\/item>
<item  id="339" filename="CtrlPlaneDepacketizer/CtrlPlaneDepacketizer.cpp" linenumber="78" name="p_Result_17" contextFuncName="cplane_depacketizer" moduleName="cplane_depacketizer" rtlName="p_Result_17_fu_1839_p4" latency="0" BRAM="-1" DSP="-1" FF="-1" LUT="-1" fileDirectory="/home/aswin/Desktop/Vivado_projects/13_LETS_INTEGRATE/C/looping/12_ORAN_1L_no_compression_cont_data/ORAN_INTEG_1/hls_src"><\/item>
<item  id="340" filename="CtrlPlaneDepacketizer/CtrlPlaneDepacketizer.cpp" linenumber="79" name="p_Result_18" contextFuncName="cplane_depacketizer" moduleName="cplane_depacketizer" rtlName="p_Result_18_fu_1849_p4" latency="0" BRAM="-1" DSP="-1" FF="-1" LUT="-1" fileDirectory="/home/aswin/Desktop/Vivado_projects/13_LETS_INTEGRATE/C/looping/12_ORAN_1L_no_compression_cont_data/ORAN_INTEG_1/hls_src"><\/item>
<item  id="341" filename="CtrlPlaneDepacketizer/CtrlPlaneDepacketizer.cpp" linenumber="80" name="p_Result_19" contextFuncName="cplane_depacketizer" moduleName="cplane_depacketizer" rtlName="p_Result_19_fu_1859_p4" latency="0" BRAM="-1" DSP="-1" FF="-1" LUT="-1" fileDirectory="/home/aswin/Desktop/Vivado_projects/13_LETS_INTEGRATE/C/looping/12_ORAN_1L_no_compression_cont_data/ORAN_INTEG_1/hls_src"><\/item>
<item  id="342" filename="CtrlPlaneDepacketizer/CtrlPlaneDepacketizer.cpp" linenumber="81" name="p_Result_20" contextFuncName="cplane_depacketizer" moduleName="cplane_depacketizer" rtlName="p_Result_20_fu_1869_p4" latency="0" BRAM="-1" DSP="-1" FF="-1" LUT="-1" fileDirectory="/home/aswin/Desktop/Vivado_projects/13_LETS_INTEGRATE/C/looping/12_ORAN_1L_no_compression_cont_data/ORAN_INTEG_1/hls_src"><\/item>
<item  id="343" filename="CtrlPlaneDepacketizer/CtrlPlaneDepacketizer.cpp" linenumber="82" name="p_Result_21" contextFuncName="cplane_depacketizer" moduleName="cplane_depacketizer" rtlName="grp_fu_971_p4" latency="0" BRAM="-1" DSP="-1" FF="-1" LUT="-1" fileDirectory="/home/aswin/Desktop/Vivado_projects/13_LETS_INTEGRATE/C/looping/12_ORAN_1L_no_compression_cont_data/ORAN_INTEG_1/hls_src"><\/item>
<item  id="344" filename="CtrlPlaneDepacketizer/CtrlPlaneDepacketizer.cpp" linenumber="82" name="p_Result_145" contextFuncName="cplane_depacketizer" moduleName="cplane_depacketizer" rtlName="p_Result_145_fu_1879_p17" latency="0" BRAM="-1" DSP="-1" FF="-1" LUT="-1" fileDirectory="/home/aswin/Desktop/Vivado_projects/13_LETS_INTEGRATE/C/looping/12_ORAN_1L_no_compression_cont_data/ORAN_INTEG_1/hls_src"><\/item>
<item  id="348" filename="CtrlPlaneDepacketizer/CtrlPlaneDepacketizer.cpp" linenumber="56" name="tmp_startPrbc_V" contextFuncName="cplane_depacketizer" moduleName="cplane_depacketizer" rtlName="tmp_startPrbc_V_fu_1916_p1" latency="0" BRAM="-1" DSP="-1" FF="-1" LUT="-1" fileDirectory="/home/aswin/Desktop/Vivado_projects/13_LETS_INTEGRATE/C/looping/12_ORAN_1L_no_compression_cont_data/ORAN_INTEG_1/hls_src"><\/item>
<item  id="350" filename="CtrlPlaneDepacketizer/CtrlPlaneDepacketizer.cpp" linenumber="57" name="tmp_numPrbc_V" contextFuncName="cplane_depacketizer" moduleName="cplane_depacketizer" rtlName="grp_fu_953_p4" latency="0" BRAM="-1" DSP="-1" FF="-1" LUT="-1" fileDirectory="/home/aswin/Desktop/Vivado_projects/13_LETS_INTEGRATE/C/looping/12_ORAN_1L_no_compression_cont_data/ORAN_INTEG_1/hls_src"><\/item>
<item  id="352" filename="CtrlPlaneDepacketizer/CtrlPlaneDepacketizer.cpp" linenumber="58" name="tmp_numSymc_V" contextFuncName="cplane_depacketizer" moduleName="cplane_depacketizer" rtlName="tmp_numSymc_V_fu_1932_p4" latency="0" BRAM="-1" DSP="-1" FF="-1" LUT="-1" fileDirectory="/home/aswin/Desktop/Vivado_projects/13_LETS_INTEGRATE/C/looping/12_ORAN_1L_no_compression_cont_data/ORAN_INTEG_1/hls_src"><\/item>
<item  id="354" filename="CtrlPlaneDepacketizer/CtrlPlaneDepacketizer.cpp" linenumber="59" name="p_Result_4" contextFuncName="cplane_depacketizer" moduleName="cplane_depacketizer" rtlName="p_Result_4_fu_1948_p4" latency="0" BRAM="-1" DSP="-1" FF="-1" LUT="-1" fileDirectory="/home/aswin/Desktop/Vivado_projects/13_LETS_INTEGRATE/C/looping/12_ORAN_1L_no_compression_cont_data/ORAN_INTEG_1/hls_src"><\/item>
<item  id="355" filename="CtrlPlaneDepacketizer/CtrlPlaneDepacketizer.cpp" linenumber="60" name="p_Result_6" contextFuncName="cplane_depacketizer" moduleName="cplane_depacketizer" rtlName="grp_fu_962_p4" latency="0" BRAM="-1" DSP="-1" FF="-1" LUT="-1" fileDirectory="/home/aswin/Desktop/Vivado_projects/13_LETS_INTEGRATE/C/looping/12_ORAN_1L_no_compression_cont_data/ORAN_INTEG_1/hls_src"><\/item>
<item  id="356" filename="CtrlPlaneDepacketizer/CtrlPlaneDepacketizer.cpp" linenumber="60" name="p_Result_143" contextFuncName="cplane_depacketizer" moduleName="cplane_depacketizer" rtlName="p_Result_143_fu_1958_p3" latency="0" BRAM="-1" DSP="-1" FF="-1" LUT="-1" fileDirectory="/home/aswin/Desktop/Vivado_projects/13_LETS_INTEGRATE/C/looping/12_ORAN_1L_no_compression_cont_data/ORAN_INTEG_1/hls_src"><\/item>
<item  id="358" filename="CtrlPlaneDepacketizer/CtrlPlaneDepacketizer.cpp" linenumber="61" name="p_Result_7" contextFuncName="cplane_depacketizer" moduleName="cplane_depacketizer" rtlName="p_Result_7_fu_1972_p4" latency="0" BRAM="-1" DSP="-1" FF="-1" LUT="-1" fileDirectory="/home/aswin/Desktop/Vivado_projects/13_LETS_INTEGRATE/C/looping/12_ORAN_1L_no_compression_cont_data/ORAN_INTEG_1/hls_src"><\/item>
<item  id="359" filename="CtrlPlaneDepacketizer/CtrlPlaneDepacketizer.cpp" linenumber="63" name="p_Result_8" contextFuncName="cplane_depacketizer" moduleName="cplane_depacketizer" rtlName="grp_fu_971_p4" latency="0" BRAM="-1" DSP="-1" FF="-1" LUT="-1" fileDirectory="/home/aswin/Desktop/Vivado_projects/13_LETS_INTEGRATE/C/looping/12_ORAN_1L_no_compression_cont_data/ORAN_INTEG_1/hls_src"><\/item>
<item  id="360" filename="CtrlPlaneDepacketizer/CtrlPlaneDepacketizer.cpp" linenumber="63" name="tmp_8" contextFuncName="cplane_depacketizer" moduleName="cplane_depacketizer" rtlName="tmp_8_fu_1982_p3" latency="0" BRAM="-1" DSP="-1" FF="-1" LUT="-1" fileDirectory="/home/aswin/Desktop/Vivado_projects/13_LETS_INTEGRATE/C/looping/12_ORAN_1L_no_compression_cont_data/ORAN_INTEG_1/hls_src"><\/item>
<item  id="361" filename="CtrlPlaneDepacketizer/CtrlPlaneDepacketizer.cpp" linenumber="63" name="p_Result_144" contextFuncName="cplane_depacketizer" moduleName="cplane_depacketizer" rtlName="p_Result_144_fu_1990_p5" latency="0" BRAM="-1" DSP="-1" FF="-1" LUT="-1" fileDirectory="/home/aswin/Desktop/Vivado_projects/13_LETS_INTEGRATE/C/looping/12_ORAN_1L_no_compression_cont_data/ORAN_INTEG_1/hls_src"><\/item>
<item  id="363" filename="CtrlPlaneDepacketizer/CtrlPlaneDepacketizer.cpp" linenumber="65" name="trunc_ln162" contextFuncName="cplane_depacketizer" moduleName="cplane_depacketizer" rtlName="trunc_ln162_fu_2008_p1" latency="0" BRAM="-1" DSP="-1" FF="-1" LUT="-1" fileDirectory="/home/aswin/Desktop/Vivado_projects/13_LETS_INTEGRATE/C/looping/12_ORAN_1L_no_compression_cont_data/ORAN_INTEG_1/hls_src"><\/item>
<item  id="364" filename="CtrlPlaneDepacketizer/CtrlPlaneDepacketizer.cpp" linenumber="65" name="tmp1" contextFuncName="cplane_depacketizer" moduleName="cplane_depacketizer" rtlName="tmp1_fu_2012_p9" latency="0" BRAM="-1" DSP="-1" FF="-1" LUT="-1" fileDirectory="/home/aswin/Desktop/Vivado_projects/13_LETS_INTEGRATE/C/looping/12_ORAN_1L_no_compression_cont_data/ORAN_INTEG_1/hls_src"><\/item>
<item  id="369" filename="CtrlPlaneDepacketizer/CtrlPlaneDepacketizer.cpp" linenumber="86" name="p_Result_93" contextFuncName="cplane_depacketizer" moduleName="cplane_depacketizer" rtlName="grp_fu_820_p4" latency="0" BRAM="-1" DSP="-1" FF="-1" LUT="-1" fileDirectory="/home/aswin/Desktop/Vivado_projects/13_LETS_INTEGRATE/C/looping/12_ORAN_1L_no_compression_cont_data/ORAN_INTEG_1/hls_src"><\/item>
<item  id="370" filename="CtrlPlaneDepacketizer/CtrlPlaneDepacketizer.cpp" linenumber="86" name="p_Result_s_23" contextFuncName="cplane_depacketizer" moduleName="cplane_depacketizer" rtlName="p_Result_s_23_fu_1283_p5" latency="0" BRAM="-1" DSP="-1" FF="-1" LUT="-1" fileDirectory="/home/aswin/Desktop/Vivado_projects/13_LETS_INTEGRATE/C/looping/12_ORAN_1L_no_compression_cont_data/ORAN_INTEG_1/hls_src"><\/item>
<item  id="380" filename="CtrlPlaneDepacketizer/CtrlPlaneDepacketizer.cpp" linenumber="40" name="trunc_ln" contextFuncName="cplane_depacketizer" moduleName="cplane_depacketizer" rtlName="trunc_ln_reg_2228" latency="0" BRAM="-1" DSP="-1" FF="-1" LUT="-1" fileDirectory="/home/aswin/Desktop/Vivado_projects/13_LETS_INTEGRATE/C/looping/12_ORAN_1L_no_compression_cont_data/ORAN_INTEG_1/hls_src"><\/item>
<item  id="382" filename="CtrlPlaneDepacketizer/CtrlPlaneDepacketizer.cpp" linenumber="41" name="p_Result_s" contextFuncName="cplane_depacketizer" moduleName="cplane_depacketizer" rtlName="p_Result_s_reg_2233" latency="0" BRAM="-1" DSP="-1" FF="-1" LUT="-1" fileDirectory="/home/aswin/Desktop/Vivado_projects/13_LETS_INTEGRATE/C/looping/12_ORAN_1L_no_compression_cont_data/ORAN_INTEG_1/hls_src"><\/item>
<item  id="397" filename="CtrlPlaneDepacketizer/CtrlPlaneDepacketizer.cpp" linenumber="379" name="add_ln700" contextFuncName="cplane_depacketizer" moduleName="cplane_depacketizer" rtlName="add_ln700_fu_1331_p2" latency="0" BRAM="-1" DSP="-1" FF="0" LUT="15" fileDirectory="/home/aswin/Desktop/Vivado_projects/13_LETS_INTEGRATE/C/looping/12_ORAN_1L_no_compression_cont_data/ORAN_INTEG_1/hls_src"><\/item>
<item  id="398" filename="CtrlPlaneDepacketizer/CtrlPlaneDepacketizer.cpp" linenumber="380" name="icmp_ln879" contextFuncName="cplane_depacketizer" moduleName="cplane_depacketizer" rtlName="icmp_ln879_fu_1338_p2" latency="0" BRAM="-1" DSP="-1" FF="0" LUT="11" fileDirectory="/home/aswin/Desktop/Vivado_projects/13_LETS_INTEGRATE/C/looping/12_ORAN_1L_no_compression_cont_data/ORAN_INTEG_1/hls_src"><\/item>
<item  id="405" filename="CtrlPlaneDepacketizer/CtrlPlaneDepacketizer.cpp" linenumber="383" name="add_ln700_1" contextFuncName="cplane_depacketizer" moduleName="cplane_depacketizer" rtlName="add_ln700_1_fu_1350_p2" latency="0" BRAM="-1" DSP="-1" FF="0" LUT="11" fileDirectory="/home/aswin/Desktop/Vivado_projects/13_LETS_INTEGRATE/C/looping/12_ORAN_1L_no_compression_cont_data/ORAN_INTEG_1/hls_src"><\/item>
<item  id="418" filename="CtrlPlaneDepacketizer/CtrlPlaneDepacketizer.cpp" linenumber="398" name="add_ln700_2" contextFuncName="cplane_depacketizer" moduleName="cplane_depacketizer" rtlName="add_ln700_2_fu_2047_p2" latency="0" BRAM="-1" DSP="-1" FF="0" LUT="11" fileDirectory="/home/aswin/Desktop/Vivado_projects/13_LETS_INTEGRATE/C/looping/12_ORAN_1L_no_compression_cont_data/ORAN_INTEG_1/hls_src"><\/item>
</annotationInfo>
