<profile>

<RTLDesignHierarchy>
<TopModule>
<ModuleName>L1_Data_Gen</ModuleName>
</TopModule>
</RTLDesignHierarchy>

<ModuleInformation>
<Module>
<Name>L1_Data_Gen</Name>
<PerformanceEstimates>
<SummaryOfTimingAnalysis>
<TargetClockPeriod>10.00</TargetClockPeriod>
<ClockUncertainty>1.25</ClockUncertainty>
<TargetInitiationInterval>1</TargetInitiationInterval>
<EstimatedClockPeriod>2.202</EstimatedClockPeriod>
</SummaryOfTimingAnalysis>
<SummaryOfOverallLatency>
<Best-caseLatency>2</Best-caseLatency>
<Average-caseLatency>2</Average-caseLatency>
<Worst-caseLatency>2</Worst-caseLatency>
<PipelineInitiationInterval>1</PipelineInitiationInterval>
<PipelineDepth>3</PipelineDepth>
<PipelineType>function</PipelineType>
</SummaryOfOverallLatency>
</PerformanceEstimates>
<AreaEstimates>
<Resources>
<BRAM_18K>0</BRAM_18K>
<FF>334</FF>
<LUT>1169</LUT>
<DSP48E>0</DSP48E>
<URAM>0</URAM>
</Resources>
</AreaEstimates>
<InterfaceSummary>
<RtlPorts>
<name>ap_clk</name>
<Object>L1_Data_Gen</Object>
<Type>return value</Type>
<Scope></Scope>
<IOProtocol>ap_ctrl_none</IOProtocol>
<IOConfig></IOConfig>
<Dir>in</Dir>
<Bits>1</Bits>
<Attribute>control</Attribute>
</RtlPorts>
<RtlPorts>
<name>ap_rst_n</name>
<Object>L1_Data_Gen</Object>
<Type>return value</Type>
<Scope></Scope>
<IOProtocol>ap_ctrl_none</IOProtocol>
<IOConfig></IOConfig>
<Dir>in</Dir>
<Bits>1</Bits>
<Attribute>control</Attribute>
</RtlPorts>
<RtlPorts>
<name>L1_data_out_V_TDATA</name>
<Object>L1_data_out_V</Object>
<Type>pointer</Type>
<Scope></Scope>
<IOProtocol>axis</IOProtocol>
<IOConfig>register, both mode</IOConfig>
<Dir>out</Dir>
<Bits>64</Bits>
<Attribute>data</Attribute>
<CType>int</CType>
</RtlPorts>
<RtlPorts>
<name>L1_data_out_V_TVALID</name>
<Object>L1_data_out_V</Object>
<Type>pointer</Type>
<Scope></Scope>
<IOProtocol>axis</IOProtocol>
<IOConfig>register, both mode</IOConfig>
<Dir>out</Dir>
<Bits>1</Bits>
<Attribute>control</Attribute>
<CType>int</CType>
</RtlPorts>
<RtlPorts>
<name>L1_data_out_V_TREADY</name>
<Object>L1_data_out_V</Object>
<Type>pointer</Type>
<Scope></Scope>
<IOProtocol>axis</IOProtocol>
<IOConfig>register, both mode</IOConfig>
<Dir>in</Dir>
<Bits>1</Bits>
<Attribute>control</Attribute>
<CType>int</CType>
</RtlPorts>
<RtlPorts>
<name>l1datagen_stateout_V</name>
<Object>l1datagen_stateout_V</Object>
<Type>pointer</Type>
<Scope></Scope>
<IOProtocol>ap_none</IOProtocol>
<IOConfig></IOConfig>
<Dir>out</Dir>
<Bits>8</Bits>
<Attribute>data</Attribute>
<CType>int</CType>
</RtlPorts>
<RtlPorts>
<name>CDATA_COUNTER_V</name>
<Object>CDATA_COUNTER_V</Object>
<Type>pointer</Type>
<Scope></Scope>
<IOProtocol>ap_none</IOProtocol>
<IOConfig></IOConfig>
<Dir>out</Dir>
<Bits>8</Bits>
<Attribute>data</Attribute>
<CType>int</CType>
</RtlPorts>
</InterfaceSummary>
</Module>
</ModuleInformation>

</profile>
