<profile>

<section name = "Vivado HLS Report for 'L1_Data_Gen'" level="0">
<item name = "Date">Wed Apr  7 10:55:16 2021
</item>
<item name = "Version">2019.1 (Build 2552052 on Fri May 24 15:28:33 MDT 2019)</item>
<item name = "Project">L1_Data_Gen</item>
<item name = "Solution">solution1</item>
<item name = "Product family">zynquplus</item>
<item name = "Target device">xczu9eg-ffvb1156-2-e</item>
</section>

<section name = "Performance Estimates" level="0">
<item name = "Timing (ns)">
<section name = "" level="1">
<item name = "Summary"><table name="" hasTotal="0">
<keys size="4">Clock, Target, Estimated, Uncertainty</keys>
<column name="ap_clk">10.00, 2.202, 1.25</column>
</table>
</item>
</section>
</item>
<item name = "Latency (clock cycles)">
<section name = "" level="1">
<item name = "Summary"><table name="" hasTotal="0">
<keys size="6">, min, max, min, max, Type</keys>
<column name="">2, 2, 1, 1, function</column>
</table>
</item>
<item name = "Detail">
<section name = "" level="1">
<item name = "Instance"><table name="" hasTotal="0">
<keys size="7">Instance, Module, min, max, min, max, Type</keys>
</table>
</item>
<item name = "Loop"><table name="" hasTotal="0">
<keys size="8">Loop Name, min, max, Latency, achieved, target, Count, Pipelined</keys>
</table>
</item>
</section>
</item>
</section>
</item>
</section>

<section name = "Utilization Estimates" level="0">
<item name = "Summary"><table name="" hasTotal="1">
<keys size="6">Name, BRAM_18K, DSP48E, FF, LUT, URAM</keys>
<column name="DSP">-, -, -, -, -</column>
<column name="Expression">-, -, 0, 475, -</column>
<column name="FIFO">-, -, -, -, -</column>
<column name="Instance">-, -, 0, 459, -</column>
<column name="Memory">0, -, 3, 1, -</column>
<column name="Multiplexer">-, -, -, 234, -</column>
<column name="Register">-, -, 331, -, -</column>
<specialColumn name="Available">1824, 2520, 548160, 274080, 0</specialColumn>
<specialColumn name="Utilization (%)">0, 0, ~0, ~0, 0</specialColumn>
</table>
</item>
<item name = "Detail">
<section name = "" level="1">
<item name = "Instance"><table name="" hasTotal="1">
<keys size="7">Instance, Module, BRAM_18K, DSP48E, FF, LUT, URAM</keys>
<column name="L1_Data_Gen_mux_325_12_1_1_U1">L1_Data_Gen_mux_325_12_1_1, 0, 0, 0, 153, 0</column>
<column name="L1_Data_Gen_mux_325_1_1_1_U2">L1_Data_Gen_mux_325_1_1_1, 0, 0, 0, 153, 0</column>
<column name="L1_Data_Gen_mux_325_5_1_1_U3">L1_Data_Gen_mux_325_5_1_1, 0, 0, 0, 153, 0</column>
</table>
</item>
<item name = "DSP48E"><table name="" hasTotal="0">
<keys size="3">Instance, Module, Expression</keys>
</table>
</item>
<item name = "Memory"><table name="" hasTotal="1">
<keys size="10">Memory, Module, BRAM_18K, FF, LUT, URAM, Words, Bits, Banks, W*Bits*Banks</keys>
<column name="numBeam_U">L1_Data_Gen_numBeam, 0, 3, 1, 0, 10, 3, 1, 30</column>
</table>
</item>
<item name = "FIFO"><table name="" hasTotal="1">
<keys size="8">Name, BRAM_18K, FF, LUT, URAM, Depth, Bits, Size:D*B</keys>
</table>
</item>
<item name = "Expression"><table name="" hasTotal="1">
<keys size="7">Variable Name, Operation, DSP48E, FF, LUT, Bitwidth P0, Bitwidth P1</keys>
<column name="CDATA_COUNTER_V">+, 0, 0, 15, 8, 1</column>
<column name="add_ln700_3_fu_555_p2">+, 0, 0, 12, 4, 1</column>
<column name="add_ln700_4_fu_751_p2">+, 0, 0, 12, 4, 1</column>
<column name="grp_fu_444_p2">+, 0, 0, 15, 5, 1</column>
<column name="ret_V_fu_507_p2">-, 0, 0, 15, 5, 5</column>
<column name="L1_data_out_V_1_load_A">and, 0, 0, 2, 1, 1</column>
<column name="L1_data_out_V_1_load_B">and, 0, 0, 2, 1, 1</column>
<column name="ap_block_pp0_stage0_01001">and, 0, 0, 2, 1, 1</column>
<column name="ap_condition_231">and, 0, 0, 2, 1, 1</column>
<column name="ap_condition_256">and, 0, 0, 2, 1, 1</column>
<column name="ap_condition_285">and, 0, 0, 2, 1, 1</column>
<column name="ap_condition_286">and, 0, 0, 2, 1, 1</column>
<column name="ap_condition_292">and, 0, 0, 2, 1, 1</column>
<column name="ap_condition_311">and, 0, 0, 2, 1, 1</column>
<column name="ap_condition_329">and, 0, 0, 2, 1, 1</column>
<column name="L1_data_out_V_1_state_cmp_full">icmp, 0, 0, 8, 2, 1</column>
<column name="icmp_ln31_1_fu_780_p2">icmp, 0, 0, 9, 4, 1</column>
<column name="icmp_ln31_2_fu_786_p2">icmp, 0, 0, 9, 4, 2</column>
<column name="icmp_ln31_3_fu_792_p2">icmp, 0, 0, 9, 4, 2</column>
<column name="icmp_ln31_4_fu_798_p2">icmp, 0, 0, 9, 4, 3</column>
<column name="icmp_ln31_5_fu_804_p2">icmp, 0, 0, 9, 4, 3</column>
<column name="icmp_ln31_6_fu_810_p2">icmp, 0, 0, 9, 4, 3</column>
<column name="icmp_ln31_7_fu_816_p2">icmp, 0, 0, 9, 4, 3</column>
<column name="icmp_ln31_8_fu_822_p2">icmp, 0, 0, 11, 4, 5</column>
<column name="icmp_ln31_fu_774_p2">icmp, 0, 0, 9, 4, 1</column>
<column name="icmp_ln879_fu_549_p2">icmp, 0, 0, 9, 4, 4</column>
<column name="icmp_ln895_fu_523_p2">icmp, 0, 0, 9, 4, 1</column>
<column name="ap_block_pp0_stage0_11001">or, 0, 0, 2, 1, 1</column>
<column name="ap_block_state2_io">or, 0, 0, 2, 1, 1</column>
<column name="ap_block_state3_io">or, 0, 0, 2, 1, 1</column>
<column name="ap_block_state3_pp0_stage0_iter2">or, 0, 0, 2, 1, 1</column>
<column name="or_ln215_1_fu_850_p2">or, 0, 0, 2, 1, 1</column>
<column name="or_ln215_2_fu_864_p2">or, 0, 0, 2, 1, 1</column>
<column name="or_ln215_3_fu_878_p2">or, 0, 0, 2, 1, 1</column>
<column name="or_ln215_4_fu_900_p2">or, 0, 0, 2, 1, 1</column>
<column name="or_ln215_5_fu_914_p2">or, 0, 0, 2, 1, 1</column>
<column name="or_ln215_6_fu_928_p2">or, 0, 0, 2, 1, 1</column>
<column name="or_ln215_fu_836_p2">or, 0, 0, 2, 1, 1</column>
<column name="select_ln215_10_fu_954_p3">select, 0, 0, 9, 1, 8</column>
<column name="select_ln215_11_fu_962_p3">select, 0, 0, 6, 1, 6</column>
<column name="select_ln215_12_fu_970_p3">select, 0, 0, 5, 1, 5</column>
<column name="select_ln215_13_fu_978_p3">select, 0, 0, 8, 1, 1</column>
<column name="select_ln215_14_fu_986_p3">select, 0, 0, 8, 1, 8</column>
<column name="select_ln215_15_fu_994_p3">select, 0, 0, 6, 1, 6</column>
<column name="select_ln215_16_fu_1006_p3">select, 0, 0, 8, 1, 8</column>
<column name="select_ln215_17_fu_1014_p3">select, 0, 0, 8, 1, 8</column>
<column name="select_ln215_18_fu_1022_p3">select, 0, 0, 5, 1, 5</column>
<column name="select_ln215_19_fu_1030_p3">select, 0, 0, 7, 1, 7</column>
<column name="select_ln215_1_fu_842_p3">select, 0, 0, 9, 1, 9</column>
<column name="select_ln215_20_fu_1038_p3">select, 0, 0, 4, 1, 4</column>
<column name="select_ln215_21_fu_1046_p3">select, 0, 0, 7, 1, 4</column>
<column name="select_ln215_22_fu_1054_p3">select, 0, 0, 5, 1, 5</column>
<column name="select_ln215_23_fu_1066_p3">select, 0, 0, 7, 1, 7</column>
<column name="select_ln215_24_fu_1074_p3">select, 0, 0, 7, 1, 7</column>
<column name="select_ln215_25_fu_1082_p3">select, 0, 0, 7, 1, 7</column>
<column name="select_ln215_2_fu_856_p3">select, 0, 0, 9, 1, 9</column>
<column name="select_ln215_3_fu_870_p3">select, 0, 0, 9, 1, 9</column>
<column name="select_ln215_4_fu_884_p3">select, 0, 0, 9, 1, 9</column>
<column name="select_ln215_5_fu_892_p3">select, 0, 0, 9, 1, 9</column>
<column name="select_ln215_6_fu_906_p3">select, 0, 0, 9, 1, 9</column>
<column name="select_ln215_7_fu_920_p3">select, 0, 0, 9, 1, 9</column>
<column name="select_ln215_8_fu_934_p3">select, 0, 0, 9, 1, 9</column>
<column name="select_ln215_9_fu_946_p3">select, 0, 0, 8, 1, 8</column>
<column name="select_ln215_fu_828_p3">select, 0, 0, 9, 1, 9</column>
<column name="select_ln54_1_fu_1122_p3">select, 0, 0, 3, 1, 3</column>
<column name="select_ln54_fu_1187_p3">select, 0, 0, 52, 1, 53</column>
<column name="ap_enable_pp0">xor, 0, 0, 2, 1, 2</column>
<column name="xor_ln54_fu_1116_p2">xor, 0, 0, 2, 1, 2</column>
</table>
</item>
<item name = "Multiplexer"><table name="" hasTotal="1">
<keys size="5">Name, LUT, Input Size, Bits, Total Bits</keys>
<column name="L1_data_out_V_1_data_in">27, 5, 64, 320</column>
<column name="L1_data_out_V_1_data_out">9, 2, 64, 128</column>
<column name="L1_data_out_V_1_state">15, 3, 2, 6</column>
<column name="L1_data_out_V_TDATA_blk_n">9, 2, 1, 2</column>
<column name="ap_phi_mux_p_02605_0_2_phi_fu_295_p4">15, 3, 54, 162</column>
<column name="ap_phi_mux_storemerge2892_phi_fu_305_p6">21, 4, 2, 8</column>
<column name="ap_phi_mux_storemerge2893_phi_fu_319_p4">15, 3, 2, 6</column>
<column name="ap_phi_reg_pp0_iter1_tmp_payload_V_1_reg_327">15, 3, 52, 156</column>
<column name="ap_phi_reg_pp0_iter1_tmp_payload_V_2_reg_340">15, 3, 54, 162</column>
<column name="ap_phi_reg_pp0_iter1_tmp_payload_V_reg_352">15, 3, 54, 162</column>
<column name="ap_sig_allocacmp_numExt_V_load">9, 2, 3, 6</column>
<column name="data_src_state">27, 5, 2, 10</column>
<column name="ext_ind_V">9, 2, 5, 10</column>
<column name="section_count_V">9, 2, 4, 8</column>
<column name="seq_count_V">15, 3, 1, 3</column>
<column name="temp_ind_V">9, 2, 4, 8</column>
</table>
</item>
<item name = "Register"><table name="" hasTotal="1">
<keys size="5">Name, FF, LUT, Bits, Const Bits</keys>
<column name="L1_data_out_V_1_payload_A">64, 0, 64, 0</column>
<column name="L1_data_out_V_1_payload_B">64, 0, 64, 0</column>
<column name="L1_data_out_V_1_sel_rd">1, 0, 1, 0</column>
<column name="L1_data_out_V_1_sel_wr">1, 0, 1, 0</column>
<column name="L1_data_out_V_1_state">2, 0, 2, 0</column>
<column name="ap_CS_fsm">1, 0, 1, 0</column>
<column name="ap_enable_reg_pp0_iter1">1, 0, 1, 0</column>
<column name="ap_enable_reg_pp0_iter2">1, 0, 1, 0</column>
<column name="ap_phi_reg_pp0_iter1_tmp_payload_V_1_reg_327">52, 0, 52, 0</column>
<column name="ap_phi_reg_pp0_iter1_tmp_payload_V_2_reg_340">54, 0, 54, 0</column>
<column name="ap_phi_reg_pp0_iter1_tmp_payload_V_reg_352">54, 0, 54, 0</column>
<column name="cplane_data_counter_s">8, 0, 8, 0</column>
<column name="data_src_state">2, 0, 2, 0</column>
<column name="data_src_state_load_reg_1224">2, 0, 2, 0</column>
<column name="data_src_state_load_reg_1224_pp0_iter1_reg">2, 0, 2, 0</column>
<column name="ext_ind_V">5, 0, 5, 0</column>
<column name="icmp_ln879_reg_1244">1, 0, 1, 0</column>
<column name="icmp_ln879_reg_1244_pp0_iter1_reg">1, 0, 1, 0</column>
<column name="icmp_ln895_reg_1234">1, 0, 1, 0</column>
<column name="icmp_ln895_reg_1234_pp0_iter1_reg">1, 0, 1, 0</column>
<column name="numExt_V">3, 0, 4, 1</column>
<column name="section_count_V">4, 0, 4, 0</column>
<column name="seq_count_V">1, 0, 1, 0</column>
<column name="seq_count_V_load_reg_1229">1, 0, 1, 0</column>
<column name="temp_ind_V">4, 0, 4, 0</column>
</table>
</item>
</section>
</item>
</section>

<section name = "Interface" level="0">
<item name = "Summary"><table name="" hasTotal="0">
<keys size="6">RTL Ports, Dir, Bits, Protocol, Source Object, C Type</keys>
<column name="ap_clk">in, 1, ap_ctrl_none, L1_Data_Gen, return value</column>
<column name="ap_rst_n">in, 1, ap_ctrl_none, L1_Data_Gen, return value</column>
<column name="L1_data_out_V_TDATA">out, 64, axis, L1_data_out_V, pointer</column>
<column name="L1_data_out_V_TVALID">out, 1, axis, L1_data_out_V, pointer</column>
<column name="L1_data_out_V_TREADY">in, 1, axis, L1_data_out_V, pointer</column>
<column name="l1datagen_stateout_V">out, 8, ap_none, l1datagen_stateout_V, pointer</column>
<column name="CDATA_COUNTER_V">out, 8, ap_none, CDATA_COUNTER_V, pointer</column>
</table>
</item>
</section>
</profile>
