<annotationInfo>
<item  id="24" filename="L1_Data_Gen/L1_Data_Gen.cpp" linenumber="49" name="zext_ln301" contextFuncName="L1_Data_Gen" moduleName="L1_Data_Gen" rtlName="l1datagen_stateout_V" latency="0" BRAM="-1" DSP="-1" FF="-1" LUT="-1" fileDirectory="/home/ssaraswathy/Documents/ORAN_Uplane/Uplane_without_Compression/Simulation_design/Looping_design/ORAN_INTEG_1/sim_src"><\/item>
<item  id="43" filename="L1_Data_Gen/L1_Data_Gen.cpp" linenumber="185" name="zext_ln162" contextFuncName="L1_Data_Gen" moduleName="L1_Data_Gen" rtlName="zext_ln162_fu_1142_p1" latency="0" BRAM="-1" DSP="-1" FF="-1" LUT="-1" fileDirectory="/home/ssaraswathy/Documents/ORAN_Uplane/Uplane_without_Compression/Simulation_design/Looping_design/ORAN_INTEG_1/sim_src"><\/item>
<item  id="44" filename="L1_Data_Gen/L1_Data_Gen.cpp" linenumber="185" name="tmp_3" contextFuncName="L1_Data_Gen" moduleName="L1_Data_Gen" rtlName="tmp_3_fu_1146_p3" latency="0" BRAM="-1" DSP="-1" FF="-1" LUT="-1" fileDirectory="/home/ssaraswathy/Documents/ORAN_Uplane/Uplane_without_Compression/Simulation_design/Looping_design/ORAN_INTEG_1/sim_src"><\/item>
<item  id="49" filename="L1_Data_Gen/L1_Data_Gen.cpp" linenumber="114" name="lhs_V" contextFuncName="L1_Data_Gen" moduleName="L1_Data_Gen" rtlName="lhs_V_fu_495_p1" latency="0" BRAM="-1" DSP="-1" FF="-1" LUT="-1" fileDirectory="/home/ssaraswathy/Documents/ORAN_Uplane/Uplane_without_Compression/Simulation_design/Looping_design/ORAN_INTEG_1/sim_src"><\/item>
<item  id="51" filename="L1_Data_Gen/L1_Data_Gen.cpp" linenumber="114" name="rhs_V" contextFuncName="L1_Data_Gen" moduleName="L1_Data_Gen" rtlName="rhs_V_fu_503_p1" latency="0" BRAM="-1" DSP="-1" FF="-1" LUT="-1" fileDirectory="/home/ssaraswathy/Documents/ORAN_Uplane/Uplane_without_Compression/Simulation_design/Looping_design/ORAN_INTEG_1/sim_src"><\/item>
<item  id="52" filename="L1_Data_Gen/L1_Data_Gen.cpp" linenumber="114" name="ret_V" contextFuncName="L1_Data_Gen" moduleName="L1_Data_Gen" rtlName="ret_V_fu_507_p2" latency="0" BRAM="-1" DSP="-1" FF="0" LUT="15" fileDirectory="/home/ssaraswathy/Documents/ORAN_Uplane/Uplane_without_Compression/Simulation_design/Looping_design/ORAN_INTEG_1/sim_src"><\/item>
<item  id="53" filename="L1_Data_Gen/L1_Data_Gen.cpp" linenumber="114" name="tmp_1" contextFuncName="L1_Data_Gen" moduleName="L1_Data_Gen" rtlName="tmp_1_fu_513_p4" latency="0" BRAM="-1" DSP="-1" FF="-1" LUT="-1" fileDirectory="/home/ssaraswathy/Documents/ORAN_Uplane/Uplane_without_Compression/Simulation_design/Looping_design/ORAN_INTEG_1/sim_src"><\/item>
<item  id="54" filename="L1_Data_Gen/L1_Data_Gen.cpp" linenumber="114" name="icmp_ln895" contextFuncName="L1_Data_Gen" moduleName="L1_Data_Gen" rtlName="icmp_ln895_fu_523_p2" latency="0" BRAM="-1" DSP="-1" FF="0" LUT="9" fileDirectory="/home/ssaraswathy/Documents/ORAN_Uplane/Uplane_without_Compression/Simulation_design/Looping_design/ORAN_INTEG_1/sim_src"><\/item>
<item  id="58" filename="L1_Data_Gen/L1_Data_Gen.cpp" linenumber="112" name="UnifiedRetVal_i" contextFuncName="L1_Data_Gen" moduleName="L1_Data_Gen" rtlName="L1_Data_Gen_mux_325_12_1_1_U1" latency="0" BRAM="-1" DSP="-1" FF="-1" LUT="-1" fileDirectory="/home/ssaraswathy/Documents/ORAN_Uplane/Uplane_without_Compression/Simulation_design/Looping_design/ORAN_INTEG_1/sim_src"><\/item>
<item  id="59" filename="L1_Data_Gen/L1_Data_Gen.cpp" linenumber="140" name="zext_ln738" contextFuncName="L1_Data_Gen" moduleName="L1_Data_Gen" rtlName="zext_ln738_fu_529_p1" latency="0" BRAM="-1" DSP="-1" FF="-1" LUT="-1" fileDirectory="/home/ssaraswathy/Documents/ORAN_Uplane/Uplane_without_Compression/Simulation_design/Looping_design/ORAN_INTEG_1/sim_src"><\/item>
<item  id="60" filename="L1_Data_Gen/L1_Data_Gen.cpp" linenumber="140" name="add_ln700" contextFuncName="L1_Data_Gen" moduleName="L1_Data_Gen" rtlName="grp_fu_444_p2" latency="0" BRAM="-1" DSP="-1" FF="0" LUT="15" fileDirectory="/home/ssaraswathy/Documents/ORAN_Uplane/Uplane_without_Compression/Simulation_design/Looping_design/ORAN_INTEG_1/sim_src"><\/item>
<item  id="63" filename="L1_Data_Gen/L1_Data_Gen.cpp" linenumber="142" name="p_Result_3" contextFuncName="L1_Data_Gen" moduleName="L1_Data_Gen" rtlName="p_Result_3_fu_539_p4" latency="0" BRAM="-1" DSP="-1" FF="-1" LUT="-1" fileDirectory="/home/ssaraswathy/Documents/ORAN_Uplane/Uplane_without_Compression/Simulation_design/Looping_design/ORAN_INTEG_1/sim_src"><\/item>
<item  id="64" filename="L1_Data_Gen/L1_Data_Gen.cpp" linenumber="144" name="icmp_ln879" contextFuncName="L1_Data_Gen" moduleName="L1_Data_Gen" rtlName="icmp_ln879_fu_549_p2" latency="0" BRAM="-1" DSP="-1" FF="0" LUT="9" fileDirectory="/home/ssaraswathy/Documents/ORAN_Uplane/Uplane_without_Compression/Simulation_design/Looping_design/ORAN_INTEG_1/sim_src"><\/item>
<item  id="67" filename="L1_Data_Gen/L1_Data_Gen.cpp" linenumber="151" name="add_ln700_3" contextFuncName="L1_Data_Gen" moduleName="L1_Data_Gen" rtlName="add_ln700_3_fu_555_p2" latency="0" BRAM="-1" DSP="-1" FF="0" LUT="12" fileDirectory="/home/ssaraswathy/Documents/ORAN_Uplane/Uplane_without_Compression/Simulation_design/Looping_design/ORAN_INTEG_1/sim_src"><\/item>
<item  id="73" filename="L1_Data_Gen/L1_Data_Gen.cpp" linenumber="147" name="add_ln700_2" contextFuncName="L1_Data_Gen" moduleName="L1_Data_Gen" rtlName="add_ln700_2_fu_1211_p2" latency="0" BRAM="-1" DSP="-1" FF="-1" LUT="-1" fileDirectory="/home/ssaraswathy/Documents/ORAN_Uplane/Uplane_without_Compression/Simulation_design/Looping_design/ORAN_INTEG_1/sim_src"><\/item>
<item  id="78" filename="L1_Data_Gen/L1_Data_Gen.cpp" linenumber="115" name="trunc_ln681" contextFuncName="L1_Data_Gen" moduleName="L1_Data_Gen" rtlName="trunc_ln681_fu_573_p1" latency="0" BRAM="-1" DSP="-1" FF="-1" LUT="-1" fileDirectory="/home/ssaraswathy/Documents/ORAN_Uplane/Uplane_without_Compression/Simulation_design/Looping_design/ORAN_INTEG_1/sim_src"><\/item>
<item  id="82" filename="L1_Data_Gen/L1_Data_Gen.cpp" linenumber="125" name="UnifiedRetVal_i2" contextFuncName="L1_Data_Gen" moduleName="L1_Data_Gen" rtlName="L1_Data_Gen_mux_325_1_1_1_U2" latency="0" BRAM="-1" DSP="-1" FF="-1" LUT="-1" fileDirectory="/home/ssaraswathy/Documents/ORAN_Uplane/Uplane_without_Compression/Simulation_design/Looping_design/ORAN_INTEG_1/sim_src"><\/item>
<item  id="83" filename="L1_Data_Gen/L1_Data_Gen.cpp" linenumber="112" name="UnifiedRetVal_i3" contextFuncName="L1_Data_Gen" moduleName="L1_Data_Gen" rtlName="L1_Data_Gen_mux_325_5_1_1_U3" latency="0" BRAM="-1" DSP="-1" FF="-1" LUT="-1" fileDirectory="/home/ssaraswathy/Documents/ORAN_Uplane/Uplane_without_Compression/Simulation_design/Looping_design/ORAN_INTEG_1/sim_src"><\/item>
<item  id="84" filename="L1_Data_Gen/L1_Data_Gen.cpp" linenumber="112" name="UnifiedRetVal_i323_c" contextFuncName="L1_Data_Gen" moduleName="L1_Data_Gen" rtlName="UnifiedRetVal_i323_c_fu_717_p1" latency="0" BRAM="-1" DSP="-1" FF="-1" LUT="-1" fileDirectory="/home/ssaraswathy/Documents/ORAN_Uplane/Uplane_without_Compression/Simulation_design/Looping_design/ORAN_INTEG_1/sim_src"><\/item>
<item  id="85" filename="L1_Data_Gen/L1_Data_Gen.cpp" linenumber="131" name="p_Result_2" contextFuncName="L1_Data_Gen" moduleName="L1_Data_Gen" rtlName="p_Result_2_fu_721_p6" latency="0" BRAM="-1" DSP="-1" FF="-1" LUT="-1" fileDirectory="/home/ssaraswathy/Documents/ORAN_Uplane/Uplane_without_Compression/Simulation_design/Looping_design/ORAN_INTEG_1/sim_src"><\/item>
<item  id="89" filename="L1_Data_Gen/L1_Data_Gen.cpp" linenumber="112" name="UnifiedRetVal_i1" contextFuncName="L1_Data_Gen" moduleName="L1_Data_Gen" rtlName="L1_Data_Gen_mux_325_12_1_1_U1" latency="0" BRAM="-1" DSP="-1" FF="-1" LUT="-1" fileDirectory="/home/ssaraswathy/Documents/ORAN_Uplane/Uplane_without_Compression/Simulation_design/Looping_design/ORAN_INTEG_1/sim_src"><\/item>
<item  id="90" filename="L1_Data_Gen/L1_Data_Gen.cpp" linenumber="120" name="zext_ln391" contextFuncName="L1_Data_Gen" moduleName="L1_Data_Gen" rtlName="zext_ln391_fu_736_p1" latency="0" BRAM="-1" DSP="-1" FF="-1" LUT="-1" fileDirectory="/home/ssaraswathy/Documents/ORAN_Uplane/Uplane_without_Compression/Simulation_design/Looping_design/ORAN_INTEG_1/sim_src"><\/item>
<item  id="91" filename="L1_Data_Gen/L1_Data_Gen.cpp" linenumber="120" name="p_Result_1" contextFuncName="L1_Data_Gen" moduleName="L1_Data_Gen" rtlName="p_Result_1_fu_740_p4" latency="0" BRAM="-1" DSP="-1" FF="-1" LUT="-1" fileDirectory="/home/ssaraswathy/Documents/ORAN_Uplane/Uplane_without_Compression/Simulation_design/Looping_design/ORAN_INTEG_1/sim_src"><\/item>
<item  id="92" filename="L1_Data_Gen/L1_Data_Gen.cpp" linenumber="121" name="add_ln700_1" contextFuncName="L1_Data_Gen" moduleName="L1_Data_Gen" rtlName="grp_fu_444_p2" latency="0" BRAM="-1" DSP="-1" FF="0" LUT="15" fileDirectory="/home/ssaraswathy/Documents/ORAN_Uplane/Uplane_without_Compression/Simulation_design/Looping_design/ORAN_INTEG_1/sim_src"><\/item>
<item  id="97" filename="L1_Data_Gen/L1_Data_Gen.cpp" linenumber="133" name="add_ln700_4" contextFuncName="L1_Data_Gen" moduleName="L1_Data_Gen" rtlName="add_ln700_4_fu_751_p2" latency="0" BRAM="-1" DSP="-1" FF="0" LUT="12" fileDirectory="/home/ssaraswathy/Documents/ORAN_Uplane/Uplane_without_Compression/Simulation_design/Looping_design/ORAN_INTEG_1/sim_src"><\/item>
<item  id="104" filename="L1_Data_Gen/L1_Data_Gen.cpp" linenumber="156" name="tmp_2" contextFuncName="L1_Data_Gen" moduleName="L1_Data_Gen" rtlName="tmp_2_fu_1155_p3" latency="0" BRAM="-1" DSP="-1" FF="-1" LUT="-1" fileDirectory="/home/ssaraswathy/Documents/ORAN_Uplane/Uplane_without_Compression/Simulation_design/Looping_design/ORAN_INTEG_1/sim_src"><\/item>
<item  id="108" filename="L1_Data_Gen/L1_Data_Gen.cpp" linenumber="82" name="zext_ln544" contextFuncName="L1_Data_Gen" moduleName="L1_Data_Gen" rtlName="zext_ln544_fu_769_p1" latency="0" BRAM="-1" DSP="-1" FF="-1" LUT="-1" fileDirectory="/home/ssaraswathy/Documents/ORAN_Uplane/Uplane_without_Compression/Simulation_design/Looping_design/ORAN_INTEG_1/sim_src"><\/item>
<item  id="111" filename="L1_Data_Gen/L1_Data_Gen.cpp" linenumber="82" name="shl_ln" contextFuncName="L1_Data_Gen" moduleName="L1_Data_Gen" rtlName="shl_ln_fu_1164_p3" latency="0" BRAM="-1" DSP="-1" FF="-1" LUT="-1" fileDirectory="/home/ssaraswathy/Documents/ORAN_Uplane/Uplane_without_Compression/Simulation_design/Looping_design/ORAN_INTEG_1/sim_src"><\/item>
<item  id="116" filename="aesl_mux_load.10[10 x i16]P.i4.i64" linenumber="31" name="icmp_ln31" contextFuncName="aesl_mux_load.10[10 x i16]P.i4.i64" moduleName="L1_Data_Gen" rtlName="icmp_ln31_fu_774_p2" latency="0" BRAM="-1" DSP="-1" FF="0" LUT="9" fileDirectory="/"><\/item>
<item  id="117" filename="aesl_mux_load.10[10 x i16]P.i4.i64" linenumber="31" name="icmp_ln31_1" contextFuncName="aesl_mux_load.10[10 x i16]P.i4.i64" moduleName="L1_Data_Gen" rtlName="icmp_ln31_1_fu_780_p2" latency="0" BRAM="-1" DSP="-1" FF="0" LUT="9" fileDirectory="/"><\/item>
<item  id="118" filename="aesl_mux_load.10[10 x i16]P.i4.i64" linenumber="31" name="icmp_ln31_2" contextFuncName="aesl_mux_load.10[10 x i16]P.i4.i64" moduleName="L1_Data_Gen" rtlName="icmp_ln31_2_fu_786_p2" latency="0" BRAM="-1" DSP="-1" FF="0" LUT="9" fileDirectory="/"><\/item>
<item  id="119" filename="aesl_mux_load.10[10 x i16]P.i4.i64" linenumber="31" name="icmp_ln31_3" contextFuncName="aesl_mux_load.10[10 x i16]P.i4.i64" moduleName="L1_Data_Gen" rtlName="icmp_ln31_3_fu_792_p2" latency="0" BRAM="-1" DSP="-1" FF="0" LUT="9" fileDirectory="/"><\/item>
<item  id="120" filename="aesl_mux_load.10[10 x i16]P.i4.i64" linenumber="31" name="icmp_ln31_4" contextFuncName="aesl_mux_load.10[10 x i16]P.i4.i64" moduleName="L1_Data_Gen" rtlName="icmp_ln31_4_fu_798_p2" latency="0" BRAM="-1" DSP="-1" FF="0" LUT="9" fileDirectory="/"><\/item>
<item  id="121" filename="aesl_mux_load.10[10 x i16]P.i4.i64" linenumber="31" name="icmp_ln31_5" contextFuncName="aesl_mux_load.10[10 x i16]P.i4.i64" moduleName="L1_Data_Gen" rtlName="icmp_ln31_5_fu_804_p2" latency="0" BRAM="-1" DSP="-1" FF="0" LUT="9" fileDirectory="/"><\/item>
<item  id="122" filename="aesl_mux_load.10[10 x i16]P.i4.i64" linenumber="31" name="icmp_ln31_6" contextFuncName="aesl_mux_load.10[10 x i16]P.i4.i64" moduleName="L1_Data_Gen" rtlName="icmp_ln31_6_fu_810_p2" latency="0" BRAM="-1" DSP="-1" FF="0" LUT="9" fileDirectory="/"><\/item>
<item  id="123" filename="aesl_mux_load.10[10 x i16]P.i4.i64" linenumber="31" name="icmp_ln31_7" contextFuncName="aesl_mux_load.10[10 x i16]P.i4.i64" moduleName="L1_Data_Gen" rtlName="icmp_ln31_7_fu_816_p2" latency="0" BRAM="-1" DSP="-1" FF="0" LUT="9" fileDirectory="/"><\/item>
<item  id="124" filename="aesl_mux_load.10[10 x i16]P.i4.i64" linenumber="31" name="icmp_ln31_8" contextFuncName="aesl_mux_load.10[10 x i16]P.i4.i64" moduleName="L1_Data_Gen" rtlName="icmp_ln31_8_fu_822_p2" latency="0" BRAM="-1" DSP="-1" FF="0" LUT="11" fileDirectory="/"><\/item>
<item  id="125" filename="L1_Data_Gen/L1_Data_Gen.cpp" linenumber="96" name="select_ln215" contextFuncName="L1_Data_Gen" moduleName="L1_Data_Gen" rtlName="select_ln215_fu_828_p3" latency="0" BRAM="-1" DSP="-1" FF="0" LUT="9" fileDirectory="/home/ssaraswathy/Documents/ORAN_Uplane/Uplane_without_Compression/Simulation_design/Looping_design/ORAN_INTEG_1/sim_src"><\/item>
<item  id="126" filename="L1_Data_Gen/L1_Data_Gen.cpp" linenumber="96" name="or_ln215" contextFuncName="L1_Data_Gen" moduleName="L1_Data_Gen" rtlName="or_ln215_fu_836_p2" latency="0" BRAM="-1" DSP="-1" FF="0" LUT="2" fileDirectory="/home/ssaraswathy/Documents/ORAN_Uplane/Uplane_without_Compression/Simulation_design/Looping_design/ORAN_INTEG_1/sim_src"><\/item>
<item  id="127" filename="L1_Data_Gen/L1_Data_Gen.cpp" linenumber="96" name="select_ln215_1" contextFuncName="L1_Data_Gen" moduleName="L1_Data_Gen" rtlName="select_ln215_1_fu_842_p3" latency="0" BRAM="-1" DSP="-1" FF="0" LUT="9" fileDirectory="/home/ssaraswathy/Documents/ORAN_Uplane/Uplane_without_Compression/Simulation_design/Looping_design/ORAN_INTEG_1/sim_src"><\/item>
<item  id="128" filename="L1_Data_Gen/L1_Data_Gen.cpp" linenumber="96" name="or_ln215_1" contextFuncName="L1_Data_Gen" moduleName="L1_Data_Gen" rtlName="or_ln215_1_fu_850_p2" latency="0" BRAM="-1" DSP="-1" FF="0" LUT="2" fileDirectory="/home/ssaraswathy/Documents/ORAN_Uplane/Uplane_without_Compression/Simulation_design/Looping_design/ORAN_INTEG_1/sim_src"><\/item>
<item  id="129" filename="L1_Data_Gen/L1_Data_Gen.cpp" linenumber="96" name="select_ln215_2" contextFuncName="L1_Data_Gen" moduleName="L1_Data_Gen" rtlName="select_ln215_2_fu_856_p3" latency="0" BRAM="-1" DSP="-1" FF="0" LUT="9" fileDirectory="/home/ssaraswathy/Documents/ORAN_Uplane/Uplane_without_Compression/Simulation_design/Looping_design/ORAN_INTEG_1/sim_src"><\/item>
<item  id="130" filename="L1_Data_Gen/L1_Data_Gen.cpp" linenumber="96" name="or_ln215_2" contextFuncName="L1_Data_Gen" moduleName="L1_Data_Gen" rtlName="or_ln215_2_fu_864_p2" latency="0" BRAM="-1" DSP="-1" FF="0" LUT="2" fileDirectory="/home/ssaraswathy/Documents/ORAN_Uplane/Uplane_without_Compression/Simulation_design/Looping_design/ORAN_INTEG_1/sim_src"><\/item>
<item  id="131" filename="L1_Data_Gen/L1_Data_Gen.cpp" linenumber="96" name="select_ln215_3" contextFuncName="L1_Data_Gen" moduleName="L1_Data_Gen" rtlName="select_ln215_3_fu_870_p3" latency="0" BRAM="-1" DSP="-1" FF="0" LUT="9" fileDirectory="/home/ssaraswathy/Documents/ORAN_Uplane/Uplane_without_Compression/Simulation_design/Looping_design/ORAN_INTEG_1/sim_src"><\/item>
<item  id="132" filename="L1_Data_Gen/L1_Data_Gen.cpp" linenumber="96" name="or_ln215_3" contextFuncName="L1_Data_Gen" moduleName="L1_Data_Gen" rtlName="or_ln215_3_fu_878_p2" latency="0" BRAM="-1" DSP="-1" FF="0" LUT="2" fileDirectory="/home/ssaraswathy/Documents/ORAN_Uplane/Uplane_without_Compression/Simulation_design/Looping_design/ORAN_INTEG_1/sim_src"><\/item>
<item  id="133" filename="L1_Data_Gen/L1_Data_Gen.cpp" linenumber="96" name="select_ln215_4" contextFuncName="L1_Data_Gen" moduleName="L1_Data_Gen" rtlName="select_ln215_4_fu_884_p3" latency="0" BRAM="-1" DSP="-1" FF="0" LUT="9" fileDirectory="/home/ssaraswathy/Documents/ORAN_Uplane/Uplane_without_Compression/Simulation_design/Looping_design/ORAN_INTEG_1/sim_src"><\/item>
<item  id="134" filename="L1_Data_Gen/L1_Data_Gen.cpp" linenumber="96" name="select_ln215_5" contextFuncName="L1_Data_Gen" moduleName="L1_Data_Gen" rtlName="select_ln215_5_fu_892_p3" latency="0" BRAM="-1" DSP="-1" FF="0" LUT="9" fileDirectory="/home/ssaraswathy/Documents/ORAN_Uplane/Uplane_without_Compression/Simulation_design/Looping_design/ORAN_INTEG_1/sim_src"><\/item>
<item  id="135" filename="L1_Data_Gen/L1_Data_Gen.cpp" linenumber="96" name="or_ln215_4" contextFuncName="L1_Data_Gen" moduleName="L1_Data_Gen" rtlName="or_ln215_4_fu_900_p2" latency="0" BRAM="-1" DSP="-1" FF="0" LUT="2" fileDirectory="/home/ssaraswathy/Documents/ORAN_Uplane/Uplane_without_Compression/Simulation_design/Looping_design/ORAN_INTEG_1/sim_src"><\/item>
<item  id="136" filename="L1_Data_Gen/L1_Data_Gen.cpp" linenumber="96" name="select_ln215_6" contextFuncName="L1_Data_Gen" moduleName="L1_Data_Gen" rtlName="select_ln215_6_fu_906_p3" latency="0" BRAM="-1" DSP="-1" FF="0" LUT="9" fileDirectory="/home/ssaraswathy/Documents/ORAN_Uplane/Uplane_without_Compression/Simulation_design/Looping_design/ORAN_INTEG_1/sim_src"><\/item>
<item  id="137" filename="L1_Data_Gen/L1_Data_Gen.cpp" linenumber="96" name="or_ln215_5" contextFuncName="L1_Data_Gen" moduleName="L1_Data_Gen" rtlName="or_ln215_5_fu_914_p2" latency="0" BRAM="-1" DSP="-1" FF="0" LUT="2" fileDirectory="/home/ssaraswathy/Documents/ORAN_Uplane/Uplane_without_Compression/Simulation_design/Looping_design/ORAN_INTEG_1/sim_src"><\/item>
<item  id="138" filename="L1_Data_Gen/L1_Data_Gen.cpp" linenumber="96" name="select_ln215_7" contextFuncName="L1_Data_Gen" moduleName="L1_Data_Gen" rtlName="select_ln215_7_fu_920_p3" latency="0" BRAM="-1" DSP="-1" FF="0" LUT="9" fileDirectory="/home/ssaraswathy/Documents/ORAN_Uplane/Uplane_without_Compression/Simulation_design/Looping_design/ORAN_INTEG_1/sim_src"><\/item>
<item  id="139" filename="L1_Data_Gen/L1_Data_Gen.cpp" linenumber="96" name="or_ln215_6" contextFuncName="L1_Data_Gen" moduleName="L1_Data_Gen" rtlName="or_ln215_6_fu_928_p2" latency="0" BRAM="-1" DSP="-1" FF="0" LUT="2" fileDirectory="/home/ssaraswathy/Documents/ORAN_Uplane/Uplane_without_Compression/Simulation_design/Looping_design/ORAN_INTEG_1/sim_src"><\/item>
<item  id="140" filename="L1_Data_Gen/L1_Data_Gen.cpp" linenumber="96" name="select_ln215_8" contextFuncName="L1_Data_Gen" moduleName="L1_Data_Gen" rtlName="select_ln215_8_fu_934_p3" latency="0" BRAM="-1" DSP="-1" FF="0" LUT="9" fileDirectory="/home/ssaraswathy/Documents/ORAN_Uplane/Uplane_without_Compression/Simulation_design/Looping_design/ORAN_INTEG_1/sim_src"><\/item>
<item  id="141" filename="L1_Data_Gen/L1_Data_Gen.cpp" linenumber="96" name="zext_ln215" contextFuncName="L1_Data_Gen" moduleName="L1_Data_Gen" rtlName="zext_ln215_fu_942_p1" latency="0" BRAM="-1" DSP="-1" FF="-1" LUT="-1" fileDirectory="/home/ssaraswathy/Documents/ORAN_Uplane/Uplane_without_Compression/Simulation_design/Looping_design/ORAN_INTEG_1/sim_src"><\/item>
<item  id="142" filename="L1_Data_Gen/L1_Data_Gen.cpp" linenumber="99" name="select_ln215_9" contextFuncName="L1_Data_Gen" moduleName="L1_Data_Gen" rtlName="select_ln215_9_fu_946_p3" latency="0" BRAM="-1" DSP="-1" FF="0" LUT="8" fileDirectory="/home/ssaraswathy/Documents/ORAN_Uplane/Uplane_without_Compression/Simulation_design/Looping_design/ORAN_INTEG_1/sim_src"><\/item>
<item  id="143" filename="L1_Data_Gen/L1_Data_Gen.cpp" linenumber="99" name="select_ln215_10" contextFuncName="L1_Data_Gen" moduleName="L1_Data_Gen" rtlName="select_ln215_10_fu_954_p3" latency="0" BRAM="-1" DSP="-1" FF="0" LUT="9" fileDirectory="/home/ssaraswathy/Documents/ORAN_Uplane/Uplane_without_Compression/Simulation_design/Looping_design/ORAN_INTEG_1/sim_src"><\/item>
<item  id="144" filename="L1_Data_Gen/L1_Data_Gen.cpp" linenumber="99" name="select_ln215_11" contextFuncName="L1_Data_Gen" moduleName="L1_Data_Gen" rtlName="select_ln215_11_fu_962_p3" latency="0" BRAM="-1" DSP="-1" FF="0" LUT="6" fileDirectory="/home/ssaraswathy/Documents/ORAN_Uplane/Uplane_without_Compression/Simulation_design/Looping_design/ORAN_INTEG_1/sim_src"><\/item>
<item  id="145" filename="L1_Data_Gen/L1_Data_Gen.cpp" linenumber="99" name="select_ln215_12" contextFuncName="L1_Data_Gen" moduleName="L1_Data_Gen" rtlName="select_ln215_12_fu_970_p3" latency="0" BRAM="-1" DSP="-1" FF="0" LUT="5" fileDirectory="/home/ssaraswathy/Documents/ORAN_Uplane/Uplane_without_Compression/Simulation_design/Looping_design/ORAN_INTEG_1/sim_src"><\/item>
<item  id="146" filename="L1_Data_Gen/L1_Data_Gen.cpp" linenumber="99" name="select_ln215_13" contextFuncName="L1_Data_Gen" moduleName="L1_Data_Gen" rtlName="select_ln215_13_fu_978_p3" latency="0" BRAM="-1" DSP="-1" FF="0" LUT="8" fileDirectory="/home/ssaraswathy/Documents/ORAN_Uplane/Uplane_without_Compression/Simulation_design/Looping_design/ORAN_INTEG_1/sim_src"><\/item>
<item  id="147" filename="L1_Data_Gen/L1_Data_Gen.cpp" linenumber="99" name="select_ln215_14" contextFuncName="L1_Data_Gen" moduleName="L1_Data_Gen" rtlName="select_ln215_14_fu_986_p3" latency="0" BRAM="-1" DSP="-1" FF="0" LUT="8" fileDirectory="/home/ssaraswathy/Documents/ORAN_Uplane/Uplane_without_Compression/Simulation_design/Looping_design/ORAN_INTEG_1/sim_src"><\/item>
<item  id="148" filename="L1_Data_Gen/L1_Data_Gen.cpp" linenumber="99" name="select_ln215_15" contextFuncName="L1_Data_Gen" moduleName="L1_Data_Gen" rtlName="select_ln215_15_fu_994_p3" latency="0" BRAM="-1" DSP="-1" FF="0" LUT="6" fileDirectory="/home/ssaraswathy/Documents/ORAN_Uplane/Uplane_without_Compression/Simulation_design/Looping_design/ORAN_INTEG_1/sim_src"><\/item>
<item  id="149" filename="L1_Data_Gen/L1_Data_Gen.cpp" linenumber="99" name="zext_ln215_1" contextFuncName="L1_Data_Gen" moduleName="L1_Data_Gen" rtlName="zext_ln215_1_fu_1002_p1" latency="0" BRAM="-1" DSP="-1" FF="-1" LUT="-1" fileDirectory="/home/ssaraswathy/Documents/ORAN_Uplane/Uplane_without_Compression/Simulation_design/Looping_design/ORAN_INTEG_1/sim_src"><\/item>
<item  id="150" filename="L1_Data_Gen/L1_Data_Gen.cpp" linenumber="99" name="select_ln215_16" contextFuncName="L1_Data_Gen" moduleName="L1_Data_Gen" rtlName="select_ln215_16_fu_1006_p3" latency="0" BRAM="-1" DSP="-1" FF="0" LUT="8" fileDirectory="/home/ssaraswathy/Documents/ORAN_Uplane/Uplane_without_Compression/Simulation_design/Looping_design/ORAN_INTEG_1/sim_src"><\/item>
<item  id="151" filename="L1_Data_Gen/L1_Data_Gen.cpp" linenumber="99" name="select_ln215_17" contextFuncName="L1_Data_Gen" moduleName="L1_Data_Gen" rtlName="select_ln215_17_fu_1014_p3" latency="0" BRAM="-1" DSP="-1" FF="0" LUT="8" fileDirectory="/home/ssaraswathy/Documents/ORAN_Uplane/Uplane_without_Compression/Simulation_design/Looping_design/ORAN_INTEG_1/sim_src"><\/item>
<item  id="152" filename="L1_Data_Gen/L1_Data_Gen.cpp" linenumber="100" name="select_ln215_18" contextFuncName="L1_Data_Gen" moduleName="L1_Data_Gen" rtlName="select_ln215_18_fu_1022_p3" latency="0" BRAM="-1" DSP="-1" FF="0" LUT="5" fileDirectory="/home/ssaraswathy/Documents/ORAN_Uplane/Uplane_without_Compression/Simulation_design/Looping_design/ORAN_INTEG_1/sim_src"><\/item>
<item  id="153" filename="L1_Data_Gen/L1_Data_Gen.cpp" linenumber="100" name="select_ln215_19" contextFuncName="L1_Data_Gen" moduleName="L1_Data_Gen" rtlName="select_ln215_19_fu_1030_p3" latency="0" BRAM="-1" DSP="-1" FF="0" LUT="7" fileDirectory="/home/ssaraswathy/Documents/ORAN_Uplane/Uplane_without_Compression/Simulation_design/Looping_design/ORAN_INTEG_1/sim_src"><\/item>
<item  id="154" filename="L1_Data_Gen/L1_Data_Gen.cpp" linenumber="100" name="select_ln215_20" contextFuncName="L1_Data_Gen" moduleName="L1_Data_Gen" rtlName="select_ln215_20_fu_1038_p3" latency="0" BRAM="-1" DSP="-1" FF="0" LUT="4" fileDirectory="/home/ssaraswathy/Documents/ORAN_Uplane/Uplane_without_Compression/Simulation_design/Looping_design/ORAN_INTEG_1/sim_src"><\/item>
<item  id="155" filename="L1_Data_Gen/L1_Data_Gen.cpp" linenumber="100" name="select_ln215_21" contextFuncName="L1_Data_Gen" moduleName="L1_Data_Gen" rtlName="select_ln215_21_fu_1046_p3" latency="0" BRAM="-1" DSP="-1" FF="0" LUT="7" fileDirectory="/home/ssaraswathy/Documents/ORAN_Uplane/Uplane_without_Compression/Simulation_design/Looping_design/ORAN_INTEG_1/sim_src"><\/item>
<item  id="156" filename="L1_Data_Gen/L1_Data_Gen.cpp" linenumber="100" name="select_ln215_22" contextFuncName="L1_Data_Gen" moduleName="L1_Data_Gen" rtlName="select_ln215_22_fu_1054_p3" latency="0" BRAM="-1" DSP="-1" FF="0" LUT="5" fileDirectory="/home/ssaraswathy/Documents/ORAN_Uplane/Uplane_without_Compression/Simulation_design/Looping_design/ORAN_INTEG_1/sim_src"><\/item>
<item  id="157" filename="L1_Data_Gen/L1_Data_Gen.cpp" linenumber="100" name="zext_ln215_2" contextFuncName="L1_Data_Gen" moduleName="L1_Data_Gen" rtlName="zext_ln215_2_fu_1062_p1" latency="0" BRAM="-1" DSP="-1" FF="-1" LUT="-1" fileDirectory="/home/ssaraswathy/Documents/ORAN_Uplane/Uplane_without_Compression/Simulation_design/Looping_design/ORAN_INTEG_1/sim_src"><\/item>
<item  id="158" filename="L1_Data_Gen/L1_Data_Gen.cpp" linenumber="100" name="select_ln215_23" contextFuncName="L1_Data_Gen" moduleName="L1_Data_Gen" rtlName="select_ln215_23_fu_1066_p3" latency="0" BRAM="-1" DSP="-1" FF="0" LUT="7" fileDirectory="/home/ssaraswathy/Documents/ORAN_Uplane/Uplane_without_Compression/Simulation_design/Looping_design/ORAN_INTEG_1/sim_src"><\/item>
<item  id="159" filename="L1_Data_Gen/L1_Data_Gen.cpp" linenumber="100" name="select_ln215_24" contextFuncName="L1_Data_Gen" moduleName="L1_Data_Gen" rtlName="select_ln215_24_fu_1074_p3" latency="0" BRAM="-1" DSP="-1" FF="0" LUT="7" fileDirectory="/home/ssaraswathy/Documents/ORAN_Uplane/Uplane_without_Compression/Simulation_design/Looping_design/ORAN_INTEG_1/sim_src"><\/item>
<item  id="160" filename="L1_Data_Gen/L1_Data_Gen.cpp" linenumber="100" name="select_ln215_25" contextFuncName="L1_Data_Gen" moduleName="L1_Data_Gen" rtlName="select_ln215_25_fu_1082_p3" latency="0" BRAM="-1" DSP="-1" FF="0" LUT="7" fileDirectory="/home/ssaraswathy/Documents/ORAN_Uplane/Uplane_without_Compression/Simulation_design/Looping_design/ORAN_INTEG_1/sim_src"><\/item>
<item  id="161" filename="L1_Data_Gen/L1_Data_Gen.cpp" linenumber="100" name="zext_ln215_3" contextFuncName="L1_Data_Gen" moduleName="L1_Data_Gen" rtlName="zext_ln215_3_fu_1090_p1" latency="0" BRAM="-1" DSP="-1" FF="-1" LUT="-1" fileDirectory="/home/ssaraswathy/Documents/ORAN_Uplane/Uplane_without_Compression/Simulation_design/Looping_design/ORAN_INTEG_1/sim_src"><\/item>
<item  id="162" filename="L1_Data_Gen/L1_Data_Gen.cpp" linenumber="102" name="p_Result_s" contextFuncName="L1_Data_Gen" moduleName="L1_Data_Gen" rtlName="p_Result_s_fu_1094_p7" latency="0" BRAM="-1" DSP="-1" FF="-1" LUT="-1" fileDirectory="/home/ssaraswathy/Documents/ORAN_Uplane/Uplane_without_Compression/Simulation_design/Looping_design/ORAN_INTEG_1/sim_src"><\/item>
<item  id="171" filename="L1_Data_Gen/L1_Data_Gen.cpp" linenumber="106" name="tmp_1_2" contextFuncName="L1_Data_Gen" moduleName="L1_Data_Gen" rtlName="tmp_1_2_fu_1178_p3" latency="0" BRAM="-1" DSP="-1" FF="-1" LUT="-1" fileDirectory="/home/ssaraswathy/Documents/ORAN_Uplane/Uplane_without_Compression/Simulation_design/Looping_design/ORAN_INTEG_1/sim_src"><\/item>
<item  id="175" filename="L1_Data_Gen/L1_Data_Gen.cpp" linenumber="54" name="xor_ln54" contextFuncName="L1_Data_Gen" moduleName="L1_Data_Gen" rtlName="xor_ln54_fu_1116_p2" latency="0" BRAM="-1" DSP="-1" FF="0" LUT="2" fileDirectory="/home/ssaraswathy/Documents/ORAN_Uplane/Uplane_without_Compression/Simulation_design/Looping_design/ORAN_INTEG_1/sim_src"><\/item>
<item  id="176" filename="L1_Data_Gen/L1_Data_Gen.cpp" linenumber="54" name="select_ln54" contextFuncName="L1_Data_Gen" moduleName="L1_Data_Gen" rtlName="select_ln54_fu_1187_p3" latency="0" BRAM="-1" DSP="-1" FF="0" LUT="52" fileDirectory="/home/ssaraswathy/Documents/ORAN_Uplane/Uplane_without_Compression/Simulation_design/Looping_design/ORAN_INTEG_1/sim_src"><\/item>
<item  id="177" filename="L1_Data_Gen/L1_Data_Gen.cpp" linenumber="54" name="select_ln54_1" contextFuncName="L1_Data_Gen" moduleName="L1_Data_Gen" rtlName="select_ln54_1_fu_1122_p3" latency="0" BRAM="-1" DSP="-1" FF="0" LUT="3" fileDirectory="/home/ssaraswathy/Documents/ORAN_Uplane/Uplane_without_Compression/Simulation_design/Looping_design/ORAN_INTEG_1/sim_src"><\/item>
<item  id="180" filename="L1_Data_Gen/L1_Data_Gen.cpp" linenumber="75" name="tmp" contextFuncName="L1_Data_Gen" moduleName="L1_Data_Gen" rtlName="tmp_fu_1194_p3" latency="0" BRAM="-1" DSP="-1" FF="-1" LUT="-1" fileDirectory="/home/ssaraswathy/Documents/ORAN_Uplane/Uplane_without_Compression/Simulation_design/Looping_design/ORAN_INTEG_1/sim_src"><\/item>
</annotationInfo>
