{
  "Top": "l1tomplane",
  "RtlTop": "l1tomplane",
  "RtlPrefix": "",
  "SourceLanguage": "cpp",
  "ResetStyle": "control",
  "GenerateBdFiles": "1",
  "HostMachineBits": "64",
  "Target": {
    "Family": "zynquplus",
    "Device": "xczu9eg",
    "Package": "-ffvb1156",
    "Speed": "-2-e"
  },
  "HlsSolution": {"Config": [
      "config_export -format=ip_catalog",
      "config_export -rtl=verilog"
    ]},
  "Args": {
    "outdata": {
      "index": "0",
      "type": {"dataType": "ap_uint"}
    },
    "state_out": {
      "index": "1",
      "type": {
        "dataType": "ap_uint",
        "dataWidth": "2",
        "interfaceRef": "state_out_V"
      }
    }
  },
  "Return": {
    
  },
  "ClockInfo": {
    "ClockName": "ap_clk",
    "ClockPeriod": "10",
    "IsCombLogic": "0",
    "II": "1",
    "Latency": "2",
    "Uncertainty": "1.25"
  },
  "Xdc": {"OocClocks": ["create_clock -name ap_clk -period 10.000 [get_ports ap_clk]"]},
  "Ipx": {
    "Vendor": "xilinx.com",
    "Library": "hls",
    "Name": "l1tomplane",
    "Version": "1.0",
    "DisplayName": "L1tomplane",
    "Revision": "",
    "Description": "An IP generated by Vivado HLS",
    "Taxonomy": "\/VIVADO_HLS_IP",
    "AutoFamilySupport": ""
  },
  "Files": {
    "CSource": ["..\/l1tomplane_bigendian.cpp"],
    "Vhdl": ["impl\/vhdl\/l1tomplane.vhd"],
    "Verilog": ["impl\/verilog\/l1tomplane.v"],
    "Misc": ["impl\/misc\/logo.png"],
    "DesignXml": "\/home\/ssaraswathy\/Documents\/ORAN_Uplane\/Uplane_without_Compression\/Simulation_design\/Looping_design\/ORAN_INTEG_1\/hls_src\/U_plane_src\/4_l1tomplane_bigendian\/solution1\/.autopilot\/db\/l1tomplane.design.xml",
    "DebugDir": "\/home\/ssaraswathy\/Documents\/ORAN_Uplane\/Uplane_without_Compression\/Simulation_design\/Looping_design\/ORAN_INTEG_1\/hls_src\/U_plane_src\/4_l1tomplane_bigendian\/solution1\/.debug",
    "ProtoInst": ["\/home\/ssaraswathy\/Documents\/ORAN_Uplane\/Uplane_without_Compression\/Simulation_design\/Looping_design\/ORAN_INTEG_1\/hls_src\/U_plane_src\/4_l1tomplane_bigendian\/solution1\/.debug\/l1tomplane.protoinst"]
  },
  "SubcoreInfo": {
    "HasXpmMemory": false,
    "HasClockedDsp": false,
    "IP": []
  },
  "Interfaces": {
    "ap_clk": {
      "type": "clock",
      "ctype": {"CLK": {"Type": "bool"}},
      "bundle_name": "ap_clk",
      "bundle_role": "default",
      "buses": "outdata_V_V",
      "reset": "ap_rst_n"
    },
    "ap_rst_n": {
      "type": "reset",
      "polarity": "ACTIVE_LOW",
      "ctype": {"RST": {"Type": "bool"}},
      "bundle_name": "ap_rst_n",
      "bundle_role": "default"
    },
    "outdata_V_V": {
      "type": "axi4stream",
      "mode": "master",
      "port_prefix": "outdata_V_V",
      "has_tready": "1",
      "ctype": {
        "TDATA": {
          "Type": "integer unsigned",
          "Width": "64"
        },
        "TVALID": {"Type": "bool"},
        "TREADY": {"Type": "bool"}
      },
      "port_width": {"TDATA": "64"}
    },
    "state_out_V": {
      "type": "data",
      "dir": "out",
      "width": "2",
      "ctype": {"DATA": {
          "Type": "integer unsigned",
          "Width": "2"
        }},
      "bundle_name": "state_out_V",
      "bundle_role": "default"
    }
  },
  "RtlPorts": {
    "ap_clk": {
      "dir": "in",
      "width": "1"
    },
    "ap_rst_n": {
      "dir": "in",
      "width": "1"
    },
    "outdata_V_V_TDATA": {
      "dir": "out",
      "width": "64"
    },
    "outdata_V_V_TVALID": {
      "dir": "out",
      "width": "1"
    },
    "outdata_V_V_TREADY": {
      "dir": "in",
      "width": "1"
    },
    "state_out_V": {
      "dir": "out",
      "width": "2"
    }
  },
  "ModuleInfo": {
    "Hierarchy": {"ModuleName": "l1tomplane"},
    "Info": {"l1tomplane": {
        "FunctionProtocol": "ap_ctrl_none",
        "isTaskLevelControl": "1",
        "isPipelined": "1",
        "isCombinational": "0",
        "isOneStateSeq": "0"
      }},
    "Metrics": {"l1tomplane": {
        "Latency": {
          "LatencyBest": "2",
          "LatencyAvg": "2",
          "LatencyWorst": "2",
          "PipelineII": "1",
          "PipelineDepth": "3",
          "PipelineType": "function"
        },
        "Timing": {
          "Target": "10.00",
          "Uncertainty": "1.25",
          "Estimate": "0.656"
        },
        "Area": {
          "FF": "143",
          "LUT": "109",
          "BRAM_18K": "0",
          "DSP48E": "0",
          "URAM": "0"
        }
      }}
  },
  "Sdx": {
    "Target": "none",
    "ProfileOption": "0",
    "ProfileType": "none",
    "XO": "",
    "KernelName": "l1tomplane",
    "EnableXoSwEmu": "1"
  },
  "GenData": {
    "DataVersion": "0.2",
    "Time": "2021-04-21 16:04:08 IST",
    "ToolName": "vivado_hls",
    "ToolVersion": "2019.1"
  }
}
