<?xml version="1.0" encoding="UTF-8"?>
<vivadoHLSLog:LogRoot xmlns:vivadoHLSLog="www.xilinx.com/vivadoHLSLog">
  <errorLogs>
    <logs>
      <synLog/>
      <simLog/>
      <mgLog/>
      <packageLog/>
      <csimLog/>
    </logs>
  </errorLogs>
  <warningLogs>
    <logs>
      <synLog>
        <logs message="WARNING: [RTGEN 206-101] Port 'ethernet_demux_state_out_V' with mode 'ap_none' may require an associated data valid signal to correctly communicate with other blocks or a test bench; automatic C/RTL co-simulation may not be able to verify such a port." projectName="Ethernet_Demux" solutionName="solution1" date="2023-03-03T10:30:23.713+0530" type="Warning"/>
        <logs message="WARNING: [HLS 200-40] Cannot find source file ethernet_demux.h; skipping it." projectName="Ethernet_Demux" solutionName="solution1" date="2023-03-03T10:30:09.931+0530" type="Warning"/>
        <logs message="WARNING: [HLS 200-40] Cannot find design file 'ethernet_demux.h'" projectName="Ethernet_Demux" solutionName="solution1" date="2023-03-03T10:30:08.876+0530" type="Warning"/>
      </synLog>
      <simLog/>
      <mgLog/>
      <packageLog/>
      <csimLog/>
    </logs>
  </warningLogs>
</vivadoHLSLog:LogRoot>
