<annotationInfo>
<item  id="32" filename="Uplane_depacketiser/uplane_depacketiser.cpp" linenumber="646" name="zext_ln301" contextFuncName="uplane_depacketiser" moduleName="uplane_depacketiser" rtlName="iq_msg_state_out_V" latency="0" BRAM="-1" DSP="-1" FF="-1" LUT="-1" fileDirectory="/home/sai/Desktop/Looping_Hardware-design/hls_src/U_plane_src"><\/item>
<item  id="39" filename="Uplane_depacketiser/uplane_depacketiser.cpp" linenumber="827" name="icmp_ln879_2" contextFuncName="uplane_depacketiser" moduleName="uplane_depacketiser" rtlName="icmp_ln879_2_fu_591_p2" latency="0" BRAM="-1" DSP="-1" FF="0" LUT="11" fileDirectory="/home/sai/Desktop/Looping_Hardware-design/hls_src/U_plane_src"><\/item>
<item  id="50" filename="Uplane_depacketiser/uplane_depacketiser.cpp" linenumber="785" name="trunc_ln647_2" contextFuncName="uplane_depacketiser" moduleName="uplane_depacketiser" rtlName="trunc_ln647_2_fu_603_p1" latency="0" BRAM="-1" DSP="-1" FF="-1" LUT="-1" fileDirectory="/home/sai/Desktop/Looping_Hardware-design/hls_src/U_plane_src"><\/item>
<item  id="51" filename="Uplane_depacketiser/uplane_depacketiser.cpp" linenumber="786" name="p_Result_34" contextFuncName="uplane_depacketiser" moduleName="uplane_depacketiser" rtlName="reg_515" latency="0" BRAM="-1" DSP="-1" FF="-1" LUT="-1" fileDirectory="/home/sai/Desktop/Looping_Hardware-design/hls_src/U_plane_src"><\/item>
<item  id="52" filename="Uplane_depacketiser/uplane_depacketiser.cpp" linenumber="787" name="p_Result_35" contextFuncName="uplane_depacketiser" moduleName="uplane_depacketiser" rtlName="reg_519" latency="0" BRAM="-1" DSP="-1" FF="-1" LUT="-1" fileDirectory="/home/sai/Desktop/Looping_Hardware-design/hls_src/U_plane_src"><\/item>
<item  id="53" filename="Uplane_depacketiser/uplane_depacketiser.cpp" linenumber="788" name="p_Result_36" contextFuncName="uplane_depacketiser" moduleName="uplane_depacketiser" rtlName="reg_523" latency="0" BRAM="-1" DSP="-1" FF="-1" LUT="-1" fileDirectory="/home/sai/Desktop/Looping_Hardware-design/hls_src/U_plane_src"><\/item>
<item  id="54" filename="Uplane_depacketiser/uplane_depacketiser.cpp" linenumber="789" name="p_Result_37" contextFuncName="uplane_depacketiser" moduleName="uplane_depacketiser" rtlName="reg_527" latency="0" BRAM="-1" DSP="-1" FF="-1" LUT="-1" fileDirectory="/home/sai/Desktop/Looping_Hardware-design/hls_src/U_plane_src"><\/item>
<item  id="55" filename="Uplane_depacketiser/uplane_depacketiser.cpp" linenumber="790" name="p_Result_38" contextFuncName="uplane_depacketiser" moduleName="uplane_depacketiser" rtlName="reg_531" latency="0" BRAM="-1" DSP="-1" FF="-1" LUT="-1" fileDirectory="/home/sai/Desktop/Looping_Hardware-design/hls_src/U_plane_src"><\/item>
<item  id="56" filename="Uplane_depacketiser/uplane_depacketiser.cpp" linenumber="791" name="p_Result_39" contextFuncName="uplane_depacketiser" moduleName="uplane_depacketiser" rtlName="reg_535" latency="0" BRAM="-1" DSP="-1" FF="-1" LUT="-1" fileDirectory="/home/sai/Desktop/Looping_Hardware-design/hls_src/U_plane_src"><\/item>
<item  id="57" filename="Uplane_depacketiser/uplane_depacketiser.cpp" linenumber="792" name="p_Result_40" contextFuncName="uplane_depacketiser" moduleName="uplane_depacketiser" rtlName="reg_539" latency="0" BRAM="-1" DSP="-1" FF="-1" LUT="-1" fileDirectory="/home/sai/Desktop/Looping_Hardware-design/hls_src/U_plane_src"><\/item>
<item  id="58" filename="Uplane_depacketiser/uplane_depacketiser.cpp" linenumber="793" name="p_Result_41" contextFuncName="uplane_depacketiser" moduleName="uplane_depacketiser" rtlName="reg_543" latency="0" BRAM="-1" DSP="-1" FF="-1" LUT="-1" fileDirectory="/home/sai/Desktop/Looping_Hardware-design/hls_src/U_plane_src"><\/item>
<item  id="59" filename="Uplane_depacketiser/uplane_depacketiser.cpp" linenumber="794" name="p_Result_42" contextFuncName="uplane_depacketiser" moduleName="uplane_depacketiser" rtlName="reg_547" latency="0" BRAM="-1" DSP="-1" FF="-1" LUT="-1" fileDirectory="/home/sai/Desktop/Looping_Hardware-design/hls_src/U_plane_src"><\/item>
<item  id="60" filename="Uplane_depacketiser/uplane_depacketiser.cpp" linenumber="795" name="p_Result_43" contextFuncName="uplane_depacketiser" moduleName="uplane_depacketiser" rtlName="reg_551" latency="0" BRAM="-1" DSP="-1" FF="-1" LUT="-1" fileDirectory="/home/sai/Desktop/Looping_Hardware-design/hls_src/U_plane_src"><\/item>
<item  id="61" filename="Uplane_depacketiser/uplane_depacketiser.cpp" linenumber="796" name="p_Result_44" contextFuncName="uplane_depacketiser" moduleName="uplane_depacketiser" rtlName="reg_555" latency="0" BRAM="-1" DSP="-1" FF="-1" LUT="-1" fileDirectory="/home/sai/Desktop/Looping_Hardware-design/hls_src/U_plane_src"><\/item>
<item  id="62" filename="Uplane_depacketiser/uplane_depacketiser.cpp" linenumber="797" name="p_Result_45" contextFuncName="uplane_depacketiser" moduleName="uplane_depacketiser" rtlName="reg_559" latency="0" BRAM="-1" DSP="-1" FF="-1" LUT="-1" fileDirectory="/home/sai/Desktop/Looping_Hardware-design/hls_src/U_plane_src"><\/item>
<item  id="63" filename="Uplane_depacketiser/uplane_depacketiser.cpp" linenumber="798" name="p_Result_46" contextFuncName="uplane_depacketiser" moduleName="uplane_depacketiser" rtlName="reg_563" latency="0" BRAM="-1" DSP="-1" FF="-1" LUT="-1" fileDirectory="/home/sai/Desktop/Looping_Hardware-design/hls_src/U_plane_src"><\/item>
<item  id="64" filename="Uplane_depacketiser/uplane_depacketiser.cpp" linenumber="799" name="p_Result_47" contextFuncName="uplane_depacketiser" moduleName="uplane_depacketiser" rtlName="reg_567" latency="0" BRAM="-1" DSP="-1" FF="-1" LUT="-1" fileDirectory="/home/sai/Desktop/Looping_Hardware-design/hls_src/U_plane_src"><\/item>
<item  id="65" filename="Uplane_depacketiser/uplane_depacketiser.cpp" linenumber="800" name="p_Result_48" contextFuncName="uplane_depacketiser" moduleName="uplane_depacketiser" rtlName="reg_571" latency="0" BRAM="-1" DSP="-1" FF="-1" LUT="-1" fileDirectory="/home/sai/Desktop/Looping_Hardware-design/hls_src/U_plane_src"><\/item>
<item  id="66" filename="Uplane_depacketiser/uplane_depacketiser.cpp" linenumber="800" name="p_Result_50" contextFuncName="uplane_depacketiser" moduleName="uplane_depacketiser" rtlName="p_Result_50_fu_782_p17" latency="0" BRAM="-1" DSP="-1" FF="-1" LUT="-1" fileDirectory="/home/sai/Desktop/Looping_Hardware-design/hls_src/U_plane_src"><\/item>
<item  id="67" filename="Uplane_depacketiser/uplane_depacketiser.cpp" linenumber="802" name="add_ln700" contextFuncName="uplane_depacketiser" moduleName="uplane_depacketiser" rtlName="add_ln700_fu_607_p2" latency="0" BRAM="-1" DSP="-1" FF="0" LUT="15" fileDirectory="/home/sai/Desktop/Looping_Hardware-design/hls_src/U_plane_src"><\/item>
<item  id="68" filename="Uplane_depacketiser/uplane_depacketiser.cpp" linenumber="803" name="icmp_ln879_1" contextFuncName="uplane_depacketiser" moduleName="uplane_depacketiser" rtlName="icmp_ln879_1_fu_613_p2" latency="0" BRAM="-1" DSP="-1" FF="0" LUT="11" fileDirectory="/home/sai/Desktop/Looping_Hardware-design/hls_src/U_plane_src"><\/item>
<item  id="69" filename="Uplane_depacketiser/uplane_depacketiser.cpp" linenumber="812" name="icmp_ln879_4" contextFuncName="uplane_depacketiser" moduleName="uplane_depacketiser" rtlName="icmp_ln879_4_fu_619_p2" latency="0" BRAM="-1" DSP="-1" FF="0" LUT="13" fileDirectory="/home/sai/Desktop/Looping_Hardware-design/hls_src/U_plane_src"><\/item>
<item  id="70" filename="Uplane_depacketiser/uplane_depacketiser.cpp" linenumber="813" name="icmp_ln879_5" contextFuncName="uplane_depacketiser" moduleName="uplane_depacketiser" rtlName="icmp_ln879_5_fu_625_p2" latency="0" BRAM="-1" DSP="-1" FF="0" LUT="11" fileDirectory="/home/sai/Desktop/Looping_Hardware-design/hls_src/U_plane_src"><\/item>
<item  id="71" filename="Uplane_depacketiser/uplane_depacketiser.cpp" linenumber="813" name="select_ln813" contextFuncName="uplane_depacketiser" moduleName="uplane_depacketiser" rtlName="select_ln813_fu_631_p3" latency="0" BRAM="-1" DSP="-1" FF="0" LUT="3" fileDirectory="/home/sai/Desktop/Looping_Hardware-design/hls_src/U_plane_src"><\/item>
<item  id="72" filename="Uplane_depacketiser/uplane_depacketiser.cpp" linenumber="803" name="xor_ln879" contextFuncName="uplane_depacketiser" moduleName="uplane_depacketiser" rtlName="xor_ln879_fu_639_p2" latency="0" BRAM="-1" DSP="-1" FF="0" LUT="2" fileDirectory="/home/sai/Desktop/Looping_Hardware-design/hls_src/U_plane_src"><\/item>
<item  id="73" filename="Uplane_depacketiser/uplane_depacketiser.cpp" linenumber="812" name="and_ln879" contextFuncName="uplane_depacketiser" moduleName="uplane_depacketiser" rtlName="and_ln879_fu_645_p2" latency="0" BRAM="-1" DSP="-1" FF="0" LUT="2" fileDirectory="/home/sai/Desktop/Looping_Hardware-design/hls_src/U_plane_src"><\/item>
<item  id="74" filename="Uplane_depacketiser/uplane_depacketiser.cpp" linenumber="812" name="select_ln879" contextFuncName="uplane_depacketiser" moduleName="uplane_depacketiser" rtlName="select_ln879_fu_651_p3" latency="0" BRAM="-1" DSP="-1" FF="0" LUT="3" fileDirectory="/home/sai/Desktop/Looping_Hardware-design/hls_src/U_plane_src"><\/item>
<item  id="75" filename="Uplane_depacketiser/uplane_depacketiser.cpp" linenumber="803" name="select_ln879_1" contextFuncName="uplane_depacketiser" moduleName="uplane_depacketiser" rtlName="select_ln879_1_fu_659_p3" latency="0" BRAM="-1" DSP="-1" FF="0" LUT="3" fileDirectory="/home/sai/Desktop/Looping_Hardware-design/hls_src/U_plane_src"><\/item>
<item  id="76" filename="Uplane_depacketiser/uplane_depacketiser.cpp" linenumber="803" name="select_ln879_2" contextFuncName="uplane_depacketiser" moduleName="uplane_depacketiser" rtlName="select_ln879_2_fu_668_p3" latency="0" BRAM="-1" DSP="-1" FF="0" LUT="8" fileDirectory="/home/sai/Desktop/Looping_Hardware-design/hls_src/U_plane_src"><\/item>
<item  id="77" filename="Uplane_depacketiser/uplane_depacketiser.cpp" linenumber="812" name="and_ln879_1" contextFuncName="uplane_depacketiser" moduleName="uplane_depacketiser" rtlName="and_ln879_1_fu_677_p2" latency="0" BRAM="-1" DSP="-1" FF="0" LUT="2" fileDirectory="/home/sai/Desktop/Looping_Hardware-design/hls_src/U_plane_src"><\/item>
<item  id="78" filename="Uplane_depacketiser/uplane_depacketiser.cpp" linenumber="803" name="tmp_last_V" contextFuncName="uplane_depacketiser" moduleName="uplane_depacketiser" rtlName="tmp_last_V_fu_683_p2" latency="0" BRAM="-1" DSP="-1" FF="0" LUT="2" fileDirectory="/home/sai/Desktop/Looping_Hardware-design/hls_src/U_plane_src"><\/item>
<item  id="84" filename="Uplane_depacketiser/uplane_depacketiser.cpp" linenumber="760" name="trunc_ln647_1" contextFuncName="uplane_depacketiser" moduleName="uplane_depacketiser" rtlName="trunc_ln647_1_fu_689_p1" latency="0" BRAM="-1" DSP="-1" FF="-1" LUT="-1" fileDirectory="/home/sai/Desktop/Looping_Hardware-design/hls_src/U_plane_src"><\/item>
<item  id="85" filename="Uplane_depacketiser/uplane_depacketiser.cpp" linenumber="761" name="p_Result_19" contextFuncName="uplane_depacketiser" moduleName="uplane_depacketiser" rtlName="reg_515" latency="0" BRAM="-1" DSP="-1" FF="-1" LUT="-1" fileDirectory="/home/sai/Desktop/Looping_Hardware-design/hls_src/U_plane_src"><\/item>
<item  id="86" filename="Uplane_depacketiser/uplane_depacketiser.cpp" linenumber="762" name="p_Result_20" contextFuncName="uplane_depacketiser" moduleName="uplane_depacketiser" rtlName="reg_519" latency="0" BRAM="-1" DSP="-1" FF="-1" LUT="-1" fileDirectory="/home/sai/Desktop/Looping_Hardware-design/hls_src/U_plane_src"><\/item>
<item  id="87" filename="Uplane_depacketiser/uplane_depacketiser.cpp" linenumber="763" name="p_Result_21" contextFuncName="uplane_depacketiser" moduleName="uplane_depacketiser" rtlName="reg_523" latency="0" BRAM="-1" DSP="-1" FF="-1" LUT="-1" fileDirectory="/home/sai/Desktop/Looping_Hardware-design/hls_src/U_plane_src"><\/item>
<item  id="88" filename="Uplane_depacketiser/uplane_depacketiser.cpp" linenumber="764" name="p_Result_22" contextFuncName="uplane_depacketiser" moduleName="uplane_depacketiser" rtlName="reg_527" latency="0" BRAM="-1" DSP="-1" FF="-1" LUT="-1" fileDirectory="/home/sai/Desktop/Looping_Hardware-design/hls_src/U_plane_src"><\/item>
<item  id="89" filename="Uplane_depacketiser/uplane_depacketiser.cpp" linenumber="765" name="p_Result_23" contextFuncName="uplane_depacketiser" moduleName="uplane_depacketiser" rtlName="reg_531" latency="0" BRAM="-1" DSP="-1" FF="-1" LUT="-1" fileDirectory="/home/sai/Desktop/Looping_Hardware-design/hls_src/U_plane_src"><\/item>
<item  id="90" filename="Uplane_depacketiser/uplane_depacketiser.cpp" linenumber="766" name="p_Result_24" contextFuncName="uplane_depacketiser" moduleName="uplane_depacketiser" rtlName="reg_535" latency="0" BRAM="-1" DSP="-1" FF="-1" LUT="-1" fileDirectory="/home/sai/Desktop/Looping_Hardware-design/hls_src/U_plane_src"><\/item>
<item  id="91" filename="Uplane_depacketiser/uplane_depacketiser.cpp" linenumber="767" name="p_Result_25" contextFuncName="uplane_depacketiser" moduleName="uplane_depacketiser" rtlName="reg_539" latency="0" BRAM="-1" DSP="-1" FF="-1" LUT="-1" fileDirectory="/home/sai/Desktop/Looping_Hardware-design/hls_src/U_plane_src"><\/item>
<item  id="92" filename="Uplane_depacketiser/uplane_depacketiser.cpp" linenumber="768" name="p_Result_26" contextFuncName="uplane_depacketiser" moduleName="uplane_depacketiser" rtlName="reg_543" latency="0" BRAM="-1" DSP="-1" FF="-1" LUT="-1" fileDirectory="/home/sai/Desktop/Looping_Hardware-design/hls_src/U_plane_src"><\/item>
<item  id="93" filename="Uplane_depacketiser/uplane_depacketiser.cpp" linenumber="769" name="p_Result_27" contextFuncName="uplane_depacketiser" moduleName="uplane_depacketiser" rtlName="reg_547" latency="0" BRAM="-1" DSP="-1" FF="-1" LUT="-1" fileDirectory="/home/sai/Desktop/Looping_Hardware-design/hls_src/U_plane_src"><\/item>
<item  id="94" filename="Uplane_depacketiser/uplane_depacketiser.cpp" linenumber="770" name="p_Result_28" contextFuncName="uplane_depacketiser" moduleName="uplane_depacketiser" rtlName="reg_551" latency="0" BRAM="-1" DSP="-1" FF="-1" LUT="-1" fileDirectory="/home/sai/Desktop/Looping_Hardware-design/hls_src/U_plane_src"><\/item>
<item  id="95" filename="Uplane_depacketiser/uplane_depacketiser.cpp" linenumber="771" name="p_Result_29" contextFuncName="uplane_depacketiser" moduleName="uplane_depacketiser" rtlName="reg_555" latency="0" BRAM="-1" DSP="-1" FF="-1" LUT="-1" fileDirectory="/home/sai/Desktop/Looping_Hardware-design/hls_src/U_plane_src"><\/item>
<item  id="96" filename="Uplane_depacketiser/uplane_depacketiser.cpp" linenumber="772" name="p_Result_30" contextFuncName="uplane_depacketiser" moduleName="uplane_depacketiser" rtlName="reg_559" latency="0" BRAM="-1" DSP="-1" FF="-1" LUT="-1" fileDirectory="/home/sai/Desktop/Looping_Hardware-design/hls_src/U_plane_src"><\/item>
<item  id="97" filename="Uplane_depacketiser/uplane_depacketiser.cpp" linenumber="773" name="p_Result_31" contextFuncName="uplane_depacketiser" moduleName="uplane_depacketiser" rtlName="reg_563" latency="0" BRAM="-1" DSP="-1" FF="-1" LUT="-1" fileDirectory="/home/sai/Desktop/Looping_Hardware-design/hls_src/U_plane_src"><\/item>
<item  id="98" filename="Uplane_depacketiser/uplane_depacketiser.cpp" linenumber="774" name="p_Result_32" contextFuncName="uplane_depacketiser" moduleName="uplane_depacketiser" rtlName="reg_567" latency="0" BRAM="-1" DSP="-1" FF="-1" LUT="-1" fileDirectory="/home/sai/Desktop/Looping_Hardware-design/hls_src/U_plane_src"><\/item>
<item  id="99" filename="Uplane_depacketiser/uplane_depacketiser.cpp" linenumber="775" name="p_Result_33" contextFuncName="uplane_depacketiser" moduleName="uplane_depacketiser" rtlName="reg_571" latency="0" BRAM="-1" DSP="-1" FF="-1" LUT="-1" fileDirectory="/home/sai/Desktop/Looping_Hardware-design/hls_src/U_plane_src"><\/item>
<item  id="100" filename="Uplane_depacketiser/uplane_depacketiser.cpp" linenumber="775" name="p_Result_49" contextFuncName="uplane_depacketiser" moduleName="uplane_depacketiser" rtlName="p_Result_49_fu_818_p17" latency="0" BRAM="-1" DSP="-1" FF="-1" LUT="-1" fileDirectory="/home/sai/Desktop/Looping_Hardware-design/hls_src/U_plane_src"><\/item>
<item  id="106" filename="Uplane_depacketiser/uplane_depacketiser.cpp" linenumber="734" name="trunc_ln647" contextFuncName="uplane_depacketiser" moduleName="uplane_depacketiser" rtlName="trunc_ln647_fu_693_p1" latency="0" BRAM="-1" DSP="-1" FF="-1" LUT="-1" fileDirectory="/home/sai/Desktop/Looping_Hardware-design/hls_src/U_plane_src"><\/item>
<item  id="107" filename="Uplane_depacketiser/uplane_depacketiser.cpp" linenumber="735" name="p_Result_5" contextFuncName="uplane_depacketiser" moduleName="uplane_depacketiser" rtlName="reg_515" latency="0" BRAM="-1" DSP="-1" FF="-1" LUT="-1" fileDirectory="/home/sai/Desktop/Looping_Hardware-design/hls_src/U_plane_src"><\/item>
<item  id="108" filename="Uplane_depacketiser/uplane_depacketiser.cpp" linenumber="736" name="p_Result_6" contextFuncName="uplane_depacketiser" moduleName="uplane_depacketiser" rtlName="reg_519" latency="0" BRAM="-1" DSP="-1" FF="-1" LUT="-1" fileDirectory="/home/sai/Desktop/Looping_Hardware-design/hls_src/U_plane_src"><\/item>
<item  id="109" filename="Uplane_depacketiser/uplane_depacketiser.cpp" linenumber="737" name="p_Result_7" contextFuncName="uplane_depacketiser" moduleName="uplane_depacketiser" rtlName="reg_523" latency="0" BRAM="-1" DSP="-1" FF="-1" LUT="-1" fileDirectory="/home/sai/Desktop/Looping_Hardware-design/hls_src/U_plane_src"><\/item>
<item  id="110" filename="Uplane_depacketiser/uplane_depacketiser.cpp" linenumber="738" name="p_Result_8" contextFuncName="uplane_depacketiser" moduleName="uplane_depacketiser" rtlName="reg_527" latency="0" BRAM="-1" DSP="-1" FF="-1" LUT="-1" fileDirectory="/home/sai/Desktop/Looping_Hardware-design/hls_src/U_plane_src"><\/item>
<item  id="111" filename="Uplane_depacketiser/uplane_depacketiser.cpp" linenumber="739" name="p_Result_9" contextFuncName="uplane_depacketiser" moduleName="uplane_depacketiser" rtlName="reg_531" latency="0" BRAM="-1" DSP="-1" FF="-1" LUT="-1" fileDirectory="/home/sai/Desktop/Looping_Hardware-design/hls_src/U_plane_src"><\/item>
<item  id="112" filename="Uplane_depacketiser/uplane_depacketiser.cpp" linenumber="740" name="p_Result_4" contextFuncName="uplane_depacketiser" moduleName="uplane_depacketiser" rtlName="reg_535" latency="0" BRAM="-1" DSP="-1" FF="-1" LUT="-1" fileDirectory="/home/sai/Desktop/Looping_Hardware-design/hls_src/U_plane_src"><\/item>
<item  id="113" filename="Uplane_depacketiser/uplane_depacketiser.cpp" linenumber="741" name="p_Result_10" contextFuncName="uplane_depacketiser" moduleName="uplane_depacketiser" rtlName="reg_539" latency="0" BRAM="-1" DSP="-1" FF="-1" LUT="-1" fileDirectory="/home/sai/Desktop/Looping_Hardware-design/hls_src/U_plane_src"><\/item>
<item  id="114" filename="Uplane_depacketiser/uplane_depacketiser.cpp" linenumber="742" name="p_Result_11" contextFuncName="uplane_depacketiser" moduleName="uplane_depacketiser" rtlName="reg_543" latency="0" BRAM="-1" DSP="-1" FF="-1" LUT="-1" fileDirectory="/home/sai/Desktop/Looping_Hardware-design/hls_src/U_plane_src"><\/item>
<item  id="115" filename="Uplane_depacketiser/uplane_depacketiser.cpp" linenumber="743" name="p_Result_12" contextFuncName="uplane_depacketiser" moduleName="uplane_depacketiser" rtlName="reg_547" latency="0" BRAM="-1" DSP="-1" FF="-1" LUT="-1" fileDirectory="/home/sai/Desktop/Looping_Hardware-design/hls_src/U_plane_src"><\/item>
<item  id="116" filename="Uplane_depacketiser/uplane_depacketiser.cpp" linenumber="744" name="p_Result_13" contextFuncName="uplane_depacketiser" moduleName="uplane_depacketiser" rtlName="reg_551" latency="0" BRAM="-1" DSP="-1" FF="-1" LUT="-1" fileDirectory="/home/sai/Desktop/Looping_Hardware-design/hls_src/U_plane_src"><\/item>
<item  id="117" filename="Uplane_depacketiser/uplane_depacketiser.cpp" linenumber="745" name="p_Result_14" contextFuncName="uplane_depacketiser" moduleName="uplane_depacketiser" rtlName="reg_555" latency="0" BRAM="-1" DSP="-1" FF="-1" LUT="-1" fileDirectory="/home/sai/Desktop/Looping_Hardware-design/hls_src/U_plane_src"><\/item>
<item  id="118" filename="Uplane_depacketiser/uplane_depacketiser.cpp" linenumber="746" name="p_Result_15" contextFuncName="uplane_depacketiser" moduleName="uplane_depacketiser" rtlName="reg_559" latency="0" BRAM="-1" DSP="-1" FF="-1" LUT="-1" fileDirectory="/home/sai/Desktop/Looping_Hardware-design/hls_src/U_plane_src"><\/item>
<item  id="119" filename="Uplane_depacketiser/uplane_depacketiser.cpp" linenumber="747" name="p_Result_16" contextFuncName="uplane_depacketiser" moduleName="uplane_depacketiser" rtlName="reg_563" latency="0" BRAM="-1" DSP="-1" FF="-1" LUT="-1" fileDirectory="/home/sai/Desktop/Looping_Hardware-design/hls_src/U_plane_src"><\/item>
<item  id="120" filename="Uplane_depacketiser/uplane_depacketiser.cpp" linenumber="748" name="p_Result_17" contextFuncName="uplane_depacketiser" moduleName="uplane_depacketiser" rtlName="reg_567" latency="0" BRAM="-1" DSP="-1" FF="-1" LUT="-1" fileDirectory="/home/sai/Desktop/Looping_Hardware-design/hls_src/U_plane_src"><\/item>
<item  id="121" filename="Uplane_depacketiser/uplane_depacketiser.cpp" linenumber="749" name="p_Result_18" contextFuncName="uplane_depacketiser" moduleName="uplane_depacketiser" rtlName="reg_571" latency="0" BRAM="-1" DSP="-1" FF="-1" LUT="-1" fileDirectory="/home/sai/Desktop/Looping_Hardware-design/hls_src/U_plane_src"><\/item>
<item  id="122" filename="Uplane_depacketiser/uplane_depacketiser.cpp" linenumber="749" name="p_Result_s_6" contextFuncName="uplane_depacketiser" moduleName="uplane_depacketiser" rtlName="p_Result_s_6_fu_854_p17" latency="0" BRAM="-1" DSP="-1" FF="-1" LUT="-1" fileDirectory="/home/sai/Desktop/Looping_Hardware-design/hls_src/U_plane_src"><\/item>
<item  id="128" filename="Uplane_depacketiser/uplane_depacketiser.cpp" linenumber="710" name="p_Result_2" contextFuncName="uplane_depacketiser" moduleName="uplane_depacketiser" rtlName="symbolID_V" latency="0" BRAM="-1" DSP="-1" FF="-1" LUT="-1" fileDirectory="/home/sai/Desktop/Looping_Hardware-design/hls_src/U_plane_src"><\/item>
<item  id="129" filename="Uplane_depacketiser/uplane_depacketiser.cpp" linenumber="719" name="p_Result_3" contextFuncName="uplane_depacketiser" moduleName="uplane_depacketiser" rtlName="reg_563" latency="0" BRAM="-1" DSP="-1" FF="-1" LUT="-1" fileDirectory="/home/sai/Desktop/Looping_Hardware-design/hls_src/U_plane_src"><\/item>
<item  id="131" filename="Uplane_depacketiser/uplane_depacketiser.cpp" linenumber="724" name="trunc_ln" contextFuncName="uplane_depacketiser" moduleName="uplane_depacketiser" rtlName="trunc_ln_reg_922" latency="0" BRAM="-1" DSP="-1" FF="-1" LUT="-1" fileDirectory="/home/sai/Desktop/Looping_Hardware-design/hls_src/U_plane_src"><\/item>
<item  id="133" filename="Uplane_depacketiser/uplane_depacketiser.cpp" linenumber="726" name="zext_ln209" contextFuncName="uplane_depacketiser" moduleName="uplane_depacketiser" rtlName="zext_ln209_fu_723_p1" latency="0" BRAM="-1" DSP="-1" FF="-1" LUT="-1" fileDirectory="/home/sai/Desktop/Looping_Hardware-design/hls_src/U_plane_src"><\/item>
<item  id="134" filename="Uplane_depacketiser/uplane_depacketiser.cpp" linenumber="726" name="add_ln209" contextFuncName="uplane_depacketiser" moduleName="uplane_depacketiser" rtlName="add_ln209_fu_727_p2" latency="0" BRAM="-1" DSP="-1" FF="0" LUT="19" fileDirectory="/home/sai/Desktop/Looping_Hardware-design/hls_src/U_plane_src"><\/item>
<item  id="141" filename="Uplane_depacketiser/uplane_depacketiser.cpp" linenumber="674" name="p_Result_s" contextFuncName="uplane_depacketiser" moduleName="uplane_depacketiser" rtlName="p_Result_s_fu_739_p4" latency="0" BRAM="-1" DSP="-1" FF="-1" LUT="-1" fileDirectory="/home/sai/Desktop/Looping_Hardware-design/hls_src/U_plane_src"><\/item>
<item  id="142" filename="Uplane_depacketiser/uplane_depacketiser.cpp" linenumber="677" name="p_Result_1" contextFuncName="uplane_depacketiser" moduleName="uplane_depacketiser" rtlName="reg_571" latency="0" BRAM="-1" DSP="-1" FF="-1" LUT="-1" fileDirectory="/home/sai/Desktop/Looping_Hardware-design/hls_src/U_plane_src"><\/item>
<item  id="143" filename="Uplane_depacketiser/uplane_depacketiser.cpp" linenumber="679" name="icmp_ln879" contextFuncName="uplane_depacketiser" moduleName="uplane_depacketiser" rtlName="icmp_ln879_fu_749_p2" latency="0" BRAM="-1" DSP="-1" FF="0" LUT="13" fileDirectory="/home/sai/Desktop/Looping_Hardware-design/hls_src/U_plane_src"><\/item>
<item  id="146" filename="Uplane_depacketiser/uplane_depacketiser.cpp" linenumber="681" name="icmp_ln879_3" contextFuncName="uplane_depacketiser" moduleName="uplane_depacketiser" rtlName="icmp_ln879_3_fu_755_p2" latency="0" BRAM="-1" DSP="-1" FF="0" LUT="11" fileDirectory="/home/sai/Desktop/Looping_Hardware-design/hls_src/U_plane_src"><\/item>
<item  id="147" filename="Uplane_depacketiser/uplane_depacketiser.cpp" linenumber="681" name="select_ln681" contextFuncName="uplane_depacketiser" moduleName="uplane_depacketiser" rtlName="select_ln681_fu_761_p3" latency="0" BRAM="-1" DSP="-1" FF="0" LUT="2" fileDirectory="/home/sai/Desktop/Looping_Hardware-design/hls_src/U_plane_src"><\/item>
</annotationInfo>
