<profile>

<section name = "Vivado HLS Report for 'uplane_depacketiser'" level="0">
<item name = "Date">Fri Mar  3 19:23:09 2023
</item>
<item name = "Version">2019.1 (Build 2552052 on Fri May 24 15:28:33 MDT 2019)</item>
<item name = "Project">Uplane_depacketiser</item>
<item name = "Solution">solution1</item>
<item name = "Product family">zynquplus</item>
<item name = "Target device">xczu19eg-ffvd1760-3-e</item>
</section>

<section name = "Performance Estimates" level="0">
<item name = "Timing (ns)">
<section name = "" level="1">
<item name = "Summary"><table name="" hasTotal="0">
<keys size="4">Clock, Target, Estimated, Uncertainty</keys>
<column name="ap_clk">3.20, 2.737, 0.40</column>
</table>
</item>
</section>
</item>
<item name = "Latency (clock cycles)">
<section name = "" level="1">
<item name = "Summary"><table name="" hasTotal="0">
<keys size="6">, min, max, min, max, Type</keys>
<column name="">2, 2, 1, 1, function</column>
</table>
</item>
<item name = "Detail">
<section name = "" level="1">
<item name = "Instance"><table name="" hasTotal="0">
<keys size="7">Instance, Module, min, max, min, max, Type</keys>
</table>
</item>
<item name = "Loop"><table name="" hasTotal="0">
<keys size="8">Loop Name, min, max, Latency, achieved, target, Count, Pipelined</keys>
</table>
</item>
</section>
</item>
</section>
</item>
</section>

<section name = "Utilization Estimates" level="0">
<item name = "Summary"><table name="" hasTotal="1">
<keys size="6">Name, BRAM_18K, DSP48E, FF, LUT, URAM</keys>
<column name="DSP">-, -, -, -, -</column>
<column name="Expression">-, -, 0, 179, -</column>
<column name="FIFO">-, -, -, -, -</column>
<column name="Instance">-, -, -, -, -</column>
<column name="Memory">-, -, -, -, -</column>
<column name="Multiplexer">-, -, -, 245, -</column>
<column name="Register">-, -, 743, -, -</column>
<specialColumn name="Available">1968, 1968, 1045440, 522720, 128</specialColumn>
<specialColumn name="Utilization (%)">0, 0, ~0, ~0, 0</specialColumn>
</table>
</item>
<item name = "Detail">
<section name = "" level="1">
<item name = "Instance"><table name="" hasTotal="1">
<keys size="7">Instance, Module, BRAM_18K, DSP48E, FF, LUT, URAM</keys>
</table>
</item>
<item name = "DSP48E"><table name="" hasTotal="0">
<keys size="3">Instance, Module, Expression</keys>
</table>
</item>
<item name = "Memory"><table name="" hasTotal="1">
<keys size="10">Memory, Module, BRAM_18K, FF, LUT, URAM, Words, Bits, Banks, W*Bits*Banks</keys>
</table>
</item>
<item name = "FIFO"><table name="" hasTotal="1">
<keys size="8">Name, BRAM_18K, FF, LUT, URAM, Depth, Bits, Size:D*B</keys>
</table>
</item>
<item name = "Expression"><table name="" hasTotal="1">
<keys size="7">Variable Name, Operation, DSP48E, FF, LUT, Bitwidth P0, Bitwidth P1</keys>
<column name="add_ln209_fu_727_p2">+, 0, 0, 19, 12, 12</column>
<column name="add_ln700_fu_607_p2">+, 0, 0, 15, 1, 8</column>
<column name="and_ln879_1_fu_677_p2">and, 0, 0, 2, 1, 1</column>
<column name="and_ln879_fu_645_p2">and, 0, 0, 2, 1, 1</column>
<column name="ap_condition_373">and, 0, 0, 2, 1, 1</column>
<column name="ap_condition_576">and, 0, 0, 2, 1, 1</column>
<column name="data_in_V_data_V_0_load_A">and, 0, 0, 2, 1, 1</column>
<column name="data_in_V_data_V_0_load_B">and, 0, 0, 2, 1, 1</column>
<column name="data_out_V_IQ_data_V_1_load_A">and, 0, 0, 2, 1, 1</column>
<column name="data_out_V_IQ_data_V_1_load_B">and, 0, 0, 2, 1, 1</column>
<column name="data_out_V_last_V_1_load_A">and, 0, 0, 2, 1, 1</column>
<column name="data_out_V_last_V_1_load_B">and, 0, 0, 2, 1, 1</column>
<column name="data_in_V_data_V_0_state_cmp_full">icmp, 0, 0, 8, 2, 1</column>
<column name="data_out_V_IQ_data_V_1_state_cmp_full">icmp, 0, 0, 8, 2, 1</column>
<column name="data_out_V_last_V_1_state_cmp_full">icmp, 0, 0, 8, 2, 1</column>
<column name="icmp_ln879_1_fu_613_p2">icmp, 0, 0, 11, 8, 5</column>
<column name="icmp_ln879_2_fu_591_p2">icmp, 0, 0, 11, 6, 4</column>
<column name="icmp_ln879_3_fu_755_p2">icmp, 0, 0, 11, 8, 1</column>
<column name="icmp_ln879_4_fu_619_p2">icmp, 0, 0, 13, 12, 9</column>
<column name="icmp_ln879_5_fu_625_p2">icmp, 0, 0, 11, 8, 2</column>
<column name="icmp_ln879_fu_749_p2">icmp, 0, 0, 13, 16, 10</column>
<column name="ap_block_state1_pp0_stage0_iter0">or, 0, 0, 2, 1, 1</column>
<column name="ap_block_state2_io">or, 0, 0, 2, 1, 1</column>
<column name="ap_block_state3_io">or, 0, 0, 2, 1, 1</column>
<column name="ap_block_state3_pp0_stage0_iter2">or, 0, 0, 2, 1, 1</column>
<column name="tmp_last_V_fu_683_p2">or, 0, 0, 2, 1, 1</column>
<column name="select_ln681_fu_761_p3">select, 0, 0, 2, 1, 2</column>
<column name="select_ln813_fu_631_p3">select, 0, 0, 3, 1, 3</column>
<column name="select_ln879_1_fu_659_p3">select, 0, 0, 3, 1, 1</column>
<column name="select_ln879_2_fu_668_p3">select, 0, 0, 8, 1, 1</column>
<column name="select_ln879_fu_651_p3">select, 0, 0, 3, 1, 3</column>
<column name="xor_ln879_fu_639_p2">xor, 0, 0, 2, 1, 2</column>
</table>
</item>
<item name = "Multiplexer"><table name="" hasTotal="1">
<keys size="5">Name, LUT, Input Size, Bits, Total Bits</keys>
<column name="PRB_count_V">9, 2, 12, 24</column>
<column name="ap_phi_mux_PRB_fragmentation_V_1_phi_fu_324_p20">15, 3, 8, 24</column>
<column name="ap_phi_mux_PRB_fragmentation_V_s_phi_fu_288_p20">15, 3, 1, 3</column>
<column name="ap_phi_mux_ecpri_msg_state_flag_1_phi_fu_219_p20">15, 3, 1, 3</column>
<column name="ap_phi_mux_ecpri_msg_state_new_1_phi_fu_255_p20">41, 8, 3, 24</column>
<column name="data_in_TDATA_blk_n">9, 2, 1, 2</column>
<column name="data_in_V_data_V_0_data_out">9, 2, 128, 256</column>
<column name="data_in_V_data_V_0_state">15, 3, 2, 6</column>
<column name="data_in_V_last_V_0_state">15, 3, 2, 6</column>
<column name="data_out_TDATA_blk_n">9, 2, 1, 2</column>
<column name="data_out_V_IQ_data_V_1_data_in">21, 4, 128, 512</column>
<column name="data_out_V_IQ_data_V_1_data_out">9, 2, 128, 256</column>
<column name="data_out_V_IQ_data_V_1_state">15, 3, 2, 6</column>
<column name="data_out_V_last_V_1_data_in">15, 3, 1, 3</column>
<column name="data_out_V_last_V_1_data_out">9, 2, 1, 2</column>
<column name="data_out_V_last_V_1_state">15, 3, 2, 6</column>
<column name="symbolID_V">9, 2, 6, 12</column>
</table>
</item>
<item name = "Register"><table name="" hasTotal="1">
<keys size="5">Name, FF, LUT, Bits, Const Bits</keys>
<column name="PRB_count_V">12, 0, 12, 0</column>
<column name="PRB_fragmentation_V">8, 0, 8, 0</column>
<column name="add_ln209_reg_927">12, 0, 12, 0</column>
<column name="add_ln209_reg_927_pp0_iter1_reg">12, 0, 12, 0</column>
<column name="ap_CS_iter0_fsm">1, 0, 1, 0</column>
<column name="ap_CS_iter1_fsm">1, 0, 1, 0</column>
<column name="ap_CS_iter2_fsm">1, 0, 1, 0</column>
<column name="data_in_V_data_V_0_payload_A">128, 0, 128, 0</column>
<column name="data_in_V_data_V_0_payload_B">128, 0, 128, 0</column>
<column name="data_in_V_data_V_0_sel_rd">1, 0, 1, 0</column>
<column name="data_in_V_data_V_0_sel_wr">1, 0, 1, 0</column>
<column name="data_in_V_data_V_0_state">2, 0, 2, 0</column>
<column name="data_in_V_last_V_0_state">2, 0, 2, 0</column>
<column name="data_out_V_IQ_data_V_1_payload_A">128, 0, 128, 0</column>
<column name="data_out_V_IQ_data_V_1_payload_B">128, 0, 128, 0</column>
<column name="data_out_V_IQ_data_V_1_sel_rd">1, 0, 1, 0</column>
<column name="data_out_V_IQ_data_V_1_sel_wr">1, 0, 1, 0</column>
<column name="data_out_V_IQ_data_V_1_state">2, 0, 2, 0</column>
<column name="data_out_V_last_V_1_payload_A">1, 0, 1, 0</column>
<column name="data_out_V_last_V_1_payload_B">1, 0, 1, 0</column>
<column name="data_out_V_last_V_1_sel_rd">1, 0, 1, 0</column>
<column name="data_out_V_last_V_1_sel_wr">1, 0, 1, 0</column>
<column name="data_out_V_last_V_1_state">2, 0, 2, 0</column>
<column name="ecpri_msg_state">3, 0, 3, 0</column>
<column name="ecpri_msg_state_load_reg_894">3, 0, 3, 0</column>
<column name="ecpri_msg_state_load_reg_894_pp0_iter1_reg">3, 0, 3, 0</column>
<column name="reg_515">8, 0, 8, 0</column>
<column name="reg_519">8, 0, 8, 0</column>
<column name="reg_523">8, 0, 8, 0</column>
<column name="reg_527">8, 0, 8, 0</column>
<column name="reg_531">8, 0, 8, 0</column>
<column name="reg_535">8, 0, 8, 0</column>
<column name="reg_539">8, 0, 8, 0</column>
<column name="reg_543">8, 0, 8, 0</column>
<column name="reg_547">8, 0, 8, 0</column>
<column name="reg_551">8, 0, 8, 0</column>
<column name="reg_555">8, 0, 8, 0</column>
<column name="reg_559">8, 0, 8, 0</column>
<column name="reg_563">8, 0, 8, 0</column>
<column name="reg_567">8, 0, 8, 0</column>
<column name="reg_571">8, 0, 8, 0</column>
<column name="symbolID_V">6, 0, 6, 0</column>
<column name="tmp_last_V_reg_907">1, 0, 1, 0</column>
<column name="trunc_ln647_1_reg_912">8, 0, 8, 0</column>
<column name="trunc_ln647_2_reg_902">8, 0, 8, 0</column>
<column name="trunc_ln647_reg_917">8, 0, 8, 0</column>
<column name="trunc_ln_reg_922">4, 0, 4, 0</column>
<column name="trunc_ln_reg_922_pp0_iter1_reg">4, 0, 4, 0</column>
</table>
</item>
</section>
</item>
</section>

<section name = "Interface" level="0">
<item name = "Summary"><table name="" hasTotal="0">
<keys size="6">RTL Ports, Dir, Bits, Protocol, Source Object, C Type</keys>
<column name="ap_clk">in, 1, ap_ctrl_none, uplane_depacketiser, return value</column>
<column name="ap_rst_n">in, 1, ap_ctrl_none, uplane_depacketiser, return value</column>
<column name="data_in_TDATA">in, 128, axis, data_in_V_data_V, pointer</column>
<column name="data_in_TVALID">in, 1, axis, data_in_V_last_V, pointer</column>
<column name="data_in_TREADY">out, 1, axis, data_in_V_last_V, pointer</column>
<column name="data_in_TLAST">in, 1, axis, data_in_V_last_V, pointer</column>
<column name="data_out_TDATA">out, 128, axis, data_out_V_IQ_data_V, pointer</column>
<column name="data_out_TREADY">in, 1, axis, data_out_V_IQ_data_V, pointer</column>
<column name="data_out_TVALID">out, 1, axis, data_out_V_last_V, pointer</column>
<column name="data_out_TLAST">out, 1, axis, data_out_V_last_V, pointer</column>
<column name="count_PRBs_V">in, 8, ap_none, count_PRBs_V, pointer</column>
<column name="PRB_count_each_section_V">out, 12, ap_none, PRB_count_each_section_V, pointer</column>
<column name="depack_symbol_number_V">out, 4, ap_none, depack_symbol_number_V, pointer</column>
<column name="iq_msg_state_out_V">out, 8, ap_none, iq_msg_state_out_V, pointer</column>
</table>
</item>
</section>
</profile>
