<stg><name>Ethernet_demux</name>


<trans_list>

<trans id="139" from="1" to="2">
<condition id="-1">
<or_exp><and_exp></and_exp></or_exp>
</condition>
</trans>

<trans id="140" from="2" to="3">
<condition id="-1">
<or_exp><and_exp></and_exp></or_exp>
</condition>
</trans>
</trans_list>



<state_list>

<state id="1" st_id="1">

<operation id="4" st_id="1" stage="1" lat="1">
<core>NULL</core>
<MemPortIdVec></MemPortIdVec>
<condition id="-1">
<or_exp><and_exp></and_exp></or_exp>
</condition>

<Node id="54" bw="4" op_0_bw="4">
<![CDATA[
codeRepl:30  %state_V_load = load i4* @state_V, align 1

]]></Node>
<StgValue><ssdm name="state_V_load"/></StgValue>
</operation>

<operation id="5" st_id="1" stage="1" lat="1">
<core>NULL</core>
<MemPortIdVec></MemPortIdVec>
<condition id="-1">
<or_exp><and_exp></and_exp></or_exp>
</condition>

<Node id="55" bw="3" op_0_bw="4">
<![CDATA[
codeRepl:31  %trunc_ln209 = trunc i4 %state_V_load to i3

]]></Node>
<StgValue><ssdm name="trunc_ln209"/></StgValue>
</operation>

<operation id="6" st_id="1" stage="1" lat="1">
<core>NULL</core>
<MemPortIdVec></MemPortIdVec>
<condition id="-1">
<or_exp><and_exp></and_exp></or_exp>
</condition>

<Node id="57" bw="128" op_0_bw="128">
<![CDATA[
codeRepl:33  %p_Val2_1 = load i128* @eth_data_in_data_V, align 8

]]></Node>
<StgValue><ssdm name="p_Val2_1"/></StgValue>
</operation>

<operation id="7" st_id="1" stage="1" lat="1">
<core>NULL</core>
<MemPortIdVec></MemPortIdVec>
<condition id="-1">
<or_exp><and_exp></and_exp></or_exp>
</condition>

<Node id="59" bw="128" op_0_bw="128">
<![CDATA[
codeRepl:35  %p_Val2_3 = load i128* @eth_data_in_1_data_V, align 8

]]></Node>
<StgValue><ssdm name="p_Val2_3"/></StgValue>
</operation>

<operation id="8" st_id="1" stage="1" lat="1">
<core>NULL</core>
<MemPortIdVec></MemPortIdVec>
<condition id="-1">
<or_exp><and_exp></and_exp></or_exp>
</condition>

<Node id="60" bw="0" op_0_bw="4" op_1_bw="0" op_2_bw="4" op_3_bw="0" op_4_bw="4" op_5_bw="0" op_6_bw="4" op_7_bw="0" op_8_bw="4" op_9_bw="0" op_10_bw="4" op_11_bw="0" op_12_bw="4" op_13_bw="0" op_14_bw="4" op_15_bw="0" op_16_bw="4" op_17_bw="0">
<![CDATA[
codeRepl:36  switch i4 %state_V_load, label %8 [
    i4 0, label %0
    i4 1, label %1
    i4 2, label %2
    i4 3, label %3
    i4 4, label %4
    i4 5, label %5
    i4 6, label %6
    i4 7, label %7
  ]

]]></Node>
<StgValue><ssdm name="switch_ln47"/></StgValue>
</operation>

<operation id="9" st_id="1" stage="1" lat="1">
<core>AXI4Stream</core>
<MemPortIdVec></MemPortIdVec>
<condition id="-1">
<or_exp><and_exp><literal name="state_V_load" val="7"/>
</and_exp></or_exp>
</condition>

<Node id="62" bw="146" op_0_bw="146" op_1_bw="128" op_2_bw="1" op_3_bw="16" op_4_bw="1">
<![CDATA[
:0  %empty_21 = call { i128, i1, i16, i1 } @_ssdm_op_Read.axis.volatile.i128P.i1P.i16P.i1P(i128* %eth_data_rx_V_data_V, i1* %eth_data_rx_V_user_V, i16* %eth_data_rx_V_keep_V, i1* %eth_data_rx_V_last_V)

]]></Node>
<StgValue><ssdm name="empty_21"/></StgValue>
</operation>

<operation id="10" st_id="1" stage="1" lat="1">
<core>NULL</core>
<MemPortIdVec></MemPortIdVec>
<condition id="-1">
<or_exp><and_exp><literal name="state_V_load" val="7"/>
</and_exp></or_exp>
</condition>

<Node id="63" bw="128" op_0_bw="146">
<![CDATA[
:1  %tmp_data_V_5 = extractvalue { i128, i1, i16, i1 } %empty_21, 0

]]></Node>
<StgValue><ssdm name="tmp_data_V_5"/></StgValue>
</operation>

<operation id="11" st_id="1" stage="1" lat="1">
<core>NULL</core>
<MemPortIdVec></MemPortIdVec>
<condition id="-1">
<or_exp><and_exp><literal name="state_V_load" val="7"/>
</and_exp></or_exp>
</condition>

<Node id="64" bw="1" op_0_bw="146">
<![CDATA[
:2  %tmp_user_V_4 = extractvalue { i128, i1, i16, i1 } %empty_21, 1

]]></Node>
<StgValue><ssdm name="tmp_user_V_4"/></StgValue>
</operation>

<operation id="12" st_id="1" stage="1" lat="1">
<core>NULL</core>
<MemPortIdVec></MemPortIdVec>
<condition id="-1">
<or_exp><and_exp><literal name="state_V_load" val="7"/>
</and_exp></or_exp>
</condition>

<Node id="65" bw="1" op_0_bw="146">
<![CDATA[
:3  %tmp_last_V_3 = extractvalue { i128, i1, i16, i1 } %empty_21, 3

]]></Node>
<StgValue><ssdm name="tmp_last_V_3"/></StgValue>
</operation>

<operation id="13" st_id="1" stage="1" lat="1">
<core>NULL</core>
<MemPortIdVec></MemPortIdVec>
<condition id="-1">
<or_exp><and_exp><literal name="state_V_load" val="7"/>
</and_exp></or_exp>
</condition>

<Node id="66" bw="0" op_0_bw="128" op_1_bw="128" op_2_bw="128">
<![CDATA[
:4  store i128 %tmp_data_V_5, i128* @eth_data_in_data_V, align 16

]]></Node>
<StgValue><ssdm name="store_ln19"/></StgValue>
</operation>

<operation id="14" st_id="1" stage="1" lat="1">
<core>Sel</core>
<MemPortIdVec></MemPortIdVec>
<condition id="-1">
<or_exp><and_exp><literal name="state_V_load" val="7"/>
</and_exp></or_exp>
</condition>

<Node id="68" bw="4" op_0_bw="1" op_1_bw="4" op_2_bw="4">
<![CDATA[
:6  %select_ln149 = select i1 %tmp_last_V_3, i4 0, i4 7

]]></Node>
<StgValue><ssdm name="select_ln149"/></StgValue>
</operation>

<operation id="15" st_id="1" stage="1" lat="1">
<core>NULL</core>
<MemPortIdVec></MemPortIdVec>
<condition id="-1">
<or_exp><and_exp><literal name="state_V_load" val="7"/>
</and_exp></or_exp>
</condition>

<Node id="69" bw="0" op_0_bw="4" op_1_bw="4" op_2_bw="4">
<![CDATA[
:7  store i4 %select_ln149, i4* @state_V, align 1

]]></Node>
<StgValue><ssdm name="store_ln150"/></StgValue>
</operation>

<operation id="16" st_id="1" stage="1" lat="1">
<core>AXI4Stream</core>
<MemPortIdVec></MemPortIdVec>
<condition id="-1">
<or_exp><and_exp><literal name="state_V_load" val="6"/>
</and_exp></or_exp>
</condition>

<Node id="72" bw="146" op_0_bw="146" op_1_bw="128" op_2_bw="1" op_3_bw="16" op_4_bw="1">
<![CDATA[
:0  %empty_20 = call { i128, i1, i16, i1 } @_ssdm_op_Read.axis.volatile.i128P.i1P.i16P.i1P(i128* %eth_data_rx_V_data_V, i1* %eth_data_rx_V_user_V, i16* %eth_data_rx_V_keep_V, i1* %eth_data_rx_V_last_V)

]]></Node>
<StgValue><ssdm name="empty_20"/></StgValue>
</operation>

<operation id="17" st_id="1" stage="1" lat="1">
<core>NULL</core>
<MemPortIdVec></MemPortIdVec>
<condition id="-1">
<or_exp><and_exp><literal name="state_V_load" val="6"/>
</and_exp></or_exp>
</condition>

<Node id="73" bw="128" op_0_bw="146">
<![CDATA[
:1  %tmp_data_V_4 = extractvalue { i128, i1, i16, i1 } %empty_20, 0

]]></Node>
<StgValue><ssdm name="tmp_data_V_4"/></StgValue>
</operation>

<operation id="18" st_id="1" stage="1" lat="1">
<core>NULL</core>
<MemPortIdVec></MemPortIdVec>
<condition id="-1">
<or_exp><and_exp><literal name="state_V_load" val="6"/>
</and_exp></or_exp>
</condition>

<Node id="74" bw="1" op_0_bw="146">
<![CDATA[
:2  %tmp_user_V_3 = extractvalue { i128, i1, i16, i1 } %empty_20, 1

]]></Node>
<StgValue><ssdm name="tmp_user_V_3"/></StgValue>
</operation>

<operation id="19" st_id="1" stage="1" lat="1">
<core>NULL</core>
<MemPortIdVec></MemPortIdVec>
<condition id="-1">
<or_exp><and_exp><literal name="state_V_load" val="6"/>
</and_exp></or_exp>
</condition>

<Node id="75" bw="16" op_0_bw="146">
<![CDATA[
:3  %tmp_keep_V_1 = extractvalue { i128, i1, i16, i1 } %empty_20, 2

]]></Node>
<StgValue><ssdm name="tmp_keep_V_1"/></StgValue>
</operation>

<operation id="20" st_id="1" stage="1" lat="1">
<core>NULL</core>
<MemPortIdVec></MemPortIdVec>
<condition id="-1">
<or_exp><and_exp><literal name="state_V_load" val="6"/>
</and_exp></or_exp>
</condition>

<Node id="76" bw="1" op_0_bw="146">
<![CDATA[
:4  %tmp_last_V_2 = extractvalue { i128, i1, i16, i1 } %empty_20, 3

]]></Node>
<StgValue><ssdm name="tmp_last_V_2"/></StgValue>
</operation>

<operation id="21" st_id="1" stage="1" lat="1">
<core>NULL</core>
<MemPortIdVec></MemPortIdVec>
<condition id="-1">
<or_exp><and_exp><literal name="state_V_load" val="6"/>
</and_exp></or_exp>
</condition>

<Node id="77" bw="0" op_0_bw="128" op_1_bw="128" op_2_bw="128">
<![CDATA[
:5  store i128 %tmp_data_V_4, i128* @eth_data_in_data_V, align 16

]]></Node>
<StgValue><ssdm name="store_ln19"/></StgValue>
</operation>

<operation id="22" st_id="1" stage="1" lat="1">
<core>NULL</core>
<MemPortIdVec></MemPortIdVec>
<condition id="-1">
<or_exp><and_exp><literal name="state_V_load" val="6"/>
</and_exp></or_exp>
</condition>

<Node id="80" bw="80" op_0_bw="80" op_1_bw="80">
<![CDATA[
:8  %tmp_V = call i80 @_ssdm_op_Read.ap_none.i80P(i80* %rx_tstamp_in_V)

]]></Node>
<StgValue><ssdm name="tmp_V"/></StgValue>
</operation>

<operation id="23" st_id="1" stage="1" lat="1">
<core>Sel</core>
<MemPortIdVec></MemPortIdVec>
<condition id="-1">
<or_exp><and_exp><literal name="state_V_load" val="6"/>
</and_exp></or_exp>
</condition>

<Node id="82" bw="4" op_0_bw="1" op_1_bw="4" op_2_bw="4">
<![CDATA[
:10  %select_ln140 = select i1 %tmp_last_V_2, i4 0, i4 6

]]></Node>
<StgValue><ssdm name="select_ln140"/></StgValue>
</operation>

<operation id="24" st_id="1" stage="1" lat="1">
<core>NULL</core>
<MemPortIdVec></MemPortIdVec>
<condition id="-1">
<or_exp><and_exp><literal name="state_V_load" val="6"/>
</and_exp></or_exp>
</condition>

<Node id="83" bw="0" op_0_bw="4" op_1_bw="4" op_2_bw="4">
<![CDATA[
:11  store i4 %select_ln140, i4* @state_V, align 1

]]></Node>
<StgValue><ssdm name="store_ln141"/></StgValue>
</operation>

<operation id="25" st_id="1" stage="1" lat="1">
<core>AXI4Stream</core>
<MemPortIdVec></MemPortIdVec>
<condition id="-1">
<or_exp><and_exp><literal name="state_V_load" val="5"/>
</and_exp></or_exp>
</condition>

<Node id="86" bw="146" op_0_bw="146" op_1_bw="128" op_2_bw="1" op_3_bw="16" op_4_bw="1">
<![CDATA[
:0  %empty_19 = call { i128, i1, i16, i1 } @_ssdm_op_Read.axis.volatile.i128P.i1P.i16P.i1P(i128* %eth_data_rx_V_data_V, i1* %eth_data_rx_V_user_V, i16* %eth_data_rx_V_keep_V, i1* %eth_data_rx_V_last_V)

]]></Node>
<StgValue><ssdm name="empty_19"/></StgValue>
</operation>

<operation id="26" st_id="1" stage="1" lat="1">
<core>NULL</core>
<MemPortIdVec></MemPortIdVec>
<condition id="-1">
<or_exp><and_exp><literal name="state_V_load" val="5"/>
</and_exp></or_exp>
</condition>

<Node id="87" bw="128" op_0_bw="146">
<![CDATA[
:1  %tmp_data_V_3 = extractvalue { i128, i1, i16, i1 } %empty_19, 0

]]></Node>
<StgValue><ssdm name="tmp_data_V_3"/></StgValue>
</operation>

<operation id="27" st_id="1" stage="1" lat="1">
<core>NULL</core>
<MemPortIdVec></MemPortIdVec>
<condition id="-1">
<or_exp><and_exp><literal name="state_V_load" val="5"/>
</and_exp></or_exp>
</condition>

<Node id="88" bw="1" op_0_bw="146">
<![CDATA[
:2  %tmp_user_V_2 = extractvalue { i128, i1, i16, i1 } %empty_19, 1

]]></Node>
<StgValue><ssdm name="tmp_user_V_2"/></StgValue>
</operation>

<operation id="28" st_id="1" stage="1" lat="1">
<core>NULL</core>
<MemPortIdVec></MemPortIdVec>
<condition id="-1">
<or_exp><and_exp><literal name="state_V_load" val="5"/>
</and_exp></or_exp>
</condition>

<Node id="89" bw="16" op_0_bw="146">
<![CDATA[
:3  %tmp_keep_V = extractvalue { i128, i1, i16, i1 } %empty_19, 2

]]></Node>
<StgValue><ssdm name="tmp_keep_V"/></StgValue>
</operation>

<operation id="29" st_id="1" stage="1" lat="1">
<core>NULL</core>
<MemPortIdVec></MemPortIdVec>
<condition id="-1">
<or_exp><and_exp><literal name="state_V_load" val="5"/>
</and_exp></or_exp>
</condition>

<Node id="90" bw="1" op_0_bw="146">
<![CDATA[
:4  %tmp_last_V_1 = extractvalue { i128, i1, i16, i1 } %empty_19, 3

]]></Node>
<StgValue><ssdm name="tmp_last_V_1"/></StgValue>
</operation>

<operation id="30" st_id="1" stage="1" lat="1">
<core>NULL</core>
<MemPortIdVec></MemPortIdVec>
<condition id="-1">
<or_exp><and_exp><literal name="state_V_load" val="5"/>
</and_exp></or_exp>
</condition>

<Node id="91" bw="0" op_0_bw="128" op_1_bw="128" op_2_bw="128">
<![CDATA[
:5  store i128 %tmp_data_V_3, i128* @eth_data_in_data_V, align 16

]]></Node>
<StgValue><ssdm name="store_ln19"/></StgValue>
</operation>

<operation id="31" st_id="1" stage="1" lat="1">
<core>Sel</core>
<MemPortIdVec></MemPortIdVec>
<condition id="-1">
<or_exp><and_exp><literal name="state_V_load" val="5"/>
</and_exp></or_exp>
</condition>

<Node id="94" bw="4" op_0_bw="1" op_1_bw="4" op_2_bw="4">
<![CDATA[
:8  %select_ln129 = select i1 %tmp_last_V_1, i4 0, i4 5

]]></Node>
<StgValue><ssdm name="select_ln129"/></StgValue>
</operation>

<operation id="32" st_id="1" stage="1" lat="1">
<core>NULL</core>
<MemPortIdVec></MemPortIdVec>
<condition id="-1">
<or_exp><and_exp><literal name="state_V_load" val="5"/>
</and_exp></or_exp>
</condition>

<Node id="95" bw="0" op_0_bw="4" op_1_bw="4" op_2_bw="4">
<![CDATA[
:9  store i4 %select_ln129, i4* @state_V, align 1

]]></Node>
<StgValue><ssdm name="store_ln130"/></StgValue>
</operation>

<operation id="33" st_id="1" stage="1" lat="1">
<core>AXI4Stream</core>
<MemPortIdVec></MemPortIdVec>
<condition id="-1">
<or_exp><and_exp><literal name="state_V_load" val="4"/>
</and_exp></or_exp>
</condition>

<Node id="98" bw="146" op_0_bw="146" op_1_bw="128" op_2_bw="1" op_3_bw="16" op_4_bw="1">
<![CDATA[
:0  %empty_18 = call { i128, i1, i16, i1 } @_ssdm_op_Read.axis.volatile.i128P.i1P.i16P.i1P(i128* %eth_data_rx_V_data_V, i1* %eth_data_rx_V_user_V, i16* %eth_data_rx_V_keep_V, i1* %eth_data_rx_V_last_V)

]]></Node>
<StgValue><ssdm name="empty_18"/></StgValue>
</operation>

<operation id="34" st_id="1" stage="1" lat="1">
<core>NULL</core>
<MemPortIdVec></MemPortIdVec>
<condition id="-1">
<or_exp><and_exp><literal name="state_V_load" val="4"/>
</and_exp></or_exp>
</condition>

<Node id="99" bw="128" op_0_bw="146">
<![CDATA[
:1  %tmp_data_V_2 = extractvalue { i128, i1, i16, i1 } %empty_18, 0

]]></Node>
<StgValue><ssdm name="tmp_data_V_2"/></StgValue>
</operation>

<operation id="35" st_id="1" stage="1" lat="1">
<core>NULL</core>
<MemPortIdVec></MemPortIdVec>
<condition id="-1">
<or_exp><and_exp><literal name="state_V_load" val="4"/>
</and_exp></or_exp>
</condition>

<Node id="100" bw="1" op_0_bw="146">
<![CDATA[
:2  %tmp_user_V_1 = extractvalue { i128, i1, i16, i1 } %empty_18, 1

]]></Node>
<StgValue><ssdm name="tmp_user_V_1"/></StgValue>
</operation>

<operation id="36" st_id="1" stage="1" lat="1">
<core>NULL</core>
<MemPortIdVec></MemPortIdVec>
<condition id="-1">
<or_exp><and_exp><literal name="state_V_load" val="4"/>
</and_exp></or_exp>
</condition>

<Node id="101" bw="1" op_0_bw="146">
<![CDATA[
:3  %tmp_last_V = extractvalue { i128, i1, i16, i1 } %empty_18, 3

]]></Node>
<StgValue><ssdm name="tmp_last_V"/></StgValue>
</operation>

<operation id="37" st_id="1" stage="1" lat="1">
<core>NULL</core>
<MemPortIdVec></MemPortIdVec>
<condition id="-1">
<or_exp><and_exp><literal name="state_V_load" val="4"/>
</and_exp></or_exp>
</condition>

<Node id="102" bw="0" op_0_bw="128" op_1_bw="128" op_2_bw="128">
<![CDATA[
:4  store i128 %tmp_data_V_2, i128* @eth_data_in_data_V, align 16

]]></Node>
<StgValue><ssdm name="store_ln19"/></StgValue>
</operation>

<operation id="38" st_id="1" stage="1" lat="1">
<core>Sel</core>
<MemPortIdVec></MemPortIdVec>
<condition id="-1">
<or_exp><and_exp><literal name="state_V_load" val="4"/>
</and_exp></or_exp>
</condition>

<Node id="105" bw="4" op_0_bw="1" op_1_bw="4" op_2_bw="4">
<![CDATA[
:7  %select_ln112 = select i1 %tmp_last_V, i4 0, i4 4

]]></Node>
<StgValue><ssdm name="select_ln112"/></StgValue>
</operation>

<operation id="39" st_id="1" stage="1" lat="1">
<core>NULL</core>
<MemPortIdVec></MemPortIdVec>
<condition id="-1">
<or_exp><and_exp><literal name="state_V_load" val="4"/>
</and_exp></or_exp>
</condition>

<Node id="106" bw="0" op_0_bw="4" op_1_bw="4" op_2_bw="4">
<![CDATA[
:8  store i4 %select_ln112, i4* @state_V, align 1

]]></Node>
<StgValue><ssdm name="store_ln114"/></StgValue>
</operation>

<operation id="40" st_id="1" stage="1" lat="1">
<core>NULL</core>
<MemPortIdVec></MemPortIdVec>
<condition id="-1">
<or_exp><and_exp><literal name="state_V_load" val="3"/>
</and_exp></or_exp>
</condition>

<Node id="109" bw="0" op_0_bw="4" op_1_bw="4" op_2_bw="4">
<![CDATA[
:0  store i4 4, i4* @state_V, align 1

]]></Node>
<StgValue><ssdm name="store_ln98"/></StgValue>
</operation>

<operation id="41" st_id="1" stage="1" lat="1">
<core>NULL</core>
<MemPortIdVec></MemPortIdVec>
<condition id="-1">
<or_exp><and_exp><literal name="state_V_load" val="2"/>
</and_exp></or_exp>
</condition>

<Node id="112" bw="96" op_0_bw="96" op_1_bw="128" op_2_bw="32" op_3_bw="32">
<![CDATA[
:0  %p_Result_9 = call i96 @_ssdm_op_PartSelect.i96.i128.i32.i32(i128 %p_Val2_3, i32 32, i32 127)

]]></Node>
<StgValue><ssdm name="p_Result_9"/></StgValue>
</operation>

<operation id="42" st_id="1" stage="1" lat="1">
<core>NULL</core>
<MemPortIdVec></MemPortIdVec>
<condition id="-1">
<or_exp><and_exp><literal name="state_V_load" val="2"/>
</and_exp></or_exp>
</condition>

<Node id="113" bw="128" op_0_bw="128" op_1_bw="32" op_2_bw="96">
<![CDATA[
:1  %p_Result_4 = call i128 @_ssdm_op_BitConcatenate.i128.i32.i96(i32 0, i96 %p_Result_9)

]]></Node>
<StgValue><ssdm name="p_Result_4"/></StgValue>
</operation>

<operation id="43" st_id="1" stage="1" lat="1">
<core>NULL</core>
<MemPortIdVec></MemPortIdVec>
<condition id="-1">
<or_exp><and_exp><literal name="state_V_load" val="2"/>
</and_exp></or_exp>
</condition>

<Node id="114" bw="0" op_0_bw="128" op_1_bw="128" op_2_bw="128">
<![CDATA[
:2  store i128 %p_Result_4, i128* @eth_data_in_data_V, align 16

]]></Node>
<StgValue><ssdm name="store_ln71"/></StgValue>
</operation>

<operation id="44" st_id="1" stage="1" lat="1">
<core>NULL</core>
<MemPortIdVec></MemPortIdVec>
<condition id="-1">
<or_exp><and_exp><literal name="state_V_load" val="2"/>
</and_exp></or_exp>
</condition>

<Node id="116" bw="0" op_0_bw="4" op_1_bw="4" op_2_bw="4">
<![CDATA[
:4  store i4 3, i4* @state_V, align 1

]]></Node>
<StgValue><ssdm name="store_ln76"/></StgValue>
</operation>

<operation id="45" st_id="1" stage="1" lat="1">
<core>AXI4Stream</core>
<MemPortIdVec></MemPortIdVec>
<condition id="-1">
<or_exp><and_exp><literal name="state_V_load" val="1"/>
</and_exp></or_exp>
</condition>

<Node id="119" bw="146" op_0_bw="146" op_1_bw="128" op_2_bw="1" op_3_bw="16" op_4_bw="1">
<![CDATA[
:0  %empty_17 = call { i128, i1, i16, i1 } @_ssdm_op_Read.axis.volatile.i128P.i1P.i16P.i1P(i128* %eth_data_rx_V_data_V, i1* %eth_data_rx_V_user_V, i16* %eth_data_rx_V_keep_V, i1* %eth_data_rx_V_last_V)

]]></Node>
<StgValue><ssdm name="empty_17"/></StgValue>
</operation>

<operation id="46" st_id="1" stage="1" lat="1">
<core>NULL</core>
<MemPortIdVec></MemPortIdVec>
<condition id="-1">
<or_exp><and_exp><literal name="state_V_load" val="1"/>
</and_exp></or_exp>
</condition>

<Node id="120" bw="128" op_0_bw="146">
<![CDATA[
:1  %tmp_data_V_7 = extractvalue { i128, i1, i16, i1 } %empty_17, 0

]]></Node>
<StgValue><ssdm name="tmp_data_V_7"/></StgValue>
</operation>

<operation id="47" st_id="1" stage="1" lat="1">
<core>NULL</core>
<MemPortIdVec></MemPortIdVec>
<condition id="-1">
<or_exp><and_exp><literal name="state_V_load" val="1"/>
</and_exp></or_exp>
</condition>

<Node id="121" bw="0" op_0_bw="128" op_1_bw="128" op_2_bw="128">
<![CDATA[
:2  store i128 %tmp_data_V_7, i128* @eth_data_in_1_data_V, align 16

]]></Node>
<StgValue><ssdm name="store_ln19"/></StgValue>
</operation>

<operation id="48" st_id="1" stage="1" lat="1">
<core>NULL</core>
<MemPortIdVec></MemPortIdVec>
<condition id="-1">
<or_exp><and_exp><literal name="state_V_load" val="1"/>
</and_exp></or_exp>
</condition>

<Node id="122" bw="32" op_0_bw="128">
<![CDATA[
:3  %trunc_ln647_1 = trunc i128 %tmp_data_V_7 to i32

]]></Node>
<StgValue><ssdm name="trunc_ln647_1"/></StgValue>
</operation>

<operation id="49" st_id="1" stage="1" lat="1">
<core>NULL</core>
<MemPortIdVec></MemPortIdVec>
<condition id="-1">
<or_exp><and_exp><literal name="state_V_load" val="1"/>
</and_exp></or_exp>
</condition>

<Node id="123" bw="128" op_0_bw="128" op_1_bw="128" op_2_bw="32" op_3_bw="32" op_4_bw="32">
<![CDATA[
:4  %p_Result_3 = call i128 @llvm.part.set.i128.i32(i128 %p_Val2_1, i32 %trunc_ln647_1, i32 96, i32 127)

]]></Node>
<StgValue><ssdm name="p_Result_3"/></StgValue>
</operation>

<operation id="50" st_id="1" stage="1" lat="1">
<core>NULL</core>
<MemPortIdVec></MemPortIdVec>
<condition id="-1">
<or_exp><and_exp><literal name="state_V_load" val="1"/>
</and_exp></or_exp>
</condition>

<Node id="124" bw="0" op_0_bw="128" op_1_bw="128" op_2_bw="128">
<![CDATA[
:5  store i128 %p_Result_3, i128* @eth_data_in_data_V, align 16

]]></Node>
<StgValue><ssdm name="store_ln60"/></StgValue>
</operation>

<operation id="51" st_id="1" stage="1" lat="1">
<core>NULL</core>
<MemPortIdVec></MemPortIdVec>
<condition id="-1">
<or_exp><and_exp><literal name="state_V_load" val="1"/>
</and_exp></or_exp>
</condition>

<Node id="126" bw="0" op_0_bw="4" op_1_bw="4" op_2_bw="4">
<![CDATA[
:7  store i4 2, i4* @state_V, align 1

]]></Node>
<StgValue><ssdm name="store_ln66"/></StgValue>
</operation>

<operation id="52" st_id="1" stage="1" lat="1">
<core>AXI4Stream</core>
<MemPortIdVec></MemPortIdVec>
<condition id="-1">
<or_exp><and_exp><literal name="state_V_load" val="0"/>
</and_exp></or_exp>
</condition>

<Node id="129" bw="146" op_0_bw="146" op_1_bw="128" op_2_bw="1" op_3_bw="16" op_4_bw="1">
<![CDATA[
:0  %empty = call { i128, i1, i16, i1 } @_ssdm_op_Read.axis.volatile.i128P.i1P.i16P.i1P(i128* %eth_data_rx_V_data_V, i1* %eth_data_rx_V_user_V, i16* %eth_data_rx_V_keep_V, i1* %eth_data_rx_V_last_V)

]]></Node>
<StgValue><ssdm name="empty"/></StgValue>
</operation>

<operation id="53" st_id="1" stage="1" lat="1">
<core>NULL</core>
<MemPortIdVec></MemPortIdVec>
<condition id="-1">
<or_exp><and_exp><literal name="state_V_load" val="0"/>
</and_exp></or_exp>
</condition>

<Node id="130" bw="128" op_0_bw="146">
<![CDATA[
:1  %tmp_data_V_6 = extractvalue { i128, i1, i16, i1 } %empty, 0

]]></Node>
<StgValue><ssdm name="tmp_data_V_6"/></StgValue>
</operation>

<operation id="54" st_id="1" stage="1" lat="1">
<core>NULL</core>
<MemPortIdVec></MemPortIdVec>
<condition id="-1">
<or_exp><and_exp><literal name="state_V_load" val="0"/>
</and_exp></or_exp>
</condition>

<Node id="131" bw="0" op_0_bw="128" op_1_bw="128" op_2_bw="128">
<![CDATA[
:2  store i128 %tmp_data_V_6, i128* @eth_data_in_1_data_V, align 16

]]></Node>
<StgValue><ssdm name="store_ln19"/></StgValue>
</operation>

<operation id="55" st_id="1" stage="1" lat="1">
<core>NULL</core>
<MemPortIdVec></MemPortIdVec>
<condition id="-1">
<or_exp><and_exp><literal name="state_V_load" val="0"/>
</and_exp></or_exp>
</condition>

<Node id="132" bw="96" op_0_bw="128">
<![CDATA[
:3  %trunc_ln647 = trunc i128 %tmp_data_V_6 to i96

]]></Node>
<StgValue><ssdm name="trunc_ln647"/></StgValue>
</operation>

<operation id="56" st_id="1" stage="1" lat="1">
<core>NULL</core>
<MemPortIdVec></MemPortIdVec>
<condition id="-1">
<or_exp><and_exp><literal name="state_V_load" val="0"/>
</and_exp></or_exp>
</condition>

<Node id="133" bw="128" op_0_bw="128" op_1_bw="128" op_2_bw="96" op_3_bw="32" op_4_bw="32">
<![CDATA[
:4  %p_Result_s = call i128 @llvm.part.set.i128.i96(i128 %p_Val2_1, i96 %trunc_ln647, i32 0, i32 95)

]]></Node>
<StgValue><ssdm name="p_Result_s"/></StgValue>
</operation>

<operation id="57" st_id="1" stage="1" lat="1">
<core>NULL</core>
<MemPortIdVec></MemPortIdVec>
<condition id="-1">
<or_exp><and_exp><literal name="state_V_load" val="0"/>
</and_exp></or_exp>
</condition>

<Node id="134" bw="0" op_0_bw="128" op_1_bw="128" op_2_bw="128">
<![CDATA[
:5  store i128 %p_Result_s, i128* @eth_data_in_data_V, align 16

]]></Node>
<StgValue><ssdm name="store_ln52"/></StgValue>
</operation>

<operation id="58" st_id="1" stage="1" lat="1">
<core>NULL</core>
<MemPortIdVec></MemPortIdVec>
<condition id="-1">
<or_exp><and_exp><literal name="state_V_load" val="0"/>
</and_exp></or_exp>
</condition>

<Node id="135" bw="0" op_0_bw="4" op_1_bw="4" op_2_bw="4">
<![CDATA[
:6  store i4 1, i4* @state_V, align 1

]]></Node>
<StgValue><ssdm name="store_ln54"/></StgValue>
</operation>

<operation id="59" st_id="1" stage="1" lat="1">
<core>NULL</core>
<MemPortIdVec></MemPortIdVec>
<condition id="-1">
<or_exp><and_exp><literal name="state_V_load" val="!0"/>
<literal name="state_V_load" val="!1"/>
<literal name="state_V_load" val="!2"/>
<literal name="state_V_load" val="!3"/>
<literal name="state_V_load" val="!4"/>
<literal name="state_V_load" val="!5"/>
<literal name="state_V_load" val="!6"/>
<literal name="state_V_load" val="!7"/>
</and_exp></or_exp>
</condition>

<Node id="138" bw="0" op_0_bw="4" op_1_bw="4" op_2_bw="4">
<![CDATA[
:0  store i4 0, i4* @state_V, align 1

]]></Node>
<StgValue><ssdm name="store_ln157"/></StgValue>
</operation>
</state>

<state id="2" st_id="2">

<operation id="60" st_id="2" stage="1" lat="1">
<core>NULL</core>
<MemPortIdVec></MemPortIdVec>
<condition id="-1">
<or_exp><and_exp></and_exp></or_exp>
</condition>

<Node id="58" bw="1" op_0_bw="1">
<![CDATA[
codeRepl:34  %tmp_user_V = load i1* @eth_data_in_user_V, align 1

]]></Node>
<StgValue><ssdm name="tmp_user_V"/></StgValue>
</operation>

<operation id="61" st_id="2" stage="1" lat="1">
<core>NULL</core>
<MemPortIdVec></MemPortIdVec>
<condition id="-1">
<or_exp><and_exp><literal name="state_V_load" val="7"/>
</and_exp></or_exp>
</condition>

<Node id="67" bw="0" op_0_bw="1" op_1_bw="1" op_2_bw="1">
<![CDATA[
:5  store i1 %tmp_user_V_4, i1* @eth_data_in_user_V, align 16

]]></Node>
<StgValue><ssdm name="store_ln19"/></StgValue>
</operation>

<operation id="62" st_id="2" stage="1" lat="1">
<core>NULL</core>
<MemPortIdVec></MemPortIdVec>
<condition id="-1">
<or_exp><and_exp><literal name="state_V_load" val="7"/>
</and_exp></or_exp>
</condition>

<Node id="70" bw="0" op_0_bw="0">
<![CDATA[
:8  br label %9

]]></Node>
<StgValue><ssdm name="br_ln154"/></StgValue>
</operation>

<operation id="63" st_id="2" stage="1" lat="1">
<core>NULL</core>
<MemPortIdVec></MemPortIdVec>
<condition id="-1">
<or_exp><and_exp><literal name="state_V_load" val="6"/>
</and_exp></or_exp>
</condition>

<Node id="78" bw="0" op_0_bw="1" op_1_bw="1" op_2_bw="1">
<![CDATA[
:6  store i1 %tmp_user_V_3, i1* @eth_data_in_user_V, align 16

]]></Node>
<StgValue><ssdm name="store_ln19"/></StgValue>
</operation>

<operation id="64" st_id="2" stage="2" lat="2">
<core>AXI4Stream</core>
<MemPortIdVec></MemPortIdVec>
<condition id="-1">
<or_exp><and_exp><literal name="state_V_load" val="6"/>
</and_exp></or_exp>
</condition>

<Node id="79" bw="0" op_0_bw="0" op_1_bw="128" op_2_bw="1" op_3_bw="16" op_4_bw="1" op_5_bw="128" op_6_bw="1" op_7_bw="16" op_8_bw="1">
<![CDATA[
:7  call void @_ssdm_op_Write.axis.volatile.i128P.i1P.i16P.i1P(i128* %sync_data_out_V_data_V, i1* %sync_data_out_V_user_V, i16* %sync_data_out_V_keep_V, i1* %sync_data_out_V_last_V, i128 %tmp_data_V_4, i1 %tmp_user_V_3, i16 %tmp_keep_V_1, i1 %tmp_last_V_2)

]]></Node>
<StgValue><ssdm name="write_ln138"/></StgValue>
</operation>

<operation id="65" st_id="2" stage="2" lat="2">
<core>AXI4Stream</core>
<MemPortIdVec></MemPortIdVec>
<condition id="-1">
<or_exp><and_exp><literal name="state_V_load" val="6"/>
</and_exp></or_exp>
</condition>

<Node id="81" bw="0" op_0_bw="0" op_1_bw="80" op_2_bw="80">
<![CDATA[
:9  call void @_ssdm_op_Write.axis.volatile.i80P(i80* %rx_tstamp_out_V_V, i80 %tmp_V)

]]></Node>
<StgValue><ssdm name="write_ln139"/></StgValue>
</operation>

<operation id="66" st_id="2" stage="1" lat="1">
<core>NULL</core>
<MemPortIdVec></MemPortIdVec>
<condition id="-1">
<or_exp><and_exp><literal name="state_V_load" val="6"/>
</and_exp></or_exp>
</condition>

<Node id="84" bw="0" op_0_bw="0">
<![CDATA[
:12  br label %9

]]></Node>
<StgValue><ssdm name="br_ln145"/></StgValue>
</operation>

<operation id="67" st_id="2" stage="1" lat="1">
<core>NULL</core>
<MemPortIdVec></MemPortIdVec>
<condition id="-1">
<or_exp><and_exp><literal name="state_V_load" val="5"/>
</and_exp></or_exp>
</condition>

<Node id="92" bw="0" op_0_bw="1" op_1_bw="1" op_2_bw="1">
<![CDATA[
:6  store i1 %tmp_user_V_2, i1* @eth_data_in_user_V, align 16

]]></Node>
<StgValue><ssdm name="store_ln19"/></StgValue>
</operation>

<operation id="68" st_id="2" stage="2" lat="2">
<core>AXI4Stream</core>
<MemPortIdVec></MemPortIdVec>
<condition id="-1">
<or_exp><and_exp><literal name="state_V_load" val="5"/>
</and_exp></or_exp>
</condition>

<Node id="93" bw="0" op_0_bw="0" op_1_bw="128" op_2_bw="1" op_3_bw="16" op_4_bw="1" op_5_bw="128" op_6_bw="1" op_7_bw="16" op_8_bw="1">
<![CDATA[
:7  call void @_ssdm_op_Write.axis.volatile.i128P.i1P.i16P.i1P(i128* %mgmt_data_out_V_data_V, i1* %mgmt_data_out_V_user_V, i16* %mgmt_data_out_V_keep_V, i1* %mgmt_data_out_V_last_V, i128 %tmp_data_V_3, i1 %tmp_user_V_2, i16 %tmp_keep_V, i1 %tmp_last_V_1)

]]></Node>
<StgValue><ssdm name="write_ln128"/></StgValue>
</operation>

<operation id="69" st_id="2" stage="1" lat="1">
<core>NULL</core>
<MemPortIdVec></MemPortIdVec>
<condition id="-1">
<or_exp><and_exp><literal name="state_V_load" val="5"/>
</and_exp></or_exp>
</condition>

<Node id="96" bw="0" op_0_bw="0">
<![CDATA[
:10  br label %9

]]></Node>
<StgValue><ssdm name="br_ln134"/></StgValue>
</operation>

<operation id="70" st_id="2" stage="1" lat="1">
<core>NULL</core>
<MemPortIdVec></MemPortIdVec>
<condition id="-1">
<or_exp><and_exp><literal name="state_V_load" val="4"/>
</and_exp></or_exp>
</condition>

<Node id="103" bw="0" op_0_bw="1" op_1_bw="1" op_2_bw="1">
<![CDATA[
:5  store i1 %tmp_user_V_1, i1* @eth_data_in_user_V, align 16

]]></Node>
<StgValue><ssdm name="store_ln19"/></StgValue>
</operation>

<operation id="71" st_id="2" stage="2" lat="2">
<core>AXI4Stream</core>
<MemPortIdVec></MemPortIdVec>
<condition id="-1">
<or_exp><and_exp><literal name="state_V_load" val="4"/>
</and_exp></or_exp>
</condition>

<Node id="104" bw="0" op_0_bw="0" op_1_bw="128" op_2_bw="1" op_3_bw="16" op_4_bw="1" op_5_bw="128" op_6_bw="1" op_7_bw="16" op_8_bw="1">
<![CDATA[
:6  call void @_ssdm_op_Write.axis.volatile.i128P.i1P.i16P.i1P(i128* %cu_data_out_V_data_V, i1* %cu_data_out_V_user_V, i16* %cu_data_out_V_keep_V, i1* %cu_data_out_V_last_V, i128 %tmp_data_V_2, i1 %tmp_user_V_1, i16 -1, i1 %tmp_last_V)

]]></Node>
<StgValue><ssdm name="write_ln111"/></StgValue>
</operation>

<operation id="72" st_id="2" stage="1" lat="1">
<core>NULL</core>
<MemPortIdVec></MemPortIdVec>
<condition id="-1">
<or_exp><and_exp><literal name="state_V_load" val="4"/>
</and_exp></or_exp>
</condition>

<Node id="107" bw="0" op_0_bw="0">
<![CDATA[
:9  br label %9

]]></Node>
<StgValue><ssdm name="br_ln124"/></StgValue>
</operation>

<operation id="73" st_id="2" stage="1" lat="1">
<core>NULL</core>
<MemPortIdVec></MemPortIdVec>
<condition id="-1">
<or_exp><and_exp><literal name="state_V_load" val="3"/>
</and_exp></or_exp>
</condition>

<Node id="110" bw="0" op_0_bw="0">
<![CDATA[
:1  br label %9

]]></Node>
<StgValue><ssdm name="br_ln106"/></StgValue>
</operation>

<operation id="74" st_id="2" stage="2" lat="2">
<core>AXI4Stream</core>
<MemPortIdVec></MemPortIdVec>
<condition id="-1">
<or_exp><and_exp><literal name="state_V_load" val="2"/>
</and_exp></or_exp>
</condition>

<Node id="115" bw="0" op_0_bw="0" op_1_bw="128" op_2_bw="1" op_3_bw="16" op_4_bw="1" op_5_bw="128" op_6_bw="1" op_7_bw="16" op_8_bw="1">
<![CDATA[
:3  call void @_ssdm_op_Write.axis.volatile.i128P.i1P.i16P.i1P(i128* %cu_data_out_V_data_V, i1* %cu_data_out_V_user_V, i16* %cu_data_out_V_keep_V, i1* %cu_data_out_V_last_V, i128 %p_Result_4, i1 %tmp_user_V, i16 4095, i1 false)

]]></Node>
<StgValue><ssdm name="write_ln74"/></StgValue>
</operation>

<operation id="75" st_id="2" stage="1" lat="1">
<core>NULL</core>
<MemPortIdVec></MemPortIdVec>
<condition id="-1">
<or_exp><and_exp><literal name="state_V_load" val="2"/>
</and_exp></or_exp>
</condition>

<Node id="117" bw="0" op_0_bw="0">
<![CDATA[
:5  br label %9

]]></Node>
<StgValue><ssdm name="br_ln77"/></StgValue>
</operation>

<operation id="76" st_id="2" stage="2" lat="2">
<core>AXI4Stream</core>
<MemPortIdVec></MemPortIdVec>
<condition id="-1">
<or_exp><and_exp><literal name="state_V_load" val="1"/>
</and_exp></or_exp>
</condition>

<Node id="125" bw="0" op_0_bw="0" op_1_bw="128" op_2_bw="1" op_3_bw="16" op_4_bw="1" op_5_bw="128" op_6_bw="1" op_7_bw="16" op_8_bw="1">
<![CDATA[
:6  call void @_ssdm_op_Write.axis.volatile.i128P.i1P.i16P.i1P(i128* %cu_data_out_V_data_V, i1* %cu_data_out_V_user_V, i16* %cu_data_out_V_keep_V, i1* %cu_data_out_V_last_V, i128 %p_Result_3, i1 %tmp_user_V, i16 -1, i1 false)

]]></Node>
<StgValue><ssdm name="write_ln64"/></StgValue>
</operation>

<operation id="77" st_id="2" stage="1" lat="1">
<core>NULL</core>
<MemPortIdVec></MemPortIdVec>
<condition id="-1">
<or_exp><and_exp><literal name="state_V_load" val="1"/>
</and_exp></or_exp>
</condition>

<Node id="127" bw="0" op_0_bw="0">
<![CDATA[
:8  br label %9

]]></Node>
<StgValue><ssdm name="br_ln67"/></StgValue>
</operation>

<operation id="78" st_id="2" stage="1" lat="1">
<core>NULL</core>
<MemPortIdVec></MemPortIdVec>
<condition id="-1">
<or_exp><and_exp><literal name="state_V_load" val="0"/>
</and_exp></or_exp>
</condition>

<Node id="136" bw="0" op_0_bw="0">
<![CDATA[
:7  br label %9

]]></Node>
<StgValue><ssdm name="br_ln56"/></StgValue>
</operation>

<operation id="79" st_id="2" stage="1" lat="1">
<core>NULL</core>
<MemPortIdVec></MemPortIdVec>
<condition id="-1">
<or_exp><and_exp><literal name="state_V_load" val="!0"/>
<literal name="state_V_load" val="!1"/>
<literal name="state_V_load" val="!2"/>
<literal name="state_V_load" val="!3"/>
<literal name="state_V_load" val="!4"/>
<literal name="state_V_load" val="!5"/>
<literal name="state_V_load" val="!6"/>
<literal name="state_V_load" val="!7"/>
</and_exp></or_exp>
</condition>

<Node id="139" bw="0" op_0_bw="0">
<![CDATA[
:1  br label %9

]]></Node>
<StgValue><ssdm name="br_ln158"/></StgValue>
</operation>
</state>

<state id="3" st_id="3">

<operation id="80" st_id="3" stage="1" lat="1">
<core>NULL</core>
<MemPortIdVec></MemPortIdVec>
<condition id="-1">
<or_exp><and_exp></and_exp></or_exp>
</condition>

<Node id="24" bw="0" op_0_bw="0" op_1_bw="128">
<![CDATA[
codeRepl:0  call void (...)* @_ssdm_op_SpecBitsMap(i128* %eth_data_rx_V_data_V), !map !67

]]></Node>
<StgValue><ssdm name="specbitsmap_ln0"/></StgValue>
</operation>

<operation id="81" st_id="3" stage="1" lat="1">
<core>NULL</core>
<MemPortIdVec></MemPortIdVec>
<condition id="-1">
<or_exp><and_exp></and_exp></or_exp>
</condition>

<Node id="25" bw="0" op_0_bw="0" op_1_bw="1">
<![CDATA[
codeRepl:1  call void (...)* @_ssdm_op_SpecBitsMap(i1* %eth_data_rx_V_user_V), !map !73

]]></Node>
<StgValue><ssdm name="specbitsmap_ln0"/></StgValue>
</operation>

<operation id="82" st_id="3" stage="1" lat="1">
<core>NULL</core>
<MemPortIdVec></MemPortIdVec>
<condition id="-1">
<or_exp><and_exp></and_exp></or_exp>
</condition>

<Node id="26" bw="0" op_0_bw="0" op_1_bw="16">
<![CDATA[
codeRepl:2  call void (...)* @_ssdm_op_SpecBitsMap(i16* %eth_data_rx_V_keep_V), !map !77

]]></Node>
<StgValue><ssdm name="specbitsmap_ln0"/></StgValue>
</operation>

<operation id="83" st_id="3" stage="1" lat="1">
<core>NULL</core>
<MemPortIdVec></MemPortIdVec>
<condition id="-1">
<or_exp><and_exp></and_exp></or_exp>
</condition>

<Node id="27" bw="0" op_0_bw="0" op_1_bw="1">
<![CDATA[
codeRepl:3  call void (...)* @_ssdm_op_SpecBitsMap(i1* %eth_data_rx_V_last_V), !map !81

]]></Node>
<StgValue><ssdm name="specbitsmap_ln0"/></StgValue>
</operation>

<operation id="84" st_id="3" stage="1" lat="1">
<core>NULL</core>
<MemPortIdVec></MemPortIdVec>
<condition id="-1">
<or_exp><and_exp></and_exp></or_exp>
</condition>

<Node id="28" bw="0" op_0_bw="0" op_1_bw="128">
<![CDATA[
codeRepl:4  call void (...)* @_ssdm_op_SpecBitsMap(i128* %cu_data_out_V_data_V), !map !85

]]></Node>
<StgValue><ssdm name="specbitsmap_ln0"/></StgValue>
</operation>

<operation id="85" st_id="3" stage="1" lat="1">
<core>NULL</core>
<MemPortIdVec></MemPortIdVec>
<condition id="-1">
<or_exp><and_exp></and_exp></or_exp>
</condition>

<Node id="29" bw="0" op_0_bw="0" op_1_bw="1">
<![CDATA[
codeRepl:5  call void (...)* @_ssdm_op_SpecBitsMap(i1* %cu_data_out_V_user_V), !map !89

]]></Node>
<StgValue><ssdm name="specbitsmap_ln0"/></StgValue>
</operation>

<operation id="86" st_id="3" stage="1" lat="1">
<core>NULL</core>
<MemPortIdVec></MemPortIdVec>
<condition id="-1">
<or_exp><and_exp></and_exp></or_exp>
</condition>

<Node id="30" bw="0" op_0_bw="0" op_1_bw="16">
<![CDATA[
codeRepl:6  call void (...)* @_ssdm_op_SpecBitsMap(i16* %cu_data_out_V_keep_V), !map !93

]]></Node>
<StgValue><ssdm name="specbitsmap_ln0"/></StgValue>
</operation>

<operation id="87" st_id="3" stage="1" lat="1">
<core>NULL</core>
<MemPortIdVec></MemPortIdVec>
<condition id="-1">
<or_exp><and_exp></and_exp></or_exp>
</condition>

<Node id="31" bw="0" op_0_bw="0" op_1_bw="1">
<![CDATA[
codeRepl:7  call void (...)* @_ssdm_op_SpecBitsMap(i1* %cu_data_out_V_last_V), !map !97

]]></Node>
<StgValue><ssdm name="specbitsmap_ln0"/></StgValue>
</operation>

<operation id="88" st_id="3" stage="1" lat="1">
<core>NULL</core>
<MemPortIdVec></MemPortIdVec>
<condition id="-1">
<or_exp><and_exp></and_exp></or_exp>
</condition>

<Node id="32" bw="0" op_0_bw="0" op_1_bw="128">
<![CDATA[
codeRepl:8  call void (...)* @_ssdm_op_SpecBitsMap(i128* %sync_data_out_V_data_V), !map !101

]]></Node>
<StgValue><ssdm name="specbitsmap_ln0"/></StgValue>
</operation>

<operation id="89" st_id="3" stage="1" lat="1">
<core>NULL</core>
<MemPortIdVec></MemPortIdVec>
<condition id="-1">
<or_exp><and_exp></and_exp></or_exp>
</condition>

<Node id="33" bw="0" op_0_bw="0" op_1_bw="1">
<![CDATA[
codeRepl:9  call void (...)* @_ssdm_op_SpecBitsMap(i1* %sync_data_out_V_user_V), !map !105

]]></Node>
<StgValue><ssdm name="specbitsmap_ln0"/></StgValue>
</operation>

<operation id="90" st_id="3" stage="1" lat="1">
<core>NULL</core>
<MemPortIdVec></MemPortIdVec>
<condition id="-1">
<or_exp><and_exp></and_exp></or_exp>
</condition>

<Node id="34" bw="0" op_0_bw="0" op_1_bw="16">
<![CDATA[
codeRepl:10  call void (...)* @_ssdm_op_SpecBitsMap(i16* %sync_data_out_V_keep_V), !map !109

]]></Node>
<StgValue><ssdm name="specbitsmap_ln0"/></StgValue>
</operation>

<operation id="91" st_id="3" stage="1" lat="1">
<core>NULL</core>
<MemPortIdVec></MemPortIdVec>
<condition id="-1">
<or_exp><and_exp></and_exp></or_exp>
</condition>

<Node id="35" bw="0" op_0_bw="0" op_1_bw="1">
<![CDATA[
codeRepl:11  call void (...)* @_ssdm_op_SpecBitsMap(i1* %sync_data_out_V_last_V), !map !113

]]></Node>
<StgValue><ssdm name="specbitsmap_ln0"/></StgValue>
</operation>

<operation id="92" st_id="3" stage="1" lat="1">
<core>NULL</core>
<MemPortIdVec></MemPortIdVec>
<condition id="-1">
<or_exp><and_exp></and_exp></or_exp>
</condition>

<Node id="36" bw="0" op_0_bw="0" op_1_bw="128">
<![CDATA[
codeRepl:12  call void (...)* @_ssdm_op_SpecBitsMap(i128* %mgmt_data_out_V_data_V), !map !117

]]></Node>
<StgValue><ssdm name="specbitsmap_ln0"/></StgValue>
</operation>

<operation id="93" st_id="3" stage="1" lat="1">
<core>NULL</core>
<MemPortIdVec></MemPortIdVec>
<condition id="-1">
<or_exp><and_exp></and_exp></or_exp>
</condition>

<Node id="37" bw="0" op_0_bw="0" op_1_bw="1">
<![CDATA[
codeRepl:13  call void (...)* @_ssdm_op_SpecBitsMap(i1* %mgmt_data_out_V_user_V), !map !121

]]></Node>
<StgValue><ssdm name="specbitsmap_ln0"/></StgValue>
</operation>

<operation id="94" st_id="3" stage="1" lat="1">
<core>NULL</core>
<MemPortIdVec></MemPortIdVec>
<condition id="-1">
<or_exp><and_exp></and_exp></or_exp>
</condition>

<Node id="38" bw="0" op_0_bw="0" op_1_bw="16">
<![CDATA[
codeRepl:14  call void (...)* @_ssdm_op_SpecBitsMap(i16* %mgmt_data_out_V_keep_V), !map !125

]]></Node>
<StgValue><ssdm name="specbitsmap_ln0"/></StgValue>
</operation>

<operation id="95" st_id="3" stage="1" lat="1">
<core>NULL</core>
<MemPortIdVec></MemPortIdVec>
<condition id="-1">
<or_exp><and_exp></and_exp></or_exp>
</condition>

<Node id="39" bw="0" op_0_bw="0" op_1_bw="1">
<![CDATA[
codeRepl:15  call void (...)* @_ssdm_op_SpecBitsMap(i1* %mgmt_data_out_V_last_V), !map !129

]]></Node>
<StgValue><ssdm name="specbitsmap_ln0"/></StgValue>
</operation>

<operation id="96" st_id="3" stage="1" lat="1">
<core>NULL</core>
<MemPortIdVec></MemPortIdVec>
<condition id="-1">
<or_exp><and_exp></and_exp></or_exp>
</condition>

<Node id="40" bw="0" op_0_bw="0" op_1_bw="80">
<![CDATA[
codeRepl:16  call void (...)* @_ssdm_op_SpecBitsMap(i80* %rx_tstamp_in_V), !map !133

]]></Node>
<StgValue><ssdm name="specbitsmap_ln0"/></StgValue>
</operation>

<operation id="97" st_id="3" stage="1" lat="1">
<core>NULL</core>
<MemPortIdVec></MemPortIdVec>
<condition id="-1">
<or_exp><and_exp></and_exp></or_exp>
</condition>

<Node id="41" bw="0" op_0_bw="0" op_1_bw="80">
<![CDATA[
codeRepl:17  call void (...)* @_ssdm_op_SpecBitsMap(i80* %rx_tstamp_out_V_V), !map !137

]]></Node>
<StgValue><ssdm name="specbitsmap_ln0"/></StgValue>
</operation>

<operation id="98" st_id="3" stage="1" lat="1">
<core>NULL</core>
<MemPortIdVec></MemPortIdVec>
<condition id="-1">
<or_exp><and_exp></and_exp></or_exp>
</condition>

<Node id="42" bw="0" op_0_bw="0" op_1_bw="3">
<![CDATA[
codeRepl:18  call void (...)* @_ssdm_op_SpecBitsMap(i3* %ethernet_demux_state_out_V), !map !141

]]></Node>
<StgValue><ssdm name="specbitsmap_ln0"/></StgValue>
</operation>

<operation id="99" st_id="3" stage="1" lat="1">
<core>NULL</core>
<MemPortIdVec></MemPortIdVec>
<condition id="-1">
<or_exp><and_exp></and_exp></or_exp>
</condition>

<Node id="43" bw="0" op_0_bw="0" op_1_bw="0">
<![CDATA[
codeRepl:19  call void (...)* @_ssdm_op_SpecTopModule([15 x i8]* @Ethernet_demux_str) nounwind

]]></Node>
<StgValue><ssdm name="spectopmodule_ln0"/></StgValue>
</operation>

<operation id="100" st_id="3" stage="1" lat="1">
<core>NULL</core>
<MemPortIdVec></MemPortIdVec>
<condition id="-1">
<or_exp><and_exp></and_exp></or_exp>
</condition>

<Node id="44" bw="0" op_0_bw="0" op_1_bw="80" op_2_bw="0" op_3_bw="32" op_4_bw="32" op_5_bw="0" op_6_bw="32" op_7_bw="32" op_8_bw="0" op_9_bw="0" op_10_bw="0" op_11_bw="32" op_12_bw="32" op_13_bw="32" op_14_bw="32" op_15_bw="0" op_16_bw="0">
<![CDATA[
codeRepl:20  call void (...)* @_ssdm_op_SpecInterface(i80* %rx_tstamp_in_V, [8 x i8]* @p_str, i32 0, i32 0, [1 x i8]* @p_str1, i32 0, i32 0, [1 x i8]* @p_str1, [1 x i8]* @p_str1, [1 x i8]* @p_str1, i32 0, i32 0, i32 0, i32 0, [1 x i8]* @p_str1, [1 x i8]* @p_str1) nounwind

]]></Node>
<StgValue><ssdm name="specinterface_ln30"/></StgValue>
</operation>

<operation id="101" st_id="3" stage="1" lat="1">
<core>NULL</core>
<MemPortIdVec></MemPortIdVec>
<condition id="-1">
<or_exp><and_exp></and_exp></or_exp>
</condition>

<Node id="45" bw="0" op_0_bw="0" op_1_bw="80" op_2_bw="0" op_3_bw="32" op_4_bw="32" op_5_bw="0" op_6_bw="32" op_7_bw="32" op_8_bw="0" op_9_bw="0" op_10_bw="0" op_11_bw="32" op_12_bw="32" op_13_bw="32" op_14_bw="32" op_15_bw="0" op_16_bw="0">
<![CDATA[
codeRepl:21  call void (...)* @_ssdm_op_SpecInterface(i80* %rx_tstamp_out_V_V, [5 x i8]* @p_str2, i32 1, i32 1, [5 x i8]* @p_str3, i32 0, i32 0, [1 x i8]* @p_str1, [1 x i8]* @p_str1, [1 x i8]* @p_str1, i32 0, i32 0, i32 0, i32 0, [1 x i8]* @p_str1, [1 x i8]* @p_str1) nounwind

]]></Node>
<StgValue><ssdm name="specinterface_ln31"/></StgValue>
</operation>

<operation id="102" st_id="3" stage="1" lat="1">
<core>NULL</core>
<MemPortIdVec></MemPortIdVec>
<condition id="-1">
<or_exp><and_exp></and_exp></or_exp>
</condition>

<Node id="46" bw="0" op_0_bw="0" op_1_bw="128" op_2_bw="1" op_3_bw="16" op_4_bw="1" op_5_bw="0" op_6_bw="32" op_7_bw="32" op_8_bw="0" op_9_bw="32" op_10_bw="32" op_11_bw="0" op_12_bw="0" op_13_bw="0" op_14_bw="32" op_15_bw="32" op_16_bw="32" op_17_bw="32" op_18_bw="0" op_19_bw="0">
<![CDATA[
codeRepl:22  call void (...)* @_ssdm_op_SpecInterface(i128* %mgmt_data_out_V_data_V, i1* %mgmt_data_out_V_user_V, i16* %mgmt_data_out_V_keep_V, i1* %mgmt_data_out_V_last_V, [5 x i8]* @p_str2, i32 1, i32 1, [5 x i8]* @p_str3, i32 0, i32 0, [1 x i8]* @p_str1, [1 x i8]* @p_str1, [1 x i8]* @p_str1, i32 0, i32 0, i32 0, i32 0, [1 x i8]* @p_str1, [1 x i8]* @p_str1) nounwind

]]></Node>
<StgValue><ssdm name="specinterface_ln32"/></StgValue>
</operation>

<operation id="103" st_id="3" stage="1" lat="1">
<core>NULL</core>
<MemPortIdVec></MemPortIdVec>
<condition id="-1">
<or_exp><and_exp></and_exp></or_exp>
</condition>

<Node id="47" bw="0" op_0_bw="0" op_1_bw="128" op_2_bw="1" op_3_bw="16" op_4_bw="1" op_5_bw="0" op_6_bw="32" op_7_bw="32" op_8_bw="0" op_9_bw="32" op_10_bw="32" op_11_bw="0" op_12_bw="0" op_13_bw="0" op_14_bw="32" op_15_bw="32" op_16_bw="32" op_17_bw="32" op_18_bw="0" op_19_bw="0">
<![CDATA[
codeRepl:23  call void (...)* @_ssdm_op_SpecInterface(i128* %sync_data_out_V_data_V, i1* %sync_data_out_V_user_V, i16* %sync_data_out_V_keep_V, i1* %sync_data_out_V_last_V, [5 x i8]* @p_str2, i32 1, i32 1, [5 x i8]* @p_str3, i32 0, i32 0, [1 x i8]* @p_str1, [1 x i8]* @p_str1, [1 x i8]* @p_str1, i32 0, i32 0, i32 0, i32 0, [1 x i8]* @p_str1, [1 x i8]* @p_str1) nounwind

]]></Node>
<StgValue><ssdm name="specinterface_ln33"/></StgValue>
</operation>

<operation id="104" st_id="3" stage="1" lat="1">
<core>NULL</core>
<MemPortIdVec></MemPortIdVec>
<condition id="-1">
<or_exp><and_exp></and_exp></or_exp>
</condition>

<Node id="48" bw="0" op_0_bw="0" op_1_bw="128" op_2_bw="1" op_3_bw="16" op_4_bw="1" op_5_bw="0" op_6_bw="32" op_7_bw="32" op_8_bw="0" op_9_bw="32" op_10_bw="32" op_11_bw="0" op_12_bw="0" op_13_bw="0" op_14_bw="32" op_15_bw="32" op_16_bw="32" op_17_bw="32" op_18_bw="0" op_19_bw="0">
<![CDATA[
codeRepl:24  call void (...)* @_ssdm_op_SpecInterface(i128* %cu_data_out_V_data_V, i1* %cu_data_out_V_user_V, i16* %cu_data_out_V_keep_V, i1* %cu_data_out_V_last_V, [5 x i8]* @p_str2, i32 1, i32 1, [5 x i8]* @p_str3, i32 0, i32 0, [1 x i8]* @p_str1, [1 x i8]* @p_str1, [1 x i8]* @p_str1, i32 0, i32 0, i32 0, i32 0, [1 x i8]* @p_str1, [1 x i8]* @p_str1) nounwind

]]></Node>
<StgValue><ssdm name="specinterface_ln34"/></StgValue>
</operation>

<operation id="105" st_id="3" stage="1" lat="1">
<core>NULL</core>
<MemPortIdVec></MemPortIdVec>
<condition id="-1">
<or_exp><and_exp></and_exp></or_exp>
</condition>

<Node id="49" bw="0" op_0_bw="0" op_1_bw="128" op_2_bw="1" op_3_bw="16" op_4_bw="1" op_5_bw="0" op_6_bw="32" op_7_bw="32" op_8_bw="0" op_9_bw="32" op_10_bw="32" op_11_bw="0" op_12_bw="0" op_13_bw="0" op_14_bw="32" op_15_bw="32" op_16_bw="32" op_17_bw="32" op_18_bw="0" op_19_bw="0">
<![CDATA[
codeRepl:25  call void (...)* @_ssdm_op_SpecInterface(i128* %eth_data_rx_V_data_V, i1* %eth_data_rx_V_user_V, i16* %eth_data_rx_V_keep_V, i1* %eth_data_rx_V_last_V, [5 x i8]* @p_str2, i32 1, i32 1, [5 x i8]* @p_str3, i32 0, i32 0, [1 x i8]* @p_str1, [1 x i8]* @p_str1, [1 x i8]* @p_str1, i32 0, i32 0, i32 0, i32 0, [1 x i8]* @p_str1, [1 x i8]* @p_str1) nounwind

]]></Node>
<StgValue><ssdm name="specinterface_ln35"/></StgValue>
</operation>

<operation id="106" st_id="3" stage="1" lat="1">
<core>NULL</core>
<MemPortIdVec></MemPortIdVec>
<condition id="-1">
<or_exp><and_exp></and_exp></or_exp>
</condition>

<Node id="50" bw="0" op_0_bw="0" op_1_bw="32" op_2_bw="32" op_3_bw="32" op_4_bw="32" op_5_bw="0">
<![CDATA[
codeRepl:26  call void (...)* @_ssdm_op_SpecPipeline(i32 1, i32 2, i32 1, i32 0, [1 x i8]* @p_str1) nounwind

]]></Node>
<StgValue><ssdm name="specpipeline_ln36"/></StgValue>
</operation>

<operation id="107" st_id="3" stage="1" lat="1">
<core>NULL</core>
<MemPortIdVec></MemPortIdVec>
<condition id="-1">
<or_exp><and_exp></and_exp></or_exp>
</condition>

<Node id="51" bw="0" op_0_bw="0" op_1_bw="3" op_2_bw="0" op_3_bw="32" op_4_bw="32" op_5_bw="0" op_6_bw="32" op_7_bw="32" op_8_bw="0" op_9_bw="0" op_10_bw="0" op_11_bw="32" op_12_bw="32" op_13_bw="32" op_14_bw="32" op_15_bw="0" op_16_bw="0">
<![CDATA[
codeRepl:27  call void (...)* @_ssdm_op_SpecInterface(i3* %ethernet_demux_state_out_V, [8 x i8]* @p_str, i32 0, i32 0, [1 x i8]* @p_str1, i32 0, i32 0, [1 x i8]* @p_str1, [1 x i8]* @p_str1, [1 x i8]* @p_str1, i32 0, i32 0, i32 0, i32 0, [1 x i8]* @p_str1, [1 x i8]* @p_str1) nounwind

]]></Node>
<StgValue><ssdm name="specinterface_ln37"/></StgValue>
</operation>

<operation id="108" st_id="3" stage="1" lat="1">
<core>NULL</core>
<MemPortIdVec></MemPortIdVec>
<condition id="-1">
<or_exp><and_exp></and_exp></or_exp>
</condition>

<Node id="52" bw="0" op_0_bw="0" op_1_bw="32" op_2_bw="0" op_3_bw="32" op_4_bw="32" op_5_bw="0" op_6_bw="32" op_7_bw="32" op_8_bw="0" op_9_bw="0" op_10_bw="0" op_11_bw="32" op_12_bw="32" op_13_bw="32" op_14_bw="32" op_15_bw="0" op_16_bw="0">
<![CDATA[
codeRepl:28  call void (...)* @_ssdm_op_SpecInterface(i32 0, [13 x i8]* @p_str4, i32 0, i32 0, [1 x i8]* @p_str1, i32 0, i32 0, [1 x i8]* @p_str1, [1 x i8]* @p_str1, [1 x i8]* @p_str1, i32 0, i32 0, i32 0, i32 0, [1 x i8]* @p_str1, [1 x i8]* @p_str1) nounwind

]]></Node>
<StgValue><ssdm name="specinterface_ln38"/></StgValue>
</operation>

<operation id="109" st_id="3" stage="1" lat="1">
<core>NULL</core>
<MemPortIdVec></MemPortIdVec>
<condition id="-1">
<or_exp><and_exp></and_exp></or_exp>
</condition>

<Node id="53" bw="0" op_0_bw="0" op_1_bw="4" op_2_bw="32" op_3_bw="0">
<![CDATA[
codeRepl:29  call void (...)* @_ssdm_op_SpecReset(i4* @state_V, i32 1, [1 x i8]* @p_str1) nounwind

]]></Node>
<StgValue><ssdm name="specreset_ln45"/></StgValue>
</operation>

<operation id="110" st_id="3" stage="1" lat="1">
<core>NULL</core>
<MemPortIdVec></MemPortIdVec>
<condition id="-1">
<or_exp><and_exp></and_exp></or_exp>
</condition>

<Node id="56" bw="0" op_0_bw="0" op_1_bw="3" op_2_bw="3">
<![CDATA[
codeRepl:32  call void @_ssdm_op_Write.ap_none.i3P(i3* %ethernet_demux_state_out_V, i3 %trunc_ln209)

]]></Node>
<StgValue><ssdm name="write_ln46"/></StgValue>
</operation>

<operation id="111" st_id="3" stage="1" lat="2">
<core>AXI4Stream</core>
<MemPortIdVec></MemPortIdVec>
<condition id="-1">
<or_exp><and_exp><literal name="state_V_load" val="6"/>
</and_exp></or_exp>
</condition>

<Node id="79" bw="0" op_0_bw="0" op_1_bw="128" op_2_bw="1" op_3_bw="16" op_4_bw="1" op_5_bw="128" op_6_bw="1" op_7_bw="16" op_8_bw="1">
<![CDATA[
:7  call void @_ssdm_op_Write.axis.volatile.i128P.i1P.i16P.i1P(i128* %sync_data_out_V_data_V, i1* %sync_data_out_V_user_V, i16* %sync_data_out_V_keep_V, i1* %sync_data_out_V_last_V, i128 %tmp_data_V_4, i1 %tmp_user_V_3, i16 %tmp_keep_V_1, i1 %tmp_last_V_2)

]]></Node>
<StgValue><ssdm name="write_ln138"/></StgValue>
</operation>

<operation id="112" st_id="3" stage="1" lat="2">
<core>AXI4Stream</core>
<MemPortIdVec></MemPortIdVec>
<condition id="-1">
<or_exp><and_exp><literal name="state_V_load" val="6"/>
</and_exp></or_exp>
</condition>

<Node id="81" bw="0" op_0_bw="0" op_1_bw="80" op_2_bw="80">
<![CDATA[
:9  call void @_ssdm_op_Write.axis.volatile.i80P(i80* %rx_tstamp_out_V_V, i80 %tmp_V)

]]></Node>
<StgValue><ssdm name="write_ln139"/></StgValue>
</operation>

<operation id="113" st_id="3" stage="1" lat="2">
<core>AXI4Stream</core>
<MemPortIdVec></MemPortIdVec>
<condition id="-1">
<or_exp><and_exp><literal name="state_V_load" val="5"/>
</and_exp></or_exp>
</condition>

<Node id="93" bw="0" op_0_bw="0" op_1_bw="128" op_2_bw="1" op_3_bw="16" op_4_bw="1" op_5_bw="128" op_6_bw="1" op_7_bw="16" op_8_bw="1">
<![CDATA[
:7  call void @_ssdm_op_Write.axis.volatile.i128P.i1P.i16P.i1P(i128* %mgmt_data_out_V_data_V, i1* %mgmt_data_out_V_user_V, i16* %mgmt_data_out_V_keep_V, i1* %mgmt_data_out_V_last_V, i128 %tmp_data_V_3, i1 %tmp_user_V_2, i16 %tmp_keep_V, i1 %tmp_last_V_1)

]]></Node>
<StgValue><ssdm name="write_ln128"/></StgValue>
</operation>

<operation id="114" st_id="3" stage="1" lat="2">
<core>AXI4Stream</core>
<MemPortIdVec></MemPortIdVec>
<condition id="-1">
<or_exp><and_exp><literal name="state_V_load" val="4"/>
</and_exp></or_exp>
</condition>

<Node id="104" bw="0" op_0_bw="0" op_1_bw="128" op_2_bw="1" op_3_bw="16" op_4_bw="1" op_5_bw="128" op_6_bw="1" op_7_bw="16" op_8_bw="1">
<![CDATA[
:6  call void @_ssdm_op_Write.axis.volatile.i128P.i1P.i16P.i1P(i128* %cu_data_out_V_data_V, i1* %cu_data_out_V_user_V, i16* %cu_data_out_V_keep_V, i1* %cu_data_out_V_last_V, i128 %tmp_data_V_2, i1 %tmp_user_V_1, i16 -1, i1 %tmp_last_V)

]]></Node>
<StgValue><ssdm name="write_ln111"/></StgValue>
</operation>

<operation id="115" st_id="3" stage="1" lat="2">
<core>AXI4Stream</core>
<MemPortIdVec></MemPortIdVec>
<condition id="-1">
<or_exp><and_exp><literal name="state_V_load" val="2"/>
</and_exp></or_exp>
</condition>

<Node id="115" bw="0" op_0_bw="0" op_1_bw="128" op_2_bw="1" op_3_bw="16" op_4_bw="1" op_5_bw="128" op_6_bw="1" op_7_bw="16" op_8_bw="1">
<![CDATA[
:3  call void @_ssdm_op_Write.axis.volatile.i128P.i1P.i16P.i1P(i128* %cu_data_out_V_data_V, i1* %cu_data_out_V_user_V, i16* %cu_data_out_V_keep_V, i1* %cu_data_out_V_last_V, i128 %p_Result_4, i1 %tmp_user_V, i16 4095, i1 false)

]]></Node>
<StgValue><ssdm name="write_ln74"/></StgValue>
</operation>

<operation id="116" st_id="3" stage="1" lat="2">
<core>AXI4Stream</core>
<MemPortIdVec></MemPortIdVec>
<condition id="-1">
<or_exp><and_exp><literal name="state_V_load" val="1"/>
</and_exp></or_exp>
</condition>

<Node id="125" bw="0" op_0_bw="0" op_1_bw="128" op_2_bw="1" op_3_bw="16" op_4_bw="1" op_5_bw="128" op_6_bw="1" op_7_bw="16" op_8_bw="1">
<![CDATA[
:6  call void @_ssdm_op_Write.axis.volatile.i128P.i1P.i16P.i1P(i128* %cu_data_out_V_data_V, i1* %cu_data_out_V_user_V, i16* %cu_data_out_V_keep_V, i1* %cu_data_out_V_last_V, i128 %p_Result_3, i1 %tmp_user_V, i16 -1, i1 false)

]]></Node>
<StgValue><ssdm name="write_ln64"/></StgValue>
</operation>

<operation id="117" st_id="3" stage="1" lat="1">
<core>NULL</core>
<MemPortIdVec></MemPortIdVec>
<condition id="-1">
<or_exp><and_exp></and_exp></or_exp>
</condition>

<Node id="141" bw="0">
<![CDATA[
:0  ret void

]]></Node>
<StgValue><ssdm name="ret_ln160"/></StgValue>
</operation>
</state>
</state_list>


<ports>
<port id="141" name="eth_data_rx_V_data_V" dir="0" iftype="0">
<core>NULL</core><StgValue><ssdm name="eth_data_rx_V_data_V"/></StgValue>
</port>
<port id="142" name="eth_data_rx_V_user_V" dir="0" iftype="0">
<core>NULL</core><StgValue><ssdm name="eth_data_rx_V_user_V"/></StgValue>
</port>
<port id="143" name="eth_data_rx_V_keep_V" dir="0" iftype="0">
<core>NULL</core><StgValue><ssdm name="eth_data_rx_V_keep_V"/></StgValue>
</port>
<port id="144" name="eth_data_rx_V_last_V" dir="0" iftype="0">
<core>NULL</core><StgValue><ssdm name="eth_data_rx_V_last_V"/></StgValue>
</port>
<port id="145" name="cu_data_out_V_data_V" dir="1" iftype="0">
<core>NULL</core><StgValue><ssdm name="cu_data_out_V_data_V"/></StgValue>
</port>
<port id="146" name="cu_data_out_V_user_V" dir="1" iftype="0">
<core>NULL</core><StgValue><ssdm name="cu_data_out_V_user_V"/></StgValue>
</port>
<port id="147" name="cu_data_out_V_keep_V" dir="1" iftype="0">
<core>NULL</core><StgValue><ssdm name="cu_data_out_V_keep_V"/></StgValue>
</port>
<port id="148" name="cu_data_out_V_last_V" dir="1" iftype="0">
<core>NULL</core><StgValue><ssdm name="cu_data_out_V_last_V"/></StgValue>
</port>
<port id="149" name="sync_data_out_V_data_V" dir="1" iftype="0">
<core>NULL</core><StgValue><ssdm name="sync_data_out_V_data_V"/></StgValue>
</port>
<port id="150" name="sync_data_out_V_user_V" dir="1" iftype="0">
<core>NULL</core><StgValue><ssdm name="sync_data_out_V_user_V"/></StgValue>
</port>
<port id="151" name="sync_data_out_V_keep_V" dir="1" iftype="0">
<core>NULL</core><StgValue><ssdm name="sync_data_out_V_keep_V"/></StgValue>
</port>
<port id="152" name="sync_data_out_V_last_V" dir="1" iftype="0">
<core>NULL</core><StgValue><ssdm name="sync_data_out_V_last_V"/></StgValue>
</port>
<port id="153" name="mgmt_data_out_V_data_V" dir="1" iftype="0">
<core>NULL</core><StgValue><ssdm name="mgmt_data_out_V_data_V"/></StgValue>
</port>
<port id="154" name="mgmt_data_out_V_user_V" dir="1" iftype="0">
<core>NULL</core><StgValue><ssdm name="mgmt_data_out_V_user_V"/></StgValue>
</port>
<port id="155" name="mgmt_data_out_V_keep_V" dir="1" iftype="0">
<core>NULL</core><StgValue><ssdm name="mgmt_data_out_V_keep_V"/></StgValue>
</port>
<port id="156" name="mgmt_data_out_V_last_V" dir="1" iftype="0">
<core>NULL</core><StgValue><ssdm name="mgmt_data_out_V_last_V"/></StgValue>
</port>
<port id="157" name="rx_tstamp_in_V" dir="0" iftype="0">
<core>NULL</core><StgValue><ssdm name="rx_tstamp_in_V"/></StgValue>
</port>
<port id="158" name="rx_tstamp_out_V_V" dir="1" iftype="0">
<core>NULL</core><StgValue><ssdm name="rx_tstamp_out_V_V"/></StgValue>
</port>
<port id="159" name="ethernet_demux_state_out_V" dir="1" iftype="0">
<core>NULL</core><StgValue><ssdm name="ethernet_demux_state_out_V"/></StgValue>
</port>
<port id="160" name="state_V" dir="2" iftype="0">
<core>NULL</core><StgValue><ssdm name="state_V"/></StgValue>
</port>
<port id="161" name="eth_data_in_data_V" dir="2" iftype="0">
<core>NULL</core><StgValue><ssdm name="eth_data_in_data_V"/></StgValue>
</port>
<port id="162" name="eth_data_in_user_V" dir="2" iftype="0">
<core>NULL</core><StgValue><ssdm name="eth_data_in_user_V"/></StgValue>
</port>
<port id="163" name="eth_data_in_1_data_V" dir="2" iftype="0">
<core>NULL</core><StgValue><ssdm name="eth_data_in_1_data_V"/></StgValue>
</port>
</ports>


<dataflows>
<dataflow id="164" from="state_V" to="state_V_load" fromId="160" toId="4">
</dataflow>
<dataflow id="165" from="state_V_load" to="trunc_ln209" fromId="4" toId="5">
</dataflow>
<dataflow id="166" from="eth_data_in_data_V" to="p_Val2_1" fromId="161" toId="6">
</dataflow>
<dataflow id="167" from="eth_data_in_1_data_V" to="p_Val2_3" fromId="163" toId="7">
</dataflow>
<dataflow id="168" from="state_V_load" to="switch_ln47" fromId="4" toId="8">
</dataflow>
<dataflow id="170" from="StgValue_169" to="switch_ln47" fromId="169" toId="8">
</dataflow>
<dataflow id="172" from="StgValue_171" to="switch_ln47" fromId="171" toId="8">
</dataflow>
<dataflow id="174" from="StgValue_173" to="switch_ln47" fromId="173" toId="8">
</dataflow>
<dataflow id="176" from="StgValue_175" to="switch_ln47" fromId="175" toId="8">
</dataflow>
<dataflow id="178" from="StgValue_177" to="switch_ln47" fromId="177" toId="8">
</dataflow>
<dataflow id="180" from="StgValue_179" to="switch_ln47" fromId="179" toId="8">
</dataflow>
<dataflow id="182" from="StgValue_181" to="switch_ln47" fromId="181" toId="8">
</dataflow>
<dataflow id="184" from="StgValue_183" to="switch_ln47" fromId="183" toId="8">
</dataflow>
<dataflow id="186" from="_ssdm_op_Read.axis.volatile.i128P.i1P.i16P.i1P" to="empty_21" fromId="185" toId="9">
</dataflow>
<dataflow id="187" from="eth_data_rx_V_data_V" to="empty_21" fromId="141" toId="9">
</dataflow>
<dataflow id="188" from="eth_data_rx_V_user_V" to="empty_21" fromId="142" toId="9">
</dataflow>
<dataflow id="189" from="eth_data_rx_V_keep_V" to="empty_21" fromId="143" toId="9">
</dataflow>
<dataflow id="190" from="eth_data_rx_V_last_V" to="empty_21" fromId="144" toId="9">
</dataflow>
<dataflow id="191" from="empty_21" to="tmp_data_V_5" fromId="9" toId="10">
</dataflow>
<dataflow id="192" from="empty_21" to="tmp_user_V_4" fromId="9" toId="11">
</dataflow>
<dataflow id="193" from="empty_21" to="tmp_last_V_3" fromId="9" toId="12">
</dataflow>
<dataflow id="194" from="tmp_data_V_5" to="store_ln19" fromId="10" toId="13">
</dataflow>
<dataflow id="195" from="eth_data_in_data_V" to="store_ln19" fromId="161" toId="13">
</dataflow>
<dataflow id="196" from="tmp_last_V_3" to="select_ln149" fromId="12" toId="14">
</dataflow>
<dataflow id="197" from="StgValue_169" to="select_ln149" fromId="169" toId="14">
</dataflow>
<dataflow id="198" from="StgValue_183" to="select_ln149" fromId="183" toId="14">
</dataflow>
<dataflow id="199" from="select_ln149" to="store_ln150" fromId="14" toId="15">
</dataflow>
<dataflow id="200" from="state_V" to="store_ln150" fromId="160" toId="15">
</dataflow>
<dataflow id="201" from="_ssdm_op_Read.axis.volatile.i128P.i1P.i16P.i1P" to="empty_20" fromId="185" toId="16">
</dataflow>
<dataflow id="202" from="eth_data_rx_V_data_V" to="empty_20" fromId="141" toId="16">
</dataflow>
<dataflow id="203" from="eth_data_rx_V_user_V" to="empty_20" fromId="142" toId="16">
</dataflow>
<dataflow id="204" from="eth_data_rx_V_keep_V" to="empty_20" fromId="143" toId="16">
</dataflow>
<dataflow id="205" from="eth_data_rx_V_last_V" to="empty_20" fromId="144" toId="16">
</dataflow>
<dataflow id="206" from="empty_20" to="tmp_data_V_4" fromId="16" toId="17">
</dataflow>
<dataflow id="207" from="empty_20" to="tmp_user_V_3" fromId="16" toId="18">
</dataflow>
<dataflow id="208" from="empty_20" to="tmp_keep_V_1" fromId="16" toId="19">
</dataflow>
<dataflow id="209" from="empty_20" to="tmp_last_V_2" fromId="16" toId="20">
</dataflow>
<dataflow id="210" from="tmp_data_V_4" to="store_ln19" fromId="17" toId="21">
</dataflow>
<dataflow id="211" from="eth_data_in_data_V" to="store_ln19" fromId="161" toId="21">
</dataflow>
<dataflow id="213" from="_ssdm_op_Read.ap_none.i80P" to="tmp_V" fromId="212" toId="22">
</dataflow>
<dataflow id="214" from="rx_tstamp_in_V" to="tmp_V" fromId="157" toId="22">
</dataflow>
<dataflow id="215" from="tmp_last_V_2" to="select_ln140" fromId="20" toId="23">
</dataflow>
<dataflow id="216" from="StgValue_169" to="select_ln140" fromId="169" toId="23">
</dataflow>
<dataflow id="217" from="StgValue_181" to="select_ln140" fromId="181" toId="23">
</dataflow>
<dataflow id="218" from="select_ln140" to="store_ln141" fromId="23" toId="24">
</dataflow>
<dataflow id="219" from="state_V" to="store_ln141" fromId="160" toId="24">
</dataflow>
<dataflow id="220" from="_ssdm_op_Read.axis.volatile.i128P.i1P.i16P.i1P" to="empty_19" fromId="185" toId="25">
</dataflow>
<dataflow id="221" from="eth_data_rx_V_data_V" to="empty_19" fromId="141" toId="25">
</dataflow>
<dataflow id="222" from="eth_data_rx_V_user_V" to="empty_19" fromId="142" toId="25">
</dataflow>
<dataflow id="223" from="eth_data_rx_V_keep_V" to="empty_19" fromId="143" toId="25">
</dataflow>
<dataflow id="224" from="eth_data_rx_V_last_V" to="empty_19" fromId="144" toId="25">
</dataflow>
<dataflow id="225" from="empty_19" to="tmp_data_V_3" fromId="25" toId="26">
</dataflow>
<dataflow id="226" from="empty_19" to="tmp_user_V_2" fromId="25" toId="27">
</dataflow>
<dataflow id="227" from="empty_19" to="tmp_keep_V" fromId="25" toId="28">
</dataflow>
<dataflow id="228" from="empty_19" to="tmp_last_V_1" fromId="25" toId="29">
</dataflow>
<dataflow id="229" from="tmp_data_V_3" to="store_ln19" fromId="26" toId="30">
</dataflow>
<dataflow id="230" from="eth_data_in_data_V" to="store_ln19" fromId="161" toId="30">
</dataflow>
<dataflow id="231" from="tmp_last_V_1" to="select_ln129" fromId="29" toId="31">
</dataflow>
<dataflow id="232" from="StgValue_169" to="select_ln129" fromId="169" toId="31">
</dataflow>
<dataflow id="233" from="StgValue_179" to="select_ln129" fromId="179" toId="31">
</dataflow>
<dataflow id="234" from="select_ln129" to="store_ln130" fromId="31" toId="32">
</dataflow>
<dataflow id="235" from="state_V" to="store_ln130" fromId="160" toId="32">
</dataflow>
<dataflow id="236" from="_ssdm_op_Read.axis.volatile.i128P.i1P.i16P.i1P" to="empty_18" fromId="185" toId="33">
</dataflow>
<dataflow id="237" from="eth_data_rx_V_data_V" to="empty_18" fromId="141" toId="33">
</dataflow>
<dataflow id="238" from="eth_data_rx_V_user_V" to="empty_18" fromId="142" toId="33">
</dataflow>
<dataflow id="239" from="eth_data_rx_V_keep_V" to="empty_18" fromId="143" toId="33">
</dataflow>
<dataflow id="240" from="eth_data_rx_V_last_V" to="empty_18" fromId="144" toId="33">
</dataflow>
<dataflow id="241" from="empty_18" to="tmp_data_V_2" fromId="33" toId="34">
</dataflow>
<dataflow id="242" from="empty_18" to="tmp_user_V_1" fromId="33" toId="35">
</dataflow>
<dataflow id="243" from="empty_18" to="tmp_last_V" fromId="33" toId="36">
</dataflow>
<dataflow id="244" from="tmp_data_V_2" to="store_ln19" fromId="34" toId="37">
</dataflow>
<dataflow id="245" from="eth_data_in_data_V" to="store_ln19" fromId="161" toId="37">
</dataflow>
<dataflow id="246" from="tmp_last_V" to="select_ln112" fromId="36" toId="38">
</dataflow>
<dataflow id="247" from="StgValue_169" to="select_ln112" fromId="169" toId="38">
</dataflow>
<dataflow id="248" from="StgValue_177" to="select_ln112" fromId="177" toId="38">
</dataflow>
<dataflow id="249" from="select_ln112" to="store_ln114" fromId="38" toId="39">
</dataflow>
<dataflow id="250" from="state_V" to="store_ln114" fromId="160" toId="39">
</dataflow>
<dataflow id="251" from="StgValue_177" to="store_ln98" fromId="177" toId="40">
</dataflow>
<dataflow id="252" from="state_V" to="store_ln98" fromId="160" toId="40">
</dataflow>
<dataflow id="254" from="_ssdm_op_PartSelect.i96.i128.i32.i32" to="p_Result_9" fromId="253" toId="41">
</dataflow>
<dataflow id="255" from="p_Val2_3" to="p_Result_9" fromId="7" toId="41">
</dataflow>
<dataflow id="257" from="StgValue_256" to="p_Result_9" fromId="256" toId="41">
</dataflow>
<dataflow id="259" from="StgValue_258" to="p_Result_9" fromId="258" toId="41">
</dataflow>
<dataflow id="261" from="_ssdm_op_BitConcatenate.i128.i32.i96" to="p_Result_4" fromId="260" toId="42">
</dataflow>
<dataflow id="263" from="StgValue_262" to="p_Result_4" fromId="262" toId="42">
</dataflow>
<dataflow id="264" from="p_Result_9" to="p_Result_4" fromId="41" toId="42">
</dataflow>
<dataflow id="265" from="p_Result_4" to="store_ln71" fromId="42" toId="43">
</dataflow>
<dataflow id="266" from="eth_data_in_data_V" to="store_ln71" fromId="161" toId="43">
</dataflow>
<dataflow id="267" from="StgValue_175" to="store_ln76" fromId="175" toId="44">
</dataflow>
<dataflow id="268" from="state_V" to="store_ln76" fromId="160" toId="44">
</dataflow>
<dataflow id="269" from="_ssdm_op_Read.axis.volatile.i128P.i1P.i16P.i1P" to="empty_17" fromId="185" toId="45">
</dataflow>
<dataflow id="270" from="eth_data_rx_V_data_V" to="empty_17" fromId="141" toId="45">
</dataflow>
<dataflow id="271" from="eth_data_rx_V_user_V" to="empty_17" fromId="142" toId="45">
</dataflow>
<dataflow id="272" from="eth_data_rx_V_keep_V" to="empty_17" fromId="143" toId="45">
</dataflow>
<dataflow id="273" from="eth_data_rx_V_last_V" to="empty_17" fromId="144" toId="45">
</dataflow>
<dataflow id="274" from="empty_17" to="tmp_data_V_7" fromId="45" toId="46">
</dataflow>
<dataflow id="275" from="tmp_data_V_7" to="store_ln19" fromId="46" toId="47">
</dataflow>
<dataflow id="276" from="eth_data_in_1_data_V" to="store_ln19" fromId="163" toId="47">
</dataflow>
<dataflow id="277" from="tmp_data_V_7" to="trunc_ln647_1" fromId="46" toId="48">
</dataflow>
<dataflow id="279" from="llvm.part.set.i128.i32" to="p_Result_3" fromId="278" toId="49">
</dataflow>
<dataflow id="280" from="p_Val2_1" to="p_Result_3" fromId="6" toId="49">
</dataflow>
<dataflow id="281" from="trunc_ln647_1" to="p_Result_3" fromId="48" toId="49">
</dataflow>
<dataflow id="283" from="StgValue_282" to="p_Result_3" fromId="282" toId="49">
</dataflow>
<dataflow id="284" from="StgValue_258" to="p_Result_3" fromId="258" toId="49">
</dataflow>
<dataflow id="285" from="p_Result_3" to="store_ln60" fromId="49" toId="50">
</dataflow>
<dataflow id="286" from="eth_data_in_data_V" to="store_ln60" fromId="161" toId="50">
</dataflow>
<dataflow id="287" from="StgValue_173" to="store_ln66" fromId="173" toId="51">
</dataflow>
<dataflow id="288" from="state_V" to="store_ln66" fromId="160" toId="51">
</dataflow>
<dataflow id="289" from="_ssdm_op_Read.axis.volatile.i128P.i1P.i16P.i1P" to="empty" fromId="185" toId="52">
</dataflow>
<dataflow id="290" from="eth_data_rx_V_data_V" to="empty" fromId="141" toId="52">
</dataflow>
<dataflow id="291" from="eth_data_rx_V_user_V" to="empty" fromId="142" toId="52">
</dataflow>
<dataflow id="292" from="eth_data_rx_V_keep_V" to="empty" fromId="143" toId="52">
</dataflow>
<dataflow id="293" from="eth_data_rx_V_last_V" to="empty" fromId="144" toId="52">
</dataflow>
<dataflow id="294" from="empty" to="tmp_data_V_6" fromId="52" toId="53">
</dataflow>
<dataflow id="295" from="tmp_data_V_6" to="store_ln19" fromId="53" toId="54">
</dataflow>
<dataflow id="296" from="eth_data_in_1_data_V" to="store_ln19" fromId="163" toId="54">
</dataflow>
<dataflow id="297" from="tmp_data_V_6" to="trunc_ln647" fromId="53" toId="55">
</dataflow>
<dataflow id="299" from="llvm.part.set.i128.i96" to="p_Result_s" fromId="298" toId="56">
</dataflow>
<dataflow id="300" from="p_Val2_1" to="p_Result_s" fromId="6" toId="56">
</dataflow>
<dataflow id="301" from="trunc_ln647" to="p_Result_s" fromId="55" toId="56">
</dataflow>
<dataflow id="302" from="StgValue_262" to="p_Result_s" fromId="262" toId="56">
</dataflow>
<dataflow id="304" from="StgValue_303" to="p_Result_s" fromId="303" toId="56">
</dataflow>
<dataflow id="305" from="p_Result_s" to="store_ln52" fromId="56" toId="57">
</dataflow>
<dataflow id="306" from="eth_data_in_data_V" to="store_ln52" fromId="161" toId="57">
</dataflow>
<dataflow id="307" from="StgValue_171" to="store_ln54" fromId="171" toId="58">
</dataflow>
<dataflow id="308" from="state_V" to="store_ln54" fromId="160" toId="58">
</dataflow>
<dataflow id="309" from="StgValue_169" to="store_ln157" fromId="169" toId="59">
</dataflow>
<dataflow id="310" from="state_V" to="store_ln157" fromId="160" toId="59">
</dataflow>
<dataflow id="311" from="eth_data_in_user_V" to="tmp_user_V" fromId="162" toId="60">
</dataflow>
<dataflow id="312" from="tmp_user_V_4" to="store_ln19" fromId="11" toId="61">
</dataflow>
<dataflow id="313" from="eth_data_in_user_V" to="store_ln19" fromId="162" toId="61">
</dataflow>
<dataflow id="314" from="tmp_user_V_3" to="store_ln19" fromId="18" toId="63">
</dataflow>
<dataflow id="315" from="eth_data_in_user_V" to="store_ln19" fromId="162" toId="63">
</dataflow>
<dataflow id="317" from="_ssdm_op_Write.axis.volatile.i128P.i1P.i16P.i1P" to="write_ln138" fromId="316" toId="64">
</dataflow>
<dataflow id="318" from="sync_data_out_V_data_V" to="write_ln138" fromId="149" toId="64">
</dataflow>
<dataflow id="319" from="sync_data_out_V_user_V" to="write_ln138" fromId="150" toId="64">
</dataflow>
<dataflow id="320" from="sync_data_out_V_keep_V" to="write_ln138" fromId="151" toId="64">
</dataflow>
<dataflow id="321" from="sync_data_out_V_last_V" to="write_ln138" fromId="152" toId="64">
</dataflow>
<dataflow id="322" from="tmp_data_V_4" to="write_ln138" fromId="17" toId="64">
</dataflow>
<dataflow id="323" from="tmp_user_V_3" to="write_ln138" fromId="18" toId="64">
</dataflow>
<dataflow id="324" from="tmp_keep_V_1" to="write_ln138" fromId="19" toId="64">
</dataflow>
<dataflow id="325" from="tmp_last_V_2" to="write_ln138" fromId="20" toId="64">
</dataflow>
<dataflow id="327" from="_ssdm_op_Write.axis.volatile.i80P" to="write_ln139" fromId="326" toId="65">
</dataflow>
<dataflow id="328" from="rx_tstamp_out_V_V" to="write_ln139" fromId="158" toId="65">
</dataflow>
<dataflow id="329" from="tmp_V" to="write_ln139" fromId="22" toId="65">
</dataflow>
<dataflow id="330" from="tmp_user_V_2" to="store_ln19" fromId="27" toId="67">
</dataflow>
<dataflow id="331" from="eth_data_in_user_V" to="store_ln19" fromId="162" toId="67">
</dataflow>
<dataflow id="332" from="_ssdm_op_Write.axis.volatile.i128P.i1P.i16P.i1P" to="write_ln128" fromId="316" toId="68">
</dataflow>
<dataflow id="333" from="mgmt_data_out_V_data_V" to="write_ln128" fromId="153" toId="68">
</dataflow>
<dataflow id="334" from="mgmt_data_out_V_user_V" to="write_ln128" fromId="154" toId="68">
</dataflow>
<dataflow id="335" from="mgmt_data_out_V_keep_V" to="write_ln128" fromId="155" toId="68">
</dataflow>
<dataflow id="336" from="mgmt_data_out_V_last_V" to="write_ln128" fromId="156" toId="68">
</dataflow>
<dataflow id="337" from="tmp_data_V_3" to="write_ln128" fromId="26" toId="68">
</dataflow>
<dataflow id="338" from="tmp_user_V_2" to="write_ln128" fromId="27" toId="68">
</dataflow>
<dataflow id="339" from="tmp_keep_V" to="write_ln128" fromId="28" toId="68">
</dataflow>
<dataflow id="340" from="tmp_last_V_1" to="write_ln128" fromId="29" toId="68">
</dataflow>
<dataflow id="341" from="tmp_user_V_1" to="store_ln19" fromId="35" toId="70">
</dataflow>
<dataflow id="342" from="eth_data_in_user_V" to="store_ln19" fromId="162" toId="70">
</dataflow>
<dataflow id="343" from="_ssdm_op_Write.axis.volatile.i128P.i1P.i16P.i1P" to="write_ln111" fromId="316" toId="71">
</dataflow>
<dataflow id="344" from="cu_data_out_V_data_V" to="write_ln111" fromId="145" toId="71">
</dataflow>
<dataflow id="345" from="cu_data_out_V_user_V" to="write_ln111" fromId="146" toId="71">
</dataflow>
<dataflow id="346" from="cu_data_out_V_keep_V" to="write_ln111" fromId="147" toId="71">
</dataflow>
<dataflow id="347" from="cu_data_out_V_last_V" to="write_ln111" fromId="148" toId="71">
</dataflow>
<dataflow id="348" from="tmp_data_V_2" to="write_ln111" fromId="34" toId="71">
</dataflow>
<dataflow id="349" from="tmp_user_V_1" to="write_ln111" fromId="35" toId="71">
</dataflow>
<dataflow id="351" from="StgValue_350" to="write_ln111" fromId="350" toId="71">
</dataflow>
<dataflow id="352" from="tmp_last_V" to="write_ln111" fromId="36" toId="71">
</dataflow>
<dataflow id="353" from="_ssdm_op_Write.axis.volatile.i128P.i1P.i16P.i1P" to="write_ln74" fromId="316" toId="74">
</dataflow>
<dataflow id="354" from="cu_data_out_V_data_V" to="write_ln74" fromId="145" toId="74">
</dataflow>
<dataflow id="355" from="cu_data_out_V_user_V" to="write_ln74" fromId="146" toId="74">
</dataflow>
<dataflow id="356" from="cu_data_out_V_keep_V" to="write_ln74" fromId="147" toId="74">
</dataflow>
<dataflow id="357" from="cu_data_out_V_last_V" to="write_ln74" fromId="148" toId="74">
</dataflow>
<dataflow id="358" from="p_Result_4" to="write_ln74" fromId="42" toId="74">
</dataflow>
<dataflow id="359" from="tmp_user_V" to="write_ln74" fromId="60" toId="74">
</dataflow>
<dataflow id="361" from="StgValue_360" to="write_ln74" fromId="360" toId="74">
</dataflow>
<dataflow id="363" from="StgValue_362" to="write_ln74" fromId="362" toId="74">
</dataflow>
<dataflow id="364" from="_ssdm_op_Write.axis.volatile.i128P.i1P.i16P.i1P" to="write_ln64" fromId="316" toId="76">
</dataflow>
<dataflow id="365" from="cu_data_out_V_data_V" to="write_ln64" fromId="145" toId="76">
</dataflow>
<dataflow id="366" from="cu_data_out_V_user_V" to="write_ln64" fromId="146" toId="76">
</dataflow>
<dataflow id="367" from="cu_data_out_V_keep_V" to="write_ln64" fromId="147" toId="76">
</dataflow>
<dataflow id="368" from="cu_data_out_V_last_V" to="write_ln64" fromId="148" toId="76">
</dataflow>
<dataflow id="369" from="p_Result_3" to="write_ln64" fromId="49" toId="76">
</dataflow>
<dataflow id="370" from="tmp_user_V" to="write_ln64" fromId="60" toId="76">
</dataflow>
<dataflow id="371" from="StgValue_350" to="write_ln64" fromId="350" toId="76">
</dataflow>
<dataflow id="372" from="StgValue_362" to="write_ln64" fromId="362" toId="76">
</dataflow>
<dataflow id="374" from="_ssdm_op_SpecBitsMap" to="specbitsmap_ln0" fromId="373" toId="80">
</dataflow>
<dataflow id="375" from="eth_data_rx_V_data_V" to="specbitsmap_ln0" fromId="141" toId="80">
</dataflow>
<dataflow id="376" from="_ssdm_op_SpecBitsMap" to="specbitsmap_ln0" fromId="373" toId="81">
</dataflow>
<dataflow id="377" from="eth_data_rx_V_user_V" to="specbitsmap_ln0" fromId="142" toId="81">
</dataflow>
<dataflow id="378" from="_ssdm_op_SpecBitsMap" to="specbitsmap_ln0" fromId="373" toId="82">
</dataflow>
<dataflow id="379" from="eth_data_rx_V_keep_V" to="specbitsmap_ln0" fromId="143" toId="82">
</dataflow>
<dataflow id="380" from="_ssdm_op_SpecBitsMap" to="specbitsmap_ln0" fromId="373" toId="83">
</dataflow>
<dataflow id="381" from="eth_data_rx_V_last_V" to="specbitsmap_ln0" fromId="144" toId="83">
</dataflow>
<dataflow id="382" from="_ssdm_op_SpecBitsMap" to="specbitsmap_ln0" fromId="373" toId="84">
</dataflow>
<dataflow id="383" from="cu_data_out_V_data_V" to="specbitsmap_ln0" fromId="145" toId="84">
</dataflow>
<dataflow id="384" from="_ssdm_op_SpecBitsMap" to="specbitsmap_ln0" fromId="373" toId="85">
</dataflow>
<dataflow id="385" from="cu_data_out_V_user_V" to="specbitsmap_ln0" fromId="146" toId="85">
</dataflow>
<dataflow id="386" from="_ssdm_op_SpecBitsMap" to="specbitsmap_ln0" fromId="373" toId="86">
</dataflow>
<dataflow id="387" from="cu_data_out_V_keep_V" to="specbitsmap_ln0" fromId="147" toId="86">
</dataflow>
<dataflow id="388" from="_ssdm_op_SpecBitsMap" to="specbitsmap_ln0" fromId="373" toId="87">
</dataflow>
<dataflow id="389" from="cu_data_out_V_last_V" to="specbitsmap_ln0" fromId="148" toId="87">
</dataflow>
<dataflow id="390" from="_ssdm_op_SpecBitsMap" to="specbitsmap_ln0" fromId="373" toId="88">
</dataflow>
<dataflow id="391" from="sync_data_out_V_data_V" to="specbitsmap_ln0" fromId="149" toId="88">
</dataflow>
<dataflow id="392" from="_ssdm_op_SpecBitsMap" to="specbitsmap_ln0" fromId="373" toId="89">
</dataflow>
<dataflow id="393" from="sync_data_out_V_user_V" to="specbitsmap_ln0" fromId="150" toId="89">
</dataflow>
<dataflow id="394" from="_ssdm_op_SpecBitsMap" to="specbitsmap_ln0" fromId="373" toId="90">
</dataflow>
<dataflow id="395" from="sync_data_out_V_keep_V" to="specbitsmap_ln0" fromId="151" toId="90">
</dataflow>
<dataflow id="396" from="_ssdm_op_SpecBitsMap" to="specbitsmap_ln0" fromId="373" toId="91">
</dataflow>
<dataflow id="397" from="sync_data_out_V_last_V" to="specbitsmap_ln0" fromId="152" toId="91">
</dataflow>
<dataflow id="398" from="_ssdm_op_SpecBitsMap" to="specbitsmap_ln0" fromId="373" toId="92">
</dataflow>
<dataflow id="399" from="mgmt_data_out_V_data_V" to="specbitsmap_ln0" fromId="153" toId="92">
</dataflow>
<dataflow id="400" from="_ssdm_op_SpecBitsMap" to="specbitsmap_ln0" fromId="373" toId="93">
</dataflow>
<dataflow id="401" from="mgmt_data_out_V_user_V" to="specbitsmap_ln0" fromId="154" toId="93">
</dataflow>
<dataflow id="402" from="_ssdm_op_SpecBitsMap" to="specbitsmap_ln0" fromId="373" toId="94">
</dataflow>
<dataflow id="403" from="mgmt_data_out_V_keep_V" to="specbitsmap_ln0" fromId="155" toId="94">
</dataflow>
<dataflow id="404" from="_ssdm_op_SpecBitsMap" to="specbitsmap_ln0" fromId="373" toId="95">
</dataflow>
<dataflow id="405" from="mgmt_data_out_V_last_V" to="specbitsmap_ln0" fromId="156" toId="95">
</dataflow>
<dataflow id="406" from="_ssdm_op_SpecBitsMap" to="specbitsmap_ln0" fromId="373" toId="96">
</dataflow>
<dataflow id="407" from="rx_tstamp_in_V" to="specbitsmap_ln0" fromId="157" toId="96">
</dataflow>
<dataflow id="408" from="_ssdm_op_SpecBitsMap" to="specbitsmap_ln0" fromId="373" toId="97">
</dataflow>
<dataflow id="409" from="rx_tstamp_out_V_V" to="specbitsmap_ln0" fromId="158" toId="97">
</dataflow>
<dataflow id="410" from="_ssdm_op_SpecBitsMap" to="specbitsmap_ln0" fromId="373" toId="98">
</dataflow>
<dataflow id="411" from="ethernet_demux_state_out_V" to="specbitsmap_ln0" fromId="159" toId="98">
</dataflow>
<dataflow id="413" from="_ssdm_op_SpecTopModule" to="spectopmodule_ln0" fromId="412" toId="99">
</dataflow>
<dataflow id="415" from="Ethernet_demux_str" to="spectopmodule_ln0" fromId="414" toId="99">
</dataflow>
<dataflow id="417" from="_ssdm_op_SpecInterface" to="specinterface_ln30" fromId="416" toId="100">
</dataflow>
<dataflow id="418" from="rx_tstamp_in_V" to="specinterface_ln30" fromId="157" toId="100">
</dataflow>
<dataflow id="420" from="p_str" to="specinterface_ln30" fromId="419" toId="100">
</dataflow>
<dataflow id="421" from="StgValue_262" to="specinterface_ln30" fromId="262" toId="100">
</dataflow>
<dataflow id="422" from="StgValue_262" to="specinterface_ln30" fromId="262" toId="100">
</dataflow>
<dataflow id="424" from="p_str1" to="specinterface_ln30" fromId="423" toId="100">
</dataflow>
<dataflow id="425" from="StgValue_262" to="specinterface_ln30" fromId="262" toId="100">
</dataflow>
<dataflow id="426" from="StgValue_262" to="specinterface_ln30" fromId="262" toId="100">
</dataflow>
<dataflow id="427" from="p_str1" to="specinterface_ln30" fromId="423" toId="100">
</dataflow>
<dataflow id="428" from="p_str1" to="specinterface_ln30" fromId="423" toId="100">
</dataflow>
<dataflow id="429" from="p_str1" to="specinterface_ln30" fromId="423" toId="100">
</dataflow>
<dataflow id="430" from="StgValue_262" to="specinterface_ln30" fromId="262" toId="100">
</dataflow>
<dataflow id="431" from="StgValue_262" to="specinterface_ln30" fromId="262" toId="100">
</dataflow>
<dataflow id="432" from="StgValue_262" to="specinterface_ln30" fromId="262" toId="100">
</dataflow>
<dataflow id="433" from="StgValue_262" to="specinterface_ln30" fromId="262" toId="100">
</dataflow>
<dataflow id="434" from="p_str1" to="specinterface_ln30" fromId="423" toId="100">
</dataflow>
<dataflow id="435" from="p_str1" to="specinterface_ln30" fromId="423" toId="100">
</dataflow>
<dataflow id="436" from="_ssdm_op_SpecInterface" to="specinterface_ln31" fromId="416" toId="101">
</dataflow>
<dataflow id="437" from="rx_tstamp_out_V_V" to="specinterface_ln31" fromId="158" toId="101">
</dataflow>
<dataflow id="439" from="p_str2" to="specinterface_ln31" fromId="438" toId="101">
</dataflow>
<dataflow id="441" from="StgValue_440" to="specinterface_ln31" fromId="440" toId="101">
</dataflow>
<dataflow id="442" from="StgValue_440" to="specinterface_ln31" fromId="440" toId="101">
</dataflow>
<dataflow id="444" from="p_str3" to="specinterface_ln31" fromId="443" toId="101">
</dataflow>
<dataflow id="445" from="StgValue_262" to="specinterface_ln31" fromId="262" toId="101">
</dataflow>
<dataflow id="446" from="StgValue_262" to="specinterface_ln31" fromId="262" toId="101">
</dataflow>
<dataflow id="447" from="p_str1" to="specinterface_ln31" fromId="423" toId="101">
</dataflow>
<dataflow id="448" from="p_str1" to="specinterface_ln31" fromId="423" toId="101">
</dataflow>
<dataflow id="449" from="p_str1" to="specinterface_ln31" fromId="423" toId="101">
</dataflow>
<dataflow id="450" from="StgValue_262" to="specinterface_ln31" fromId="262" toId="101">
</dataflow>
<dataflow id="451" from="StgValue_262" to="specinterface_ln31" fromId="262" toId="101">
</dataflow>
<dataflow id="452" from="StgValue_262" to="specinterface_ln31" fromId="262" toId="101">
</dataflow>
<dataflow id="453" from="StgValue_262" to="specinterface_ln31" fromId="262" toId="101">
</dataflow>
<dataflow id="454" from="p_str1" to="specinterface_ln31" fromId="423" toId="101">
</dataflow>
<dataflow id="455" from="p_str1" to="specinterface_ln31" fromId="423" toId="101">
</dataflow>
<dataflow id="456" from="_ssdm_op_SpecInterface" to="specinterface_ln32" fromId="416" toId="102">
</dataflow>
<dataflow id="457" from="mgmt_data_out_V_data_V" to="specinterface_ln32" fromId="153" toId="102">
</dataflow>
<dataflow id="458" from="mgmt_data_out_V_user_V" to="specinterface_ln32" fromId="154" toId="102">
</dataflow>
<dataflow id="459" from="mgmt_data_out_V_keep_V" to="specinterface_ln32" fromId="155" toId="102">
</dataflow>
<dataflow id="460" from="mgmt_data_out_V_last_V" to="specinterface_ln32" fromId="156" toId="102">
</dataflow>
<dataflow id="461" from="p_str2" to="specinterface_ln32" fromId="438" toId="102">
</dataflow>
<dataflow id="462" from="StgValue_440" to="specinterface_ln32" fromId="440" toId="102">
</dataflow>
<dataflow id="463" from="StgValue_440" to="specinterface_ln32" fromId="440" toId="102">
</dataflow>
<dataflow id="464" from="p_str3" to="specinterface_ln32" fromId="443" toId="102">
</dataflow>
<dataflow id="465" from="StgValue_262" to="specinterface_ln32" fromId="262" toId="102">
</dataflow>
<dataflow id="466" from="StgValue_262" to="specinterface_ln32" fromId="262" toId="102">
</dataflow>
<dataflow id="467" from="p_str1" to="specinterface_ln32" fromId="423" toId="102">
</dataflow>
<dataflow id="468" from="p_str1" to="specinterface_ln32" fromId="423" toId="102">
</dataflow>
<dataflow id="469" from="p_str1" to="specinterface_ln32" fromId="423" toId="102">
</dataflow>
<dataflow id="470" from="StgValue_262" to="specinterface_ln32" fromId="262" toId="102">
</dataflow>
<dataflow id="471" from="StgValue_262" to="specinterface_ln32" fromId="262" toId="102">
</dataflow>
<dataflow id="472" from="StgValue_262" to="specinterface_ln32" fromId="262" toId="102">
</dataflow>
<dataflow id="473" from="StgValue_262" to="specinterface_ln32" fromId="262" toId="102">
</dataflow>
<dataflow id="474" from="p_str1" to="specinterface_ln32" fromId="423" toId="102">
</dataflow>
<dataflow id="475" from="p_str1" to="specinterface_ln32" fromId="423" toId="102">
</dataflow>
<dataflow id="476" from="_ssdm_op_SpecInterface" to="specinterface_ln33" fromId="416" toId="103">
</dataflow>
<dataflow id="477" from="sync_data_out_V_data_V" to="specinterface_ln33" fromId="149" toId="103">
</dataflow>
<dataflow id="478" from="sync_data_out_V_user_V" to="specinterface_ln33" fromId="150" toId="103">
</dataflow>
<dataflow id="479" from="sync_data_out_V_keep_V" to="specinterface_ln33" fromId="151" toId="103">
</dataflow>
<dataflow id="480" from="sync_data_out_V_last_V" to="specinterface_ln33" fromId="152" toId="103">
</dataflow>
<dataflow id="481" from="p_str2" to="specinterface_ln33" fromId="438" toId="103">
</dataflow>
<dataflow id="482" from="StgValue_440" to="specinterface_ln33" fromId="440" toId="103">
</dataflow>
<dataflow id="483" from="StgValue_440" to="specinterface_ln33" fromId="440" toId="103">
</dataflow>
<dataflow id="484" from="p_str3" to="specinterface_ln33" fromId="443" toId="103">
</dataflow>
<dataflow id="485" from="StgValue_262" to="specinterface_ln33" fromId="262" toId="103">
</dataflow>
<dataflow id="486" from="StgValue_262" to="specinterface_ln33" fromId="262" toId="103">
</dataflow>
<dataflow id="487" from="p_str1" to="specinterface_ln33" fromId="423" toId="103">
</dataflow>
<dataflow id="488" from="p_str1" to="specinterface_ln33" fromId="423" toId="103">
</dataflow>
<dataflow id="489" from="p_str1" to="specinterface_ln33" fromId="423" toId="103">
</dataflow>
<dataflow id="490" from="StgValue_262" to="specinterface_ln33" fromId="262" toId="103">
</dataflow>
<dataflow id="491" from="StgValue_262" to="specinterface_ln33" fromId="262" toId="103">
</dataflow>
<dataflow id="492" from="StgValue_262" to="specinterface_ln33" fromId="262" toId="103">
</dataflow>
<dataflow id="493" from="StgValue_262" to="specinterface_ln33" fromId="262" toId="103">
</dataflow>
<dataflow id="494" from="p_str1" to="specinterface_ln33" fromId="423" toId="103">
</dataflow>
<dataflow id="495" from="p_str1" to="specinterface_ln33" fromId="423" toId="103">
</dataflow>
<dataflow id="496" from="_ssdm_op_SpecInterface" to="specinterface_ln34" fromId="416" toId="104">
</dataflow>
<dataflow id="497" from="cu_data_out_V_data_V" to="specinterface_ln34" fromId="145" toId="104">
</dataflow>
<dataflow id="498" from="cu_data_out_V_user_V" to="specinterface_ln34" fromId="146" toId="104">
</dataflow>
<dataflow id="499" from="cu_data_out_V_keep_V" to="specinterface_ln34" fromId="147" toId="104">
</dataflow>
<dataflow id="500" from="cu_data_out_V_last_V" to="specinterface_ln34" fromId="148" toId="104">
</dataflow>
<dataflow id="501" from="p_str2" to="specinterface_ln34" fromId="438" toId="104">
</dataflow>
<dataflow id="502" from="StgValue_440" to="specinterface_ln34" fromId="440" toId="104">
</dataflow>
<dataflow id="503" from="StgValue_440" to="specinterface_ln34" fromId="440" toId="104">
</dataflow>
<dataflow id="504" from="p_str3" to="specinterface_ln34" fromId="443" toId="104">
</dataflow>
<dataflow id="505" from="StgValue_262" to="specinterface_ln34" fromId="262" toId="104">
</dataflow>
<dataflow id="506" from="StgValue_262" to="specinterface_ln34" fromId="262" toId="104">
</dataflow>
<dataflow id="507" from="p_str1" to="specinterface_ln34" fromId="423" toId="104">
</dataflow>
<dataflow id="508" from="p_str1" to="specinterface_ln34" fromId="423" toId="104">
</dataflow>
<dataflow id="509" from="p_str1" to="specinterface_ln34" fromId="423" toId="104">
</dataflow>
<dataflow id="510" from="StgValue_262" to="specinterface_ln34" fromId="262" toId="104">
</dataflow>
<dataflow id="511" from="StgValue_262" to="specinterface_ln34" fromId="262" toId="104">
</dataflow>
<dataflow id="512" from="StgValue_262" to="specinterface_ln34" fromId="262" toId="104">
</dataflow>
<dataflow id="513" from="StgValue_262" to="specinterface_ln34" fromId="262" toId="104">
</dataflow>
<dataflow id="514" from="p_str1" to="specinterface_ln34" fromId="423" toId="104">
</dataflow>
<dataflow id="515" from="p_str1" to="specinterface_ln34" fromId="423" toId="104">
</dataflow>
<dataflow id="516" from="_ssdm_op_SpecInterface" to="specinterface_ln35" fromId="416" toId="105">
</dataflow>
<dataflow id="517" from="eth_data_rx_V_data_V" to="specinterface_ln35" fromId="141" toId="105">
</dataflow>
<dataflow id="518" from="eth_data_rx_V_user_V" to="specinterface_ln35" fromId="142" toId="105">
</dataflow>
<dataflow id="519" from="eth_data_rx_V_keep_V" to="specinterface_ln35" fromId="143" toId="105">
</dataflow>
<dataflow id="520" from="eth_data_rx_V_last_V" to="specinterface_ln35" fromId="144" toId="105">
</dataflow>
<dataflow id="521" from="p_str2" to="specinterface_ln35" fromId="438" toId="105">
</dataflow>
<dataflow id="522" from="StgValue_440" to="specinterface_ln35" fromId="440" toId="105">
</dataflow>
<dataflow id="523" from="StgValue_440" to="specinterface_ln35" fromId="440" toId="105">
</dataflow>
<dataflow id="524" from="p_str3" to="specinterface_ln35" fromId="443" toId="105">
</dataflow>
<dataflow id="525" from="StgValue_262" to="specinterface_ln35" fromId="262" toId="105">
</dataflow>
<dataflow id="526" from="StgValue_262" to="specinterface_ln35" fromId="262" toId="105">
</dataflow>
<dataflow id="527" from="p_str1" to="specinterface_ln35" fromId="423" toId="105">
</dataflow>
<dataflow id="528" from="p_str1" to="specinterface_ln35" fromId="423" toId="105">
</dataflow>
<dataflow id="529" from="p_str1" to="specinterface_ln35" fromId="423" toId="105">
</dataflow>
<dataflow id="530" from="StgValue_262" to="specinterface_ln35" fromId="262" toId="105">
</dataflow>
<dataflow id="531" from="StgValue_262" to="specinterface_ln35" fromId="262" toId="105">
</dataflow>
<dataflow id="532" from="StgValue_262" to="specinterface_ln35" fromId="262" toId="105">
</dataflow>
<dataflow id="533" from="StgValue_262" to="specinterface_ln35" fromId="262" toId="105">
</dataflow>
<dataflow id="534" from="p_str1" to="specinterface_ln35" fromId="423" toId="105">
</dataflow>
<dataflow id="535" from="p_str1" to="specinterface_ln35" fromId="423" toId="105">
</dataflow>
<dataflow id="537" from="_ssdm_op_SpecPipeline" to="specpipeline_ln36" fromId="536" toId="106">
</dataflow>
<dataflow id="538" from="StgValue_440" to="specpipeline_ln36" fromId="440" toId="106">
</dataflow>
<dataflow id="540" from="StgValue_539" to="specpipeline_ln36" fromId="539" toId="106">
</dataflow>
<dataflow id="541" from="StgValue_440" to="specpipeline_ln36" fromId="440" toId="106">
</dataflow>
<dataflow id="542" from="StgValue_262" to="specpipeline_ln36" fromId="262" toId="106">
</dataflow>
<dataflow id="543" from="p_str1" to="specpipeline_ln36" fromId="423" toId="106">
</dataflow>
<dataflow id="544" from="_ssdm_op_SpecInterface" to="specinterface_ln37" fromId="416" toId="107">
</dataflow>
<dataflow id="545" from="ethernet_demux_state_out_V" to="specinterface_ln37" fromId="159" toId="107">
</dataflow>
<dataflow id="546" from="p_str" to="specinterface_ln37" fromId="419" toId="107">
</dataflow>
<dataflow id="547" from="StgValue_262" to="specinterface_ln37" fromId="262" toId="107">
</dataflow>
<dataflow id="548" from="StgValue_262" to="specinterface_ln37" fromId="262" toId="107">
</dataflow>
<dataflow id="549" from="p_str1" to="specinterface_ln37" fromId="423" toId="107">
</dataflow>
<dataflow id="550" from="StgValue_262" to="specinterface_ln37" fromId="262" toId="107">
</dataflow>
<dataflow id="551" from="StgValue_262" to="specinterface_ln37" fromId="262" toId="107">
</dataflow>
<dataflow id="552" from="p_str1" to="specinterface_ln37" fromId="423" toId="107">
</dataflow>
<dataflow id="553" from="p_str1" to="specinterface_ln37" fromId="423" toId="107">
</dataflow>
<dataflow id="554" from="p_str1" to="specinterface_ln37" fromId="423" toId="107">
</dataflow>
<dataflow id="555" from="StgValue_262" to="specinterface_ln37" fromId="262" toId="107">
</dataflow>
<dataflow id="556" from="StgValue_262" to="specinterface_ln37" fromId="262" toId="107">
</dataflow>
<dataflow id="557" from="StgValue_262" to="specinterface_ln37" fromId="262" toId="107">
</dataflow>
<dataflow id="558" from="StgValue_262" to="specinterface_ln37" fromId="262" toId="107">
</dataflow>
<dataflow id="559" from="p_str1" to="specinterface_ln37" fromId="423" toId="107">
</dataflow>
<dataflow id="560" from="p_str1" to="specinterface_ln37" fromId="423" toId="107">
</dataflow>
<dataflow id="561" from="_ssdm_op_SpecInterface" to="specinterface_ln38" fromId="416" toId="108">
</dataflow>
<dataflow id="562" from="StgValue_262" to="specinterface_ln38" fromId="262" toId="108">
</dataflow>
<dataflow id="564" from="p_str4" to="specinterface_ln38" fromId="563" toId="108">
</dataflow>
<dataflow id="565" from="StgValue_262" to="specinterface_ln38" fromId="262" toId="108">
</dataflow>
<dataflow id="566" from="StgValue_262" to="specinterface_ln38" fromId="262" toId="108">
</dataflow>
<dataflow id="567" from="p_str1" to="specinterface_ln38" fromId="423" toId="108">
</dataflow>
<dataflow id="568" from="StgValue_262" to="specinterface_ln38" fromId="262" toId="108">
</dataflow>
<dataflow id="569" from="StgValue_262" to="specinterface_ln38" fromId="262" toId="108">
</dataflow>
<dataflow id="570" from="p_str1" to="specinterface_ln38" fromId="423" toId="108">
</dataflow>
<dataflow id="571" from="p_str1" to="specinterface_ln38" fromId="423" toId="108">
</dataflow>
<dataflow id="572" from="p_str1" to="specinterface_ln38" fromId="423" toId="108">
</dataflow>
<dataflow id="573" from="StgValue_262" to="specinterface_ln38" fromId="262" toId="108">
</dataflow>
<dataflow id="574" from="StgValue_262" to="specinterface_ln38" fromId="262" toId="108">
</dataflow>
<dataflow id="575" from="StgValue_262" to="specinterface_ln38" fromId="262" toId="108">
</dataflow>
<dataflow id="576" from="StgValue_262" to="specinterface_ln38" fromId="262" toId="108">
</dataflow>
<dataflow id="577" from="p_str1" to="specinterface_ln38" fromId="423" toId="108">
</dataflow>
<dataflow id="578" from="p_str1" to="specinterface_ln38" fromId="423" toId="108">
</dataflow>
<dataflow id="580" from="_ssdm_op_SpecReset" to="specreset_ln45" fromId="579" toId="109">
</dataflow>
<dataflow id="581" from="state_V" to="specreset_ln45" fromId="160" toId="109">
</dataflow>
<dataflow id="582" from="StgValue_440" to="specreset_ln45" fromId="440" toId="109">
</dataflow>
<dataflow id="583" from="p_str1" to="specreset_ln45" fromId="423" toId="109">
</dataflow>
<dataflow id="585" from="_ssdm_op_Write.ap_none.i3P" to="write_ln46" fromId="584" toId="110">
</dataflow>
<dataflow id="586" from="ethernet_demux_state_out_V" to="write_ln46" fromId="159" toId="110">
</dataflow>
<dataflow id="587" from="trunc_ln209" to="write_ln46" fromId="5" toId="110">
</dataflow>
<dataflow id="588" from="_ssdm_op_Write.axis.volatile.i128P.i1P.i16P.i1P" to="write_ln138" fromId="316" toId="111">
</dataflow>
<dataflow id="589" from="sync_data_out_V_data_V" to="write_ln138" fromId="149" toId="111">
</dataflow>
<dataflow id="590" from="sync_data_out_V_user_V" to="write_ln138" fromId="150" toId="111">
</dataflow>
<dataflow id="591" from="sync_data_out_V_keep_V" to="write_ln138" fromId="151" toId="111">
</dataflow>
<dataflow id="592" from="sync_data_out_V_last_V" to="write_ln138" fromId="152" toId="111">
</dataflow>
<dataflow id="593" from="tmp_data_V_4" to="write_ln138" fromId="17" toId="111">
</dataflow>
<dataflow id="594" from="tmp_user_V_3" to="write_ln138" fromId="18" toId="111">
</dataflow>
<dataflow id="595" from="tmp_keep_V_1" to="write_ln138" fromId="19" toId="111">
</dataflow>
<dataflow id="596" from="tmp_last_V_2" to="write_ln138" fromId="20" toId="111">
</dataflow>
<dataflow id="597" from="_ssdm_op_Write.axis.volatile.i80P" to="write_ln139" fromId="326" toId="112">
</dataflow>
<dataflow id="598" from="rx_tstamp_out_V_V" to="write_ln139" fromId="158" toId="112">
</dataflow>
<dataflow id="599" from="tmp_V" to="write_ln139" fromId="22" toId="112">
</dataflow>
<dataflow id="600" from="_ssdm_op_Write.axis.volatile.i128P.i1P.i16P.i1P" to="write_ln128" fromId="316" toId="113">
</dataflow>
<dataflow id="601" from="mgmt_data_out_V_data_V" to="write_ln128" fromId="153" toId="113">
</dataflow>
<dataflow id="602" from="mgmt_data_out_V_user_V" to="write_ln128" fromId="154" toId="113">
</dataflow>
<dataflow id="603" from="mgmt_data_out_V_keep_V" to="write_ln128" fromId="155" toId="113">
</dataflow>
<dataflow id="604" from="mgmt_data_out_V_last_V" to="write_ln128" fromId="156" toId="113">
</dataflow>
<dataflow id="605" from="tmp_data_V_3" to="write_ln128" fromId="26" toId="113">
</dataflow>
<dataflow id="606" from="tmp_user_V_2" to="write_ln128" fromId="27" toId="113">
</dataflow>
<dataflow id="607" from="tmp_keep_V" to="write_ln128" fromId="28" toId="113">
</dataflow>
<dataflow id="608" from="tmp_last_V_1" to="write_ln128" fromId="29" toId="113">
</dataflow>
<dataflow id="609" from="_ssdm_op_Write.axis.volatile.i128P.i1P.i16P.i1P" to="write_ln111" fromId="316" toId="114">
</dataflow>
<dataflow id="610" from="cu_data_out_V_data_V" to="write_ln111" fromId="145" toId="114">
</dataflow>
<dataflow id="611" from="cu_data_out_V_user_V" to="write_ln111" fromId="146" toId="114">
</dataflow>
<dataflow id="612" from="cu_data_out_V_keep_V" to="write_ln111" fromId="147" toId="114">
</dataflow>
<dataflow id="613" from="cu_data_out_V_last_V" to="write_ln111" fromId="148" toId="114">
</dataflow>
<dataflow id="614" from="tmp_data_V_2" to="write_ln111" fromId="34" toId="114">
</dataflow>
<dataflow id="615" from="tmp_user_V_1" to="write_ln111" fromId="35" toId="114">
</dataflow>
<dataflow id="616" from="StgValue_350" to="write_ln111" fromId="350" toId="114">
</dataflow>
<dataflow id="617" from="tmp_last_V" to="write_ln111" fromId="36" toId="114">
</dataflow>
<dataflow id="618" from="_ssdm_op_Write.axis.volatile.i128P.i1P.i16P.i1P" to="write_ln74" fromId="316" toId="115">
</dataflow>
<dataflow id="619" from="cu_data_out_V_data_V" to="write_ln74" fromId="145" toId="115">
</dataflow>
<dataflow id="620" from="cu_data_out_V_user_V" to="write_ln74" fromId="146" toId="115">
</dataflow>
<dataflow id="621" from="cu_data_out_V_keep_V" to="write_ln74" fromId="147" toId="115">
</dataflow>
<dataflow id="622" from="cu_data_out_V_last_V" to="write_ln74" fromId="148" toId="115">
</dataflow>
<dataflow id="623" from="p_Result_4" to="write_ln74" fromId="42" toId="115">
</dataflow>
<dataflow id="624" from="tmp_user_V" to="write_ln74" fromId="60" toId="115">
</dataflow>
<dataflow id="625" from="StgValue_360" to="write_ln74" fromId="360" toId="115">
</dataflow>
<dataflow id="626" from="StgValue_362" to="write_ln74" fromId="362" toId="115">
</dataflow>
<dataflow id="627" from="_ssdm_op_Write.axis.volatile.i128P.i1P.i16P.i1P" to="write_ln64" fromId="316" toId="116">
</dataflow>
<dataflow id="628" from="cu_data_out_V_data_V" to="write_ln64" fromId="145" toId="116">
</dataflow>
<dataflow id="629" from="cu_data_out_V_user_V" to="write_ln64" fromId="146" toId="116">
</dataflow>
<dataflow id="630" from="cu_data_out_V_keep_V" to="write_ln64" fromId="147" toId="116">
</dataflow>
<dataflow id="631" from="cu_data_out_V_last_V" to="write_ln64" fromId="148" toId="116">
</dataflow>
<dataflow id="632" from="p_Result_3" to="write_ln64" fromId="49" toId="116">
</dataflow>
<dataflow id="633" from="tmp_user_V" to="write_ln64" fromId="60" toId="116">
</dataflow>
<dataflow id="634" from="StgValue_350" to="write_ln64" fromId="350" toId="116">
</dataflow>
<dataflow id="635" from="StgValue_362" to="write_ln64" fromId="362" toId="116">
</dataflow>
<dataflow id="636" from="state_V_load" to="StgValue_1" fromId="4" toId="1">
</dataflow>
<dataflow id="637" from="state_V_load" to="StgValue_2" fromId="4" toId="2">
</dataflow>
<dataflow id="638" from="state_V_load" to="StgValue_3" fromId="4" toId="3">
</dataflow>
</dataflows>


</stg>
