<annotationInfo>
<item  id="55" filename="Ethernet_Demux/ethernet_demux.cpp" linenumber="46" name="trunc_ln209" contextFuncName="Ethernet_demux" moduleName="Ethernet_demux" rtlName="trunc_ln209_fu_250_p1" latency="0" BRAM="-1" DSP="-1" FF="-1" LUT="-1" fileDirectory="/home/sai/Desktop/Looping_Hardware-design/hls_src"><\/item>
<item  id="68" filename="Ethernet_Demux/ethernet_demux.cpp" linenumber="149" name="select_ln149" contextFuncName="Ethernet_demux" moduleName="Ethernet_demux" rtlName="select_ln149_fu_266_p3" latency="0" BRAM="-1" DSP="-1" FF="0" LUT="3" fileDirectory="/home/sai/Desktop/Looping_Hardware-design/hls_src"><\/item>
<item  id="82" filename="Ethernet_Demux/ethernet_demux.cpp" linenumber="140" name="select_ln140" contextFuncName="Ethernet_demux" moduleName="Ethernet_demux" rtlName="select_ln140_fu_280_p3" latency="0" BRAM="-1" DSP="-1" FF="0" LUT="3" fileDirectory="/home/sai/Desktop/Looping_Hardware-design/hls_src"><\/item>
<item  id="94" filename="Ethernet_Demux/ethernet_demux.cpp" linenumber="129" name="select_ln129" contextFuncName="Ethernet_demux" moduleName="Ethernet_demux" rtlName="select_ln129_fu_294_p3" latency="0" BRAM="-1" DSP="-1" FF="0" LUT="3" fileDirectory="/home/sai/Desktop/Looping_Hardware-design/hls_src"><\/item>
<item  id="105" filename="Ethernet_Demux/ethernet_demux.cpp" linenumber="112" name="select_ln112" contextFuncName="Ethernet_demux" moduleName="Ethernet_demux" rtlName="select_ln112_fu_308_p3" latency="0" BRAM="-1" DSP="-1" FF="0" LUT="3" fileDirectory="/home/sai/Desktop/Looping_Hardware-design/hls_src"><\/item>
<item  id="112" filename="Ethernet_Demux/ethernet_demux.cpp" linenumber="70" name="p_Result_9" contextFuncName="Ethernet_demux" moduleName="Ethernet_demux" rtlName="p_Result_9_fu_328_p4" latency="0" BRAM="-1" DSP="-1" FF="-1" LUT="-1" fileDirectory="/home/sai/Desktop/Looping_Hardware-design/hls_src"><\/item>
<item  id="113" filename="Ethernet_Demux/ethernet_demux.cpp" linenumber="71" name="p_Result_4" contextFuncName="Ethernet_demux" moduleName="Ethernet_demux" rtlName="p_Result_4_fu_338_p3" latency="0" BRAM="-1" DSP="-1" FF="-1" LUT="-1" fileDirectory="/home/sai/Desktop/Looping_Hardware-design/hls_src"><\/item>
<item  id="122" filename="Ethernet_Demux/ethernet_demux.cpp" linenumber="60" name="trunc_ln647_1" contextFuncName="Ethernet_demux" moduleName="Ethernet_demux" rtlName="trunc_ln647_1_fu_358_p1" latency="0" BRAM="-1" DSP="-1" FF="-1" LUT="-1" fileDirectory="/home/sai/Desktop/Looping_Hardware-design/hls_src"><\/item>
<item  id="123" filename="Ethernet_Demux/ethernet_demux.cpp" linenumber="60" name="p_Result_3" contextFuncName="Ethernet_demux" moduleName="Ethernet_demux" rtlName="p_Result_3_fu_362_p5" latency="0" BRAM="-1" DSP="-1" FF="-1" LUT="-1" fileDirectory="/home/sai/Desktop/Looping_Hardware-design/hls_src"><\/item>
<item  id="132" filename="Ethernet_Demux/ethernet_demux.cpp" linenumber="52" name="trunc_ln647" contextFuncName="Ethernet_demux" moduleName="Ethernet_demux" rtlName="trunc_ln647_fu_386_p1" latency="0" BRAM="-1" DSP="-1" FF="-1" LUT="-1" fileDirectory="/home/sai/Desktop/Looping_Hardware-design/hls_src"><\/item>
<item  id="133" filename="Ethernet_Demux/ethernet_demux.cpp" linenumber="52" name="p_Result_s" contextFuncName="Ethernet_demux" moduleName="Ethernet_demux" rtlName="p_Result_s_fu_390_p5" latency="0" BRAM="-1" DSP="-1" FF="-1" LUT="-1" fileDirectory="/home/sai/Desktop/Looping_Hardware-design/hls_src"><\/item>
</annotationInfo>
