<profile>

<section name = "Vivado HLS Report for 'Ethernet_demux'" level="0">
<item name = "Date">Fri Oct 14 11:52:59 2022
</item>
<item name = "Version">2019.1 (Build 2552052 on Fri May 24 15:28:33 MDT 2019)</item>
<item name = "Project">Ethernet_Demux</item>
<item name = "Solution">solution1</item>
<item name = "Product family">zynquplus</item>
<item name = "Target device">xczu9eg-ffvb1156-2-e</item>
</section>

<section name = "Performance Estimates" level="0">
<item name = "Timing (ns)">
<section name = "" level="1">
<item name = "Summary"><table name="" hasTotal="0">
<keys size="4">Clock, Target, Estimated, Uncertainty</keys>
<column name="ap_clk">3.20, 1.239, 0.40</column>
</table>
</item>
</section>
</item>
<item name = "Latency (clock cycles)">
<section name = "" level="1">
<item name = "Summary"><table name="" hasTotal="0">
<keys size="6">, min, max, min, max, Type</keys>
<column name="">2, 2, 1, 1, function</column>
</table>
</item>
<item name = "Detail">
<section name = "" level="1">
<item name = "Instance"><table name="" hasTotal="0">
<keys size="7">Instance, Module, min, max, min, max, Type</keys>
</table>
</item>
<item name = "Loop"><table name="" hasTotal="0">
<keys size="8">Loop Name, min, max, Latency, achieved, target, Count, Pipelined</keys>
</table>
</item>
</section>
</item>
</section>
</item>
</section>

<section name = "Utilization Estimates" level="0">
<item name = "Summary"><table name="" hasTotal="1">
<keys size="6">Name, BRAM_18K, DSP48E, FF, LUT, URAM</keys>
<column name="DSP">-, -, -, -, -</column>
<column name="Expression">-, -, 0, 232, -</column>
<column name="FIFO">-, -, -, -, -</column>
<column name="Instance">-, -, -, -, -</column>
<column name="Memory">-, -, -, -, -</column>
<column name="Multiplexer">-, -, -, 635, -</column>
<column name="Register">-, -, 2128, -, -</column>
<specialColumn name="Available">1824, 2520, 548160, 274080, 0</specialColumn>
<specialColumn name="Utilization (%)">0, 0, ~0, ~0, 0</specialColumn>
</table>
</item>
<item name = "Detail">
<section name = "" level="1">
<item name = "Instance"><table name="" hasTotal="1">
<keys size="7">Instance, Module, BRAM_18K, DSP48E, FF, LUT, URAM</keys>
</table>
</item>
<item name = "DSP48E"><table name="" hasTotal="0">
<keys size="3">Instance, Module, Expression</keys>
</table>
</item>
<item name = "Memory"><table name="" hasTotal="1">
<keys size="10">Memory, Module, BRAM_18K, FF, LUT, URAM, Words, Bits, Banks, W*Bits*Banks</keys>
</table>
</item>
<item name = "FIFO"><table name="" hasTotal="1">
<keys size="8">Name, BRAM_18K, FF, LUT, URAM, Depth, Bits, Size:D*B</keys>
</table>
</item>
<item name = "Expression"><table name="" hasTotal="1">
<keys size="7">Variable Name, Operation, DSP48E, FF, LUT, Bitwidth P0, Bitwidth P1</keys>
<column name="ap_condition_1185">and, 0, 0, 2, 1, 1</column>
<column name="ap_condition_1192">and, 0, 0, 2, 1, 1</column>
<column name="ap_condition_1282">and, 0, 0, 2, 1, 1</column>
<column name="ap_condition_1309">and, 0, 0, 2, 1, 1</column>
<column name="cu_data_out_V_data_V_1_load_A">and, 0, 0, 2, 1, 1</column>
<column name="cu_data_out_V_data_V_1_load_B">and, 0, 0, 2, 1, 1</column>
<column name="cu_data_out_V_keep_V_1_load_A">and, 0, 0, 2, 1, 1</column>
<column name="cu_data_out_V_keep_V_1_load_B">and, 0, 0, 2, 1, 1</column>
<column name="cu_data_out_V_last_V_1_load_A">and, 0, 0, 2, 1, 1</column>
<column name="cu_data_out_V_last_V_1_load_B">and, 0, 0, 2, 1, 1</column>
<column name="cu_data_out_V_user_V_1_load_A">and, 0, 0, 2, 1, 1</column>
<column name="cu_data_out_V_user_V_1_load_B">and, 0, 0, 2, 1, 1</column>
<column name="eth_data_rx_V_data_V_0_load_A">and, 0, 0, 2, 1, 1</column>
<column name="eth_data_rx_V_data_V_0_load_B">and, 0, 0, 2, 1, 1</column>
<column name="eth_data_rx_V_keep_V_0_load_A">and, 0, 0, 2, 1, 1</column>
<column name="eth_data_rx_V_keep_V_0_load_B">and, 0, 0, 2, 1, 1</column>
<column name="eth_data_rx_V_last_V_0_load_A">and, 0, 0, 2, 1, 1</column>
<column name="eth_data_rx_V_last_V_0_load_B">and, 0, 0, 2, 1, 1</column>
<column name="eth_data_rx_V_user_V_0_load_A">and, 0, 0, 2, 1, 1</column>
<column name="eth_data_rx_V_user_V_0_load_B">and, 0, 0, 2, 1, 1</column>
<column name="mgmt_data_out_V_data_V_1_load_A">and, 0, 0, 2, 1, 1</column>
<column name="mgmt_data_out_V_data_V_1_load_B">and, 0, 0, 2, 1, 1</column>
<column name="mgmt_data_out_V_keep_V_1_load_A">and, 0, 0, 2, 1, 1</column>
<column name="mgmt_data_out_V_keep_V_1_load_B">and, 0, 0, 2, 1, 1</column>
<column name="mgmt_data_out_V_last_V_1_load_A">and, 0, 0, 2, 1, 1</column>
<column name="mgmt_data_out_V_last_V_1_load_B">and, 0, 0, 2, 1, 1</column>
<column name="mgmt_data_out_V_user_V_1_load_A">and, 0, 0, 2, 1, 1</column>
<column name="mgmt_data_out_V_user_V_1_load_B">and, 0, 0, 2, 1, 1</column>
<column name="rx_tstamp_out_V_V_1_load_A">and, 0, 0, 2, 1, 1</column>
<column name="rx_tstamp_out_V_V_1_load_B">and, 0, 0, 2, 1, 1</column>
<column name="sync_data_out_V_data_V_1_load_A">and, 0, 0, 2, 1, 1</column>
<column name="sync_data_out_V_data_V_1_load_B">and, 0, 0, 2, 1, 1</column>
<column name="sync_data_out_V_keep_V_1_load_A">and, 0, 0, 2, 1, 1</column>
<column name="sync_data_out_V_keep_V_1_load_B">and, 0, 0, 2, 1, 1</column>
<column name="sync_data_out_V_last_V_1_load_A">and, 0, 0, 2, 1, 1</column>
<column name="sync_data_out_V_last_V_1_load_B">and, 0, 0, 2, 1, 1</column>
<column name="sync_data_out_V_user_V_1_load_A">and, 0, 0, 2, 1, 1</column>
<column name="sync_data_out_V_user_V_1_load_B">and, 0, 0, 2, 1, 1</column>
<column name="cu_data_out_V_data_V_1_state_cmp_full">icmp, 0, 0, 8, 2, 1</column>
<column name="cu_data_out_V_keep_V_1_state_cmp_full">icmp, 0, 0, 8, 2, 1</column>
<column name="cu_data_out_V_last_V_1_state_cmp_full">icmp, 0, 0, 8, 2, 1</column>
<column name="cu_data_out_V_user_V_1_state_cmp_full">icmp, 0, 0, 8, 2, 1</column>
<column name="eth_data_rx_V_data_V_0_state_cmp_full">icmp, 0, 0, 8, 2, 1</column>
<column name="eth_data_rx_V_keep_V_0_state_cmp_full">icmp, 0, 0, 8, 2, 1</column>
<column name="eth_data_rx_V_last_V_0_state_cmp_full">icmp, 0, 0, 8, 2, 1</column>
<column name="eth_data_rx_V_user_V_0_state_cmp_full">icmp, 0, 0, 8, 2, 1</column>
<column name="mgmt_data_out_V_data_V_1_state_cmp_full">icmp, 0, 0, 8, 2, 1</column>
<column name="mgmt_data_out_V_keep_V_1_state_cmp_full">icmp, 0, 0, 8, 2, 1</column>
<column name="mgmt_data_out_V_last_V_1_state_cmp_full">icmp, 0, 0, 8, 2, 1</column>
<column name="mgmt_data_out_V_user_V_1_state_cmp_full">icmp, 0, 0, 8, 2, 1</column>
<column name="rx_tstamp_out_V_V_1_state_cmp_full">icmp, 0, 0, 8, 2, 1</column>
<column name="sync_data_out_V_data_V_1_state_cmp_full">icmp, 0, 0, 8, 2, 1</column>
<column name="sync_data_out_V_keep_V_1_state_cmp_full">icmp, 0, 0, 8, 2, 1</column>
<column name="sync_data_out_V_last_V_1_state_cmp_full">icmp, 0, 0, 8, 2, 1</column>
<column name="sync_data_out_V_user_V_1_state_cmp_full">icmp, 0, 0, 8, 2, 1</column>
<column name="ap_block_state1_pp0_stage0_iter0">or, 0, 0, 2, 1, 1</column>
<column name="ap_block_state2_io">or, 0, 0, 2, 1, 1</column>
<column name="ap_block_state3_io">or, 0, 0, 2, 1, 1</column>
<column name="ap_block_state3_pp0_stage0_iter2">or, 0, 0, 2, 1, 1</column>
<column name="select_ln112_fu_308_p3">select, 0, 0, 3, 1, 1</column>
<column name="select_ln129_fu_294_p3">select, 0, 0, 3, 1, 1</column>
<column name="select_ln140_fu_280_p3">select, 0, 0, 3, 1, 1</column>
<column name="select_ln149_fu_266_p3">select, 0, 0, 3, 1, 1</column>
</table>
</item>
<item name = "Multiplexer"><table name="" hasTotal="1">
<keys size="5">Name, LUT, Input Size, Bits, Total Bits</keys>
<column name="ap_NS_iter1_fsm">15, 3, 2, 6</column>
<column name="ap_NS_iter2_fsm">15, 3, 2, 6</column>
<column name="cu_data_out_TDATA_blk_n">9, 2, 1, 2</column>
<column name="cu_data_out_V_data_V_1_data_in">21, 4, 128, 512</column>
<column name="cu_data_out_V_data_V_1_data_out">9, 2, 128, 256</column>
<column name="cu_data_out_V_data_V_1_state">15, 3, 2, 6</column>
<column name="cu_data_out_V_keep_V_1_data_in">15, 3, 16, 48</column>
<column name="cu_data_out_V_keep_V_1_data_out">9, 2, 16, 32</column>
<column name="cu_data_out_V_keep_V_1_state">15, 3, 2, 6</column>
<column name="cu_data_out_V_last_V_1_data_in">15, 3, 1, 3</column>
<column name="cu_data_out_V_last_V_1_data_out">9, 2, 1, 2</column>
<column name="cu_data_out_V_last_V_1_state">15, 3, 2, 6</column>
<column name="cu_data_out_V_user_V_1_data_in">15, 3, 1, 3</column>
<column name="cu_data_out_V_user_V_1_data_out">9, 2, 1, 2</column>
<column name="cu_data_out_V_user_V_1_state">15, 3, 2, 6</column>
<column name="eth_data_in_data_V">21, 4, 128, 512</column>
<column name="eth_data_in_user_V">21, 4, 1, 4</column>
<column name="eth_data_rx_TDATA_blk_n">9, 2, 1, 2</column>
<column name="eth_data_rx_V_data_V_0_data_out">9, 2, 128, 256</column>
<column name="eth_data_rx_V_data_V_0_state">15, 3, 2, 6</column>
<column name="eth_data_rx_V_keep_V_0_data_out">9, 2, 16, 32</column>
<column name="eth_data_rx_V_keep_V_0_state">15, 3, 2, 6</column>
<column name="eth_data_rx_V_last_V_0_data_out">9, 2, 1, 2</column>
<column name="eth_data_rx_V_last_V_0_state">15, 3, 2, 6</column>
<column name="eth_data_rx_V_user_V_0_data_out">9, 2, 1, 2</column>
<column name="eth_data_rx_V_user_V_0_state">15, 3, 2, 6</column>
<column name="mgmt_data_out_TDATA_blk_n">9, 2, 1, 2</column>
<column name="mgmt_data_out_V_data_V_1_data_out">9, 2, 128, 256</column>
<column name="mgmt_data_out_V_data_V_1_state">15, 3, 2, 6</column>
<column name="mgmt_data_out_V_keep_V_1_data_out">9, 2, 16, 32</column>
<column name="mgmt_data_out_V_keep_V_1_state">15, 3, 2, 6</column>
<column name="mgmt_data_out_V_last_V_1_data_out">9, 2, 1, 2</column>
<column name="mgmt_data_out_V_last_V_1_state">15, 3, 2, 6</column>
<column name="mgmt_data_out_V_user_V_1_data_out">9, 2, 1, 2</column>
<column name="mgmt_data_out_V_user_V_1_state">15, 3, 2, 6</column>
<column name="rx_tstamp_out_V_V_1_data_out">9, 2, 80, 160</column>
<column name="rx_tstamp_out_V_V_1_state">15, 3, 2, 6</column>
<column name="rx_tstamp_out_V_V_TDATA_blk_n">9, 2, 1, 2</column>
<column name="state_V">44, 9, 3, 27</column>
<column name="sync_data_out_TDATA_blk_n">9, 2, 1, 2</column>
<column name="sync_data_out_V_data_V_1_data_out">9, 2, 128, 256</column>
<column name="sync_data_out_V_data_V_1_state">15, 3, 2, 6</column>
<column name="sync_data_out_V_keep_V_1_data_out">9, 2, 16, 32</column>
<column name="sync_data_out_V_keep_V_1_state">15, 3, 2, 6</column>
<column name="sync_data_out_V_last_V_1_data_out">9, 2, 1, 2</column>
<column name="sync_data_out_V_last_V_1_state">15, 3, 2, 6</column>
<column name="sync_data_out_V_user_V_1_data_out">9, 2, 1, 2</column>
<column name="sync_data_out_V_user_V_1_state">15, 3, 2, 6</column>
</table>
</item>
<item name = "Register"><table name="" hasTotal="1">
<keys size="5">Name, FF, LUT, Bits, Const Bits</keys>
<column name="ap_CS_iter0_fsm">1, 0, 1, 0</column>
<column name="ap_CS_iter1_fsm">2, 0, 2, 0</column>
<column name="ap_CS_iter2_fsm">2, 0, 2, 0</column>
<column name="cu_data_out_V_data_V_1_payload_A">128, 0, 128, 0</column>
<column name="cu_data_out_V_data_V_1_payload_B">128, 0, 128, 0</column>
<column name="cu_data_out_V_data_V_1_sel_rd">1, 0, 1, 0</column>
<column name="cu_data_out_V_data_V_1_sel_wr">1, 0, 1, 0</column>
<column name="cu_data_out_V_data_V_1_state">2, 0, 2, 0</column>
<column name="cu_data_out_V_keep_V_1_payload_A">16, 0, 16, 0</column>
<column name="cu_data_out_V_keep_V_1_payload_B">16, 0, 16, 0</column>
<column name="cu_data_out_V_keep_V_1_sel_rd">1, 0, 1, 0</column>
<column name="cu_data_out_V_keep_V_1_sel_wr">1, 0, 1, 0</column>
<column name="cu_data_out_V_keep_V_1_state">2, 0, 2, 0</column>
<column name="cu_data_out_V_last_V_1_payload_A">1, 0, 1, 0</column>
<column name="cu_data_out_V_last_V_1_payload_B">1, 0, 1, 0</column>
<column name="cu_data_out_V_last_V_1_sel_rd">1, 0, 1, 0</column>
<column name="cu_data_out_V_last_V_1_sel_wr">1, 0, 1, 0</column>
<column name="cu_data_out_V_last_V_1_state">2, 0, 2, 0</column>
<column name="cu_data_out_V_user_V_1_payload_A">1, 0, 1, 0</column>
<column name="cu_data_out_V_user_V_1_payload_B">1, 0, 1, 0</column>
<column name="cu_data_out_V_user_V_1_sel_rd">1, 0, 1, 0</column>
<column name="cu_data_out_V_user_V_1_sel_wr">1, 0, 1, 0</column>
<column name="cu_data_out_V_user_V_1_state">2, 0, 2, 0</column>
<column name="eth_data_in_1_data_V">128, 0, 128, 0</column>
<column name="eth_data_in_data_V">128, 0, 128, 0</column>
<column name="eth_data_in_user_V">1, 0, 1, 0</column>
<column name="eth_data_rx_V_data_V_0_payload_A">128, 0, 128, 0</column>
<column name="eth_data_rx_V_data_V_0_payload_B">128, 0, 128, 0</column>
<column name="eth_data_rx_V_data_V_0_sel_rd">1, 0, 1, 0</column>
<column name="eth_data_rx_V_data_V_0_sel_wr">1, 0, 1, 0</column>
<column name="eth_data_rx_V_data_V_0_state">2, 0, 2, 0</column>
<column name="eth_data_rx_V_keep_V_0_payload_A">16, 0, 16, 0</column>
<column name="eth_data_rx_V_keep_V_0_payload_B">16, 0, 16, 0</column>
<column name="eth_data_rx_V_keep_V_0_sel_rd">1, 0, 1, 0</column>
<column name="eth_data_rx_V_keep_V_0_sel_wr">1, 0, 1, 0</column>
<column name="eth_data_rx_V_keep_V_0_state">2, 0, 2, 0</column>
<column name="eth_data_rx_V_last_V_0_payload_A">1, 0, 1, 0</column>
<column name="eth_data_rx_V_last_V_0_payload_B">1, 0, 1, 0</column>
<column name="eth_data_rx_V_last_V_0_sel_rd">1, 0, 1, 0</column>
<column name="eth_data_rx_V_last_V_0_sel_wr">1, 0, 1, 0</column>
<column name="eth_data_rx_V_last_V_0_state">2, 0, 2, 0</column>
<column name="eth_data_rx_V_user_V_0_payload_A">1, 0, 1, 0</column>
<column name="eth_data_rx_V_user_V_0_payload_B">1, 0, 1, 0</column>
<column name="eth_data_rx_V_user_V_0_sel_rd">1, 0, 1, 0</column>
<column name="eth_data_rx_V_user_V_0_sel_wr">1, 0, 1, 0</column>
<column name="eth_data_rx_V_user_V_0_state">2, 0, 2, 0</column>
<column name="mgmt_data_out_V_data_V_1_payload_A">128, 0, 128, 0</column>
<column name="mgmt_data_out_V_data_V_1_payload_B">128, 0, 128, 0</column>
<column name="mgmt_data_out_V_data_V_1_sel_rd">1, 0, 1, 0</column>
<column name="mgmt_data_out_V_data_V_1_sel_wr">1, 0, 1, 0</column>
<column name="mgmt_data_out_V_data_V_1_state">2, 0, 2, 0</column>
<column name="mgmt_data_out_V_keep_V_1_payload_A">16, 0, 16, 0</column>
<column name="mgmt_data_out_V_keep_V_1_payload_B">16, 0, 16, 0</column>
<column name="mgmt_data_out_V_keep_V_1_sel_rd">1, 0, 1, 0</column>
<column name="mgmt_data_out_V_keep_V_1_sel_wr">1, 0, 1, 0</column>
<column name="mgmt_data_out_V_keep_V_1_state">2, 0, 2, 0</column>
<column name="mgmt_data_out_V_last_V_1_payload_A">1, 0, 1, 0</column>
<column name="mgmt_data_out_V_last_V_1_payload_B">1, 0, 1, 0</column>
<column name="mgmt_data_out_V_last_V_1_sel_rd">1, 0, 1, 0</column>
<column name="mgmt_data_out_V_last_V_1_sel_wr">1, 0, 1, 0</column>
<column name="mgmt_data_out_V_last_V_1_state">2, 0, 2, 0</column>
<column name="mgmt_data_out_V_user_V_1_payload_A">1, 0, 1, 0</column>
<column name="mgmt_data_out_V_user_V_1_payload_B">1, 0, 1, 0</column>
<column name="mgmt_data_out_V_user_V_1_sel_rd">1, 0, 1, 0</column>
<column name="mgmt_data_out_V_user_V_1_sel_wr">1, 0, 1, 0</column>
<column name="mgmt_data_out_V_user_V_1_state">2, 0, 2, 0</column>
<column name="p_Result_3_reg_502">128, 0, 128, 0</column>
<column name="p_Result_4_reg_497">96, 0, 128, 32</column>
<column name="reg_233">128, 0, 128, 0</column>
<column name="reg_240">16, 0, 16, 0</column>
<column name="rx_tstamp_out_V_V_1_payload_A">80, 0, 80, 0</column>
<column name="rx_tstamp_out_V_V_1_payload_B">80, 0, 80, 0</column>
<column name="rx_tstamp_out_V_V_1_sel_rd">1, 0, 1, 0</column>
<column name="rx_tstamp_out_V_V_1_sel_wr">1, 0, 1, 0</column>
<column name="rx_tstamp_out_V_V_1_state">2, 0, 2, 0</column>
<column name="state_V">3, 0, 4, 1</column>
<column name="state_V_load_reg_445">3, 0, 4, 1</column>
<column name="state_V_load_reg_445_pp0_iter1_reg">3, 0, 4, 1</column>
<column name="sync_data_out_V_data_V_1_payload_A">128, 0, 128, 0</column>
<column name="sync_data_out_V_data_V_1_payload_B">128, 0, 128, 0</column>
<column name="sync_data_out_V_data_V_1_sel_rd">1, 0, 1, 0</column>
<column name="sync_data_out_V_data_V_1_sel_wr">1, 0, 1, 0</column>
<column name="sync_data_out_V_data_V_1_state">2, 0, 2, 0</column>
<column name="sync_data_out_V_keep_V_1_payload_A">16, 0, 16, 0</column>
<column name="sync_data_out_V_keep_V_1_payload_B">16, 0, 16, 0</column>
<column name="sync_data_out_V_keep_V_1_sel_rd">1, 0, 1, 0</column>
<column name="sync_data_out_V_keep_V_1_sel_wr">1, 0, 1, 0</column>
<column name="sync_data_out_V_keep_V_1_state">2, 0, 2, 0</column>
<column name="sync_data_out_V_last_V_1_payload_A">1, 0, 1, 0</column>
<column name="sync_data_out_V_last_V_1_payload_B">1, 0, 1, 0</column>
<column name="sync_data_out_V_last_V_1_sel_rd">1, 0, 1, 0</column>
<column name="sync_data_out_V_last_V_1_sel_wr">1, 0, 1, 0</column>
<column name="sync_data_out_V_last_V_1_state">2, 0, 2, 0</column>
<column name="sync_data_out_V_user_V_1_payload_A">1, 0, 1, 0</column>
<column name="sync_data_out_V_user_V_1_payload_B">1, 0, 1, 0</column>
<column name="sync_data_out_V_user_V_1_sel_rd">1, 0, 1, 0</column>
<column name="sync_data_out_V_user_V_1_sel_wr">1, 0, 1, 0</column>
<column name="sync_data_out_V_user_V_1_state">2, 0, 2, 0</column>
<column name="tmp_V_reg_470">80, 0, 80, 0</column>
<column name="tmp_last_V_1_reg_481">1, 0, 1, 0</column>
<column name="tmp_last_V_2_reg_465">1, 0, 1, 0</column>
<column name="tmp_last_V_reg_492">1, 0, 1, 0</column>
<column name="tmp_user_V_1_reg_486">1, 0, 1, 0</column>
<column name="tmp_user_V_2_reg_475">1, 0, 1, 0</column>
<column name="tmp_user_V_3_reg_459">1, 0, 1, 0</column>
<column name="tmp_user_V_4_reg_454">1, 0, 1, 0</column>
<column name="trunc_ln209_reg_449">3, 0, 3, 0</column>
<column name="trunc_ln209_reg_449_pp0_iter1_reg">3, 0, 3, 0</column>
</table>
</item>
</section>
</item>
</section>

<section name = "Interface" level="0">
<item name = "Summary"><table name="" hasTotal="0">
<keys size="6">RTL Ports, Dir, Bits, Protocol, Source Object, C Type</keys>
<column name="ap_clk">in, 1, ap_ctrl_none, Ethernet_demux, return value</column>
<column name="ap_rst_n">in, 1, ap_ctrl_none, Ethernet_demux, return value</column>
<column name="eth_data_rx_TDATA">in, 128, axis, eth_data_rx_V_data_V, pointer</column>
<column name="eth_data_rx_TVALID">in, 1, axis, eth_data_rx_V_last_V, pointer</column>
<column name="eth_data_rx_TREADY">out, 1, axis, eth_data_rx_V_last_V, pointer</column>
<column name="eth_data_rx_TLAST">in, 1, axis, eth_data_rx_V_last_V, pointer</column>
<column name="eth_data_rx_TUSER">in, 1, axis, eth_data_rx_V_user_V, pointer</column>
<column name="eth_data_rx_TKEEP">in, 16, axis, eth_data_rx_V_keep_V, pointer</column>
<column name="cu_data_out_TDATA">out, 128, axis, cu_data_out_V_data_V, pointer</column>
<column name="cu_data_out_TREADY">in, 1, axis, cu_data_out_V_data_V, pointer</column>
<column name="cu_data_out_TVALID">out, 1, axis, cu_data_out_V_last_V, pointer</column>
<column name="cu_data_out_TLAST">out, 1, axis, cu_data_out_V_last_V, pointer</column>
<column name="cu_data_out_TUSER">out, 1, axis, cu_data_out_V_user_V, pointer</column>
<column name="cu_data_out_TKEEP">out, 16, axis, cu_data_out_V_keep_V, pointer</column>
<column name="sync_data_out_TDATA">out, 128, axis, sync_data_out_V_data_V, pointer</column>
<column name="sync_data_out_TREADY">in, 1, axis, sync_data_out_V_data_V, pointer</column>
<column name="sync_data_out_TVALID">out, 1, axis, sync_data_out_V_last_V, pointer</column>
<column name="sync_data_out_TLAST">out, 1, axis, sync_data_out_V_last_V, pointer</column>
<column name="sync_data_out_TUSER">out, 1, axis, sync_data_out_V_user_V, pointer</column>
<column name="sync_data_out_TKEEP">out, 16, axis, sync_data_out_V_keep_V, pointer</column>
<column name="mgmt_data_out_TDATA">out, 128, axis, mgmt_data_out_V_data_V, pointer</column>
<column name="mgmt_data_out_TREADY">in, 1, axis, mgmt_data_out_V_data_V, pointer</column>
<column name="mgmt_data_out_TVALID">out, 1, axis, mgmt_data_out_V_last_V, pointer</column>
<column name="mgmt_data_out_TLAST">out, 1, axis, mgmt_data_out_V_last_V, pointer</column>
<column name="mgmt_data_out_TUSER">out, 1, axis, mgmt_data_out_V_user_V, pointer</column>
<column name="mgmt_data_out_TKEEP">out, 16, axis, mgmt_data_out_V_keep_V, pointer</column>
<column name="rx_tstamp_in_V">in, 80, ap_none, rx_tstamp_in_V, pointer</column>
<column name="rx_tstamp_out_V_V_TDATA">out, 80, axis, rx_tstamp_out_V_V, pointer</column>
<column name="rx_tstamp_out_V_V_TVALID">out, 1, axis, rx_tstamp_out_V_V, pointer</column>
<column name="rx_tstamp_out_V_V_TREADY">in, 1, axis, rx_tstamp_out_V_V, pointer</column>
<column name="ethernet_demux_state_out_V">out, 3, ap_none, ethernet_demux_state_out_V, pointer</column>
</table>
</item>
</section>
</profile>
