{
  "Top": "cplane_packetizer",
  "RtlTop": "cplane_packetizer",
  "RtlPrefix": "",
  "SourceLanguage": "cpp",
  "ResetStyle": "control",
  "GenerateBdFiles": "1",
  "HostMachineBits": "64",
  "Target": {
    "Family": "zynquplus",
    "Device": "xczu9eg",
    "Package": "-ffvb1156",
    "Speed": "-2-e"
  },
  "HlsSolution": {"Config": [
      "config_export -format=ip_catalog",
      "config_export -rtl=verilog"
    ]},
  "Args": {
    "mdata": {
      "index": "0",
      "type": {
        "kinds": ["struct"],
        "dataType": "mplane_input",
        "structImpl": "flat-interface",
        "fields": {"numCoeff": {
            "order": "0",
            "dataType": "ap_uint",
            "dataWidth": "12",
            "interfaceRef": "mdata_numCoeff_V",
            "structImpl": "interface"
          }}
      }
    },
    "ethernet_header": {
      "index": "1",
      "type": {
        "kinds": ["struct"],
        "dataType": "eth_header",
        "portRef": "TDATA",
        "structImpl": "interface",
        "dataPack": true,
        "fields": {
          "dmac": {
            "order": "0",
            "dataType": "ap_uint"
          },
          "smac": {
            "order": "1",
            "dataType": "ap_uint"
          },
          "ethtype": {
            "order": "2",
            "dataType": "ap_uint"
          }
        }
      }
    },
    "eCPRI_header": {
      "index": "2",
      "type": {
        "kinds": ["struct"],
        "dataType": "eCPRI_head",
        "portRef": "TDATA",
        "structImpl": "interface",
        "dataPack": true,
        "fields": {
          "version": {
            "order": "0",
            "dataType": "ap_uint"
          },
          "msg_type": {
            "order": "1",
            "dataType": "ap_uint"
          },
          "payload_size": {
            "order": "2",
            "dataType": "ap_uint"
          },
          "rtcid": {
            "order": "3",
            "dataType": "ap_uint"
          },
          "seqid": {
            "order": "4",
            "dataType": "ap_uint"
          }
        }
      }
    },
    "application_header": {
      "index": "3",
      "type": {
        "kinds": ["struct"],
        "dataType": "Appn_header",
        "portRef": "TDATA",
        "structImpl": "interface",
        "dataPack": true,
        "fields": {
          "dataDirection": {
            "order": "0",
            "dataType": "ap_uint"
          },
          "payloadVersion": {
            "order": "1",
            "dataType": "ap_uint"
          },
          "filterIndex": {
            "order": "2",
            "dataType": "ap_uint"
          },
          "frameId": {
            "order": "3",
            "dataType": "ap_uint"
          },
          "subframeId": {
            "order": "4",
            "dataType": "ap_uint"
          },
          "slotID": {
            "order": "5",
            "dataType": "ap_uint"
          },
          "startsymbolId": {
            "order": "6",
            "dataType": "ap_uint"
          },
          "numSections": {
            "order": "7",
            "dataType": "ap_uint"
          },
          "sectionType": {
            "order": "8",
            "dataType": "ap_uint"
          },
          "udCompHdr": {
            "order": "9",
            "dataType": "ap_uint"
          },
          "reserved": {
            "order": "10",
            "dataType": "ap_uint"
          }
        }
      }
    },
    "section_header": {
      "index": "4",
      "type": {
        "kinds": ["struct"],
        "dataType": "Section_header",
        "portRef": "TDATA",
        "structImpl": "interface",
        "dataPack": true,
        "fields": {
          "sectionID": {
            "order": "0",
            "dataType": "ap_uint"
          },
          "rb": {
            "order": "1",
            "dataType": "ap_uint"
          },
          "symInc": {
            "order": "2",
            "dataType": "ap_uint"
          },
          "startPrbu": {
            "order": "3",
            "dataType": "ap_uint"
          },
          "numPrbu": {
            "order": "4",
            "dataType": "ap_uint"
          },
          "reMask": {
            "order": "5",
            "dataType": "ap_uint"
          },
          "numSymbol": {
            "order": "6",
            "dataType": "ap_uint"
          },
          "beamID": {
            "order": "7",
            "dataType": "ap_uint"
          },
          "ef": {
            "order": "8",
            "dataType": "ap_uint"
          }
        }
      }
    },
    "extension_header": {
      "index": "5",
      "type": {
        "kinds": ["struct"],
        "dataType": "Section_Ext_header",
        "portRef": "TDATA",
        "structImpl": "interface",
        "dataPack": true,
        "fields": {
          "ef": {
            "order": "0",
            "dataType": "ap_uint"
          },
          "extType": {
            "order": "1",
            "dataType": "ap_uint"
          },
          "extLen": {
            "order": "2",
            "dataType": "ap_uint"
          },
          "disablebfW": {
            "order": "3",
            "dataType": "ap_uint"
          },
          "RAD": {
            "order": "4",
            "dataType": "ap_uint"
          },
          "reserved": {
            "order": "5",
            "dataType": "ap_uint"
          },
          "numBundPRB": {
            "order": "6",
            "dataType": "ap_uint"
          },
          "bfWCompHdr": {
            "order": "7",
            "dataType": "ap_uint"
          },
          "bfWCompParam": {
            "order": "8",
            "dataType": "ap_uint"
          },
          "reserved_comp": {
            "order": "9",
            "dataType": "ap_uint"
          },
          "beamID": {
            "order": "10",
            "dataType": "ap_uint"
          }
        }
      }
    },
    "beam_data": {
      "index": "6",
      "type": {
        "kinds": ["struct"],
        "dataType": "DATA_BUS",
        "structImpl": "flat-field",
        "dataPack": true,
        "fields": {
          "data": {
            "order": "0",
            "dataType": "ap_uint"
          },
          "last": {
            "order": "1",
            "dataType": "ap_uint"
          }
        }
      }
    },
    "eth_data": {
      "index": "7",
      "type": {
        "kinds": ["struct"],
        "dataType": "ETH_BUS",
        "structImpl": "flat-field",
        "dataPack": true,
        "fields": {
          "data": {
            "order": "0",
            "dataType": "ap_uint"
          },
          "user": {
            "order": "1",
            "dataType": "ap_uint"
          },
          "keep": {
            "order": "2",
            "dataType": "ap_uint"
          },
          "last": {
            "order": "3",
            "dataType": "ap_uint"
          }
        }
      }
    },
    "numCoeff": {
      "index": "8",
      "type": {
        "dataType": "ap_uint",
        "dataWidth": "5",
        "interfaceRef": "numCoeff_V"
      }
    },
    "cstate_out": {
      "index": "9",
      "type": {
        "dataType": "ap_uint",
        "dataWidth": "8",
        "interfaceRef": "cstate_out_V"
      }
    },
    "numMatrix": {
      "index": "10",
      "type": {"dataType": "ap_uint"}
    },
    "rtcid": {
      "index": "11",
      "type": {"dataType": "ap_uint"}
    }
  },
  "Return": {
    
  },
  "ClockInfo": {
    "ClockName": "ap_clk",
    "ClockPeriod": "3.2",
    "IsCombLogic": "0",
    "II": "1",
    "Latency": "1",
    "Uncertainty": "0.4"
  },
  "Xdc": {"OocClocks": ["create_clock -name ap_clk -period 3.200 [get_ports ap_clk]"]},
  "Ipx": {
    "Vendor": "xilinx.com",
    "Library": "hls",
    "Name": "cplane_packetizer",
    "Version": "1.0",
    "DisplayName": "Cplane_packetizer",
    "Revision": "",
    "Description": "An IP generated by Vivado HLS",
    "Taxonomy": "\/VIVADO_HLS_IP",
    "AutoFamilySupport": ""
  },
  "Files": {
    "CSource": ["..\/CtrlPlanePacketizer.cpp"],
    "Vhdl": ["impl\/vhdl\/cplane_packetizer.vhd"],
    "Verilog": ["impl\/verilog\/cplane_packetizer.v"],
    "Misc": ["impl\/misc\/logo.png"],
    "DesignXml": "\/home\/ssaraswathy\/Documents\/ORAN_Uplane\/Uplane_without_Compression\/Simulation_design\/Looping_design\/ORAN_INTEG_1\/hls_src\/CtrlPlanePacketizer\/solution1\/.autopilot\/db\/cplane_packetizer.design.xml",
    "DebugDir": "\/home\/ssaraswathy\/Documents\/ORAN_Uplane\/Uplane_without_Compression\/Simulation_design\/Looping_design\/ORAN_INTEG_1\/hls_src\/CtrlPlanePacketizer\/solution1\/.debug",
    "ProtoInst": ["\/home\/ssaraswathy\/Documents\/ORAN_Uplane\/Uplane_without_Compression\/Simulation_design\/Looping_design\/ORAN_INTEG_1\/hls_src\/CtrlPlanePacketizer\/solution1\/.debug\/cplane_packetizer.protoinst"]
  },
  "SubcoreInfo": {
    "HasXpmMemory": false,
    "HasClockedDsp": false,
    "IP": []
  },
  "Interfaces": {
    "ap_clk": {
      "type": "clock",
      "ctype": {"CLK": {"Type": "bool"}},
      "bundle_name": "ap_clk",
      "bundle_role": "default",
      "buses": "extension_header_V beam_data numMatrix_V_V rtcid_V_V application_header_V section_header_V ethernet_header_V eCPRI_header_V eth_data",
      "reset": "ap_rst_n"
    },
    "ap_ctrl": {
      "type": "ap_ctrl",
      "ctrl_ports": "ap_start ap_done ap_idle ap_ready",
      "ctype": {
        "start": {"Type": "bool"},
        "done": {"Type": "bool"},
        "idle": {"Type": "bool"},
        "ready": {"Type": "bool"}
      }
    },
    "ap_rst_n": {
      "type": "reset",
      "polarity": "ACTIVE_LOW",
      "ctype": {"RST": {"Type": "bool"}},
      "bundle_name": "ap_rst_n",
      "bundle_role": "default"
    },
    "application_header_V": {
      "type": "axi4stream",
      "mode": "slave",
      "port_prefix": "application_header_V",
      "has_tready": "1",
      "ctype": {
        "TVALID": {"Type": "bool"},
        "TDATA": {
          "Type": "struct",
          "Width": "64",
          "Fields": {
            "dataDirection": {
              "Type": "integer unsigned",
              "Width": "1"
            },
            "payloadVersion": {
              "Type": "integer unsigned",
              "Width": "3"
            },
            "filterIndex": {
              "Type": "integer unsigned",
              "Width": "4"
            },
            "frameId": {
              "Type": "integer unsigned",
              "Width": "8"
            },
            "subframeId": {
              "Type": "integer unsigned",
              "Width": "4"
            },
            "slotID": {
              "Type": "integer unsigned",
              "Width": "6"
            },
            "startsymbolId": {
              "Type": "integer unsigned",
              "Width": "6"
            },
            "numSections": {
              "Type": "integer unsigned",
              "Width": "8"
            },
            "sectionType": {
              "Type": "integer unsigned",
              "Width": "8"
            },
            "udCompHdr": {
              "Type": "integer unsigned",
              "Width": "8"
            },
            "reserved": {
              "Type": "integer unsigned",
              "Width": "8"
            }
          }
        },
        "TREADY": {"Type": "bool"}
      },
      "port_width": {"TDATA": "64"}
    },
    "beam_data": {
      "type": "axi4stream",
      "mode": "slave",
      "port_prefix": "beam_data",
      "has_tready": "1",
      "ctype": {
        "TVALID": {"Type": "bool"},
        "TDATA": {
          "Type": "integer unsigned",
          "Width": "128"
        },
        "TREADY": {"Type": "bool"},
        "TLAST": {
          "Type": "integer unsigned",
          "Width": "1"
        }
      },
      "port_width": {
        "TDATA": "128",
        "TLAST": "1"
      }
    },
    "cstate_out_V": {
      "type": "data",
      "dir": "out",
      "width": "8",
      "ctype": {"DATA": {
          "Type": "integer unsigned",
          "Width": "8"
        }},
      "bundle_name": "cstate_out_V",
      "bundle_role": "default"
    },
    "eCPRI_header_V": {
      "type": "axi4stream",
      "mode": "slave",
      "port_prefix": "eCPRI_header_V",
      "has_tready": "1",
      "ctype": {
        "TVALID": {"Type": "bool"},
        "TDATA": {
          "Type": "struct",
          "Width": "64",
          "Fields": {
            "version": {
              "Type": "integer unsigned",
              "Width": "8"
            },
            "msg_type": {
              "Type": "integer unsigned",
              "Width": "8"
            },
            "payload_size": {
              "Type": "integer unsigned",
              "Width": "16"
            },
            "rtcid": {
              "Type": "integer unsigned",
              "Width": "16"
            },
            "seqid": {
              "Type": "integer unsigned",
              "Width": "16"
            }
          }
        },
        "TREADY": {"Type": "bool"}
      },
      "port_width": {"TDATA": "64"}
    },
    "eth_data": {
      "type": "axi4stream",
      "mode": "master",
      "port_prefix": "eth_data",
      "has_tready": "1",
      "ctype": {
        "TREADY": {"Type": "bool"},
        "TDATA": {
          "Type": "integer unsigned",
          "Width": "128"
        },
        "TVALID": {"Type": "bool"},
        "TLAST": {
          "Type": "integer unsigned",
          "Width": "1"
        },
        "TUSER": {
          "Type": "integer unsigned",
          "Width": "1"
        },
        "TKEEP": {
          "Type": "integer unsigned",
          "Width": "16"
        }
      },
      "port_width": {
        "TDATA": "128",
        "TKEEP": "16",
        "TLAST": "1",
        "TUSER": "1"
      }
    },
    "ethernet_header_V": {
      "type": "axi4stream",
      "mode": "slave",
      "port_prefix": "ethernet_header_V",
      "has_tready": "1",
      "ctype": {
        "TVALID": {"Type": "bool"},
        "TDATA": {
          "Type": "struct",
          "Width": "112",
          "Fields": {
            "dmac": {
              "Type": "integer unsigned",
              "Width": "48"
            },
            "smac": {
              "Type": "integer unsigned",
              "Width": "48"
            },
            "ethtype": {
              "Type": "integer unsigned",
              "Width": "16"
            }
          }
        },
        "TREADY": {"Type": "bool"}
      },
      "port_width": {"TDATA": "112"}
    },
    "extension_header_V": {
      "type": "axi4stream",
      "mode": "slave",
      "port_prefix": "extension_header_V",
      "has_tready": "1",
      "ctype": {
        "TVALID": {"Type": "bool"},
        "TDATA": {
          "Type": "struct",
          "Width": "72",
          "Fields": {
            "ef": {
              "Type": "integer unsigned",
              "Width": "1"
            },
            "extType": {
              "Type": "integer unsigned",
              "Width": "7"
            },
            "extLen": {
              "Type": "integer unsigned",
              "Width": "16"
            },
            "disablebfW": {
              "Type": "integer unsigned",
              "Width": "1"
            },
            "RAD": {
              "Type": "integer unsigned",
              "Width": "1"
            },
            "reserved": {
              "Type": "integer unsigned",
              "Width": "6"
            },
            "numBundPRB": {
              "Type": "integer unsigned",
              "Width": "8"
            },
            "bfWCompHdr": {
              "Type": "integer unsigned",
              "Width": "8"
            },
            "bfWCompParam": {
              "Type": "integer unsigned",
              "Width": "8"
            },
            "reserved_comp": {
              "Type": "integer unsigned",
              "Width": "1"
            },
            "beamID": {
              "Type": "integer unsigned",
              "Width": "15"
            }
          }
        },
        "TREADY": {"Type": "bool"}
      },
      "port_width": {"TDATA": "72"}
    },
    "mdata_numCoeff_V": {
      "type": "data",
      "dir": "in",
      "width": "12",
      "ctype": {"DATA": {
          "Type": "integer unsigned",
          "Width": "12"
        }},
      "bundle_name": "mdata_numCoeff_V",
      "bundle_role": "default"
    },
    "numCoeff_V": {
      "type": "data",
      "dir": "in",
      "width": "5",
      "ctype": {"DATA": {
          "Type": "integer unsigned",
          "Width": "5"
        }},
      "bundle_name": "numCoeff_V",
      "bundle_role": "default"
    },
    "numMatrix_V_V": {
      "type": "axi4stream",
      "mode": "slave",
      "port_prefix": "numMatrix_V_V",
      "has_tready": "1",
      "ctype": {
        "TVALID": {"Type": "bool"},
        "TDATA": {
          "Type": "integer unsigned",
          "Width": "3",
          "Bits": "8"
        },
        "TREADY": {"Type": "bool"}
      },
      "port_width": {"TDATA": "8"}
    },
    "rtcid_V_V": {
      "type": "axi4stream",
      "mode": "slave",
      "port_prefix": "rtcid_V_V",
      "has_tready": "1",
      "ctype": {
        "TVALID": {"Type": "bool"},
        "TDATA": {
          "Type": "integer unsigned",
          "Width": "16"
        },
        "TREADY": {"Type": "bool"}
      },
      "port_width": {"TDATA": "16"}
    },
    "section_header_V": {
      "type": "axi4stream",
      "mode": "slave",
      "port_prefix": "section_header_V",
      "has_tready": "1",
      "ctype": {
        "TVALID": {"Type": "bool"},
        "TDATA": {
          "Type": "struct",
          "Width": "64",
          "Fields": {
            "sectionID": {
              "Type": "integer unsigned",
              "Width": "12"
            },
            "rb": {
              "Type": "integer unsigned",
              "Width": "1"
            },
            "symInc": {
              "Type": "integer unsigned",
              "Width": "1"
            },
            "startPrbu": {
              "Type": "integer unsigned",
              "Width": "10"
            },
            "numPrbu": {
              "Type": "integer unsigned",
              "Width": "8"
            },
            "reMask": {
              "Type": "integer unsigned",
              "Width": "12"
            },
            "numSymbol": {
              "Type": "integer unsigned",
              "Width": "4"
            },
            "beamID": {
              "Type": "integer unsigned",
              "Width": "15"
            },
            "ef": {
              "Type": "integer unsigned",
              "Width": "1"
            }
          }
        },
        "TREADY": {"Type": "bool"}
      },
      "port_width": {"TDATA": "64"}
    }
  },
  "RtlPorts": {
    "ap_clk": {
      "dir": "in",
      "width": "1"
    },
    "ap_rst_n": {
      "dir": "in",
      "width": "1"
    },
    "ap_start": {
      "dir": "in",
      "width": "1"
    },
    "ap_done": {
      "dir": "out",
      "width": "1"
    },
    "ap_idle": {
      "dir": "out",
      "width": "1"
    },
    "ap_ready": {
      "dir": "out",
      "width": "1"
    },
    "extension_header_V_TVALID": {
      "dir": "in",
      "width": "1"
    },
    "extension_header_V_TDATA": {
      "dir": "in",
      "width": "72"
    },
    "extension_header_V_TREADY": {
      "dir": "out",
      "width": "1"
    },
    "beam_data_TVALID": {
      "dir": "in",
      "width": "1"
    },
    "beam_data_TDATA": {
      "dir": "in",
      "width": "128"
    },
    "numMatrix_V_V_TVALID": {
      "dir": "in",
      "width": "1"
    },
    "numMatrix_V_V_TDATA": {
      "dir": "in",
      "width": "8"
    },
    "numMatrix_V_V_TREADY": {
      "dir": "out",
      "width": "1"
    },
    "rtcid_V_V_TVALID": {
      "dir": "in",
      "width": "1"
    },
    "rtcid_V_V_TDATA": {
      "dir": "in",
      "width": "16"
    },
    "rtcid_V_V_TREADY": {
      "dir": "out",
      "width": "1"
    },
    "application_header_V_TVALID": {
      "dir": "in",
      "width": "1"
    },
    "application_header_V_TDATA": {
      "dir": "in",
      "width": "64"
    },
    "application_header_V_TREADY": {
      "dir": "out",
      "width": "1"
    },
    "section_header_V_TVALID": {
      "dir": "in",
      "width": "1"
    },
    "section_header_V_TDATA": {
      "dir": "in",
      "width": "64"
    },
    "section_header_V_TREADY": {
      "dir": "out",
      "width": "1"
    },
    "ethernet_header_V_TVALID": {
      "dir": "in",
      "width": "1"
    },
    "ethernet_header_V_TDATA": {
      "dir": "in",
      "width": "112"
    },
    "ethernet_header_V_TREADY": {
      "dir": "out",
      "width": "1"
    },
    "eCPRI_header_V_TVALID": {
      "dir": "in",
      "width": "1"
    },
    "eCPRI_header_V_TDATA": {
      "dir": "in",
      "width": "64"
    },
    "eCPRI_header_V_TREADY": {
      "dir": "out",
      "width": "1"
    },
    "eth_data_TREADY": {
      "dir": "in",
      "width": "1"
    },
    "eth_data_TDATA": {
      "dir": "out",
      "width": "128"
    },
    "mdata_numCoeff_V": {
      "dir": "in",
      "width": "12"
    },
    "beam_data_TREADY": {
      "dir": "out",
      "width": "1"
    },
    "beam_data_TLAST": {
      "dir": "in",
      "width": "1",
      "isVector": "true"
    },
    "eth_data_TVALID": {
      "dir": "out",
      "width": "1"
    },
    "eth_data_TLAST": {
      "dir": "out",
      "width": "1",
      "isVector": "true"
    },
    "eth_data_TUSER": {
      "dir": "out",
      "width": "1",
      "isVector": "true"
    },
    "eth_data_TKEEP": {
      "dir": "out",
      "width": "16"
    },
    "numCoeff_V": {
      "dir": "in",
      "width": "5"
    },
    "cstate_out_V": {
      "dir": "out",
      "width": "8"
    }
  },
  "ModuleInfo": {
    "Hierarchy": {"ModuleName": "cplane_packetizer"},
    "Info": {"cplane_packetizer": {
        "FunctionProtocol": "ap_ctrl_hs",
        "isTaskLevelControl": "1",
        "isPipelined": "1",
        "isCombinational": "0",
        "isOneStateSeq": "0"
      }},
    "Metrics": {"cplane_packetizer": {
        "Latency": {
          "LatencyBest": "1",
          "LatencyAvg": "1",
          "LatencyWorst": "1",
          "PipelineII": "1",
          "PipelineDepth": "2",
          "PipelineType": "function"
        },
        "Timing": {
          "Target": "3.20",
          "Uncertainty": "0.40",
          "Estimate": "2.612"
        },
        "Area": {
          "FF": "1257",
          "LUT": "1087",
          "BRAM_18K": "0",
          "DSP48E": "0",
          "URAM": "0"
        }
      }}
  },
  "Sdx": {
    "Target": "none",
    "ProfileOption": "0",
    "ProfileType": "none",
    "XO": "",
    "KernelName": "cplane_packetizer",
    "EnableXoSwEmu": "1"
  },
  "GenData": {
    "DataVersion": "0.2",
    "Time": "2021-04-05 11:06:36 IST",
    "ToolName": "vivado_hls",
    "ToolVersion": "2019.1"
  }
}
