<?xml version="1.0" encoding="UTF-8"?>
<vivadoHLSLog:LogRoot xmlns:vivadoHLSLog="www.xilinx.com/vivadoHLSLog">
  <errorLogs>
    <logs>
      <synLog/>
      <simLog/>
      <mgLog/>
      <packageLog/>
      <csimLog/>
    </logs>
  </errorLogs>
  <warningLogs>
    <logs>
      <synLog>
        <logs message="WARNING: [RTGEN 206-101] Register 'eth_data_in_1_data_V' is power-on initialization." projectName="Ethernet_Demux" solutionName="solution1" date="2022-10-14T11:52:59.490+0530" type="Warning"/>
        <logs message="WARNING: [RTGEN 206-101] Register 'eth_data_in_user_V' is power-on initialization." projectName="Ethernet_Demux" solutionName="solution1" date="2022-10-14T11:52:59.460+0530" type="Warning"/>
        <logs message="WARNING: [RTGEN 206-101] Register 'eth_data_in_data_V' is power-on initialization." projectName="Ethernet_Demux" solutionName="solution1" date="2022-10-14T11:52:59.451+0530" type="Warning"/>
        <logs message="WARNING: [RTGEN 206-101] Register 'state_V' is power-on initialization." projectName="Ethernet_Demux" solutionName="solution1" date="2022-10-14T11:52:59.447+0530" type="Warning"/>
        <logs message="WARNING: [RTGEN 206-101] Port 'ethernet_demux_state_out_V' with mode 'ap_none' may require an associated data valid signal to correctly communicate with other blocks or a test bench; automatic C/RTL co-simulation may not be able to verify such a port." projectName="Ethernet_Demux" solutionName="solution1" date="2022-10-14T11:52:59.431+0530" type="Warning"/>
        <logs message="WARNING: [HLS 200-40] Cannot find source file ethernet_demux.h; skipping it." projectName="Ethernet_Demux" solutionName="solution1" date="2022-10-14T11:52:46.017+0530" type="Warning"/>
        <logs message="WARNING: [HLS 200-40] Cannot find design file 'ethernet_demux.h'" projectName="Ethernet_Demux" solutionName="solution1" date="2022-10-14T11:52:44.111+0530" type="Warning"/>
      </synLog>
      <simLog/>
      <mgLog/>
      <packageLog/>
      <csimLog/>
    </logs>
  </warningLogs>
</vivadoHLSLog:LogRoot>
