<?xml version="1.0" encoding="utf-8"?>
<xd:acceleratorMap xmlns:xd="http://www.xilinx.com/xidane" xd:functionName="cplane_packetizer" xd:componentRef="cplane_packetizer" xd:initiationInterval="1" xd:clockPeriod="3.200" xd:sequential="true" xd:hostMachine="64" xd:reset="control">
  <xd:controlReg xd:name="control" xd:interfaceRef="ap_ctrl" xd:busTypeRef="acc_handshake" xd:type="acc_handshake"/>
  <xd:arg xd:name="mdata.numCoeff" xd:originalName="mdata" xd:direction="in" xd:interfaceRef="mdata_numCoeff_V" xd:busTypeRef="register" xd:handshakeRef="ap_none" xd:dataWidth="12"/>
  <xd:arg xd:name="ethernet_header.dmac" xd:originalName="ethernet_header" xd:direction="in" xd:interfaceRef="ethernet_header_V" xd:busTypeRef="axis" xd:dataPack="true" xd:bitMapping="47:0" xd:dataWidth="48"/>
  <xd:arg xd:name="ethernet_header.smac" xd:originalName="ethernet_header" xd:direction="in" xd:interfaceRef="ethernet_header_V" xd:busTypeRef="axis" xd:dataPack="true" xd:bitMapping="95:48" xd:dataWidth="48"/>
  <xd:arg xd:name="ethernet_header.ethtype" xd:originalName="ethernet_header" xd:direction="in" xd:interfaceRef="ethernet_header_V" xd:busTypeRef="axis" xd:dataPack="true" xd:bitMapping="111:96" xd:dataWidth="16"/>
  <xd:arg xd:name="eCPRI_header.version" xd:originalName="eCPRI_header" xd:direction="in" xd:interfaceRef="eCPRI_header_V" xd:busTypeRef="axis" xd:dataPack="true" xd:bitMapping="7:0" xd:dataWidth="8"/>
  <xd:arg xd:name="eCPRI_header.msg_type" xd:originalName="eCPRI_header" xd:direction="in" xd:interfaceRef="eCPRI_header_V" xd:busTypeRef="axis" xd:dataPack="true" xd:bitMapping="15:8" xd:dataWidth="8"/>
  <xd:arg xd:name="eCPRI_header.payload_size" xd:originalName="eCPRI_header" xd:direction="in" xd:interfaceRef="eCPRI_header_V" xd:busTypeRef="axis" xd:dataPack="true" xd:bitMapping="31:16" xd:dataWidth="16"/>
  <xd:arg xd:name="eCPRI_header.rtcid" xd:originalName="eCPRI_header" xd:direction="in" xd:interfaceRef="eCPRI_header_V" xd:busTypeRef="axis" xd:dataPack="true" xd:bitMapping="47:32" xd:dataWidth="16"/>
  <xd:arg xd:name="eCPRI_header.seqid" xd:originalName="eCPRI_header" xd:direction="in" xd:interfaceRef="eCPRI_header_V" xd:busTypeRef="axis" xd:dataPack="true" xd:bitMapping="63:48" xd:dataWidth="16"/>
  <xd:arg xd:name="application_header.dataDirection" xd:originalName="application_header" xd:direction="in" xd:interfaceRef="application_header_V" xd:busTypeRef="axis" xd:dataPack="true" xd:bitMapping="0:0" xd:dataWidth="1"/>
  <xd:arg xd:name="application_header.payloadVersion" xd:originalName="application_header" xd:direction="in" xd:interfaceRef="application_header_V" xd:busTypeRef="axis" xd:dataPack="true" xd:bitMapping="3:1" xd:dataWidth="3"/>
  <xd:arg xd:name="application_header.filterIndex" xd:originalName="application_header" xd:direction="in" xd:interfaceRef="application_header_V" xd:busTypeRef="axis" xd:dataPack="true" xd:bitMapping="7:4" xd:dataWidth="4"/>
  <xd:arg xd:name="application_header.frameId" xd:originalName="application_header" xd:direction="in" xd:interfaceRef="application_header_V" xd:busTypeRef="axis" xd:dataPack="true" xd:bitMapping="15:8" xd:dataWidth="8"/>
  <xd:arg xd:name="application_header.subframeId" xd:originalName="application_header" xd:direction="in" xd:interfaceRef="application_header_V" xd:busTypeRef="axis" xd:dataPack="true" xd:bitMapping="19:16" xd:dataWidth="4"/>
  <xd:arg xd:name="application_header.slotID" xd:originalName="application_header" xd:direction="in" xd:interfaceRef="application_header_V" xd:busTypeRef="axis" xd:dataPack="true" xd:bitMapping="25:20" xd:dataWidth="6"/>
  <xd:arg xd:name="application_header.startsymbolId" xd:originalName="application_header" xd:direction="in" xd:interfaceRef="application_header_V" xd:busTypeRef="axis" xd:dataPack="true" xd:bitMapping="31:26" xd:dataWidth="6"/>
  <xd:arg xd:name="application_header.numSections" xd:originalName="application_header" xd:direction="in" xd:interfaceRef="application_header_V" xd:busTypeRef="axis" xd:dataPack="true" xd:bitMapping="39:32" xd:dataWidth="8"/>
  <xd:arg xd:name="application_header.sectionType" xd:originalName="application_header" xd:direction="in" xd:interfaceRef="application_header_V" xd:busTypeRef="axis" xd:dataPack="true" xd:bitMapping="47:40" xd:dataWidth="8"/>
  <xd:arg xd:name="application_header.udCompHdr" xd:originalName="application_header" xd:direction="in" xd:interfaceRef="application_header_V" xd:busTypeRef="axis" xd:dataPack="true" xd:bitMapping="55:48" xd:dataWidth="8"/>
  <xd:arg xd:name="application_header.reserved" xd:originalName="application_header" xd:direction="in" xd:interfaceRef="application_header_V" xd:busTypeRef="axis" xd:dataPack="true" xd:bitMapping="63:56" xd:dataWidth="8"/>
  <xd:arg xd:name="section_header.sectionID" xd:originalName="section_header" xd:direction="in" xd:interfaceRef="section_header_V" xd:busTypeRef="axis" xd:dataPack="true" xd:bitMapping="11:0" xd:dataWidth="12"/>
  <xd:arg xd:name="section_header.rb" xd:originalName="section_header" xd:direction="in" xd:interfaceRef="section_header_V" xd:busTypeRef="axis" xd:dataPack="true" xd:bitMapping="12:12" xd:dataWidth="1"/>
  <xd:arg xd:name="section_header.symInc" xd:originalName="section_header" xd:direction="in" xd:interfaceRef="section_header_V" xd:busTypeRef="axis" xd:dataPack="true" xd:bitMapping="13:13" xd:dataWidth="1"/>
  <xd:arg xd:name="section_header.startPrbu" xd:originalName="section_header" xd:direction="in" xd:interfaceRef="section_header_V" xd:busTypeRef="axis" xd:dataPack="true" xd:bitMapping="23:14" xd:dataWidth="10"/>
  <xd:arg xd:name="section_header.numPrbu" xd:originalName="section_header" xd:direction="in" xd:interfaceRef="section_header_V" xd:busTypeRef="axis" xd:dataPack="true" xd:bitMapping="31:24" xd:dataWidth="8"/>
  <xd:arg xd:name="section_header.reMask" xd:originalName="section_header" xd:direction="in" xd:interfaceRef="section_header_V" xd:busTypeRef="axis" xd:dataPack="true" xd:bitMapping="43:32" xd:dataWidth="12"/>
  <xd:arg xd:name="section_header.numSymbol" xd:originalName="section_header" xd:direction="in" xd:interfaceRef="section_header_V" xd:busTypeRef="axis" xd:dataPack="true" xd:bitMapping="47:44" xd:dataWidth="4"/>
  <xd:arg xd:name="section_header.beamID" xd:originalName="section_header" xd:direction="in" xd:interfaceRef="section_header_V" xd:busTypeRef="axis" xd:dataPack="true" xd:bitMapping="62:48" xd:dataWidth="15"/>
  <xd:arg xd:name="section_header.ef" xd:originalName="section_header" xd:direction="in" xd:interfaceRef="section_header_V" xd:busTypeRef="axis" xd:dataPack="true" xd:bitMapping="63:63" xd:dataWidth="1"/>
  <xd:arg xd:name="extension_header.ef" xd:originalName="extension_header" xd:direction="in" xd:interfaceRef="extension_header_V" xd:busTypeRef="axis" xd:dataPack="true" xd:bitMapping="0:0" xd:dataWidth="1"/>
  <xd:arg xd:name="extension_header.extType" xd:originalName="extension_header" xd:direction="in" xd:interfaceRef="extension_header_V" xd:busTypeRef="axis" xd:dataPack="true" xd:bitMapping="7:1" xd:dataWidth="7"/>
  <xd:arg xd:name="extension_header.extLen" xd:originalName="extension_header" xd:direction="in" xd:interfaceRef="extension_header_V" xd:busTypeRef="axis" xd:dataPack="true" xd:bitMapping="23:8" xd:dataWidth="16"/>
  <xd:arg xd:name="extension_header.disablebfW" xd:originalName="extension_header" xd:direction="in" xd:interfaceRef="extension_header_V" xd:busTypeRef="axis" xd:dataPack="true" xd:bitMapping="24:24" xd:dataWidth="1"/>
  <xd:arg xd:name="extension_header.RAD" xd:originalName="extension_header" xd:direction="in" xd:interfaceRef="extension_header_V" xd:busTypeRef="axis" xd:dataPack="true" xd:bitMapping="25:25" xd:dataWidth="1"/>
  <xd:arg xd:name="extension_header.reserved" xd:originalName="extension_header" xd:direction="in" xd:interfaceRef="extension_header_V" xd:busTypeRef="axis" xd:dataPack="true" xd:bitMapping="31:26" xd:dataWidth="6"/>
  <xd:arg xd:name="extension_header.numBundPRB" xd:originalName="extension_header" xd:direction="in" xd:interfaceRef="extension_header_V" xd:busTypeRef="axis" xd:dataPack="true" xd:bitMapping="39:32" xd:dataWidth="8"/>
  <xd:arg xd:name="extension_header.bfWCompHdr" xd:originalName="extension_header" xd:direction="in" xd:interfaceRef="extension_header_V" xd:busTypeRef="axis" xd:dataPack="true" xd:bitMapping="47:40" xd:dataWidth="8"/>
  <xd:arg xd:name="extension_header.bfWCompParam" xd:originalName="extension_header" xd:direction="in" xd:interfaceRef="extension_header_V" xd:busTypeRef="axis" xd:dataPack="true" xd:bitMapping="55:48" xd:dataWidth="8"/>
  <xd:arg xd:name="extension_header.reserved_comp" xd:originalName="extension_header" xd:direction="in" xd:interfaceRef="extension_header_V" xd:busTypeRef="axis" xd:dataPack="true" xd:bitMapping="56:56" xd:dataWidth="1"/>
  <xd:arg xd:name="extension_header.beamID" xd:originalName="extension_header" xd:direction="in" xd:interfaceRef="extension_header_V" xd:busTypeRef="axis" xd:dataPack="true" xd:bitMapping="71:57" xd:dataWidth="15"/>
  <xd:arg xd:name="beam_data.data" xd:originalName="beam_data" xd:direction="in" xd:interfaceRef="beam_data" xd:busTypeRef="axis" xd:dataWidth="128"/>
  <xd:arg xd:name="beam_data.last" xd:originalName="beam_data" xd:direction="in" xd:interfaceRef="beam_data" xd:busTypeRef="axis" xd:dataWidth="1"/>
  <xd:arg xd:name="eth_data.data" xd:originalName="eth_data" xd:direction="out" xd:interfaceRef="eth_data" xd:busTypeRef="axis" xd:dataWidth="128"/>
  <xd:arg xd:name="eth_data.user" xd:originalName="eth_data" xd:direction="out" xd:interfaceRef="eth_data" xd:busTypeRef="axis" xd:dataWidth="1"/>
  <xd:arg xd:name="eth_data.keep" xd:originalName="eth_data" xd:direction="out" xd:interfaceRef="eth_data" xd:busTypeRef="axis" xd:dataWidth="16"/>
  <xd:arg xd:name="eth_data.last" xd:originalName="eth_data" xd:direction="out" xd:interfaceRef="eth_data" xd:busTypeRef="axis" xd:dataWidth="1"/>
  <xd:arg xd:name="numCoeff" xd:originalName="numCoeff" xd:direction="in" xd:interfaceRef="numCoeff_V" xd:busTypeRef="register" xd:handshakeRef="ap_none" xd:dataWidth="5" xd:firstOut="1"/>
  <xd:arg xd:name="cstate_out" xd:originalName="cstate_out" xd:direction="out" xd:interfaceRef="cstate_out_V" xd:busTypeRef="register" xd:handshakeRef="ap_none" xd:dataWidth="8" xd:firstOut="1"/>
  <xd:arg xd:name="numMatrix" xd:originalName="numMatrix" xd:direction="in" xd:interfaceRef="numMatrix_V_V" xd:busTypeRef="axis" xd:dataWidth="3"/>
  <xd:arg xd:name="rtcid" xd:originalName="rtcid" xd:direction="in" xd:interfaceRef="rtcid_V_V" xd:busTypeRef="axis" xd:dataWidth="16"/>
  <xd:latencyEstimates xd:best-case="1" xd:worst-case="1" xd:average-case="1"/>
  <xd:resourceEstimates xd:LUT="1087" xd:FF="1257" xd:BRAM="0" xd:DSP="0"/>
</xd:acceleratorMap>
