<?xml version="1.0" encoding="UTF-8"?>
<vivadoHLSLog:LogRoot xmlns:vivadoHLSLog="www.xilinx.com/vivadoHLSLog">
  <errorLogs>
    <logs>
      <synLog/>
      <simLog/>
      <mgLog/>
      <packageLog/>
      <csimLog/>
    </logs>
  </errorLogs>
  <warningLogs>
    <logs>
      <synLog>
        <logs message="WARNING: [RTGEN 206-101] Port 'uplane_depacketiser/count_PRBs_V' has no fanin or fanout and is left dangling.&#xA;               Please use C simulation to confirm this function argument can be read from or written to." projectName="Uplane_depacketiser" solutionName="solution1" date="2023-03-03T19:23:09.288+0530" type="Warning"/>
        <logs message="WARNING: [RTGEN 206-101] Port 'iq_msg_state_out_V' with mode 'ap_none' may require an associated data valid signal to correctly communicate with other blocks or a test bench; automatic C/RTL co-simulation may not be able to verify such a port." projectName="Uplane_depacketiser" solutionName="solution1" date="2023-03-03T19:23:09.241+0530" type="Warning"/>
        <logs message="WARNING: [RTGEN 206-101] Port 'depack_symbol_number_V' with mode 'ap_none' may require an associated data valid signal to correctly communicate with other blocks or a test bench; automatic C/RTL co-simulation may not be able to verify such a port." projectName="Uplane_depacketiser" solutionName="solution1" date="2023-03-03T19:23:09.238+0530" type="Warning"/>
        <logs message="WARNING: [RTGEN 206-101] Port 'PRB_count_each_section_V' with mode 'ap_none' may require an associated data valid signal to correctly communicate with other blocks or a test bench; automatic C/RTL co-simulation may not be able to verify such a port." projectName="Uplane_depacketiser" solutionName="solution1" date="2023-03-03T19:23:09.234+0530" type="Warning"/>
        <logs message="WARNING: [HLS 200-40] In file included from Uplane_depacketiser/uplane_depacketiser.cpp:1:&#xA;Uplane_depacketiser/uplane_depacketiser.cpp:648:8: warning: enumeration value 'IDLE' not handled in switch [-Wswitch]&#xA;switch(ecpri_msg_state){&#xA;       ^&#xA;1 warning generated." projectName="Uplane_depacketiser" solutionName="solution1" date="2023-03-03T19:23:06.824+0530" type="Warning"/>
      </synLog>
      <simLog/>
      <mgLog/>
      <packageLog/>
      <csimLog/>
    </logs>
  </warningLogs>
</vivadoHLSLog:LogRoot>
