<stg><name>mparam</name>


<trans_list>

<trans id="73" from="1" to="2">
<condition id="-1">
<or_exp><and_exp></and_exp></or_exp>
</condition>
</trans>

<trans id="74" from="2" to="3">
<condition id="-1">
<or_exp><and_exp></and_exp></or_exp>
</condition>
</trans>
</trans_list>



<state_list>

<state id="1" st_id="1">

<operation id="4" st_id="1" stage="1" lat="1">
<core>NULL</core>
<MemPortIdVec></MemPortIdVec>
<condition id="-1">
<or_exp><and_exp></and_exp></or_exp>
</condition>

<Node id="22" bw="2" op_0_bw="2">
<![CDATA[
codeRepl:12  %mplane_state_load = load i2* @mplane_state, align 1

]]></Node>
<StgValue><ssdm name="mplane_state_load"/></StgValue>
</operation>

<operation id="5" st_id="1" stage="1" lat="1">
<core>NULL</core>
<MemPortIdVec></MemPortIdVec>
<condition id="-1">
<or_exp><and_exp><literal name="mplane_state_load" val="-1"/>
</and_exp></or_exp>
</condition>

<Node id="31" bw="0" op_0_bw="2" op_1_bw="2" op_2_bw="2">
<![CDATA[
:4  store i2 -1, i2* @mplane_state, align 1

]]></Node>
<StgValue><ssdm name="store_ln61"/></StgValue>
</operation>

<operation id="6" st_id="1" stage="1" lat="1">
<core>NULL</core>
<MemPortIdVec></MemPortIdVec>
<condition id="-1">
<or_exp><and_exp><literal name="mplane_state_load" val="-2"/>
</and_exp></or_exp>
</condition>

<Node id="46" bw="0" op_0_bw="2" op_1_bw="2" op_2_bw="2">
<![CDATA[
:12  store i2 -1, i2* @mplane_state, align 1

]]></Node>
<StgValue><ssdm name="store_ln53"/></StgValue>
</operation>

<operation id="7" st_id="1" stage="1" lat="1">
<core>AXI4Stream</core>
<MemPortIdVec></MemPortIdVec>
<condition id="-1">
<or_exp><and_exp><literal name="mplane_state_load" val="1"/>
</and_exp></or_exp>
</condition>

<Node id="49" bw="1" op_0_bw="1" op_1_bw="64" op_2_bw="32">
<![CDATA[
:0  %tmp_1 = call i1 @_ssdm_op_NbReadReq.axis.i64P(i64* %indata_V_V, i32 1)

]]></Node>
<StgValue><ssdm name="tmp_1"/></StgValue>
</operation>

<operation id="8" st_id="1" stage="1" lat="1">
<core>AXI4Stream</core>
<MemPortIdVec></MemPortIdVec>
<condition id="-1">
<or_exp><and_exp><literal name="mplane_state_load" val="1"/>
<literal name="tmp_1" val="1"/>
</and_exp></or_exp>
</condition>

<Node id="52" bw="64" op_0_bw="64" op_1_bw="64" op_2_bw="1">
<![CDATA[
:0  %tmp_V_2 = call i64 @_ssdm_op_Read.axis.volatile.i64P(i64* %indata_V_V)

]]></Node>
<StgValue><ssdm name="tmp_V_2"/></StgValue>
</operation>

<operation id="9" st_id="1" stage="1" lat="1">
<core>NULL</core>
<MemPortIdVec></MemPortIdVec>
<condition id="-1">
<or_exp><and_exp><literal name="mplane_state_load" val="1"/>
<literal name="tmp_1" val="1"/>
</and_exp></or_exp>
</condition>

<Node id="53" bw="0" op_0_bw="64" op_1_bw="64">
<![CDATA[
:1  store i64 %tmp_V_2, i64* @datainp2_V, align 8

]]></Node>
<StgValue><ssdm name="store_ln37"/></StgValue>
</operation>

<operation id="10" st_id="1" stage="1" lat="1">
<core>NULL</core>
<MemPortIdVec></MemPortIdVec>
<condition id="-1">
<or_exp><and_exp><literal name="mplane_state_load" val="1"/>
<literal name="tmp_1" val="1"/>
</and_exp></or_exp>
</condition>

<Node id="54" bw="0" op_0_bw="2" op_1_bw="2" op_2_bw="2">
<![CDATA[
:2  store i2 -2, i2* @mplane_state, align 1

]]></Node>
<StgValue><ssdm name="store_ln38"/></StgValue>
</operation>

<operation id="11" st_id="1" stage="1" lat="1">
<core>AXI4Stream</core>
<MemPortIdVec></MemPortIdVec>
<condition id="-1">
<or_exp><and_exp><literal name="mplane_state_load" val="0"/>
</and_exp></or_exp>
</condition>

<Node id="59" bw="1" op_0_bw="1" op_1_bw="64" op_2_bw="32">
<![CDATA[
:0  %tmp = call i1 @_ssdm_op_NbReadReq.axis.i64P(i64* %indata_V_V, i32 1)

]]></Node>
<StgValue><ssdm name="tmp"/></StgValue>
</operation>

<operation id="12" st_id="1" stage="1" lat="1">
<core>AXI4Stream</core>
<MemPortIdVec></MemPortIdVec>
<condition id="-1">
<or_exp><and_exp><literal name="mplane_state_load" val="0"/>
<literal name="tmp" val="1"/>
</and_exp></or_exp>
</condition>

<Node id="62" bw="64" op_0_bw="64" op_1_bw="64" op_2_bw="1">
<![CDATA[
:0  %tmp_V_1 = call i64 @_ssdm_op_Read.axis.volatile.i64P(i64* %indata_V_V)

]]></Node>
<StgValue><ssdm name="tmp_V_1"/></StgValue>
</operation>

<operation id="13" st_id="1" stage="1" lat="1">
<core>NULL</core>
<MemPortIdVec></MemPortIdVec>
<condition id="-1">
<or_exp><and_exp><literal name="mplane_state_load" val="0"/>
<literal name="tmp" val="1"/>
</and_exp></or_exp>
</condition>

<Node id="63" bw="0" op_0_bw="64" op_1_bw="64">
<![CDATA[
:1  store i64 %tmp_V_1, i64* @datainp1_V, align 8

]]></Node>
<StgValue><ssdm name="store_ln28"/></StgValue>
</operation>

<operation id="14" st_id="1" stage="1" lat="1">
<core>NULL</core>
<MemPortIdVec></MemPortIdVec>
<condition id="-1">
<or_exp><and_exp><literal name="mplane_state_load" val="0"/>
<literal name="tmp" val="1"/>
</and_exp></or_exp>
</condition>

<Node id="64" bw="0" op_0_bw="2" op_1_bw="2" op_2_bw="2">
<![CDATA[
:2  store i2 1, i2* @mplane_state, align 1

]]></Node>
<StgValue><ssdm name="store_ln29"/></StgValue>
</operation>
</state>

<state id="2" st_id="2">

<operation id="15" st_id="2" stage="1" lat="1">
<core>NULL</core>
<MemPortIdVec></MemPortIdVec>
<condition id="-1">
<or_exp><and_exp><literal name="mplane_state_load" val="-1"/>
</and_exp></or_exp>
</condition>

<Node id="27" bw="48" op_0_bw="48">
<![CDATA[
:0  %tmp_ethsmac_V_1 = load i48* @l1_inp1_smac_V, align 8

]]></Node>
<StgValue><ssdm name="tmp_ethsmac_V_1"/></StgValue>
</operation>

<operation id="16" st_id="2" stage="1" lat="1">
<core>NULL</core>
<MemPortIdVec></MemPortIdVec>
<condition id="-1">
<or_exp><and_exp><literal name="mplane_state_load" val="-1"/>
</and_exp></or_exp>
</condition>

<Node id="28" bw="48" op_0_bw="48">
<![CDATA[
:1  %tmp_ethdmac_V_1 = load i48* @l1_inp1_dmac_V, align 8

]]></Node>
<StgValue><ssdm name="tmp_ethdmac_V_1"/></StgValue>
</operation>

<operation id="17" st_id="2" stage="1" lat="1">
<core>NULL</core>
<MemPortIdVec></MemPortIdVec>
<condition id="-1">
<or_exp><and_exp><literal name="mplane_state_load" val="-1"/>
</and_exp></or_exp>
</condition>

<Node id="29" bw="112" op_0_bw="112" op_1_bw="16" op_2_bw="48" op_3_bw="48">
<![CDATA[
:2  %tmp_17 = call i112 @_ssdm_op_BitConcatenate.i112.i16.i48.i48(i16 -20738, i48 %tmp_ethdmac_V_1, i48 %tmp_ethsmac_V_1)

]]></Node>
<StgValue><ssdm name="tmp_17"/></StgValue>
</operation>

<operation id="18" st_id="2" stage="2" lat="2">
<core>AXI4Stream</core>
<MemPortIdVec></MemPortIdVec>
<condition id="-1">
<or_exp><and_exp><literal name="mplane_state_load" val="-1"/>
</and_exp></or_exp>
</condition>

<Node id="30" bw="0" op_0_bw="0" op_1_bw="112" op_2_bw="112">
<![CDATA[
:3  call void @_ssdm_op_Write.axis.volatile.i112P(i112* %out1data_V, i112 %tmp_17)

]]></Node>
<StgValue><ssdm name="write_ln60"/></StgValue>
</operation>

<operation id="19" st_id="2" stage="1" lat="1">
<core>NULL</core>
<MemPortIdVec></MemPortIdVec>
<condition id="-1">
<or_exp><and_exp><literal name="mplane_state_load" val="-2"/>
</and_exp></or_exp>
</condition>

<Node id="34" bw="64" op_0_bw="64">
<![CDATA[
:0  %p_Val2_s = load i64* @datainp1_V, align 8

]]></Node>
<StgValue><ssdm name="p_Val2_s"/></StgValue>
</operation>

<operation id="20" st_id="2" stage="1" lat="1">
<core>NULL</core>
<MemPortIdVec></MemPortIdVec>
<condition id="-1">
<or_exp><and_exp><literal name="mplane_state_load" val="-2"/>
</and_exp></or_exp>
</condition>

<Node id="35" bw="42" op_0_bw="64">
<![CDATA[
:1  %trunc_ln647 = trunc i64 %p_Val2_s to i42

]]></Node>
<StgValue><ssdm name="trunc_ln647"/></StgValue>
</operation>

<operation id="21" st_id="2" stage="1" lat="1">
<core>NULL</core>
<MemPortIdVec></MemPortIdVec>
<condition id="-1">
<or_exp><and_exp><literal name="mplane_state_load" val="-2"/>
</and_exp></or_exp>
</condition>

<Node id="36" bw="16" op_0_bw="16" op_1_bw="64" op_2_bw="32" op_3_bw="32">
<![CDATA[
:2  %tmp_V = call i16 @_ssdm_op_PartSelect.i16.i64.i32.i32(i64 %p_Val2_s, i32 42, i32 57)

]]></Node>
<StgValue><ssdm name="tmp_V"/></StgValue>
</operation>

<operation id="22" st_id="2" stage="1" lat="1">
<core>NULL</core>
<MemPortIdVec></MemPortIdVec>
<condition id="-1">
<or_exp><and_exp><literal name="mplane_state_load" val="-2"/>
</and_exp></or_exp>
</condition>

<Node id="37" bw="64" op_0_bw="64">
<![CDATA[
:3  %p_Val2_1 = load i64* @datainp2_V, align 8

]]></Node>
<StgValue><ssdm name="p_Val2_1"/></StgValue>
</operation>

<operation id="23" st_id="2" stage="1" lat="1">
<core>NULL</core>
<MemPortIdVec></MemPortIdVec>
<condition id="-1">
<or_exp><and_exp><literal name="mplane_state_load" val="-2"/>
</and_exp></or_exp>
</condition>

<Node id="38" bw="6" op_0_bw="6" op_1_bw="64" op_2_bw="32" op_3_bw="32">
<![CDATA[
:4  %p_Result_s = call i6 @_ssdm_op_PartSelect.i6.i64.i32.i32(i64 %p_Val2_1, i32 52, i32 57)

]]></Node>
<StgValue><ssdm name="p_Result_s"/></StgValue>
</operation>

<operation id="24" st_id="2" stage="1" lat="1">
<core>NULL</core>
<MemPortIdVec></MemPortIdVec>
<condition id="-1">
<or_exp><and_exp><literal name="mplane_state_load" val="-2"/>
</and_exp></or_exp>
</condition>

<Node id="39" bw="48" op_0_bw="48" op_1_bw="6" op_2_bw="42">
<![CDATA[
:5  %p_Result_s_4 = call i48 @_ssdm_op_BitConcatenate.i48.i6.i42(i6 %p_Result_s, i42 %trunc_ln647)

]]></Node>
<StgValue><ssdm name="p_Result_s_4"/></StgValue>
</operation>

<operation id="25" st_id="2" stage="1" lat="1">
<core>NULL</core>
<MemPortIdVec></MemPortIdVec>
<condition id="-1">
<or_exp><and_exp><literal name="mplane_state_load" val="-2"/>
</and_exp></or_exp>
</condition>

<Node id="40" bw="0" op_0_bw="48" op_1_bw="48">
<![CDATA[
:6  store i48 %p_Result_s_4, i48* @l1_inp1_smac_V, align 8

]]></Node>
<StgValue><ssdm name="store_ln46"/></StgValue>
</operation>

<operation id="26" st_id="2" stage="1" lat="1">
<core>NULL</core>
<MemPortIdVec></MemPortIdVec>
<condition id="-1">
<or_exp><and_exp><literal name="mplane_state_load" val="-2"/>
</and_exp></or_exp>
</condition>

<Node id="41" bw="48" op_0_bw="48" op_1_bw="64" op_2_bw="32" op_3_bw="32">
<![CDATA[
:7  %tmp_V_3 = call i48 @_ssdm_op_PartSelect.i48.i64.i32.i32(i64 %p_Val2_1, i32 4, i32 51)

]]></Node>
<StgValue><ssdm name="tmp_V_3"/></StgValue>
</operation>

<operation id="27" st_id="2" stage="1" lat="1">
<core>NULL</core>
<MemPortIdVec></MemPortIdVec>
<condition id="-1">
<or_exp><and_exp><literal name="mplane_state_load" val="-2"/>
</and_exp></or_exp>
</condition>

<Node id="42" bw="0" op_0_bw="48" op_1_bw="48">
<![CDATA[
:8  store i48 %tmp_V_3, i48* @l1_inp1_dmac_V, align 8

]]></Node>
<StgValue><ssdm name="store_ln47"/></StgValue>
</operation>

<operation id="28" st_id="2" stage="1" lat="1">
<core>NULL</core>
<MemPortIdVec></MemPortIdVec>
<condition id="-1">
<or_exp><and_exp><literal name="mplane_state_load" val="-2"/>
</and_exp></or_exp>
</condition>

<Node id="43" bw="112" op_0_bw="112" op_1_bw="16" op_2_bw="48" op_3_bw="6" op_4_bw="42">
<![CDATA[
:9  %tmp1 = call i112 @_ssdm_op_BitConcatenate.i112.i16.i48.i6.i42(i16 -20738, i48 %tmp_V_3, i6 %p_Result_s, i42 %trunc_ln647)

]]></Node>
<StgValue><ssdm name="tmp1"/></StgValue>
</operation>

<operation id="29" st_id="2" stage="2" lat="2">
<core>AXI4Stream</core>
<MemPortIdVec></MemPortIdVec>
<condition id="-1">
<or_exp><and_exp><literal name="mplane_state_load" val="-2"/>
</and_exp></or_exp>
</condition>

<Node id="44" bw="0" op_0_bw="0" op_1_bw="112" op_2_bw="112">
<![CDATA[
:10  call void @_ssdm_op_Write.axis.volatile.i112P(i112* %out1data_V, i112 %tmp1)

]]></Node>
<StgValue><ssdm name="write_ln51"/></StgValue>
</operation>

<operation id="30" st_id="2" stage="2" lat="2">
<core>AXI4Stream</core>
<MemPortIdVec></MemPortIdVec>
<condition id="-1">
<or_exp><and_exp><literal name="mplane_state_load" val="-2"/>
</and_exp></or_exp>
</condition>

<Node id="45" bw="0" op_0_bw="0" op_1_bw="16" op_2_bw="16">
<![CDATA[
:11  call void @_ssdm_op_Write.axis.volatile.i16P(i16* %out2data_V_V, i16 %tmp_V)

]]></Node>
<StgValue><ssdm name="write_ln52"/></StgValue>
</operation>

<operation id="31" st_id="2" stage="1" lat="1">
<core>NULL</core>
<MemPortIdVec></MemPortIdVec>
<condition id="-1">
<or_exp><and_exp><literal name="mplane_state_load" val="1"/>
</and_exp></or_exp>
</condition>

<Node id="50" bw="0" op_0_bw="1" op_1_bw="0" op_2_bw="0">
<![CDATA[
:1  br i1 %tmp_1, label %3, label %._crit_edge183

]]></Node>
<StgValue><ssdm name="br_ln35"/></StgValue>
</operation>

<operation id="32" st_id="2" stage="1" lat="1">
<core>NULL</core>
<MemPortIdVec></MemPortIdVec>
<condition id="-1">
<or_exp><and_exp><literal name="mplane_state_load" val="0"/>
</and_exp></or_exp>
</condition>

<Node id="60" bw="0" op_0_bw="1" op_1_bw="0" op_2_bw="0">
<![CDATA[
:1  br i1 %tmp, label %1, label %._crit_edge182

]]></Node>
<StgValue><ssdm name="br_ln26"/></StgValue>
</operation>
</state>

<state id="3" st_id="3">

<operation id="33" st_id="3" stage="1" lat="1">
<core>NULL</core>
<MemPortIdVec></MemPortIdVec>
<condition id="-1">
<or_exp><and_exp></and_exp></or_exp>
</condition>

<Node id="10" bw="0" op_0_bw="0" op_1_bw="112">
<![CDATA[
codeRepl:0  call void (...)* @_ssdm_op_SpecBitsMap(i112* %out1data_V), !map !63

]]></Node>
<StgValue><ssdm name="specbitsmap_ln0"/></StgValue>
</operation>

<operation id="34" st_id="3" stage="1" lat="1">
<core>NULL</core>
<MemPortIdVec></MemPortIdVec>
<condition id="-1">
<or_exp><and_exp></and_exp></or_exp>
</condition>

<Node id="11" bw="0" op_0_bw="0" op_1_bw="64">
<![CDATA[
codeRepl:1  call void (...)* @_ssdm_op_SpecBitsMap(i64* %indata_V_V), !map !73

]]></Node>
<StgValue><ssdm name="specbitsmap_ln0"/></StgValue>
</operation>

<operation id="35" st_id="3" stage="1" lat="1">
<core>NULL</core>
<MemPortIdVec></MemPortIdVec>
<condition id="-1">
<or_exp><and_exp></and_exp></or_exp>
</condition>

<Node id="12" bw="0" op_0_bw="0" op_1_bw="16">
<![CDATA[
codeRepl:2  call void (...)* @_ssdm_op_SpecBitsMap(i16* %out2data_V_V), !map !77

]]></Node>
<StgValue><ssdm name="specbitsmap_ln0"/></StgValue>
</operation>

<operation id="36" st_id="3" stage="1" lat="1">
<core>NULL</core>
<MemPortIdVec></MemPortIdVec>
<condition id="-1">
<or_exp><and_exp></and_exp></or_exp>
</condition>

<Node id="13" bw="0" op_0_bw="0" op_1_bw="8">
<![CDATA[
codeRepl:3  call void (...)* @_ssdm_op_SpecBitsMap(i8* %state_out_V), !map !81

]]></Node>
<StgValue><ssdm name="specbitsmap_ln0"/></StgValue>
</operation>

<operation id="37" st_id="3" stage="1" lat="1">
<core>NULL</core>
<MemPortIdVec></MemPortIdVec>
<condition id="-1">
<or_exp><and_exp></and_exp></or_exp>
</condition>

<Node id="14" bw="0" op_0_bw="0" op_1_bw="0">
<![CDATA[
codeRepl:4  call void (...)* @_ssdm_op_SpecTopModule([7 x i8]* @mparam_str) nounwind

]]></Node>
<StgValue><ssdm name="spectopmodule_ln0"/></StgValue>
</operation>

<operation id="38" st_id="3" stage="1" lat="1">
<core>NULL</core>
<MemPortIdVec></MemPortIdVec>
<condition id="-1">
<or_exp><and_exp></and_exp></or_exp>
</condition>

<Node id="15" bw="0" op_0_bw="0" op_1_bw="64" op_2_bw="0" op_3_bw="32" op_4_bw="32" op_5_bw="0" op_6_bw="32" op_7_bw="32" op_8_bw="0" op_9_bw="0" op_10_bw="0" op_11_bw="32" op_12_bw="32" op_13_bw="32" op_14_bw="32" op_15_bw="0" op_16_bw="0">
<![CDATA[
codeRepl:5  call void (...)* @_ssdm_op_SpecInterface(i64* %indata_V_V, [5 x i8]* @p_str, i32 1, i32 1, [5 x i8]* @p_str1, i32 0, i32 0, [1 x i8]* @p_str2, [1 x i8]* @p_str2, [1 x i8]* @p_str2, i32 0, i32 0, i32 0, i32 0, [1 x i8]* @p_str2, [1 x i8]* @p_str2) nounwind

]]></Node>
<StgValue><ssdm name="specinterface_ln5"/></StgValue>
</operation>

<operation id="39" st_id="3" stage="1" lat="1">
<core>NULL</core>
<MemPortIdVec></MemPortIdVec>
<condition id="-1">
<or_exp><and_exp></and_exp></or_exp>
</condition>

<Node id="16" bw="0" op_0_bw="0" op_1_bw="112" op_2_bw="0" op_3_bw="32" op_4_bw="32" op_5_bw="0" op_6_bw="32" op_7_bw="32" op_8_bw="0" op_9_bw="0" op_10_bw="0" op_11_bw="32" op_12_bw="32" op_13_bw="32" op_14_bw="32" op_15_bw="0" op_16_bw="0">
<![CDATA[
codeRepl:6  call void (...)* @_ssdm_op_SpecInterface(i112* %out1data_V, [5 x i8]* @p_str, i32 1, i32 1, [5 x i8]* @p_str1, i32 0, i32 0, [1 x i8]* @p_str2, [1 x i8]* @p_str2, [1 x i8]* @p_str2, i32 0, i32 0, i32 0, i32 0, [1 x i8]* @p_str2, [1 x i8]* @p_str2) nounwind

]]></Node>
<StgValue><ssdm name="specinterface_ln6"/></StgValue>
</operation>

<operation id="40" st_id="3" stage="1" lat="1">
<core>NULL</core>
<MemPortIdVec></MemPortIdVec>
<condition id="-1">
<or_exp><and_exp></and_exp></or_exp>
</condition>

<Node id="17" bw="0" op_0_bw="0" op_1_bw="16" op_2_bw="0" op_3_bw="32" op_4_bw="32" op_5_bw="0" op_6_bw="32" op_7_bw="32" op_8_bw="0" op_9_bw="0" op_10_bw="0" op_11_bw="32" op_12_bw="32" op_13_bw="32" op_14_bw="32" op_15_bw="0" op_16_bw="0">
<![CDATA[
codeRepl:7  call void (...)* @_ssdm_op_SpecInterface(i16* %out2data_V_V, [5 x i8]* @p_str, i32 1, i32 1, [5 x i8]* @p_str1, i32 0, i32 0, [1 x i8]* @p_str2, [1 x i8]* @p_str2, [1 x i8]* @p_str2, i32 0, i32 0, i32 0, i32 0, [1 x i8]* @p_str2, [1 x i8]* @p_str2) nounwind

]]></Node>
<StgValue><ssdm name="specinterface_ln7"/></StgValue>
</operation>

<operation id="41" st_id="3" stage="1" lat="1">
<core>NULL</core>
<MemPortIdVec></MemPortIdVec>
<condition id="-1">
<or_exp><and_exp></and_exp></or_exp>
</condition>

<Node id="18" bw="0" op_0_bw="0" op_1_bw="8" op_2_bw="0" op_3_bw="32" op_4_bw="32" op_5_bw="0" op_6_bw="32" op_7_bw="32" op_8_bw="0" op_9_bw="0" op_10_bw="0" op_11_bw="32" op_12_bw="32" op_13_bw="32" op_14_bw="32" op_15_bw="0" op_16_bw="0">
<![CDATA[
codeRepl:8  call void (...)* @_ssdm_op_SpecInterface(i8* %state_out_V, [8 x i8]* @p_str3, i32 0, i32 0, [1 x i8]* @p_str2, i32 0, i32 0, [1 x i8]* @p_str2, [1 x i8]* @p_str2, [1 x i8]* @p_str2, i32 0, i32 0, i32 0, i32 0, [1 x i8]* @p_str2, [1 x i8]* @p_str2) nounwind

]]></Node>
<StgValue><ssdm name="specinterface_ln8"/></StgValue>
</operation>

<operation id="42" st_id="3" stage="1" lat="1">
<core>NULL</core>
<MemPortIdVec></MemPortIdVec>
<condition id="-1">
<or_exp><and_exp></and_exp></or_exp>
</condition>

<Node id="19" bw="0" op_0_bw="0" op_1_bw="32" op_2_bw="0" op_3_bw="32" op_4_bw="32" op_5_bw="0" op_6_bw="32" op_7_bw="32" op_8_bw="0" op_9_bw="0" op_10_bw="0" op_11_bw="32" op_12_bw="32" op_13_bw="32" op_14_bw="32" op_15_bw="0" op_16_bw="0">
<![CDATA[
codeRepl:9  call void (...)* @_ssdm_op_SpecInterface(i32 0, [13 x i8]* @p_str4, i32 0, i32 0, [1 x i8]* @p_str2, i32 0, i32 0, [1 x i8]* @p_str2, [1 x i8]* @p_str2, [1 x i8]* @p_str2, i32 0, i32 0, i32 0, i32 0, [1 x i8]* @p_str2, [1 x i8]* @p_str2) nounwind

]]></Node>
<StgValue><ssdm name="specinterface_ln9"/></StgValue>
</operation>

<operation id="43" st_id="3" stage="1" lat="1">
<core>NULL</core>
<MemPortIdVec></MemPortIdVec>
<condition id="-1">
<or_exp><and_exp></and_exp></or_exp>
</condition>

<Node id="20" bw="0" op_0_bw="0" op_1_bw="32" op_2_bw="32" op_3_bw="32" op_4_bw="32" op_5_bw="0">
<![CDATA[
codeRepl:10  call void (...)* @_ssdm_op_SpecPipeline(i32 1, i32 2, i32 1, i32 0, [1 x i8]* @p_str2) nounwind

]]></Node>
<StgValue><ssdm name="specpipeline_ln13"/></StgValue>
</operation>

<operation id="44" st_id="3" stage="1" lat="1">
<core>NULL</core>
<MemPortIdVec></MemPortIdVec>
<condition id="-1">
<or_exp><and_exp></and_exp></or_exp>
</condition>

<Node id="21" bw="0" op_0_bw="0" op_1_bw="2" op_2_bw="32" op_3_bw="0">
<![CDATA[
codeRepl:11  call void (...)* @_ssdm_op_SpecReset(i2* @mplane_state, i32 1, [1 x i8]* @p_str2) nounwind

]]></Node>
<StgValue><ssdm name="specreset_ln21"/></StgValue>
</operation>

<operation id="45" st_id="3" stage="1" lat="1">
<core>NULL</core>
<MemPortIdVec></MemPortIdVec>
<condition id="-1">
<or_exp><and_exp></and_exp></or_exp>
</condition>

<Node id="23" bw="8" op_0_bw="2">
<![CDATA[
codeRepl:13  %zext_ln301 = zext i2 %mplane_state_load to i8

]]></Node>
<StgValue><ssdm name="zext_ln301"/></StgValue>
</operation>

<operation id="46" st_id="3" stage="1" lat="1">
<core>NULL</core>
<MemPortIdVec></MemPortIdVec>
<condition id="-1">
<or_exp><and_exp></and_exp></or_exp>
</condition>

<Node id="24" bw="0" op_0_bw="0" op_1_bw="8" op_2_bw="8">
<![CDATA[
codeRepl:14  call void @_ssdm_op_Write.ap_none.i8P(i8* %state_out_V, i8 %zext_ln301)

]]></Node>
<StgValue><ssdm name="write_ln22"/></StgValue>
</operation>

<operation id="47" st_id="3" stage="1" lat="1">
<core>NULL</core>
<MemPortIdVec></MemPortIdVec>
<condition id="-1">
<or_exp><and_exp></and_exp></or_exp>
</condition>

<Node id="25" bw="0" op_0_bw="2" op_1_bw="0" op_2_bw="2" op_3_bw="0" op_4_bw="2" op_5_bw="0" op_6_bw="2" op_7_bw="0" op_8_bw="2" op_9_bw="0">
<![CDATA[
codeRepl:15  switch i2 %mplane_state_load, label %._crit_edge181 [
    i2 0, label %0
    i2 1, label %2
    i2 -2, label %4
    i2 -1, label %5
  ]

]]></Node>
<StgValue><ssdm name="switch_ln23"/></StgValue>
</operation>

<operation id="48" st_id="3" stage="1" lat="2">
<core>AXI4Stream</core>
<MemPortIdVec></MemPortIdVec>
<condition id="-1">
<or_exp><and_exp><literal name="mplane_state_load" val="-1"/>
</and_exp></or_exp>
</condition>

<Node id="30" bw="0" op_0_bw="0" op_1_bw="112" op_2_bw="112">
<![CDATA[
:3  call void @_ssdm_op_Write.axis.volatile.i112P(i112* %out1data_V, i112 %tmp_17)

]]></Node>
<StgValue><ssdm name="write_ln60"/></StgValue>
</operation>

<operation id="49" st_id="3" stage="1" lat="1">
<core>NULL</core>
<MemPortIdVec></MemPortIdVec>
<condition id="-1">
<or_exp><and_exp><literal name="mplane_state_load" val="-1"/>
</and_exp></or_exp>
</condition>

<Node id="32" bw="0" op_0_bw="0">
<![CDATA[
:5  br label %._crit_edge181

]]></Node>
<StgValue><ssdm name="br_ln63"/></StgValue>
</operation>

<operation id="50" st_id="3" stage="1" lat="2">
<core>AXI4Stream</core>
<MemPortIdVec></MemPortIdVec>
<condition id="-1">
<or_exp><and_exp><literal name="mplane_state_load" val="-2"/>
</and_exp></or_exp>
</condition>

<Node id="44" bw="0" op_0_bw="0" op_1_bw="112" op_2_bw="112">
<![CDATA[
:10  call void @_ssdm_op_Write.axis.volatile.i112P(i112* %out1data_V, i112 %tmp1)

]]></Node>
<StgValue><ssdm name="write_ln51"/></StgValue>
</operation>

<operation id="51" st_id="3" stage="1" lat="2">
<core>AXI4Stream</core>
<MemPortIdVec></MemPortIdVec>
<condition id="-1">
<or_exp><and_exp><literal name="mplane_state_load" val="-2"/>
</and_exp></or_exp>
</condition>

<Node id="45" bw="0" op_0_bw="0" op_1_bw="16" op_2_bw="16">
<![CDATA[
:11  call void @_ssdm_op_Write.axis.volatile.i16P(i16* %out2data_V_V, i16 %tmp_V)

]]></Node>
<StgValue><ssdm name="write_ln52"/></StgValue>
</operation>

<operation id="52" st_id="3" stage="1" lat="1">
<core>NULL</core>
<MemPortIdVec></MemPortIdVec>
<condition id="-1">
<or_exp><and_exp><literal name="mplane_state_load" val="-2"/>
</and_exp></or_exp>
</condition>

<Node id="47" bw="0" op_0_bw="0">
<![CDATA[
:13  br label %._crit_edge181

]]></Node>
<StgValue><ssdm name="br_ln55"/></StgValue>
</operation>

<operation id="53" st_id="3" stage="1" lat="1">
<core>NULL</core>
<MemPortIdVec></MemPortIdVec>
<condition id="-1">
<or_exp><and_exp><literal name="mplane_state_load" val="1"/>
<literal name="tmp_1" val="1"/>
</and_exp></or_exp>
</condition>

<Node id="55" bw="0" op_0_bw="0">
<![CDATA[
:3  br label %._crit_edge183

]]></Node>
<StgValue><ssdm name="br_ln39"/></StgValue>
</operation>

<operation id="54" st_id="3" stage="1" lat="1">
<core>NULL</core>
<MemPortIdVec></MemPortIdVec>
<condition id="-1">
<or_exp><and_exp><literal name="mplane_state_load" val="1"/>
</and_exp></or_exp>
</condition>

<Node id="57" bw="0" op_0_bw="0">
<![CDATA[
._crit_edge183:0  br label %._crit_edge181

]]></Node>
<StgValue><ssdm name="br_ln41"/></StgValue>
</operation>

<operation id="55" st_id="3" stage="1" lat="1">
<core>NULL</core>
<MemPortIdVec></MemPortIdVec>
<condition id="-1">
<or_exp><and_exp><literal name="mplane_state_load" val="0"/>
<literal name="tmp" val="1"/>
</and_exp></or_exp>
</condition>

<Node id="65" bw="0" op_0_bw="0">
<![CDATA[
:3  br label %._crit_edge182

]]></Node>
<StgValue><ssdm name="br_ln30"/></StgValue>
</operation>

<operation id="56" st_id="3" stage="1" lat="1">
<core>NULL</core>
<MemPortIdVec></MemPortIdVec>
<condition id="-1">
<or_exp><and_exp><literal name="mplane_state_load" val="0"/>
</and_exp></or_exp>
</condition>

<Node id="67" bw="0" op_0_bw="0">
<![CDATA[
._crit_edge182:0  br label %._crit_edge181

]]></Node>
<StgValue><ssdm name="br_ln32"/></StgValue>
</operation>

<operation id="57" st_id="3" stage="1" lat="1">
<core>NULL</core>
<MemPortIdVec></MemPortIdVec>
<condition id="-1">
<or_exp><and_exp></and_exp></or_exp>
</condition>

<Node id="69" bw="0">
<![CDATA[
._crit_edge181:0  ret void

]]></Node>
<StgValue><ssdm name="ret_ln66"/></StgValue>
</operation>
</state>
</state_list>


<ports>
<port id="75" name="indata_V_V" dir="0" iftype="0">
<core>NULL</core><StgValue><ssdm name="indata_V_V"/></StgValue>
</port>
<port id="76" name="out1data_V" dir="1" iftype="0">
<core>NULL</core><StgValue><ssdm name="out1data_V"/></StgValue>
</port>
<port id="77" name="out2data_V_V" dir="1" iftype="0">
<core>NULL</core><StgValue><ssdm name="out2data_V_V"/></StgValue>
</port>
<port id="78" name="state_out_V" dir="1" iftype="0">
<core>NULL</core><StgValue><ssdm name="state_out_V"/></StgValue>
</port>
<port id="79" name="mplane_state" dir="2" iftype="0">
<core>NULL</core><StgValue><ssdm name="mplane_state"/></StgValue>
</port>
<port id="80" name="datainp1_V" dir="2" iftype="0">
<core>NULL</core><StgValue><ssdm name="datainp1_V"/></StgValue>
</port>
<port id="81" name="datainp2_V" dir="2" iftype="0">
<core>NULL</core><StgValue><ssdm name="datainp2_V"/></StgValue>
</port>
<port id="82" name="l1_inp1_smac_V" dir="2" iftype="0">
<core>NULL</core><StgValue><ssdm name="l1_inp1_smac_V"/></StgValue>
</port>
<port id="83" name="l1_inp1_dmac_V" dir="2" iftype="0">
<core>NULL</core><StgValue><ssdm name="l1_inp1_dmac_V"/></StgValue>
</port>
</ports>


<dataflows>
<dataflow id="84" from="mplane_state" to="mplane_state_load" fromId="79" toId="4">
</dataflow>
<dataflow id="86" from="StgValue_85" to="store_ln61" fromId="85" toId="5">
</dataflow>
<dataflow id="87" from="mplane_state" to="store_ln61" fromId="79" toId="5">
</dataflow>
<dataflow id="88" from="StgValue_85" to="store_ln53" fromId="85" toId="6">
</dataflow>
<dataflow id="89" from="mplane_state" to="store_ln53" fromId="79" toId="6">
</dataflow>
<dataflow id="91" from="_ssdm_op_NbReadReq.axis.i64P" to="tmp_1" fromId="90" toId="7">
</dataflow>
<dataflow id="92" from="indata_V_V" to="tmp_1" fromId="75" toId="7">
</dataflow>
<dataflow id="94" from="StgValue_93" to="tmp_1" fromId="93" toId="7">
</dataflow>
<dataflow id="96" from="_ssdm_op_Read.axis.volatile.i64P" to="tmp_V_2" fromId="95" toId="8">
</dataflow>
<dataflow id="97" from="indata_V_V" to="tmp_V_2" fromId="75" toId="8">
</dataflow>
<dataflow id="98" from="tmp_V_2" to="store_ln37" fromId="8" toId="9">
</dataflow>
<dataflow id="99" from="datainp2_V" to="store_ln37" fromId="81" toId="9">
</dataflow>
<dataflow id="101" from="StgValue_100" to="store_ln38" fromId="100" toId="10">
</dataflow>
<dataflow id="102" from="mplane_state" to="store_ln38" fromId="79" toId="10">
</dataflow>
<dataflow id="103" from="_ssdm_op_NbReadReq.axis.i64P" to="tmp" fromId="90" toId="11">
</dataflow>
<dataflow id="104" from="indata_V_V" to="tmp" fromId="75" toId="11">
</dataflow>
<dataflow id="105" from="StgValue_93" to="tmp" fromId="93" toId="11">
</dataflow>
<dataflow id="106" from="_ssdm_op_Read.axis.volatile.i64P" to="tmp_V_1" fromId="95" toId="12">
</dataflow>
<dataflow id="107" from="indata_V_V" to="tmp_V_1" fromId="75" toId="12">
</dataflow>
<dataflow id="108" from="tmp_V_1" to="store_ln28" fromId="12" toId="13">
</dataflow>
<dataflow id="109" from="datainp1_V" to="store_ln28" fromId="80" toId="13">
</dataflow>
<dataflow id="111" from="StgValue_110" to="store_ln29" fromId="110" toId="14">
</dataflow>
<dataflow id="112" from="mplane_state" to="store_ln29" fromId="79" toId="14">
</dataflow>
<dataflow id="113" from="l1_inp1_smac_V" to="tmp_ethsmac_V_1" fromId="82" toId="15">
</dataflow>
<dataflow id="114" from="l1_inp1_dmac_V" to="tmp_ethdmac_V_1" fromId="83" toId="16">
</dataflow>
<dataflow id="116" from="_ssdm_op_BitConcatenate.i112.i16.i48.i48" to="tmp_17" fromId="115" toId="17">
</dataflow>
<dataflow id="118" from="StgValue_117" to="tmp_17" fromId="117" toId="17">
</dataflow>
<dataflow id="119" from="tmp_ethdmac_V_1" to="tmp_17" fromId="16" toId="17">
</dataflow>
<dataflow id="120" from="tmp_ethsmac_V_1" to="tmp_17" fromId="15" toId="17">
</dataflow>
<dataflow id="122" from="_ssdm_op_Write.axis.volatile.i112P" to="write_ln60" fromId="121" toId="18">
</dataflow>
<dataflow id="123" from="out1data_V" to="write_ln60" fromId="76" toId="18">
</dataflow>
<dataflow id="124" from="tmp_17" to="write_ln60" fromId="17" toId="18">
</dataflow>
<dataflow id="125" from="datainp1_V" to="p_Val2_s" fromId="80" toId="19">
</dataflow>
<dataflow id="126" from="p_Val2_s" to="trunc_ln647" fromId="19" toId="20">
</dataflow>
<dataflow id="128" from="_ssdm_op_PartSelect.i16.i64.i32.i32" to="tmp_V" fromId="127" toId="21">
</dataflow>
<dataflow id="129" from="p_Val2_s" to="tmp_V" fromId="19" toId="21">
</dataflow>
<dataflow id="131" from="StgValue_130" to="tmp_V" fromId="130" toId="21">
</dataflow>
<dataflow id="133" from="StgValue_132" to="tmp_V" fromId="132" toId="21">
</dataflow>
<dataflow id="134" from="datainp2_V" to="p_Val2_1" fromId="81" toId="22">
</dataflow>
<dataflow id="136" from="_ssdm_op_PartSelect.i6.i64.i32.i32" to="p_Result_s" fromId="135" toId="23">
</dataflow>
<dataflow id="137" from="p_Val2_1" to="p_Result_s" fromId="22" toId="23">
</dataflow>
<dataflow id="139" from="StgValue_138" to="p_Result_s" fromId="138" toId="23">
</dataflow>
<dataflow id="140" from="StgValue_132" to="p_Result_s" fromId="132" toId="23">
</dataflow>
<dataflow id="142" from="_ssdm_op_BitConcatenate.i48.i6.i42" to="p_Result_s_4" fromId="141" toId="24">
</dataflow>
<dataflow id="143" from="p_Result_s" to="p_Result_s_4" fromId="23" toId="24">
</dataflow>
<dataflow id="144" from="trunc_ln647" to="p_Result_s_4" fromId="20" toId="24">
</dataflow>
<dataflow id="145" from="p_Result_s_4" to="store_ln46" fromId="24" toId="25">
</dataflow>
<dataflow id="146" from="l1_inp1_smac_V" to="store_ln46" fromId="82" toId="25">
</dataflow>
<dataflow id="148" from="_ssdm_op_PartSelect.i48.i64.i32.i32" to="tmp_V_3" fromId="147" toId="26">
</dataflow>
<dataflow id="149" from="p_Val2_1" to="tmp_V_3" fromId="22" toId="26">
</dataflow>
<dataflow id="151" from="StgValue_150" to="tmp_V_3" fromId="150" toId="26">
</dataflow>
<dataflow id="153" from="StgValue_152" to="tmp_V_3" fromId="152" toId="26">
</dataflow>
<dataflow id="154" from="tmp_V_3" to="store_ln47" fromId="26" toId="27">
</dataflow>
<dataflow id="155" from="l1_inp1_dmac_V" to="store_ln47" fromId="83" toId="27">
</dataflow>
<dataflow id="157" from="_ssdm_op_BitConcatenate.i112.i16.i48.i6.i42" to="tmp1" fromId="156" toId="28">
</dataflow>
<dataflow id="158" from="StgValue_117" to="tmp1" fromId="117" toId="28">
</dataflow>
<dataflow id="159" from="tmp_V_3" to="tmp1" fromId="26" toId="28">
</dataflow>
<dataflow id="160" from="p_Result_s" to="tmp1" fromId="23" toId="28">
</dataflow>
<dataflow id="161" from="trunc_ln647" to="tmp1" fromId="20" toId="28">
</dataflow>
<dataflow id="162" from="_ssdm_op_Write.axis.volatile.i112P" to="write_ln51" fromId="121" toId="29">
</dataflow>
<dataflow id="163" from="out1data_V" to="write_ln51" fromId="76" toId="29">
</dataflow>
<dataflow id="164" from="tmp1" to="write_ln51" fromId="28" toId="29">
</dataflow>
<dataflow id="166" from="_ssdm_op_Write.axis.volatile.i16P" to="write_ln52" fromId="165" toId="30">
</dataflow>
<dataflow id="167" from="out2data_V_V" to="write_ln52" fromId="77" toId="30">
</dataflow>
<dataflow id="168" from="tmp_V" to="write_ln52" fromId="21" toId="30">
</dataflow>
<dataflow id="169" from="tmp_1" to="br_ln35" fromId="7" toId="31">
</dataflow>
<dataflow id="170" from="tmp" to="br_ln26" fromId="11" toId="32">
</dataflow>
<dataflow id="172" from="_ssdm_op_SpecBitsMap" to="specbitsmap_ln0" fromId="171" toId="33">
</dataflow>
<dataflow id="173" from="out1data_V" to="specbitsmap_ln0" fromId="76" toId="33">
</dataflow>
<dataflow id="174" from="_ssdm_op_SpecBitsMap" to="specbitsmap_ln0" fromId="171" toId="34">
</dataflow>
<dataflow id="175" from="indata_V_V" to="specbitsmap_ln0" fromId="75" toId="34">
</dataflow>
<dataflow id="176" from="_ssdm_op_SpecBitsMap" to="specbitsmap_ln0" fromId="171" toId="35">
</dataflow>
<dataflow id="177" from="out2data_V_V" to="specbitsmap_ln0" fromId="77" toId="35">
</dataflow>
<dataflow id="178" from="_ssdm_op_SpecBitsMap" to="specbitsmap_ln0" fromId="171" toId="36">
</dataflow>
<dataflow id="179" from="state_out_V" to="specbitsmap_ln0" fromId="78" toId="36">
</dataflow>
<dataflow id="181" from="_ssdm_op_SpecTopModule" to="spectopmodule_ln0" fromId="180" toId="37">
</dataflow>
<dataflow id="183" from="mparam_str" to="spectopmodule_ln0" fromId="182" toId="37">
</dataflow>
<dataflow id="185" from="_ssdm_op_SpecInterface" to="specinterface_ln5" fromId="184" toId="38">
</dataflow>
<dataflow id="186" from="indata_V_V" to="specinterface_ln5" fromId="75" toId="38">
</dataflow>
<dataflow id="188" from="p_str" to="specinterface_ln5" fromId="187" toId="38">
</dataflow>
<dataflow id="189" from="StgValue_93" to="specinterface_ln5" fromId="93" toId="38">
</dataflow>
<dataflow id="190" from="StgValue_93" to="specinterface_ln5" fromId="93" toId="38">
</dataflow>
<dataflow id="192" from="p_str1" to="specinterface_ln5" fromId="191" toId="38">
</dataflow>
<dataflow id="194" from="StgValue_193" to="specinterface_ln5" fromId="193" toId="38">
</dataflow>
<dataflow id="195" from="StgValue_193" to="specinterface_ln5" fromId="193" toId="38">
</dataflow>
<dataflow id="197" from="p_str2" to="specinterface_ln5" fromId="196" toId="38">
</dataflow>
<dataflow id="198" from="p_str2" to="specinterface_ln5" fromId="196" toId="38">
</dataflow>
<dataflow id="199" from="p_str2" to="specinterface_ln5" fromId="196" toId="38">
</dataflow>
<dataflow id="200" from="StgValue_193" to="specinterface_ln5" fromId="193" toId="38">
</dataflow>
<dataflow id="201" from="StgValue_193" to="specinterface_ln5" fromId="193" toId="38">
</dataflow>
<dataflow id="202" from="StgValue_193" to="specinterface_ln5" fromId="193" toId="38">
</dataflow>
<dataflow id="203" from="StgValue_193" to="specinterface_ln5" fromId="193" toId="38">
</dataflow>
<dataflow id="204" from="p_str2" to="specinterface_ln5" fromId="196" toId="38">
</dataflow>
<dataflow id="205" from="p_str2" to="specinterface_ln5" fromId="196" toId="38">
</dataflow>
<dataflow id="206" from="_ssdm_op_SpecInterface" to="specinterface_ln6" fromId="184" toId="39">
</dataflow>
<dataflow id="207" from="out1data_V" to="specinterface_ln6" fromId="76" toId="39">
</dataflow>
<dataflow id="208" from="p_str" to="specinterface_ln6" fromId="187" toId="39">
</dataflow>
<dataflow id="209" from="StgValue_93" to="specinterface_ln6" fromId="93" toId="39">
</dataflow>
<dataflow id="210" from="StgValue_93" to="specinterface_ln6" fromId="93" toId="39">
</dataflow>
<dataflow id="211" from="p_str1" to="specinterface_ln6" fromId="191" toId="39">
</dataflow>
<dataflow id="212" from="StgValue_193" to="specinterface_ln6" fromId="193" toId="39">
</dataflow>
<dataflow id="213" from="StgValue_193" to="specinterface_ln6" fromId="193" toId="39">
</dataflow>
<dataflow id="214" from="p_str2" to="specinterface_ln6" fromId="196" toId="39">
</dataflow>
<dataflow id="215" from="p_str2" to="specinterface_ln6" fromId="196" toId="39">
</dataflow>
<dataflow id="216" from="p_str2" to="specinterface_ln6" fromId="196" toId="39">
</dataflow>
<dataflow id="217" from="StgValue_193" to="specinterface_ln6" fromId="193" toId="39">
</dataflow>
<dataflow id="218" from="StgValue_193" to="specinterface_ln6" fromId="193" toId="39">
</dataflow>
<dataflow id="219" from="StgValue_193" to="specinterface_ln6" fromId="193" toId="39">
</dataflow>
<dataflow id="220" from="StgValue_193" to="specinterface_ln6" fromId="193" toId="39">
</dataflow>
<dataflow id="221" from="p_str2" to="specinterface_ln6" fromId="196" toId="39">
</dataflow>
<dataflow id="222" from="p_str2" to="specinterface_ln6" fromId="196" toId="39">
</dataflow>
<dataflow id="223" from="_ssdm_op_SpecInterface" to="specinterface_ln7" fromId="184" toId="40">
</dataflow>
<dataflow id="224" from="out2data_V_V" to="specinterface_ln7" fromId="77" toId="40">
</dataflow>
<dataflow id="225" from="p_str" to="specinterface_ln7" fromId="187" toId="40">
</dataflow>
<dataflow id="226" from="StgValue_93" to="specinterface_ln7" fromId="93" toId="40">
</dataflow>
<dataflow id="227" from="StgValue_93" to="specinterface_ln7" fromId="93" toId="40">
</dataflow>
<dataflow id="228" from="p_str1" to="specinterface_ln7" fromId="191" toId="40">
</dataflow>
<dataflow id="229" from="StgValue_193" to="specinterface_ln7" fromId="193" toId="40">
</dataflow>
<dataflow id="230" from="StgValue_193" to="specinterface_ln7" fromId="193" toId="40">
</dataflow>
<dataflow id="231" from="p_str2" to="specinterface_ln7" fromId="196" toId="40">
</dataflow>
<dataflow id="232" from="p_str2" to="specinterface_ln7" fromId="196" toId="40">
</dataflow>
<dataflow id="233" from="p_str2" to="specinterface_ln7" fromId="196" toId="40">
</dataflow>
<dataflow id="234" from="StgValue_193" to="specinterface_ln7" fromId="193" toId="40">
</dataflow>
<dataflow id="235" from="StgValue_193" to="specinterface_ln7" fromId="193" toId="40">
</dataflow>
<dataflow id="236" from="StgValue_193" to="specinterface_ln7" fromId="193" toId="40">
</dataflow>
<dataflow id="237" from="StgValue_193" to="specinterface_ln7" fromId="193" toId="40">
</dataflow>
<dataflow id="238" from="p_str2" to="specinterface_ln7" fromId="196" toId="40">
</dataflow>
<dataflow id="239" from="p_str2" to="specinterface_ln7" fromId="196" toId="40">
</dataflow>
<dataflow id="240" from="_ssdm_op_SpecInterface" to="specinterface_ln8" fromId="184" toId="41">
</dataflow>
<dataflow id="241" from="state_out_V" to="specinterface_ln8" fromId="78" toId="41">
</dataflow>
<dataflow id="243" from="p_str3" to="specinterface_ln8" fromId="242" toId="41">
</dataflow>
<dataflow id="244" from="StgValue_193" to="specinterface_ln8" fromId="193" toId="41">
</dataflow>
<dataflow id="245" from="StgValue_193" to="specinterface_ln8" fromId="193" toId="41">
</dataflow>
<dataflow id="246" from="p_str2" to="specinterface_ln8" fromId="196" toId="41">
</dataflow>
<dataflow id="247" from="StgValue_193" to="specinterface_ln8" fromId="193" toId="41">
</dataflow>
<dataflow id="248" from="StgValue_193" to="specinterface_ln8" fromId="193" toId="41">
</dataflow>
<dataflow id="249" from="p_str2" to="specinterface_ln8" fromId="196" toId="41">
</dataflow>
<dataflow id="250" from="p_str2" to="specinterface_ln8" fromId="196" toId="41">
</dataflow>
<dataflow id="251" from="p_str2" to="specinterface_ln8" fromId="196" toId="41">
</dataflow>
<dataflow id="252" from="StgValue_193" to="specinterface_ln8" fromId="193" toId="41">
</dataflow>
<dataflow id="253" from="StgValue_193" to="specinterface_ln8" fromId="193" toId="41">
</dataflow>
<dataflow id="254" from="StgValue_193" to="specinterface_ln8" fromId="193" toId="41">
</dataflow>
<dataflow id="255" from="StgValue_193" to="specinterface_ln8" fromId="193" toId="41">
</dataflow>
<dataflow id="256" from="p_str2" to="specinterface_ln8" fromId="196" toId="41">
</dataflow>
<dataflow id="257" from="p_str2" to="specinterface_ln8" fromId="196" toId="41">
</dataflow>
<dataflow id="258" from="_ssdm_op_SpecInterface" to="specinterface_ln9" fromId="184" toId="42">
</dataflow>
<dataflow id="259" from="StgValue_193" to="specinterface_ln9" fromId="193" toId="42">
</dataflow>
<dataflow id="261" from="p_str4" to="specinterface_ln9" fromId="260" toId="42">
</dataflow>
<dataflow id="262" from="StgValue_193" to="specinterface_ln9" fromId="193" toId="42">
</dataflow>
<dataflow id="263" from="StgValue_193" to="specinterface_ln9" fromId="193" toId="42">
</dataflow>
<dataflow id="264" from="p_str2" to="specinterface_ln9" fromId="196" toId="42">
</dataflow>
<dataflow id="265" from="StgValue_193" to="specinterface_ln9" fromId="193" toId="42">
</dataflow>
<dataflow id="266" from="StgValue_193" to="specinterface_ln9" fromId="193" toId="42">
</dataflow>
<dataflow id="267" from="p_str2" to="specinterface_ln9" fromId="196" toId="42">
</dataflow>
<dataflow id="268" from="p_str2" to="specinterface_ln9" fromId="196" toId="42">
</dataflow>
<dataflow id="269" from="p_str2" to="specinterface_ln9" fromId="196" toId="42">
</dataflow>
<dataflow id="270" from="StgValue_193" to="specinterface_ln9" fromId="193" toId="42">
</dataflow>
<dataflow id="271" from="StgValue_193" to="specinterface_ln9" fromId="193" toId="42">
</dataflow>
<dataflow id="272" from="StgValue_193" to="specinterface_ln9" fromId="193" toId="42">
</dataflow>
<dataflow id="273" from="StgValue_193" to="specinterface_ln9" fromId="193" toId="42">
</dataflow>
<dataflow id="274" from="p_str2" to="specinterface_ln9" fromId="196" toId="42">
</dataflow>
<dataflow id="275" from="p_str2" to="specinterface_ln9" fromId="196" toId="42">
</dataflow>
<dataflow id="277" from="_ssdm_op_SpecPipeline" to="specpipeline_ln13" fromId="276" toId="43">
</dataflow>
<dataflow id="278" from="StgValue_93" to="specpipeline_ln13" fromId="93" toId="43">
</dataflow>
<dataflow id="280" from="StgValue_279" to="specpipeline_ln13" fromId="279" toId="43">
</dataflow>
<dataflow id="281" from="StgValue_93" to="specpipeline_ln13" fromId="93" toId="43">
</dataflow>
<dataflow id="282" from="StgValue_193" to="specpipeline_ln13" fromId="193" toId="43">
</dataflow>
<dataflow id="283" from="p_str2" to="specpipeline_ln13" fromId="196" toId="43">
</dataflow>
<dataflow id="285" from="_ssdm_op_SpecReset" to="specreset_ln21" fromId="284" toId="44">
</dataflow>
<dataflow id="286" from="mplane_state" to="specreset_ln21" fromId="79" toId="44">
</dataflow>
<dataflow id="287" from="StgValue_93" to="specreset_ln21" fromId="93" toId="44">
</dataflow>
<dataflow id="288" from="p_str2" to="specreset_ln21" fromId="196" toId="44">
</dataflow>
<dataflow id="289" from="mplane_state_load" to="zext_ln301" fromId="4" toId="45">
</dataflow>
<dataflow id="291" from="_ssdm_op_Write.ap_none.i8P" to="write_ln22" fromId="290" toId="46">
</dataflow>
<dataflow id="292" from="state_out_V" to="write_ln22" fromId="78" toId="46">
</dataflow>
<dataflow id="293" from="zext_ln301" to="write_ln22" fromId="45" toId="46">
</dataflow>
<dataflow id="294" from="mplane_state_load" to="switch_ln23" fromId="4" toId="47">
</dataflow>
<dataflow id="296" from="StgValue_295" to="switch_ln23" fromId="295" toId="47">
</dataflow>
<dataflow id="297" from="StgValue_110" to="switch_ln23" fromId="110" toId="47">
</dataflow>
<dataflow id="298" from="StgValue_100" to="switch_ln23" fromId="100" toId="47">
</dataflow>
<dataflow id="299" from="StgValue_85" to="switch_ln23" fromId="85" toId="47">
</dataflow>
<dataflow id="300" from="_ssdm_op_Write.axis.volatile.i112P" to="write_ln60" fromId="121" toId="48">
</dataflow>
<dataflow id="301" from="out1data_V" to="write_ln60" fromId="76" toId="48">
</dataflow>
<dataflow id="302" from="tmp_17" to="write_ln60" fromId="17" toId="48">
</dataflow>
<dataflow id="303" from="_ssdm_op_Write.axis.volatile.i112P" to="write_ln51" fromId="121" toId="50">
</dataflow>
<dataflow id="304" from="out1data_V" to="write_ln51" fromId="76" toId="50">
</dataflow>
<dataflow id="305" from="tmp1" to="write_ln51" fromId="28" toId="50">
</dataflow>
<dataflow id="306" from="_ssdm_op_Write.axis.volatile.i16P" to="write_ln52" fromId="165" toId="51">
</dataflow>
<dataflow id="307" from="out2data_V_V" to="write_ln52" fromId="77" toId="51">
</dataflow>
<dataflow id="308" from="tmp_V" to="write_ln52" fromId="21" toId="51">
</dataflow>
<dataflow id="309" from="mplane_state_load" to="StgValue_1" fromId="4" toId="1">
</dataflow>
<dataflow id="310" from="tmp_1" to="StgValue_1" fromId="7" toId="1">
</dataflow>
<dataflow id="311" from="tmp" to="StgValue_1" fromId="11" toId="1">
</dataflow>
<dataflow id="312" from="mplane_state_load" to="StgValue_2" fromId="4" toId="2">
</dataflow>
<dataflow id="313" from="mplane_state_load" to="StgValue_3" fromId="4" toId="3">
</dataflow>
<dataflow id="314" from="tmp_1" to="StgValue_3" fromId="7" toId="3">
</dataflow>
<dataflow id="315" from="tmp" to="StgValue_3" fromId="11" toId="3">
</dataflow>
</dataflows>


</stg>
