{
  "Top": "uplane_depacketiser",
  "RtlTop": "uplane_depacketiser",
  "RtlPrefix": "",
  "SourceLanguage": "cpp",
  "ResetStyle": "control",
  "GenerateBdFiles": "1",
  "HostMachineBits": "64",
  "Target": {
    "Family": "zynquplus",
    "Device": "xczu19eg",
    "Package": "-ffvd1760",
    "Speed": "-3-e"
  },
  "HlsSolution": {"Config": [
      "config_export -format=ip_catalog",
      "config_export -rtl=verilog"
    ]},
  "Args": {
    "data_in": {
      "index": "0",
      "type": {
        "kinds": ["struct"],
        "dataType": "ETH_BUS",
        "structImpl": "flat-field",
        "dataPack": true,
        "fields": {
          "data": {
            "order": "0",
            "dataType": "ap_uint"
          },
          "last": {
            "order": "1",
            "dataType": "ap_uint"
          }
        }
      }
    },
    "data_out": {
      "index": "1",
      "type": {
        "kinds": ["struct"],
        "dataType": "PRB_section",
        "structImpl": "flat-field",
        "dataPack": true,
        "fields": {
          "IQ_data": {
            "order": "0",
            "dataType": "ap_uint"
          },
          "last": {
            "order": "1",
            "dataType": "ap_uint"
          }
        }
      }
    },
    "counter_PRB": {
      "index": "2",
      "type": {
        "dataType": "ap_uint",
        "dataWidth": "8",
        "interfaceRef": "counter_PRB_V"
      }
    },
    "PRB_count_each_section": {
      "index": "3",
      "type": {
        "dataType": "ap_uint",
        "dataWidth": "12",
        "interfaceRef": "PRB_count_each_section_V"
      }
    },
    "depack_symbol_number": {
      "index": "4",
      "type": {
        "dataType": "ap_uint",
        "dataWidth": "4",
        "interfaceRef": "depack_symbol_number_V"
      }
    },
    "iq_msg_state_out": {
      "index": "5",
      "type": {
        "dataType": "ap_uint",
        "dataWidth": "8",
        "interfaceRef": "iq_msg_state_out_V"
      }
    }
  },
  "Return": {
    
  },
  "ClockInfo": {
    "ClockName": "ap_clk",
    "ClockPeriod": "3.2",
    "IsCombLogic": "0",
    "II": "1",
    "Latency": "2",
    "Uncertainty": "0.4"
  },
  "Xdc": {"OocClocks": ["create_clock -name ap_clk -period 3.200 [get_ports ap_clk]"]},
  "Ipx": {
    "Vendor": "xilinx.com",
    "Library": "hls",
    "Name": "uplane_depacketiser",
    "Version": "1.0",
    "DisplayName": "Uplane_depacketiser",
    "Revision": "",
    "Description": "An IP generated by Vivado HLS",
    "Taxonomy": "\/VIVADO_HLS_IP",
    "AutoFamilySupport": ""
  },
  "Files": {
    "CSource": ["..\/uplane_depacketiser.cpp"],
    "Vhdl": ["impl\/vhdl\/uplane_depacketiser.vhd"],
    "Verilog": ["impl\/verilog\/uplane_depacketiser.v"],
    "Misc": ["impl\/misc\/logo.png"],
    "DesignXml": "\/home\/sai\/Desktop\/Looping_Hardware-design\/hls_src\/U_plane_src\/Uplane_depacketiser\/solution1\/.autopilot\/db\/uplane_depacketiser.design.xml",
    "DebugDir": "\/home\/sai\/Desktop\/Looping_Hardware-design\/hls_src\/U_plane_src\/Uplane_depacketiser\/solution1\/.debug",
    "ProtoInst": ["\/home\/sai\/Desktop\/Looping_Hardware-design\/hls_src\/U_plane_src\/Uplane_depacketiser\/solution1\/.debug\/uplane_depacketiser.protoinst"]
  },
  "SubcoreInfo": {
    "HasXpmMemory": false,
    "HasClockedDsp": false,
    "IP": []
  },
  "Interfaces": {
    "ap_clk": {
      "type": "clock",
      "ctype": {"CLK": {"Type": "bool"}},
      "bundle_name": "ap_clk",
      "bundle_role": "default",
      "buses": "data_in data_out",
      "reset": "ap_rst_n"
    },
    "ap_rst_n": {
      "type": "reset",
      "polarity": "ACTIVE_LOW",
      "ctype": {"RST": {"Type": "bool"}},
      "bundle_name": "ap_rst_n",
      "bundle_role": "default"
    },
    "counter_PRB_V": {
      "type": "data",
      "dir": "out",
      "width": "8",
      "ctype": {"DATA": {
          "Type": "integer unsigned",
          "Width": "8"
        }},
      "bundle_name": "counter_PRB_V",
      "bundle_role": "default"
    },
    "data_in": {
      "type": "axi4stream",
      "mode": "slave",
      "port_prefix": "data_in",
      "has_tready": "1",
      "ctype": {
        "TDATA": {
          "Type": "integer unsigned",
          "Width": "128"
        },
        "TVALID": {"Type": "bool"},
        "TREADY": {"Type": "bool"},
        "TLAST": {
          "Type": "integer unsigned",
          "Width": "1"
        }
      },
      "port_width": {
        "TDATA": "128",
        "TLAST": "1"
      }
    },
    "data_out": {
      "type": "axi4stream",
      "mode": "master",
      "port_prefix": "data_out",
      "has_tready": "1",
      "ctype": {
        "TDATA": {
          "Type": "integer unsigned",
          "Width": "128"
        },
        "TREADY": {"Type": "bool"},
        "TVALID": {"Type": "bool"},
        "TLAST": {
          "Type": "integer unsigned",
          "Width": "1"
        }
      },
      "port_width": {
        "TDATA": "128",
        "TLAST": "1"
      }
    },
    "depack_symbol_number_V": {
      "type": "data",
      "dir": "out",
      "width": "4",
      "ctype": {"DATA": {
          "Type": "integer unsigned",
          "Width": "4"
        }},
      "bundle_name": "depack_symbol_number_V",
      "bundle_role": "default"
    },
    "iq_msg_state_out_V": {
      "type": "data",
      "dir": "out",
      "width": "8",
      "ctype": {"DATA": {
          "Type": "integer unsigned",
          "Width": "8"
        }},
      "bundle_name": "iq_msg_state_out_V",
      "bundle_role": "default"
    },
    "PRB_count_each_section_V": {
      "type": "data",
      "dir": "out",
      "width": "12",
      "ctype": {"DATA": {
          "Type": "integer unsigned",
          "Width": "12"
        }},
      "bundle_name": "PRB_count_each_section_V",
      "bundle_role": "default"
    }
  },
  "RtlPorts": {
    "ap_clk": {
      "dir": "in",
      "width": "1"
    },
    "ap_rst_n": {
      "dir": "in",
      "width": "1"
    },
    "data_in_TDATA": {
      "dir": "in",
      "width": "128"
    },
    "data_in_TVALID": {
      "dir": "in",
      "width": "1"
    },
    "data_in_TREADY": {
      "dir": "out",
      "width": "1"
    },
    "data_in_TLAST": {
      "dir": "in",
      "width": "1",
      "isVector": "true"
    },
    "data_out_TDATA": {
      "dir": "out",
      "width": "128"
    },
    "data_out_TREADY": {
      "dir": "in",
      "width": "1"
    },
    "data_out_TVALID": {
      "dir": "out",
      "width": "1"
    },
    "data_out_TLAST": {
      "dir": "out",
      "width": "1",
      "isVector": "true"
    },
    "counter_PRB_V": {
      "dir": "out",
      "width": "8"
    },
    "PRB_count_each_section_V": {
      "dir": "out",
      "width": "12"
    },
    "depack_symbol_number_V": {
      "dir": "out",
      "width": "4"
    },
    "iq_msg_state_out_V": {
      "dir": "out",
      "width": "8"
    }
  },
  "ModuleInfo": {
    "Hierarchy": {"ModuleName": "uplane_depacketiser"},
    "Info": {"uplane_depacketiser": {
        "FunctionProtocol": "ap_ctrl_none",
        "isTaskLevelControl": "1",
        "isPipelined": "1",
        "isCombinational": "0",
        "isOneStateSeq": "0"
      }},
    "Metrics": {"uplane_depacketiser": {
        "Latency": {
          "LatencyBest": "2",
          "LatencyAvg": "2",
          "LatencyWorst": "2",
          "PipelineII": "1",
          "PipelineDepth": "3",
          "PipelineType": "function"
        },
        "Timing": {
          "Target": "3.20",
          "Uncertainty": "0.40",
          "Estimate": "2.170"
        },
        "Area": {
          "FF": "814",
          "LUT": "603",
          "BRAM_18K": "0",
          "DSP48E": "0",
          "URAM": "0"
        }
      }}
  },
  "Sdx": {
    "Target": "none",
    "ProfileOption": "0",
    "ProfileType": "none",
    "XO": "",
    "KernelName": "uplane_depacketiser",
    "EnableXoSwEmu": "1"
  },
  "GenData": {
    "DataVersion": "0.2",
    "Time": "2022-10-14 17:28:58 IST",
    "ToolName": "vivado_hls",
    "ToolVersion": "2019.1"
  }
}
