{
  "Top": "BfW_Coeff_Gen",
  "RtlTop": "BfW_Coeff_Gen",
  "RtlPrefix": "",
  "SourceLanguage": "cpp",
  "ResetStyle": "control",
  "GenerateBdFiles": "1",
  "HostMachineBits": "64",
  "Target": {
    "Family": "zynquplus",
    "Device": "xczu9eg",
    "Package": "-ffvb1156",
    "Speed": "-2-e"
  },
  "HlsSolution": {"Config": [
      "config_export -format=ip_catalog",
      "config_export -rtl=verilog"
    ]},
  "Args": {"bfw_coeff": {
      "index": "0",
      "type": {"dataType": "ap_uint"}
    }},
  "Return": {
    
  },
  "ClockInfo": {
    "ClockName": "ap_clk",
    "ClockPeriod": "3.2",
    "IsCombLogic": "0",
    "II": "x",
    "Latency": "8194",
    "Uncertainty": "0.4"
  },
  "Xdc": {"OocClocks": ["create_clock -name ap_clk -period 3.200 [get_ports ap_clk]"]},
  "Ipx": {
    "Vendor": "xilinx.com",
    "Library": "hls",
    "Name": "BfW_Coeff_Gen",
    "Version": "1.0",
    "DisplayName": "Bfw_coeff_gen",
    "Revision": "",
    "Description": "An IP generated by Vivado HLS",
    "Taxonomy": "\/VIVADO_HLS_IP",
    "AutoFamilySupport": ""
  },
  "Files": {
    "CSource": ["..\/..\/mat_coeff_gen.cpp"],
    "Vhdl": [
      "impl\/vhdl\/BfW_Coeff_Gen_coeff.vhd",
      "impl\/vhdl\/BfW_Coeff_Gen.vhd"
    ],
    "Verilog": [
      "impl\/verilog\/BfW_Coeff_Gen_coeff.v",
      "impl\/verilog\/BfW_Coeff_Gen_coeff_rom.dat",
      "impl\/verilog\/BfW_Coeff_Gen.v"
    ],
    "Misc": ["impl\/misc\/logo.png"],
    "DesignXml": "\/home\/aswin\/Desktop\/Vivado_projects\/12_ORAN_1L_no_compression_cont_data\/ORAN_INTEG_1\/sim_src\/bfw_Coeff_Gen\/bfW_Coeff_Gen\/solution1\/.autopilot\/db\/BfW_Coeff_Gen.design.xml",
    "DebugDir": "\/home\/aswin\/Desktop\/Vivado_projects\/12_ORAN_1L_no_compression_cont_data\/ORAN_INTEG_1\/sim_src\/bfw_Coeff_Gen\/bfW_Coeff_Gen\/solution1\/.debug",
    "ProtoInst": ["\/home\/aswin\/Desktop\/Vivado_projects\/12_ORAN_1L_no_compression_cont_data\/ORAN_INTEG_1\/sim_src\/bfw_Coeff_Gen\/bfW_Coeff_Gen\/solution1\/.debug\/BfW_Coeff_Gen.protoinst"]
  },
  "SubcoreInfo": {
    "HasXpmMemory": false,
    "HasClockedDsp": false,
    "IP": []
  },
  "Interfaces": {
    "ap_clk": {
      "type": "clock",
      "ctype": {"CLK": {"Type": "bool"}},
      "bundle_name": "ap_clk",
      "bundle_role": "default",
      "buses": "bfw_coeff_V_V",
      "reset": "ap_rst_n"
    },
    "ap_rst_n": {
      "type": "reset",
      "polarity": "ACTIVE_LOW",
      "ctype": {"RST": {"Type": "bool"}},
      "bundle_name": "ap_rst_n",
      "bundle_role": "default"
    },
    "bfw_coeff_V_V": {
      "type": "axi4stream",
      "mode": "master",
      "port_prefix": "bfw_coeff_V_V",
      "has_tready": "1",
      "ctype": {
        "TDATA": {
          "Type": "integer unsigned",
          "Width": "128"
        },
        "TVALID": {"Type": "bool"},
        "TREADY": {"Type": "bool"}
      },
      "port_width": {"TDATA": "128"}
    }
  },
  "RtlPorts": {
    "ap_clk": {
      "dir": "in",
      "width": "1"
    },
    "ap_rst_n": {
      "dir": "in",
      "width": "1"
    },
    "bfw_coeff_V_V_TDATA": {
      "dir": "out",
      "width": "128"
    },
    "bfw_coeff_V_V_TVALID": {
      "dir": "out",
      "width": "1"
    },
    "bfw_coeff_V_V_TREADY": {
      "dir": "in",
      "width": "1"
    }
  },
  "ModuleInfo": {
    "Hierarchy": {"ModuleName": "BfW_Coeff_Gen"},
    "Info": {"BfW_Coeff_Gen": {
        "FunctionProtocol": "ap_ctrl_none",
        "isTaskLevelControl": "1",
        "isPipelined": "0",
        "isCombinational": "0",
        "isOneStateSeq": "0"
      }},
    "Metrics": {"BfW_Coeff_Gen": {
        "Latency": {
          "LatencyBest": "8194",
          "LatencyAvg": "8194",
          "LatencyWorst": "8194",
          "PipelineII": "8195",
          "PipelineDepth": "",
          "PipelineType": "none"
        },
        "Timing": {
          "Target": "3.20",
          "Uncertainty": "0.40",
          "Estimate": "1.326"
        },
        "Loops": [{
            "Name": "Loop 1",
            "TripCount": "8192",
            "Latency": "8192",
            "PipelineII": "1",
            "PipelineDepth": "2"
          }],
        "Area": {
          "BRAM_18K": "57",
          "FF": "20",
          "LUT": "96",
          "URAM": "0",
          "DSP48E": "0"
        }
      }}
  },
  "Sdx": {
    "Target": "none",
    "ProfileOption": "0",
    "ProfileType": "none",
    "XO": "",
    "KernelName": "BfW_Coeff_Gen",
    "EnableXoSwEmu": "1"
  },
  "GenData": {
    "DataVersion": "0.2",
    "Time": "2021-03-11 18:04:40 IST",
    "ToolName": "vivado_hls",
    "ToolVersion": "2019.1"
  }
}
