<stg><name>BfW_Coeff_Gen</name>


<trans_list>

<trans id="26" from="1" to="2">
<condition id="-1">
<or_exp><and_exp></and_exp></or_exp>
</condition>
</trans>

<trans id="33" from="2" to="4">
<condition id="-1">
<or_exp><and_exp><literal name="icmp_ln9" val="1"/>
</and_exp></or_exp>
</condition>
</trans>

<trans id="34" from="2" to="3">
<condition id="-1">
<or_exp><and_exp><literal name="icmp_ln9" val="0"/>
</and_exp></or_exp>
</condition>
</trans>

<trans id="32" from="3" to="2">
<condition id="-1">
<or_exp><and_exp></and_exp></or_exp>
</condition>
</trans>
</trans_list>



<state_list>

<state id="1" st_id="1">

<operation id="5" st_id="1" stage="1" lat="1">
<core>NULL</core>
<MemPortIdVec></MemPortIdVec>
<condition id="-1">
<or_exp><and_exp></and_exp></or_exp>
</condition>

<Node id="3" bw="0" op_0_bw="0" op_1_bw="128">
<![CDATA[
:0  call void (...)* @_ssdm_op_SpecBitsMap(i128* %bfw_coeff_V_V), !map !22

]]></Node>
<StgValue><ssdm name="specbitsmap_ln0"/></StgValue>
</operation>

<operation id="6" st_id="1" stage="1" lat="1">
<core>NULL</core>
<MemPortIdVec></MemPortIdVec>
<condition id="-1">
<or_exp><and_exp></and_exp></or_exp>
</condition>

<Node id="4" bw="0" op_0_bw="0" op_1_bw="0">
<![CDATA[
:1  call void (...)* @_ssdm_op_SpecTopModule([14 x i8]* @BfW_Coeff_Gen_str) nounwind

]]></Node>
<StgValue><ssdm name="spectopmodule_ln0"/></StgValue>
</operation>

<operation id="7" st_id="1" stage="1" lat="1">
<core>NULL</core>
<MemPortIdVec></MemPortIdVec>
<condition id="-1">
<or_exp><and_exp></and_exp></or_exp>
</condition>

<Node id="5" bw="0" op_0_bw="0" op_1_bw="32" op_2_bw="0" op_3_bw="32" op_4_bw="32" op_5_bw="0" op_6_bw="32" op_7_bw="32" op_8_bw="0" op_9_bw="0" op_10_bw="0" op_11_bw="32" op_12_bw="32" op_13_bw="32" op_14_bw="32" op_15_bw="0" op_16_bw="0">
<![CDATA[
:2  call void (...)* @_ssdm_op_SpecInterface(i32 0, [13 x i8]* @p_str, i32 0, i32 0, [1 x i8]* @p_str1, i32 0, i32 0, [1 x i8]* @p_str1, [1 x i8]* @p_str1, [1 x i8]* @p_str1, i32 0, i32 0, i32 0, i32 0, [1 x i8]* @p_str1, [1 x i8]* @p_str1) nounwind

]]></Node>
<StgValue><ssdm name="specinterface_ln5"/></StgValue>
</operation>

<operation id="8" st_id="1" stage="1" lat="1">
<core>NULL</core>
<MemPortIdVec></MemPortIdVec>
<condition id="-1">
<or_exp><and_exp></and_exp></or_exp>
</condition>

<Node id="6" bw="0" op_0_bw="0" op_1_bw="128" op_2_bw="0" op_3_bw="32" op_4_bw="32" op_5_bw="0" op_6_bw="32" op_7_bw="32" op_8_bw="0" op_9_bw="0" op_10_bw="0" op_11_bw="32" op_12_bw="32" op_13_bw="32" op_14_bw="32" op_15_bw="0" op_16_bw="0">
<![CDATA[
:3  call void (...)* @_ssdm_op_SpecInterface(i128* %bfw_coeff_V_V, [5 x i8]* @p_str2, i32 0, i32 0, [1 x i8]* @p_str1, i32 0, i32 0, [1 x i8]* @p_str1, [1 x i8]* @p_str1, [1 x i8]* @p_str1, i32 0, i32 0, i32 0, i32 0, [1 x i8]* @p_str1, [1 x i8]* @p_str1) nounwind

]]></Node>
<StgValue><ssdm name="specinterface_ln6"/></StgValue>
</operation>

<operation id="9" st_id="1" stage="1" lat="1">
<core>NULL</core>
<MemPortIdVec></MemPortIdVec>
<condition id="-1">
<or_exp><and_exp></and_exp></or_exp>
</condition>

<Node id="7" bw="0" op_0_bw="0" op_1_bw="128" op_2_bw="0" op_3_bw="0" op_4_bw="0" op_5_bw="32" op_6_bw="0" op_7_bw="0" op_8_bw="0" op_9_bw="0" op_10_bw="0">
<![CDATA[
:4  call void (...)* @_ssdm_op_SpecMemCore([8192 x i128]* @coeff, [1 x i8]* @p_str1, [12 x i8]* @p_str1004, [1 x i8]* @p_str1, i32 -1, [1 x i8]* @p_str1, [1 x i8]* @p_str1, [1 x i8]* @p_str1, [1 x i8]* @p_str1, [1 x i8]* @p_str1)

]]></Node>
<StgValue><ssdm name="specmemcore_ln8"/></StgValue>
</operation>

<operation id="10" st_id="1" stage="1" lat="1">
<core>NULL</core>
<MemPortIdVec></MemPortIdVec>
<condition id="-1">
<or_exp><and_exp></and_exp></or_exp>
</condition>

<Node id="8" bw="0" op_0_bw="0">
<![CDATA[
:5  br label %1

]]></Node>
<StgValue><ssdm name="br_ln9"/></StgValue>
</operation>
</state>

<state id="2" st_id="2">

<operation id="11" st_id="2" stage="1" lat="1">
<core>NULL</core>
<MemPortIdVec></MemPortIdVec>
<condition id="-1">
<or_exp><and_exp></and_exp></or_exp>
</condition>

<Node id="10" bw="14" op_0_bw="14" op_1_bw="0" op_2_bw="14" op_3_bw="0">
<![CDATA[
:0  %j_0 = phi i14 [ 0, %0 ], [ %j, %hls_label_0 ]

]]></Node>
<StgValue><ssdm name="j_0"/></StgValue>
</operation>

<operation id="12" st_id="2" stage="1" lat="1">
<core>Cmp</core>
<MemPortIdVec></MemPortIdVec>
<condition id="-1">
<or_exp><and_exp></and_exp></or_exp>
</condition>

<Node id="11" bw="1" op_0_bw="14" op_1_bw="14">
<![CDATA[
:1  %icmp_ln9 = icmp eq i14 %j_0, -8192

]]></Node>
<StgValue><ssdm name="icmp_ln9"/></StgValue>
</operation>

<operation id="13" st_id="2" stage="1" lat="1">
<core>NULL</core>
<MemPortIdVec></MemPortIdVec>
<condition id="-1">
<or_exp><and_exp></and_exp></or_exp>
</condition>

<Node id="12" bw="32" op_0_bw="32" op_1_bw="64" op_2_bw="64" op_3_bw="64">
<![CDATA[
:2  %empty = call i32 (...)* @_ssdm_op_SpecLoopTripCount(i64 8192, i64 8192, i64 8192)

]]></Node>
<StgValue><ssdm name="empty"/></StgValue>
</operation>

<operation id="14" st_id="2" stage="1" lat="1">
<core>AddSub</core>
<MemPortIdVec></MemPortIdVec>
<condition id="-1">
<or_exp><and_exp></and_exp></or_exp>
</condition>

<Node id="13" bw="14" op_0_bw="14" op_1_bw="14">
<![CDATA[
:3  %j = add i14 %j_0, 1

]]></Node>
<StgValue><ssdm name="j"/></StgValue>
</operation>

<operation id="15" st_id="2" stage="1" lat="1">
<core>NULL</core>
<MemPortIdVec></MemPortIdVec>
<condition id="-1">
<or_exp><and_exp></and_exp></or_exp>
</condition>

<Node id="14" bw="0" op_0_bw="1" op_1_bw="0" op_2_bw="0">
<![CDATA[
:4  br i1 %icmp_ln9, label %2, label %hls_label_0

]]></Node>
<StgValue><ssdm name="br_ln9"/></StgValue>
</operation>

<operation id="16" st_id="2" stage="1" lat="1">
<core>NULL</core>
<MemPortIdVec></MemPortIdVec>
<condition id="-1">
<or_exp><and_exp><literal name="icmp_ln9" val="0"/>
</and_exp></or_exp>
</condition>

<Node id="18" bw="64" op_0_bw="14">
<![CDATA[
hls_label_0:2  %zext_ln11 = zext i14 %j_0 to i64

]]></Node>
<StgValue><ssdm name="zext_ln11"/></StgValue>
</operation>

<operation id="17" st_id="2" stage="1" lat="1">
<core>NULL</core>
<MemPortIdVec></MemPortIdVec>
<condition id="-1">
<or_exp><and_exp><literal name="icmp_ln9" val="0"/>
</and_exp></or_exp>
</condition>

<Node id="19" bw="13" op_0_bw="128" op_1_bw="64" op_2_bw="64">
<![CDATA[
hls_label_0:3  %coeff_addr = getelementptr [8192 x i128]* @coeff, i64 0, i64 %zext_ln11

]]></Node>
<StgValue><ssdm name="coeff_addr"/></StgValue>
</operation>

<operation id="18" st_id="2" stage="2" lat="2">
<core>RAM_1P_BRAM</core>
<MemPortIdVec></MemPortIdVec>
<condition id="-1">
<or_exp><and_exp><literal name="icmp_ln9" val="0"/>
</and_exp></or_exp>
</condition>

<Node id="20" bw="128" op_0_bw="13">
<![CDATA[
hls_label_0:4  %tmp_V = load i128* %coeff_addr, align 16

]]></Node>
<StgValue><ssdm name="tmp_V"/></StgValue>
</operation>
</state>

<state id="3" st_id="3">

<operation id="19" st_id="3" stage="1" lat="1">
<core>NULL</core>
<MemPortIdVec></MemPortIdVec>
<condition id="-1">
<or_exp><and_exp><literal name="icmp_ln9" val="0"/>
</and_exp></or_exp>
</condition>

<Node id="16" bw="32" op_0_bw="32" op_1_bw="0">
<![CDATA[
hls_label_0:0  %tmp = call i32 (...)* @_ssdm_op_SpecRegionBegin([12 x i8]* @p_str1005)

]]></Node>
<StgValue><ssdm name="tmp"/></StgValue>
</operation>

<operation id="20" st_id="3" stage="1" lat="1">
<core>NULL</core>
<MemPortIdVec></MemPortIdVec>
<condition id="-1">
<or_exp><and_exp><literal name="icmp_ln9" val="0"/>
</and_exp></or_exp>
</condition>

<Node id="17" bw="0" op_0_bw="0" op_1_bw="32" op_2_bw="32" op_3_bw="32" op_4_bw="32" op_5_bw="0">
<![CDATA[
hls_label_0:1  call void (...)* @_ssdm_op_SpecPipeline(i32 -1, i32 1, i32 1, i32 0, [1 x i8]* @p_str1) nounwind

]]></Node>
<StgValue><ssdm name="specpipeline_ln10"/></StgValue>
</operation>

<operation id="21" st_id="3" stage="1" lat="2">
<core>RAM_1P_BRAM</core>
<MemPortIdVec></MemPortIdVec>
<condition id="-1">
<or_exp><and_exp><literal name="icmp_ln9" val="0"/>
</and_exp></or_exp>
</condition>

<Node id="20" bw="128" op_0_bw="13">
<![CDATA[
hls_label_0:4  %tmp_V = load i128* %coeff_addr, align 16

]]></Node>
<StgValue><ssdm name="tmp_V"/></StgValue>
</operation>

<operation id="22" st_id="3" stage="1" lat="1">
<core>AXI4Stream</core>
<MemPortIdVec></MemPortIdVec>
<condition id="-1">
<or_exp><and_exp><literal name="icmp_ln9" val="0"/>
</and_exp></or_exp>
</condition>

<Node id="21" bw="0" op_0_bw="0" op_1_bw="128" op_2_bw="128">
<![CDATA[
hls_label_0:5  call void @_ssdm_op_Write.axis.volatile.i128P(i128* %bfw_coeff_V_V, i128 %tmp_V)

]]></Node>
<StgValue><ssdm name="write_ln11"/></StgValue>
</operation>

<operation id="23" st_id="3" stage="1" lat="1">
<core>NULL</core>
<MemPortIdVec></MemPortIdVec>
<condition id="-1">
<or_exp><and_exp><literal name="icmp_ln9" val="0"/>
</and_exp></or_exp>
</condition>

<Node id="22" bw="32" op_0_bw="32" op_1_bw="0" op_2_bw="32">
<![CDATA[
hls_label_0:6  %empty_2 = call i32 (...)* @_ssdm_op_SpecRegionEnd([12 x i8]* @p_str1005, i32 %tmp)

]]></Node>
<StgValue><ssdm name="empty_2"/></StgValue>
</operation>

<operation id="24" st_id="3" stage="1" lat="1">
<core>NULL</core>
<MemPortIdVec></MemPortIdVec>
<condition id="-1">
<or_exp><and_exp><literal name="icmp_ln9" val="0"/>
</and_exp></or_exp>
</condition>

<Node id="23" bw="0" op_0_bw="0">
<![CDATA[
hls_label_0:7  br label %1

]]></Node>
<StgValue><ssdm name="br_ln9"/></StgValue>
</operation>
</state>

<state id="4" st_id="4">

<operation id="25" st_id="4" stage="1" lat="1">
<core>NULL</core>
<MemPortIdVec></MemPortIdVec>
<condition id="-1">
<or_exp><and_exp></and_exp></or_exp>
</condition>

<Node id="25" bw="0">
<![CDATA[
:0  ret void

]]></Node>
<StgValue><ssdm name="ret_ln15"/></StgValue>
</operation>
</state>
</state_list>


<ports>
</ports>


<dataflows>
</dataflows>


</stg>
