<InterfaceSummary>
<RtlPorts>
<name>data_in_V_data_V</name>
<CType>
<TypeName>ap_uint 128</TypeName>
<TypeWidth>128</TypeWidth>
<PhysicalWidth>128</PhysicalWidth>
</CType>
<CFractionWidth>0</CFractionWidth>
<InvalidType>0</InvalidType>
</RtlPorts>
<RtlPorts>
<name>data_in_V_last_V</name>
<CType>
<TypeName>ap_uint 1</TypeName>
<TypeWidth>1</TypeWidth>
<PhysicalWidth>1</PhysicalWidth>
</CType>
<CFractionWidth>0</CFractionWidth>
<InvalidType>0</InvalidType>
</RtlPorts>
<RtlPorts>
<name>data_out_V_IQ_data_V</name>
<CType>
<TypeName>ap_uint 128</TypeName>
<TypeWidth>128</TypeWidth>
<PhysicalWidth>128</PhysicalWidth>
</CType>
<CFractionWidth>0</CFractionWidth>
<InvalidType>0</InvalidType>
</RtlPorts>
<RtlPorts>
<name>data_out_V_last_V</name>
<CType>
<TypeName>ap_uint 1</TypeName>
<TypeWidth>1</TypeWidth>
<PhysicalWidth>1</PhysicalWidth>
</CType>
<CFractionWidth>0</CFractionWidth>
<InvalidType>0</InvalidType>
</RtlPorts>
<RtlPorts>
<name>counter_PRB_V</name>
<CType>
<TypeName>ap_uint 8</TypeName>
<TypeWidth>8</TypeWidth>
<PhysicalWidth>8</PhysicalWidth>
</CType>
<CFractionWidth>0</CFractionWidth>
<InvalidType>0</InvalidType>
</RtlPorts>
<RtlPorts>
<name>PRB_count_each_section_V</name>
<CType>
<TypeName>ap_uint 12</TypeName>
<TypeWidth>12</TypeWidth>
<PhysicalWidth>12</PhysicalWidth>
</CType>
<CFractionWidth>0</CFractionWidth>
<InvalidType>0</InvalidType>
</RtlPorts>
<RtlPorts>
<name>depack_symbol_number_V</name>
<CType>
<TypeName>ap_uint 4</TypeName>
<TypeWidth>4</TypeWidth>
<PhysicalWidth>4</PhysicalWidth>
</CType>
<CFractionWidth>0</CFractionWidth>
<InvalidType>0</InvalidType>
</RtlPorts>
<RtlPorts>
<name>iq_msg_state_out_V</name>
<CType>
<TypeName>ap_uint 8</TypeName>
<TypeWidth>8</TypeWidth>
<PhysicalWidth>8</PhysicalWidth>
</CType>
<CFractionWidth>0</CFractionWidth>
<InvalidType>0</InvalidType>
</RtlPorts>
</InterfaceSummary>

