<profile>

<section name = "Vivado HLS Report for 'uplane_depacketiser'" level="0">
<item name = "Date">Fri Oct 14 17:28:58 2022
</item>
<item name = "Version">2019.1 (Build 2552052 on Fri May 24 15:28:33 MDT 2019)</item>
<item name = "Project">Uplane_depacketiser</item>
<item name = "Solution">solution1</item>
<item name = "Product family">zynquplus</item>
<item name = "Target device">xczu19eg-ffvd1760-3-e</item>
</section>

<section name = "Performance Estimates" level="0">
<item name = "Timing (ns)">
<section name = "" level="1">
<item name = "Summary"><table name="" hasTotal="0">
<keys size="4">Clock, Target, Estimated, Uncertainty</keys>
<column name="ap_clk">3.20, 2.170, 0.40</column>
</table>
</item>
</section>
</item>
<item name = "Latency (clock cycles)">
<section name = "" level="1">
<item name = "Summary"><table name="" hasTotal="0">
<keys size="6">, min, max, min, max, Type</keys>
<column name="">2, 2, 1, 1, function</column>
</table>
</item>
<item name = "Detail">
<section name = "" level="1">
<item name = "Instance"><table name="" hasTotal="0">
<keys size="7">Instance, Module, min, max, min, max, Type</keys>
</table>
</item>
<item name = "Loop"><table name="" hasTotal="0">
<keys size="8">Loop Name, min, max, Latency, achieved, target, Count, Pipelined</keys>
</table>
</item>
</section>
</item>
</section>
</item>
</section>

<section name = "Utilization Estimates" level="0">
<item name = "Summary"><table name="" hasTotal="1">
<keys size="6">Name, BRAM_18K, DSP48E, FF, LUT, URAM</keys>
<column name="DSP">-, -, -, -, -</column>
<column name="Expression">-, -, 0, 241, -</column>
<column name="FIFO">-, -, -, -, -</column>
<column name="Instance">-, -, -, -, -</column>
<column name="Memory">-, -, -, -, -</column>
<column name="Multiplexer">-, -, -, 362, -</column>
<column name="Register">-, -, 814, -, -</column>
<specialColumn name="Available">1968, 1968, 1045440, 522720, 128</specialColumn>
<specialColumn name="Utilization (%)">0, 0, ~0, ~0, 0</specialColumn>
</table>
</item>
<item name = "Detail">
<section name = "" level="1">
<item name = "Instance"><table name="" hasTotal="1">
<keys size="7">Instance, Module, BRAM_18K, DSP48E, FF, LUT, URAM</keys>
</table>
</item>
<item name = "DSP48E"><table name="" hasTotal="0">
<keys size="3">Instance, Module, Expression</keys>
</table>
</item>
<item name = "Memory"><table name="" hasTotal="1">
<keys size="10">Memory, Module, BRAM_18K, FF, LUT, URAM, Words, Bits, Banks, W*Bits*Banks</keys>
</table>
</item>
<item name = "FIFO"><table name="" hasTotal="1">
<keys size="8">Name, BRAM_18K, FF, LUT, URAM, Depth, Bits, Size:D*B</keys>
</table>
</item>
<item name = "Expression"><table name="" hasTotal="1">
<keys size="7">Variable Name, Operation, DSP48E, FF, LUT, Bitwidth P0, Bitwidth P1</keys>
<column name="add_ln209_1_fu_728_p2">+, 0, 0, 19, 12, 12</column>
<column name="add_ln209_fu_866_p2">+, 0, 0, 19, 12, 12</column>
<column name="add_ln700_1_fu_803_p2">+, 0, 0, 17, 10, 1</column>
<column name="add_ln700_2_fu_774_p2">+, 0, 0, 17, 1, 10</column>
<column name="add_ln700_fu_756_p2">+, 0, 0, 15, 1, 8</column>
<column name="counter_PRB_V">+, 0, 0, 15, 8, 1</column>
<column name="ap_condition_678">and, 0, 0, 2, 1, 1</column>
<column name="ap_condition_755">and, 0, 0, 2, 1, 1</column>
<column name="ap_predicate_op150_write_state2">and, 0, 0, 2, 1, 1</column>
<column name="ap_predicate_op151_write_state2">and, 0, 0, 2, 1, 1</column>
<column name="ap_predicate_op152_write_state2">and, 0, 0, 2, 1, 1</column>
<column name="ap_predicate_op178_write_state3">and, 0, 0, 2, 1, 1</column>
<column name="ap_predicate_op181_write_state3">and, 0, 0, 2, 1, 1</column>
<column name="ap_predicate_op182_write_state3">and, 0, 0, 2, 1, 1</column>
<column name="ap_predicate_op19_read_state1">and, 0, 0, 2, 1, 1</column>
<column name="data_in_V_data_V_0_load_A">and, 0, 0, 2, 1, 1</column>
<column name="data_in_V_data_V_0_load_B">and, 0, 0, 2, 1, 1</column>
<column name="data_out_V_IQ_data_V_1_load_A">and, 0, 0, 2, 1, 1</column>
<column name="data_out_V_IQ_data_V_1_load_B">and, 0, 0, 2, 1, 1</column>
<column name="data_out_V_last_V_1_load_A">and, 0, 0, 2, 1, 1</column>
<column name="data_out_V_last_V_1_load_B">and, 0, 0, 2, 1, 1</column>
<column name="data_in_V_data_V_0_state_cmp_full">icmp, 0, 0, 8, 2, 1</column>
<column name="data_out_V_IQ_data_V_1_state_cmp_full">icmp, 0, 0, 8, 2, 1</column>
<column name="data_out_V_last_V_1_state_cmp_full">icmp, 0, 0, 8, 2, 1</column>
<column name="icmp_ln879_1_fu_900_p2">icmp, 0, 0, 11, 8, 1</column>
<column name="icmp_ln879_2_fu_764_p2">icmp, 0, 0, 11, 8, 5</column>
<column name="icmp_ln879_3_fu_712_p2">icmp, 0, 0, 13, 12, 9</column>
<column name="icmp_ln879_4_fu_740_p2">icmp, 0, 0, 11, 6, 4</column>
<column name="icmp_ln879_fu_894_p2">icmp, 0, 0, 13, 16, 10</column>
<column name="icmp_ln887_fu_785_p2">icmp, 0, 0, 13, 10, 10</column>
<column name="ap_block_state1_pp0_stage0_iter0">or, 0, 0, 2, 1, 1</column>
<column name="ap_block_state2_io">or, 0, 0, 2, 1, 1</column>
<column name="ap_block_state3_io">or, 0, 0, 2, 1, 1</column>
<column name="ap_block_state3_pp0_stage0_iter2">or, 0, 0, 2, 1, 1</column>
<column name="select_ln879_fu_914_p3">select, 0, 0, 2, 1, 2</column>
<column name="select_ln90_fu_906_p3">select, 0, 0, 3, 1, 3</column>
</table>
</item>
<item name = "Multiplexer"><table name="" hasTotal="1">
<keys size="5">Name, LUT, Input Size, Bits, Total Bits</keys>
<column name="PRB_count_V">15, 3, 12, 36</column>
<column name="PRB_count_each_section_V">15, 3, 12, 36</column>
<column name="ap_NS_iter1_fsm">15, 3, 2, 6</column>
<column name="ap_NS_iter2_fsm">15, 3, 2, 6</column>
<column name="ap_phi_mux_PRB_fragmentation_V_1_phi_fu_350_p26">21, 4, 1, 4</column>
<column name="ap_phi_mux_PRB_fragmentation_V_2_phi_fu_395_p26">15, 3, 8, 24</column>
<column name="ap_phi_mux_PRB_fragmentation_V_s_phi_fu_241_p4">15, 3, 1, 3</column>
<column name="ap_phi_mux_count_prb_V_flag_0_phi_fu_263_p26">15, 3, 1, 3</column>
<column name="ap_phi_mux_count_prb_V_new_0_phi_fu_308_p26">21, 4, 10, 40</column>
<column name="ap_phi_mux_storemerge_phi_fu_252_p4">15, 3, 4, 12</column>
<column name="data_in_TDATA_blk_n">9, 2, 1, 2</column>
<column name="data_in_V_data_V_0_data_out">9, 2, 128, 256</column>
<column name="data_in_V_data_V_0_state">15, 3, 2, 6</column>
<column name="data_in_V_last_V_0_state">15, 3, 2, 6</column>
<column name="data_out_TDATA_blk_n">9, 2, 1, 2</column>
<column name="data_out_V_IQ_data_V_1_data_in">21, 4, 128, 512</column>
<column name="data_out_V_IQ_data_V_1_data_out">9, 2, 128, 256</column>
<column name="data_out_V_IQ_data_V_1_state">15, 3, 2, 6</column>
<column name="data_out_V_last_V_1_data_in">15, 3, 1, 3</column>
<column name="data_out_V_last_V_1_data_out">9, 2, 1, 2</column>
<column name="data_out_V_last_V_1_state">15, 3, 2, 6</column>
<column name="ecpri_msg_state">44, 9, 4, 36</column>
<column name="section_Prbu_V">15, 3, 8, 24</column>
</table>
</item>
<item name = "Register"><table name="" hasTotal="1">
<keys size="5">Name, FF, LUT, Bits, Const Bits</keys>
<column name="App_skip_V">1, 0, 1, 0</column>
<column name="App_skip_V_load_reg_1067">1, 0, 1, 0</column>
<column name="App_skip_V_load_reg_1067_pp0_iter1_reg">1, 0, 1, 0</column>
<column name="PRB_count_V">12, 0, 12, 0</column>
<column name="PRB_fragmentation_V">8, 0, 8, 0</column>
<column name="add_ln209_1_reg_1075">12, 0, 12, 0</column>
<column name="add_ln209_1_reg_1075_pp0_iter1_reg">12, 0, 12, 0</column>
<column name="add_ln209_reg_1116">12, 0, 12, 0</column>
<column name="add_ln209_reg_1116_pp0_iter1_reg">12, 0, 12, 0</column>
<column name="ap_CS_iter0_fsm">1, 0, 1, 0</column>
<column name="ap_CS_iter1_fsm">2, 0, 2, 0</column>
<column name="ap_CS_iter2_fsm">2, 0, 2, 0</column>
<column name="count_prb_V">10, 0, 10, 0</column>
<column name="data_in_V_data_V_0_payload_A">128, 0, 128, 0</column>
<column name="data_in_V_data_V_0_payload_B">128, 0, 128, 0</column>
<column name="data_in_V_data_V_0_sel_rd">1, 0, 1, 0</column>
<column name="data_in_V_data_V_0_sel_wr">1, 0, 1, 0</column>
<column name="data_in_V_data_V_0_state">2, 0, 2, 0</column>
<column name="data_in_V_last_V_0_state">2, 0, 2, 0</column>
<column name="data_out_V_IQ_data_V_1_payload_A">128, 0, 128, 0</column>
<column name="data_out_V_IQ_data_V_1_payload_B">128, 0, 128, 0</column>
<column name="data_out_V_IQ_data_V_1_sel_rd">1, 0, 1, 0</column>
<column name="data_out_V_IQ_data_V_1_sel_wr">1, 0, 1, 0</column>
<column name="data_out_V_IQ_data_V_1_state">2, 0, 2, 0</column>
<column name="data_out_V_last_V_1_payload_A">1, 0, 1, 0</column>
<column name="data_out_V_last_V_1_payload_B">1, 0, 1, 0</column>
<column name="data_out_V_last_V_1_sel_rd">1, 0, 1, 0</column>
<column name="data_out_V_last_V_1_sel_wr">1, 0, 1, 0</column>
<column name="data_out_V_last_V_1_state">2, 0, 2, 0</column>
<column name="ecpri_msg_state">4, 0, 4, 0</column>
<column name="ecpri_msg_state_load_reg_1062">4, 0, 4, 0</column>
<column name="ecpri_msg_state_load_reg_1062_pp0_iter1_reg">4, 0, 4, 0</column>
<column name="icmp_ln879_2_reg_1088">1, 0, 1, 0</column>
<column name="icmp_ln879_2_reg_1088_pp0_iter1_reg">1, 0, 1, 0</column>
<column name="icmp_ln879_3_reg_1071">1, 0, 1, 0</column>
<column name="icmp_ln879_3_reg_1071_pp0_iter1_reg">1, 0, 1, 0</column>
<column name="icmp_ln887_reg_1097">1, 0, 1, 0</column>
<column name="icmp_ln887_reg_1097_pp0_iter1_reg">1, 0, 1, 0</column>
<column name="reg_618">8, 0, 8, 0</column>
<column name="reg_622">8, 0, 8, 0</column>
<column name="reg_626">8, 0, 8, 0</column>
<column name="reg_630">8, 0, 8, 0</column>
<column name="reg_634">8, 0, 8, 0</column>
<column name="reg_638">8, 0, 8, 0</column>
<column name="reg_642">8, 0, 8, 0</column>
<column name="reg_646">8, 0, 8, 0</column>
<column name="reg_650">8, 0, 8, 0</column>
<column name="reg_654">8, 0, 8, 0</column>
<column name="reg_658">8, 0, 8, 0</column>
<column name="reg_662">8, 0, 8, 0</column>
<column name="reg_666">8, 0, 8, 0</column>
<column name="reg_670">8, 0, 8, 0</column>
<column name="reg_674">8, 0, 8, 0</column>
<column name="section_Prbu_V">8, 0, 8, 0</column>
<column name="symbolID_V">6, 0, 6, 0</column>
<column name="trunc_ln647_1_reg_1101">8, 0, 8, 0</column>
<column name="trunc_ln647_2_reg_1083">8, 0, 8, 0</column>
<column name="trunc_ln647_reg_1106">8, 0, 8, 0</column>
<column name="trunc_ln700_reg_1092">8, 0, 8, 0</column>
<column name="trunc_ln700_reg_1092_pp0_iter1_reg">8, 0, 8, 0</column>
<column name="trunc_ln_reg_1111">4, 0, 4, 0</column>
<column name="trunc_ln_reg_1111_pp0_iter1_reg">4, 0, 4, 0</column>
</table>
</item>
</section>
</item>
</section>

<section name = "Interface" level="0">
<item name = "Summary"><table name="" hasTotal="0">
<keys size="6">RTL Ports, Dir, Bits, Protocol, Source Object, C Type</keys>
<column name="ap_clk">in, 1, ap_ctrl_none, uplane_depacketiser, return value</column>
<column name="ap_rst_n">in, 1, ap_ctrl_none, uplane_depacketiser, return value</column>
<column name="data_in_TDATA">in, 128, axis, data_in_V_data_V, pointer</column>
<column name="data_in_TVALID">in, 1, axis, data_in_V_last_V, pointer</column>
<column name="data_in_TREADY">out, 1, axis, data_in_V_last_V, pointer</column>
<column name="data_in_TLAST">in, 1, axis, data_in_V_last_V, pointer</column>
<column name="data_out_TDATA">out, 128, axis, data_out_V_IQ_data_V, pointer</column>
<column name="data_out_TREADY">in, 1, axis, data_out_V_IQ_data_V, pointer</column>
<column name="data_out_TVALID">out, 1, axis, data_out_V_last_V, pointer</column>
<column name="data_out_TLAST">out, 1, axis, data_out_V_last_V, pointer</column>
<column name="counter_PRB_V">out, 8, ap_none, counter_PRB_V, pointer</column>
<column name="PRB_count_each_section_V">out, 12, ap_none, PRB_count_each_section_V, pointer</column>
<column name="depack_symbol_number_V">out, 4, ap_none, depack_symbol_number_V, pointer</column>
<column name="iq_msg_state_out_V">out, 8, ap_none, iq_msg_state_out_V, pointer</column>
</table>
</item>
</section>
</profile>
