<stg><name>uplane_depacketiser</name>


<trans_list>

<trans id="220" from="1" to="2">
<condition id="-1">
<or_exp><and_exp></and_exp></or_exp>
</condition>
</trans>

<trans id="221" from="2" to="3">
<condition id="-1">
<or_exp><and_exp></and_exp></or_exp>
</condition>
</trans>
</trans_list>



<state_list>

<state id="1" st_id="1">

<operation id="4" st_id="1" stage="1" lat="1">
<core>NULL</core>
<MemPortIdVec></MemPortIdVec>
<condition id="-1">
<or_exp><and_exp></and_exp></or_exp>
</condition>

<Node id="34" bw="4" op_0_bw="4">
<![CDATA[
codeRepl:18  %ecpri_msg_state_load = load i4* @ecpri_msg_state, align 1

]]></Node>
<StgValue><ssdm name="ecpri_msg_state_load"/></StgValue>
</operation>

<operation id="5" st_id="1" stage="1" lat="1">
<core>NULL</core>
<MemPortIdVec></MemPortIdVec>
<condition id="-1">
<or_exp><and_exp></and_exp></or_exp>
</condition>

<Node id="37" bw="12" op_0_bw="12">
<![CDATA[
codeRepl:21  %PRB_count_V_load = load i12* @PRB_count_V, align 2

]]></Node>
<StgValue><ssdm name="PRB_count_V_load"/></StgValue>
</operation>

<operation id="6" st_id="1" stage="1" lat="1">
<core>NULL</core>
<MemPortIdVec></MemPortIdVec>
<condition id="-1">
<or_exp><and_exp></and_exp></or_exp>
</condition>

<Node id="38" bw="8" op_0_bw="8">
<![CDATA[
codeRepl:22  %section_Prbu_V_load = load i8* @section_Prbu_V, align 1

]]></Node>
<StgValue><ssdm name="section_Prbu_V_load"/></StgValue>
</operation>

<operation id="7" st_id="1" stage="1" lat="1">
<core>NULL</core>
<MemPortIdVec></MemPortIdVec>
<condition id="-1">
<or_exp><and_exp></and_exp></or_exp>
</condition>

<Node id="39" bw="10" op_0_bw="10">
<![CDATA[
codeRepl:23  %t_V_1 = load i10* @count_prb_V, align 2

]]></Node>
<StgValue><ssdm name="t_V_1"/></StgValue>
</operation>

<operation id="8" st_id="1" stage="1" lat="1">
<core>NULL</core>
<MemPortIdVec></MemPortIdVec>
<condition id="-1">
<or_exp><and_exp></and_exp></or_exp>
</condition>

<Node id="40" bw="1" op_0_bw="1">
<![CDATA[
codeRepl:24  %App_skip_V_load = load i1* @App_skip_V, align 1

]]></Node>
<StgValue><ssdm name="App_skip_V_load"/></StgValue>
</operation>

<operation id="9" st_id="1" stage="1" lat="1">
<core>NULL</core>
<MemPortIdVec></MemPortIdVec>
<condition id="-1">
<or_exp><and_exp></and_exp></or_exp>
</condition>

<Node id="41" bw="8" op_0_bw="8">
<![CDATA[
codeRepl:25  %t_V = load i8* @PRB_fragmentation_V, align 1

]]></Node>
<StgValue><ssdm name="t_V"/></StgValue>
</operation>

<operation id="10" st_id="1" stage="1" lat="1">
<core>NULL</core>
<MemPortIdVec></MemPortIdVec>
<condition id="-1">
<or_exp><and_exp></and_exp></or_exp>
</condition>

<Node id="42" bw="6" op_0_bw="6">
<![CDATA[
codeRepl:26  %symbolID_V_load = load i6* @symbolID_V, align 1

]]></Node>
<StgValue><ssdm name="symbolID_V_load"/></StgValue>
</operation>

<operation id="11" st_id="1" stage="1" lat="1">
<core>NULL</core>
<MemPortIdVec></MemPortIdVec>
<condition id="-1">
<or_exp><and_exp></and_exp></or_exp>
</condition>

<Node id="43" bw="0" op_0_bw="4" op_1_bw="0" op_2_bw="4" op_3_bw="0" op_4_bw="4" op_5_bw="0" op_6_bw="4" op_7_bw="0" op_8_bw="4" op_9_bw="0" op_10_bw="4" op_11_bw="0" op_12_bw="4" op_13_bw="0" op_14_bw="4" op_15_bw="0" op_16_bw="4" op_17_bw="0" op_18_bw="4" op_19_bw="0">
<![CDATA[
codeRepl:27  switch i4 %ecpri_msg_state_load, label %._crit_edge3878 [
    i4 0, label %0
    i4 1, label %_ifconv
    i4 2, label %1
    i4 4, label %3
    i4 5, label %4
    i4 6, label %5
    i4 7, label %10
    i4 -8, label %14
    i4 -7, label %15
  ]

]]></Node>
<StgValue><ssdm name="switch_ln52"/></StgValue>
</operation>

<operation id="12" st_id="1" stage="1" lat="1">
<core>AXI4Stream</core>
<MemPortIdVec></MemPortIdVec>
<condition id="-1">
<or_exp><and_exp><literal name="ecpri_msg_state_load" val="-7"/>
</and_exp></or_exp>
</condition>

<Node id="45" bw="129" op_0_bw="129" op_1_bw="128" op_2_bw="1">
<![CDATA[
:0  %empty_10 = call { i128, i1 } @_ssdm_op_Read.axis.volatile.i128P.i1P(i128* %data_in_V_data_V, i1* %data_in_V_last_V)

]]></Node>
<StgValue><ssdm name="empty_10"/></StgValue>
</operation>

<operation id="13" st_id="1" stage="1" lat="1">
<core>NULL</core>
<MemPortIdVec></MemPortIdVec>
<condition id="-1">
<or_exp><and_exp><literal name="ecpri_msg_state_load" val="-7"/>
</and_exp></or_exp>
</condition>

<Node id="46" bw="0" op_0_bw="4" op_1_bw="4" op_2_bw="4">
<![CDATA[
:1  store i4 1, i4* @ecpri_msg_state, align 1

]]></Node>
<StgValue><ssdm name="store_ln303"/></StgValue>
</operation>

<operation id="14" st_id="1" stage="1" lat="1">
<core>NULL</core>
<MemPortIdVec></MemPortIdVec>
<condition id="-1">
<or_exp><and_exp><literal name="ecpri_msg_state_load" val="-7"/>
</and_exp></or_exp>
</condition>

<Node id="47" bw="0" op_0_bw="0">
<![CDATA[
:2  br label %._crit_edge3878

]]></Node>
<StgValue><ssdm name="br_ln305"/></StgValue>
</operation>

<operation id="15" st_id="1" stage="1" lat="1">
<core>NULL</core>
<MemPortIdVec></MemPortIdVec>
<condition id="-1">
<or_exp><and_exp><literal name="ecpri_msg_state_load" val="-8"/>
</and_exp></or_exp>
</condition>

<Node id="49" bw="0" op_0_bw="4" op_1_bw="4" op_2_bw="4">
<![CDATA[
:0  store i4 0, i4* @ecpri_msg_state, align 1

]]></Node>
<StgValue><ssdm name="store_ln297"/></StgValue>
</operation>

<operation id="16" st_id="1" stage="1" lat="1">
<core>NULL</core>
<MemPortIdVec></MemPortIdVec>
<condition id="-1">
<or_exp><and_exp><literal name="ecpri_msg_state_load" val="-8"/>
</and_exp></or_exp>
</condition>

<Node id="50" bw="0" op_0_bw="0">
<![CDATA[
:1  br label %._crit_edge3878

]]></Node>
<StgValue><ssdm name="br_ln298"/></StgValue>
</operation>

<operation id="17" st_id="1" stage="1" lat="1">
<core>Cmp</core>
<MemPortIdVec></MemPortIdVec>
<condition id="-1">
<or_exp><and_exp><literal name="ecpri_msg_state_load" val="7"/>
</and_exp></or_exp>
</condition>

<Node id="52" bw="1" op_0_bw="12" op_1_bw="12">
<![CDATA[
:0  %icmp_ln879_3 = icmp eq i12 %PRB_count_V_load, 273

]]></Node>
<StgValue><ssdm name="icmp_ln879_3"/></StgValue>
</operation>

<operation id="18" st_id="1" stage="1" lat="1">
<core>NULL</core>
<MemPortIdVec></MemPortIdVec>
<condition id="-1">
<or_exp><and_exp><literal name="ecpri_msg_state_load" val="7"/>
</and_exp></or_exp>
</condition>

<Node id="53" bw="0" op_0_bw="1" op_1_bw="0" op_2_bw="0">
<![CDATA[
:1  br i1 %icmp_ln879_3, label %11, label %13

]]></Node>
<StgValue><ssdm name="br_ln259"/></StgValue>
</operation>

<operation id="19" st_id="1" stage="1" lat="1">
<core>AXI4Stream</core>
<MemPortIdVec></MemPortIdVec>
<condition id="-1">
<or_exp><and_exp><literal name="ecpri_msg_state_load" val="7"/>
<literal name="icmp_ln879_3" val="0"/>
</and_exp></or_exp>
</condition>

<Node id="55" bw="129" op_0_bw="129" op_1_bw="128" op_2_bw="1">
<![CDATA[
:0  %empty_9 = call { i128, i1 } @_ssdm_op_Read.axis.volatile.i128P.i1P(i128* %data_in_V_data_V, i1* %data_in_V_last_V)

]]></Node>
<StgValue><ssdm name="empty_9"/></StgValue>
</operation>

<operation id="20" st_id="1" stage="1" lat="1">
<core>NULL</core>
<MemPortIdVec></MemPortIdVec>
<condition id="-1">
<or_exp><and_exp><literal name="ecpri_msg_state_load" val="7"/>
<literal name="icmp_ln879_3" val="0"/>
</and_exp></or_exp>
</condition>

<Node id="56" bw="128" op_0_bw="129">
<![CDATA[
:1  %tmp_data_V_5 = extractvalue { i128, i1 } %empty_9, 0

]]></Node>
<StgValue><ssdm name="tmp_data_V_5"/></StgValue>
</operation>

<operation id="21" st_id="1" stage="1" lat="1">
<core>NULL</core>
<MemPortIdVec></MemPortIdVec>
<condition id="-1">
<or_exp><and_exp><literal name="ecpri_msg_state_load" val="7"/>
<literal name="icmp_ln879_3" val="0"/>
</and_exp></or_exp>
</condition>

<Node id="57" bw="8" op_0_bw="8" op_1_bw="128" op_2_bw="32" op_3_bw="32">
<![CDATA[
:2  %p_Result_49 = call i8 @_ssdm_op_PartSelect.i8.i128.i32.i32(i128 %tmp_data_V_5, i32 24, i32 31)

]]></Node>
<StgValue><ssdm name="p_Result_49"/></StgValue>
</operation>

<operation id="22" st_id="1" stage="1" lat="1">
<core>NULL</core>
<MemPortIdVec></MemPortIdVec>
<condition id="-1">
<or_exp><and_exp><literal name="ecpri_msg_state_load" val="7"/>
<literal name="icmp_ln879_3" val="0"/>
</and_exp></or_exp>
</condition>

<Node id="58" bw="0" op_0_bw="8" op_1_bw="8" op_2_bw="8">
<![CDATA[
:3  store i8 %p_Result_49, i8* @section_Prbu_V, align 1

]]></Node>
<StgValue><ssdm name="store_ln290"/></StgValue>
</operation>

<operation id="23" st_id="1" stage="1" lat="1">
<core>NULL</core>
<MemPortIdVec></MemPortIdVec>
<condition id="-1">
<or_exp><and_exp><literal name="ecpri_msg_state_load" val="7"/>
<literal name="icmp_ln879_3" val="0"/>
</and_exp></or_exp>
</condition>

<Node id="59" bw="12" op_0_bw="8">
<![CDATA[
:4  %zext_ln209_1 = zext i8 %p_Result_49 to i12

]]></Node>
<StgValue><ssdm name="zext_ln209_1"/></StgValue>
</operation>

<operation id="24" st_id="1" stage="1" lat="1">
<core>AddSub</core>
<MemPortIdVec></MemPortIdVec>
<condition id="-1">
<or_exp><and_exp><literal name="ecpri_msg_state_load" val="7"/>
<literal name="icmp_ln879_3" val="0"/>
</and_exp></or_exp>
</condition>

<Node id="60" bw="12" op_0_bw="12" op_1_bw="12">
<![CDATA[
:5  %add_ln209_1 = add i12 %PRB_count_V_load, %zext_ln209_1

]]></Node>
<StgValue><ssdm name="add_ln209_1"/></StgValue>
</operation>

<operation id="25" st_id="1" stage="1" lat="1">
<core>NULL</core>
<MemPortIdVec></MemPortIdVec>
<condition id="-1">
<or_exp><and_exp><literal name="ecpri_msg_state_load" val="7"/>
<literal name="icmp_ln879_3" val="0"/>
</and_exp></or_exp>
</condition>

<Node id="61" bw="0" op_0_bw="12" op_1_bw="12" op_2_bw="12">
<![CDATA[
:6  store i12 %add_ln209_1, i12* @PRB_count_V, align 2

]]></Node>
<StgValue><ssdm name="store_ln291"/></StgValue>
</operation>

<operation id="26" st_id="1" stage="1" lat="1">
<core>NULL</core>
<MemPortIdVec></MemPortIdVec>
<condition id="-1">
<or_exp><and_exp><literal name="ecpri_msg_state_load" val="7"/>
<literal name="icmp_ln879_3" val="0"/>
</and_exp></or_exp>
</condition>

<Node id="63" bw="0" op_0_bw="4" op_1_bw="4" op_2_bw="4">
<![CDATA[
:8  store i4 4, i4* @ecpri_msg_state, align 1

]]></Node>
<StgValue><ssdm name="store_ln293"/></StgValue>
</operation>

<operation id="27" st_id="1" stage="1" lat="1">
<core>NULL</core>
<MemPortIdVec></MemPortIdVec>
<condition id="-1">
<or_exp><and_exp><literal name="ecpri_msg_state_load" val="7"/>
<literal name="icmp_ln879_3" val="0"/>
</and_exp></or_exp>
</condition>

<Node id="64" bw="0" op_0_bw="0">
<![CDATA[
:9  br label %._crit_edge3878

]]></Node>
<StgValue><ssdm name="br_ln294"/></StgValue>
</operation>

<operation id="28" st_id="1" stage="1" lat="1">
<core>Cmp</core>
<MemPortIdVec></MemPortIdVec>
<condition id="-1">
<or_exp><and_exp><literal name="ecpri_msg_state_load" val="7"/>
<literal name="icmp_ln879_3" val="1"/>
</and_exp></or_exp>
</condition>

<Node id="66" bw="1" op_0_bw="6" op_1_bw="6">
<![CDATA[
:0  %icmp_ln879_4 = icmp eq i6 %symbolID_V_load, 14

]]></Node>
<StgValue><ssdm name="icmp_ln879_4"/></StgValue>
</operation>

<operation id="29" st_id="1" stage="1" lat="1">
<core>NULL</core>
<MemPortIdVec></MemPortIdVec>
<condition id="-1">
<or_exp><and_exp><literal name="ecpri_msg_state_load" val="7"/>
<literal name="icmp_ln879_3" val="1"/>
</and_exp></or_exp>
</condition>

<Node id="67" bw="0" op_0_bw="1" op_1_bw="0" op_2_bw="0">
<![CDATA[
:1  br i1 %icmp_ln879_4, label %._crit_edge3881, label %12

]]></Node>
<StgValue><ssdm name="br_ln261"/></StgValue>
</operation>

<operation id="30" st_id="1" stage="1" lat="1">
<core>NULL</core>
<MemPortIdVec></MemPortIdVec>
<condition id="-1">
<or_exp><and_exp><literal name="ecpri_msg_state_load" val="7"/>
<literal name="icmp_ln879_3" val="1"/>
<literal name="icmp_ln879_4" val="0"/>
</and_exp></or_exp>
</condition>

<Node id="69" bw="0" op_0_bw="12" op_1_bw="12" op_2_bw="12">
<![CDATA[
:0  store i12 0, i12* @PRB_count_V, align 2

]]></Node>
<StgValue><ssdm name="store_ln270"/></StgValue>
</operation>

<operation id="31" st_id="1" stage="1" lat="1">
<core>NULL</core>
<MemPortIdVec></MemPortIdVec>
<condition id="-1">
<or_exp><and_exp><literal name="ecpri_msg_state_load" val="7"/>
<literal name="icmp_ln879_3" val="1"/>
<literal name="icmp_ln879_4" val="0"/>
</and_exp></or_exp>
</condition>

<Node id="70" bw="0" op_0_bw="1" op_1_bw="1" op_2_bw="1">
<![CDATA[
:1  store i1 false, i1* @App_skip_V, align 1

]]></Node>
<StgValue><ssdm name="store_ln271"/></StgValue>
</operation>

<operation id="32" st_id="1" stage="1" lat="1">
<core>NULL</core>
<MemPortIdVec></MemPortIdVec>
<condition id="-1">
<or_exp><and_exp><literal name="ecpri_msg_state_load" val="7"/>
<literal name="icmp_ln879_3" val="1"/>
<literal name="icmp_ln879_4" val="0"/>
</and_exp></or_exp>
</condition>

<Node id="71" bw="0" op_0_bw="0">
<![CDATA[
:2  br label %._crit_edge3881

]]></Node>
<StgValue><ssdm name="br_ln0"/></StgValue>
</operation>

<operation id="33" st_id="1" stage="1" lat="1">
<core>NULL</core>
<MemPortIdVec></MemPortIdVec>
<condition id="-1">
<or_exp><and_exp><literal name="ecpri_msg_state_load" val="7"/>
<literal name="icmp_ln879_3" val="1"/>
</and_exp></or_exp>
</condition>

<Node id="73" bw="1" op_0_bw="1" op_1_bw="0" op_2_bw="1" op_3_bw="0">
<![CDATA[
._crit_edge3881:0  %PRB_fragmentation_V_s = phi i1 [ false, %11 ], [ true, %12 ]

]]></Node>
<StgValue><ssdm name="PRB_fragmentation_V_s"/></StgValue>
</operation>

<operation id="34" st_id="1" stage="1" lat="1">
<core>NULL</core>
<MemPortIdVec></MemPortIdVec>
<condition id="-1">
<or_exp><and_exp><literal name="ecpri_msg_state_load" val="7"/>
<literal name="icmp_ln879_3" val="1"/>
</and_exp></or_exp>
</condition>

<Node id="74" bw="4" op_0_bw="4" op_1_bw="0" op_2_bw="4" op_3_bw="0">
<![CDATA[
._crit_edge3881:1  %storemerge = phi i4 [ -8, %11 ], [ -7, %12 ]

]]></Node>
<StgValue><ssdm name="storemerge"/></StgValue>
</operation>

<operation id="35" st_id="1" stage="1" lat="1">
<core>NULL</core>
<MemPortIdVec></MemPortIdVec>
<condition id="-1">
<or_exp><and_exp><literal name="ecpri_msg_state_load" val="7"/>
<literal name="icmp_ln879_3" val="1"/>
</and_exp></or_exp>
</condition>

<Node id="75" bw="0" op_0_bw="4" op_1_bw="4" op_2_bw="4">
<![CDATA[
._crit_edge3881:2  store i4 %storemerge, i4* @ecpri_msg_state, align 1

]]></Node>
<StgValue><ssdm name="store_ln264"/></StgValue>
</operation>

<operation id="36" st_id="1" stage="1" lat="1">
<core>NULL</core>
<MemPortIdVec></MemPortIdVec>
<condition id="-1">
<or_exp><and_exp><literal name="ecpri_msg_state_load" val="7"/>
<literal name="icmp_ln879_3" val="1"/>
</and_exp></or_exp>
</condition>

<Node id="76" bw="0" op_0_bw="0">
<![CDATA[
._crit_edge3881:3  br label %._crit_edge3878

]]></Node>
<StgValue><ssdm name="br_ln274"/></StgValue>
</operation>

<operation id="37" st_id="1" stage="1" lat="1">
<core>AXI4Stream</core>
<MemPortIdVec></MemPortIdVec>
<condition id="-1">
<or_exp><and_exp><literal name="ecpri_msg_state_load" val="6"/>
</and_exp></or_exp>
</condition>

<Node id="78" bw="129" op_0_bw="129" op_1_bw="128" op_2_bw="1">
<![CDATA[
:0  %empty_8 = call { i128, i1 } @_ssdm_op_Read.axis.volatile.i128P.i1P(i128* %data_in_V_data_V, i1* %data_in_V_last_V)

]]></Node>
<StgValue><ssdm name="empty_8"/></StgValue>
</operation>

<operation id="38" st_id="1" stage="1" lat="1">
<core>NULL</core>
<MemPortIdVec></MemPortIdVec>
<condition id="-1">
<or_exp><and_exp><literal name="ecpri_msg_state_load" val="6"/>
</and_exp></or_exp>
</condition>

<Node id="79" bw="128" op_0_bw="129">
<![CDATA[
:1  %tmp_data_V_4 = extractvalue { i128, i1 } %empty_8, 0

]]></Node>
<StgValue><ssdm name="tmp_data_V_4"/></StgValue>
</operation>

<operation id="39" st_id="1" stage="1" lat="1">
<core>NULL</core>
<MemPortIdVec></MemPortIdVec>
<condition id="-1">
<or_exp><and_exp><literal name="ecpri_msg_state_load" val="6"/>
</and_exp></or_exp>
</condition>

<Node id="80" bw="8" op_0_bw="128">
<![CDATA[
:2  %trunc_ln647_2 = trunc i128 %tmp_data_V_4 to i8

]]></Node>
<StgValue><ssdm name="trunc_ln647_2"/></StgValue>
</operation>

<operation id="40" st_id="1" stage="1" lat="1">
<core>NULL</core>
<MemPortIdVec></MemPortIdVec>
<condition id="-1">
<or_exp><and_exp><literal name="ecpri_msg_state_load" val="6"/>
</and_exp></or_exp>
</condition>

<Node id="81" bw="8" op_0_bw="8" op_1_bw="128" op_2_bw="32" op_3_bw="32">
<![CDATA[
:3  %p_Result_32 = call i8 @_ssdm_op_PartSelect.i8.i128.i32.i32(i128 %tmp_data_V_4, i32 8, i32 15)

]]></Node>
<StgValue><ssdm name="p_Result_32"/></StgValue>
</operation>

<operation id="41" st_id="1" stage="1" lat="1">
<core>NULL</core>
<MemPortIdVec></MemPortIdVec>
<condition id="-1">
<or_exp><and_exp><literal name="ecpri_msg_state_load" val="6"/>
</and_exp></or_exp>
</condition>

<Node id="82" bw="8" op_0_bw="8" op_1_bw="128" op_2_bw="32" op_3_bw="32">
<![CDATA[
:4  %p_Result_33 = call i8 @_ssdm_op_PartSelect.i8.i128.i32.i32(i128 %tmp_data_V_4, i32 16, i32 23)

]]></Node>
<StgValue><ssdm name="p_Result_33"/></StgValue>
</operation>

<operation id="42" st_id="1" stage="1" lat="1">
<core>NULL</core>
<MemPortIdVec></MemPortIdVec>
<condition id="-1">
<or_exp><and_exp><literal name="ecpri_msg_state_load" val="6"/>
</and_exp></or_exp>
</condition>

<Node id="83" bw="8" op_0_bw="8" op_1_bw="128" op_2_bw="32" op_3_bw="32">
<![CDATA[
:5  %p_Result_34 = call i8 @_ssdm_op_PartSelect.i8.i128.i32.i32(i128 %tmp_data_V_4, i32 24, i32 31)

]]></Node>
<StgValue><ssdm name="p_Result_34"/></StgValue>
</operation>

<operation id="43" st_id="1" stage="1" lat="1">
<core>NULL</core>
<MemPortIdVec></MemPortIdVec>
<condition id="-1">
<or_exp><and_exp><literal name="ecpri_msg_state_load" val="6"/>
</and_exp></or_exp>
</condition>

<Node id="84" bw="8" op_0_bw="8" op_1_bw="128" op_2_bw="32" op_3_bw="32">
<![CDATA[
:6  %p_Result_35 = call i8 @_ssdm_op_PartSelect.i8.i128.i32.i32(i128 %tmp_data_V_4, i32 32, i32 39)

]]></Node>
<StgValue><ssdm name="p_Result_35"/></StgValue>
</operation>

<operation id="44" st_id="1" stage="1" lat="1">
<core>NULL</core>
<MemPortIdVec></MemPortIdVec>
<condition id="-1">
<or_exp><and_exp><literal name="ecpri_msg_state_load" val="6"/>
</and_exp></or_exp>
</condition>

<Node id="85" bw="8" op_0_bw="8" op_1_bw="128" op_2_bw="32" op_3_bw="32">
<![CDATA[
:7  %p_Result_36 = call i8 @_ssdm_op_PartSelect.i8.i128.i32.i32(i128 %tmp_data_V_4, i32 40, i32 47)

]]></Node>
<StgValue><ssdm name="p_Result_36"/></StgValue>
</operation>

<operation id="45" st_id="1" stage="1" lat="1">
<core>NULL</core>
<MemPortIdVec></MemPortIdVec>
<condition id="-1">
<or_exp><and_exp><literal name="ecpri_msg_state_load" val="6"/>
</and_exp></or_exp>
</condition>

<Node id="86" bw="8" op_0_bw="8" op_1_bw="128" op_2_bw="32" op_3_bw="32">
<![CDATA[
:8  %p_Result_37 = call i8 @_ssdm_op_PartSelect.i8.i128.i32.i32(i128 %tmp_data_V_4, i32 48, i32 55)

]]></Node>
<StgValue><ssdm name="p_Result_37"/></StgValue>
</operation>

<operation id="46" st_id="1" stage="1" lat="1">
<core>NULL</core>
<MemPortIdVec></MemPortIdVec>
<condition id="-1">
<or_exp><and_exp><literal name="ecpri_msg_state_load" val="6"/>
</and_exp></or_exp>
</condition>

<Node id="87" bw="8" op_0_bw="8" op_1_bw="128" op_2_bw="32" op_3_bw="32">
<![CDATA[
:9  %p_Result_38 = call i8 @_ssdm_op_PartSelect.i8.i128.i32.i32(i128 %tmp_data_V_4, i32 56, i32 63)

]]></Node>
<StgValue><ssdm name="p_Result_38"/></StgValue>
</operation>

<operation id="47" st_id="1" stage="1" lat="1">
<core>NULL</core>
<MemPortIdVec></MemPortIdVec>
<condition id="-1">
<or_exp><and_exp><literal name="ecpri_msg_state_load" val="6"/>
</and_exp></or_exp>
</condition>

<Node id="88" bw="8" op_0_bw="8" op_1_bw="128" op_2_bw="32" op_3_bw="32">
<![CDATA[
:10  %p_Result_39 = call i8 @_ssdm_op_PartSelect.i8.i128.i32.i32(i128 %tmp_data_V_4, i32 64, i32 71)

]]></Node>
<StgValue><ssdm name="p_Result_39"/></StgValue>
</operation>

<operation id="48" st_id="1" stage="1" lat="1">
<core>NULL</core>
<MemPortIdVec></MemPortIdVec>
<condition id="-1">
<or_exp><and_exp><literal name="ecpri_msg_state_load" val="6"/>
</and_exp></or_exp>
</condition>

<Node id="89" bw="8" op_0_bw="8" op_1_bw="128" op_2_bw="32" op_3_bw="32">
<![CDATA[
:11  %p_Result_40 = call i8 @_ssdm_op_PartSelect.i8.i128.i32.i32(i128 %tmp_data_V_4, i32 72, i32 79)

]]></Node>
<StgValue><ssdm name="p_Result_40"/></StgValue>
</operation>

<operation id="49" st_id="1" stage="1" lat="1">
<core>NULL</core>
<MemPortIdVec></MemPortIdVec>
<condition id="-1">
<or_exp><and_exp><literal name="ecpri_msg_state_load" val="6"/>
</and_exp></or_exp>
</condition>

<Node id="90" bw="8" op_0_bw="8" op_1_bw="128" op_2_bw="32" op_3_bw="32">
<![CDATA[
:12  %p_Result_41 = call i8 @_ssdm_op_PartSelect.i8.i128.i32.i32(i128 %tmp_data_V_4, i32 80, i32 87)

]]></Node>
<StgValue><ssdm name="p_Result_41"/></StgValue>
</operation>

<operation id="50" st_id="1" stage="1" lat="1">
<core>NULL</core>
<MemPortIdVec></MemPortIdVec>
<condition id="-1">
<or_exp><and_exp><literal name="ecpri_msg_state_load" val="6"/>
</and_exp></or_exp>
</condition>

<Node id="91" bw="8" op_0_bw="8" op_1_bw="128" op_2_bw="32" op_3_bw="32">
<![CDATA[
:13  %p_Result_42 = call i8 @_ssdm_op_PartSelect.i8.i128.i32.i32(i128 %tmp_data_V_4, i32 88, i32 95)

]]></Node>
<StgValue><ssdm name="p_Result_42"/></StgValue>
</operation>

<operation id="51" st_id="1" stage="1" lat="1">
<core>NULL</core>
<MemPortIdVec></MemPortIdVec>
<condition id="-1">
<or_exp><and_exp><literal name="ecpri_msg_state_load" val="6"/>
</and_exp></or_exp>
</condition>

<Node id="92" bw="8" op_0_bw="8" op_1_bw="128" op_2_bw="32" op_3_bw="32">
<![CDATA[
:14  %p_Result_43 = call i8 @_ssdm_op_PartSelect.i8.i128.i32.i32(i128 %tmp_data_V_4, i32 96, i32 103)

]]></Node>
<StgValue><ssdm name="p_Result_43"/></StgValue>
</operation>

<operation id="52" st_id="1" stage="1" lat="1">
<core>NULL</core>
<MemPortIdVec></MemPortIdVec>
<condition id="-1">
<or_exp><and_exp><literal name="ecpri_msg_state_load" val="6"/>
</and_exp></or_exp>
</condition>

<Node id="93" bw="8" op_0_bw="8" op_1_bw="128" op_2_bw="32" op_3_bw="32">
<![CDATA[
:15  %p_Result_44 = call i8 @_ssdm_op_PartSelect.i8.i128.i32.i32(i128 %tmp_data_V_4, i32 104, i32 111)

]]></Node>
<StgValue><ssdm name="p_Result_44"/></StgValue>
</operation>

<operation id="53" st_id="1" stage="1" lat="1">
<core>NULL</core>
<MemPortIdVec></MemPortIdVec>
<condition id="-1">
<or_exp><and_exp><literal name="ecpri_msg_state_load" val="6"/>
</and_exp></or_exp>
</condition>

<Node id="94" bw="8" op_0_bw="8" op_1_bw="128" op_2_bw="32" op_3_bw="32">
<![CDATA[
:16  %p_Result_45 = call i8 @_ssdm_op_PartSelect.i8.i128.i32.i32(i128 %tmp_data_V_4, i32 112, i32 119)

]]></Node>
<StgValue><ssdm name="p_Result_45"/></StgValue>
</operation>

<operation id="54" st_id="1" stage="1" lat="1">
<core>NULL</core>
<MemPortIdVec></MemPortIdVec>
<condition id="-1">
<or_exp><and_exp><literal name="ecpri_msg_state_load" val="6"/>
</and_exp></or_exp>
</condition>

<Node id="95" bw="8" op_0_bw="8" op_1_bw="128" op_2_bw="32" op_3_bw="32">
<![CDATA[
:17  %p_Result_46 = call i8 @_ssdm_op_PartSelect.i8.i128.i32.i32(i128 %tmp_data_V_4, i32 120, i32 127)

]]></Node>
<StgValue><ssdm name="p_Result_46"/></StgValue>
</operation>

<operation id="55" st_id="1" stage="1" lat="1">
<core>AddSub</core>
<MemPortIdVec></MemPortIdVec>
<condition id="-1">
<or_exp><and_exp><literal name="ecpri_msg_state_load" val="6"/>
</and_exp></or_exp>
</condition>

<Node id="97" bw="8" op_0_bw="8" op_1_bw="8">
<![CDATA[
:19  %add_ln700 = add i8 1, %t_V

]]></Node>
<StgValue><ssdm name="add_ln700"/></StgValue>
</operation>

<operation id="56" st_id="1" stage="1" lat="1">
<core>Cmp</core>
<MemPortIdVec></MemPortIdVec>
<condition id="-1">
<or_exp><and_exp><literal name="ecpri_msg_state_load" val="6"/>
</and_exp></or_exp>
</condition>

<Node id="98" bw="1" op_0_bw="8" op_1_bw="8">
<![CDATA[
:20  %icmp_ln879_2 = icmp eq i8 %add_ln700, 30

]]></Node>
<StgValue><ssdm name="icmp_ln879_2"/></StgValue>
</operation>

<operation id="57" st_id="1" stage="1" lat="1">
<core>NULL</core>
<MemPortIdVec></MemPortIdVec>
<condition id="-1">
<or_exp><and_exp><literal name="ecpri_msg_state_load" val="6"/>
</and_exp></or_exp>
</condition>

<Node id="99" bw="0" op_0_bw="1" op_1_bw="0" op_2_bw="0">
<![CDATA[
:21  br i1 %icmp_ln879_2, label %6, label %7

]]></Node>
<StgValue><ssdm name="br_ln223"/></StgValue>
</operation>

<operation id="58" st_id="1" stage="1" lat="1">
<core>NULL</core>
<MemPortIdVec></MemPortIdVec>
<condition id="-1">
<or_exp><and_exp><literal name="ecpri_msg_state_load" val="6"/>
<literal name="icmp_ln879_2" val="0"/>
</and_exp></or_exp>
</condition>

<Node id="101" bw="8" op_0_bw="10">
<![CDATA[
:0  %trunc_ln700 = trunc i10 %t_V_1 to i8

]]></Node>
<StgValue><ssdm name="trunc_ln700"/></StgValue>
</operation>

<operation id="59" st_id="1" stage="1" lat="1">
<core>AddSub</core>
<MemPortIdVec></MemPortIdVec>
<condition id="-1">
<or_exp><and_exp><literal name="ecpri_msg_state_load" val="6"/>
<literal name="icmp_ln879_2" val="0"/>
</and_exp></or_exp>
</condition>

<Node id="102" bw="10" op_0_bw="10" op_1_bw="10">
<![CDATA[
:1  %add_ln700_2 = add i10 1, %t_V_1

]]></Node>
<StgValue><ssdm name="add_ln700_2"/></StgValue>
</operation>

<operation id="60" st_id="1" stage="1" lat="1">
<core>NULL</core>
<MemPortIdVec></MemPortIdVec>
<condition id="-1">
<or_exp><and_exp><literal name="ecpri_msg_state_load" val="6"/>
<literal name="icmp_ln879_2" val="0"/>
</and_exp></or_exp>
</condition>

<Node id="103" bw="10" op_0_bw="8">
<![CDATA[
:2  %zext_ln887 = zext i8 %section_Prbu_V_load to i10

]]></Node>
<StgValue><ssdm name="zext_ln887"/></StgValue>
</operation>

<operation id="61" st_id="1" stage="1" lat="1">
<core>Cmp</core>
<MemPortIdVec></MemPortIdVec>
<condition id="-1">
<or_exp><and_exp><literal name="ecpri_msg_state_load" val="6"/>
<literal name="icmp_ln879_2" val="0"/>
</and_exp></or_exp>
</condition>

<Node id="104" bw="1" op_0_bw="10" op_1_bw="10">
<![CDATA[
:3  %icmp_ln887 = icmp ult i10 %add_ln700_2, %zext_ln887

]]></Node>
<StgValue><ssdm name="icmp_ln887"/></StgValue>
</operation>

<operation id="62" st_id="1" stage="1" lat="1">
<core>NULL</core>
<MemPortIdVec></MemPortIdVec>
<condition id="-1">
<or_exp><and_exp><literal name="ecpri_msg_state_load" val="6"/>
<literal name="icmp_ln879_2" val="0"/>
</and_exp></or_exp>
</condition>

<Node id="105" bw="0" op_0_bw="1" op_1_bw="0" op_2_bw="0">
<![CDATA[
:4  br i1 %icmp_ln887, label %8, label %9

]]></Node>
<StgValue><ssdm name="br_ln235"/></StgValue>
</operation>

<operation id="63" st_id="1" stage="1" lat="1">
<core>NULL</core>
<MemPortIdVec></MemPortIdVec>
<condition id="-1">
<or_exp><and_exp><literal name="ecpri_msg_state_load" val="6"/>
<literal name="icmp_ln879_2" val="0"/>
<literal name="icmp_ln887" val="0"/>
</and_exp></or_exp>
</condition>

<Node id="108" bw="0" op_0_bw="4" op_1_bw="4" op_2_bw="4">
<![CDATA[
:1  store i4 7, i4* @ecpri_msg_state, align 1

]]></Node>
<StgValue><ssdm name="store_ln246"/></StgValue>
</operation>

<operation id="64" st_id="1" stage="1" lat="1">
<core>NULL</core>
<MemPortIdVec></MemPortIdVec>
<condition id="-1">
<or_exp><and_exp><literal name="ecpri_msg_state_load" val="6"/>
<literal name="icmp_ln879_2" val="0"/>
<literal name="icmp_ln887" val="0"/>
</and_exp></or_exp>
</condition>

<Node id="109" bw="0" op_0_bw="8" op_1_bw="8" op_2_bw="8">
<![CDATA[
:2  store i8 0, i8* @section_Prbu_V, align 1

]]></Node>
<StgValue><ssdm name="store_ln247"/></StgValue>
</operation>

<operation id="65" st_id="1" stage="1" lat="1">
<core>NULL</core>
<MemPortIdVec></MemPortIdVec>
<condition id="-1">
<or_exp><and_exp><literal name="ecpri_msg_state_load" val="6"/>
<literal name="icmp_ln879_2" val="0"/>
<literal name="icmp_ln887" val="0"/>
</and_exp></or_exp>
</condition>

<Node id="110" bw="0" op_0_bw="0">
<![CDATA[
:3  br label %._crit_edge3878

]]></Node>
<StgValue><ssdm name="br_ln249"/></StgValue>
</operation>

<operation id="66" st_id="1" stage="1" lat="1">
<core>NULL</core>
<MemPortIdVec></MemPortIdVec>
<condition id="-1">
<or_exp><and_exp><literal name="ecpri_msg_state_load" val="6"/>
<literal name="icmp_ln879_2" val="0"/>
<literal name="icmp_ln887" val="1"/>
</and_exp></or_exp>
</condition>

<Node id="114" bw="0" op_0_bw="4" op_1_bw="4" op_2_bw="4">
<![CDATA[
:2  store i4 4, i4* @ecpri_msg_state, align 1

]]></Node>
<StgValue><ssdm name="store_ln239"/></StgValue>
</operation>

<operation id="67" st_id="1" stage="1" lat="1">
<core>NULL</core>
<MemPortIdVec></MemPortIdVec>
<condition id="-1">
<or_exp><and_exp><literal name="ecpri_msg_state_load" val="6"/>
<literal name="icmp_ln879_2" val="0"/>
<literal name="icmp_ln887" val="1"/>
</and_exp></or_exp>
</condition>

<Node id="116" bw="0" op_0_bw="0">
<![CDATA[
:4  br label %._crit_edge3878

]]></Node>
<StgValue><ssdm name="br_ln254"/></StgValue>
</operation>

<operation id="68" st_id="1" stage="1" lat="1">
<core>NULL</core>
<MemPortIdVec></MemPortIdVec>
<condition id="-1">
<or_exp><and_exp><literal name="ecpri_msg_state_load" val="6"/>
<literal name="icmp_ln879_2" val="1"/>
</and_exp></or_exp>
</condition>

<Node id="119" bw="0" op_0_bw="4" op_1_bw="4" op_2_bw="4">
<![CDATA[
:1  store i4 -7, i4* @ecpri_msg_state, align 1

]]></Node>
<StgValue><ssdm name="store_ln227"/></StgValue>
</operation>

<operation id="69" st_id="1" stage="1" lat="1">
<core>AddSub</core>
<MemPortIdVec></MemPortIdVec>
<condition id="-1">
<or_exp><and_exp><literal name="ecpri_msg_state_load" val="6"/>
<literal name="icmp_ln879_2" val="1"/>
</and_exp></or_exp>
</condition>

<Node id="120" bw="10" op_0_bw="10" op_1_bw="10">
<![CDATA[
:2  %add_ln700_1 = add i10 %t_V_1, 1

]]></Node>
<StgValue><ssdm name="add_ln700_1"/></StgValue>
</operation>

<operation id="70" st_id="1" stage="1" lat="1">
<core>NULL</core>
<MemPortIdVec></MemPortIdVec>
<condition id="-1">
<or_exp><and_exp><literal name="ecpri_msg_state_load" val="6"/>
<literal name="icmp_ln879_2" val="1"/>
</and_exp></or_exp>
</condition>

<Node id="121" bw="0" op_0_bw="0">
<![CDATA[
:3  br label %._crit_edge3878

]]></Node>
<StgValue><ssdm name="br_ln231"/></StgValue>
</operation>

<operation id="71" st_id="1" stage="1" lat="1">
<core>AXI4Stream</core>
<MemPortIdVec></MemPortIdVec>
<condition id="-1">
<or_exp><and_exp><literal name="ecpri_msg_state_load" val="5"/>
</and_exp></or_exp>
</condition>

<Node id="123" bw="129" op_0_bw="129" op_1_bw="128" op_2_bw="1">
<![CDATA[
:0  %empty_7 = call { i128, i1 } @_ssdm_op_Read.axis.volatile.i128P.i1P(i128* %data_in_V_data_V, i1* %data_in_V_last_V)

]]></Node>
<StgValue><ssdm name="empty_7"/></StgValue>
</operation>

<operation id="72" st_id="1" stage="1" lat="1">
<core>NULL</core>
<MemPortIdVec></MemPortIdVec>
<condition id="-1">
<or_exp><and_exp><literal name="ecpri_msg_state_load" val="5"/>
</and_exp></or_exp>
</condition>

<Node id="124" bw="128" op_0_bw="129">
<![CDATA[
:1  %tmp_data_V_3 = extractvalue { i128, i1 } %empty_7, 0

]]></Node>
<StgValue><ssdm name="tmp_data_V_3"/></StgValue>
</operation>

<operation id="73" st_id="1" stage="1" lat="1">
<core>NULL</core>
<MemPortIdVec></MemPortIdVec>
<condition id="-1">
<or_exp><and_exp><literal name="ecpri_msg_state_load" val="5"/>
</and_exp></or_exp>
</condition>

<Node id="125" bw="8" op_0_bw="128">
<![CDATA[
:2  %trunc_ln647_1 = trunc i128 %tmp_data_V_3 to i8

]]></Node>
<StgValue><ssdm name="trunc_ln647_1"/></StgValue>
</operation>

<operation id="74" st_id="1" stage="1" lat="1">
<core>NULL</core>
<MemPortIdVec></MemPortIdVec>
<condition id="-1">
<or_exp><and_exp><literal name="ecpri_msg_state_load" val="5"/>
</and_exp></or_exp>
</condition>

<Node id="126" bw="8" op_0_bw="8" op_1_bw="128" op_2_bw="32" op_3_bw="32">
<![CDATA[
:3  %p_Result_17 = call i8 @_ssdm_op_PartSelect.i8.i128.i32.i32(i128 %tmp_data_V_3, i32 8, i32 15)

]]></Node>
<StgValue><ssdm name="p_Result_17"/></StgValue>
</operation>

<operation id="75" st_id="1" stage="1" lat="1">
<core>NULL</core>
<MemPortIdVec></MemPortIdVec>
<condition id="-1">
<or_exp><and_exp><literal name="ecpri_msg_state_load" val="5"/>
</and_exp></or_exp>
</condition>

<Node id="127" bw="8" op_0_bw="8" op_1_bw="128" op_2_bw="32" op_3_bw="32">
<![CDATA[
:4  %p_Result_18 = call i8 @_ssdm_op_PartSelect.i8.i128.i32.i32(i128 %tmp_data_V_3, i32 16, i32 23)

]]></Node>
<StgValue><ssdm name="p_Result_18"/></StgValue>
</operation>

<operation id="76" st_id="1" stage="1" lat="1">
<core>NULL</core>
<MemPortIdVec></MemPortIdVec>
<condition id="-1">
<or_exp><and_exp><literal name="ecpri_msg_state_load" val="5"/>
</and_exp></or_exp>
</condition>

<Node id="128" bw="8" op_0_bw="8" op_1_bw="128" op_2_bw="32" op_3_bw="32">
<![CDATA[
:5  %p_Result_19 = call i8 @_ssdm_op_PartSelect.i8.i128.i32.i32(i128 %tmp_data_V_3, i32 24, i32 31)

]]></Node>
<StgValue><ssdm name="p_Result_19"/></StgValue>
</operation>

<operation id="77" st_id="1" stage="1" lat="1">
<core>NULL</core>
<MemPortIdVec></MemPortIdVec>
<condition id="-1">
<or_exp><and_exp><literal name="ecpri_msg_state_load" val="5"/>
</and_exp></or_exp>
</condition>

<Node id="129" bw="8" op_0_bw="8" op_1_bw="128" op_2_bw="32" op_3_bw="32">
<![CDATA[
:6  %p_Result_20 = call i8 @_ssdm_op_PartSelect.i8.i128.i32.i32(i128 %tmp_data_V_3, i32 32, i32 39)

]]></Node>
<StgValue><ssdm name="p_Result_20"/></StgValue>
</operation>

<operation id="78" st_id="1" stage="1" lat="1">
<core>NULL</core>
<MemPortIdVec></MemPortIdVec>
<condition id="-1">
<or_exp><and_exp><literal name="ecpri_msg_state_load" val="5"/>
</and_exp></or_exp>
</condition>

<Node id="130" bw="8" op_0_bw="8" op_1_bw="128" op_2_bw="32" op_3_bw="32">
<![CDATA[
:7  %p_Result_21 = call i8 @_ssdm_op_PartSelect.i8.i128.i32.i32(i128 %tmp_data_V_3, i32 40, i32 47)

]]></Node>
<StgValue><ssdm name="p_Result_21"/></StgValue>
</operation>

<operation id="79" st_id="1" stage="1" lat="1">
<core>NULL</core>
<MemPortIdVec></MemPortIdVec>
<condition id="-1">
<or_exp><and_exp><literal name="ecpri_msg_state_load" val="5"/>
</and_exp></or_exp>
</condition>

<Node id="131" bw="8" op_0_bw="8" op_1_bw="128" op_2_bw="32" op_3_bw="32">
<![CDATA[
:8  %p_Result_22 = call i8 @_ssdm_op_PartSelect.i8.i128.i32.i32(i128 %tmp_data_V_3, i32 48, i32 55)

]]></Node>
<StgValue><ssdm name="p_Result_22"/></StgValue>
</operation>

<operation id="80" st_id="1" stage="1" lat="1">
<core>NULL</core>
<MemPortIdVec></MemPortIdVec>
<condition id="-1">
<or_exp><and_exp><literal name="ecpri_msg_state_load" val="5"/>
</and_exp></or_exp>
</condition>

<Node id="132" bw="8" op_0_bw="8" op_1_bw="128" op_2_bw="32" op_3_bw="32">
<![CDATA[
:9  %p_Result_23 = call i8 @_ssdm_op_PartSelect.i8.i128.i32.i32(i128 %tmp_data_V_3, i32 56, i32 63)

]]></Node>
<StgValue><ssdm name="p_Result_23"/></StgValue>
</operation>

<operation id="81" st_id="1" stage="1" lat="1">
<core>NULL</core>
<MemPortIdVec></MemPortIdVec>
<condition id="-1">
<or_exp><and_exp><literal name="ecpri_msg_state_load" val="5"/>
</and_exp></or_exp>
</condition>

<Node id="133" bw="8" op_0_bw="8" op_1_bw="128" op_2_bw="32" op_3_bw="32">
<![CDATA[
:10  %p_Result_24 = call i8 @_ssdm_op_PartSelect.i8.i128.i32.i32(i128 %tmp_data_V_3, i32 64, i32 71)

]]></Node>
<StgValue><ssdm name="p_Result_24"/></StgValue>
</operation>

<operation id="82" st_id="1" stage="1" lat="1">
<core>NULL</core>
<MemPortIdVec></MemPortIdVec>
<condition id="-1">
<or_exp><and_exp><literal name="ecpri_msg_state_load" val="5"/>
</and_exp></or_exp>
</condition>

<Node id="134" bw="8" op_0_bw="8" op_1_bw="128" op_2_bw="32" op_3_bw="32">
<![CDATA[
:11  %p_Result_25 = call i8 @_ssdm_op_PartSelect.i8.i128.i32.i32(i128 %tmp_data_V_3, i32 72, i32 79)

]]></Node>
<StgValue><ssdm name="p_Result_25"/></StgValue>
</operation>

<operation id="83" st_id="1" stage="1" lat="1">
<core>NULL</core>
<MemPortIdVec></MemPortIdVec>
<condition id="-1">
<or_exp><and_exp><literal name="ecpri_msg_state_load" val="5"/>
</and_exp></or_exp>
</condition>

<Node id="135" bw="8" op_0_bw="8" op_1_bw="128" op_2_bw="32" op_3_bw="32">
<![CDATA[
:12  %p_Result_26 = call i8 @_ssdm_op_PartSelect.i8.i128.i32.i32(i128 %tmp_data_V_3, i32 80, i32 87)

]]></Node>
<StgValue><ssdm name="p_Result_26"/></StgValue>
</operation>

<operation id="84" st_id="1" stage="1" lat="1">
<core>NULL</core>
<MemPortIdVec></MemPortIdVec>
<condition id="-1">
<or_exp><and_exp><literal name="ecpri_msg_state_load" val="5"/>
</and_exp></or_exp>
</condition>

<Node id="136" bw="8" op_0_bw="8" op_1_bw="128" op_2_bw="32" op_3_bw="32">
<![CDATA[
:13  %p_Result_27 = call i8 @_ssdm_op_PartSelect.i8.i128.i32.i32(i128 %tmp_data_V_3, i32 88, i32 95)

]]></Node>
<StgValue><ssdm name="p_Result_27"/></StgValue>
</operation>

<operation id="85" st_id="1" stage="1" lat="1">
<core>NULL</core>
<MemPortIdVec></MemPortIdVec>
<condition id="-1">
<or_exp><and_exp><literal name="ecpri_msg_state_load" val="5"/>
</and_exp></or_exp>
</condition>

<Node id="137" bw="8" op_0_bw="8" op_1_bw="128" op_2_bw="32" op_3_bw="32">
<![CDATA[
:14  %p_Result_28 = call i8 @_ssdm_op_PartSelect.i8.i128.i32.i32(i128 %tmp_data_V_3, i32 96, i32 103)

]]></Node>
<StgValue><ssdm name="p_Result_28"/></StgValue>
</operation>

<operation id="86" st_id="1" stage="1" lat="1">
<core>NULL</core>
<MemPortIdVec></MemPortIdVec>
<condition id="-1">
<or_exp><and_exp><literal name="ecpri_msg_state_load" val="5"/>
</and_exp></or_exp>
</condition>

<Node id="138" bw="8" op_0_bw="8" op_1_bw="128" op_2_bw="32" op_3_bw="32">
<![CDATA[
:15  %p_Result_29 = call i8 @_ssdm_op_PartSelect.i8.i128.i32.i32(i128 %tmp_data_V_3, i32 104, i32 111)

]]></Node>
<StgValue><ssdm name="p_Result_29"/></StgValue>
</operation>

<operation id="87" st_id="1" stage="1" lat="1">
<core>NULL</core>
<MemPortIdVec></MemPortIdVec>
<condition id="-1">
<or_exp><and_exp><literal name="ecpri_msg_state_load" val="5"/>
</and_exp></or_exp>
</condition>

<Node id="139" bw="8" op_0_bw="8" op_1_bw="128" op_2_bw="32" op_3_bw="32">
<![CDATA[
:16  %p_Result_30 = call i8 @_ssdm_op_PartSelect.i8.i128.i32.i32(i128 %tmp_data_V_3, i32 112, i32 119)

]]></Node>
<StgValue><ssdm name="p_Result_30"/></StgValue>
</operation>

<operation id="88" st_id="1" stage="1" lat="1">
<core>NULL</core>
<MemPortIdVec></MemPortIdVec>
<condition id="-1">
<or_exp><and_exp><literal name="ecpri_msg_state_load" val="5"/>
</and_exp></or_exp>
</condition>

<Node id="140" bw="8" op_0_bw="8" op_1_bw="128" op_2_bw="32" op_3_bw="32">
<![CDATA[
:17  %p_Result_31 = call i8 @_ssdm_op_PartSelect.i8.i128.i32.i32(i128 %tmp_data_V_3, i32 120, i32 127)

]]></Node>
<StgValue><ssdm name="p_Result_31"/></StgValue>
</operation>

<operation id="89" st_id="1" stage="1" lat="1">
<core>NULL</core>
<MemPortIdVec></MemPortIdVec>
<condition id="-1">
<or_exp><and_exp><literal name="ecpri_msg_state_load" val="5"/>
</and_exp></or_exp>
</condition>

<Node id="143" bw="0" op_0_bw="4" op_1_bw="4" op_2_bw="4">
<![CDATA[
:20  store i4 6, i4* @ecpri_msg_state, align 1

]]></Node>
<StgValue><ssdm name="store_ln197"/></StgValue>
</operation>

<operation id="90" st_id="1" stage="1" lat="1">
<core>NULL</core>
<MemPortIdVec></MemPortIdVec>
<condition id="-1">
<or_exp><and_exp><literal name="ecpri_msg_state_load" val="5"/>
</and_exp></or_exp>
</condition>

<Node id="144" bw="0" op_0_bw="0">
<![CDATA[
:21  br label %._crit_edge3878

]]></Node>
<StgValue><ssdm name="br_ln199"/></StgValue>
</operation>

<operation id="91" st_id="1" stage="1" lat="1">
<core>AXI4Stream</core>
<MemPortIdVec></MemPortIdVec>
<condition id="-1">
<or_exp><and_exp><literal name="ecpri_msg_state_load" val="4"/>
</and_exp></or_exp>
</condition>

<Node id="146" bw="129" op_0_bw="129" op_1_bw="128" op_2_bw="1">
<![CDATA[
:0  %empty_5 = call { i128, i1 } @_ssdm_op_Read.axis.volatile.i128P.i1P(i128* %data_in_V_data_V, i1* %data_in_V_last_V)

]]></Node>
<StgValue><ssdm name="empty_5"/></StgValue>
</operation>

<operation id="92" st_id="1" stage="1" lat="1">
<core>NULL</core>
<MemPortIdVec></MemPortIdVec>
<condition id="-1">
<or_exp><and_exp><literal name="ecpri_msg_state_load" val="4"/>
</and_exp></or_exp>
</condition>

<Node id="147" bw="128" op_0_bw="129">
<![CDATA[
:1  %tmp_data_V_2 = extractvalue { i128, i1 } %empty_5, 0

]]></Node>
<StgValue><ssdm name="tmp_data_V_2"/></StgValue>
</operation>

<operation id="93" st_id="1" stage="1" lat="1">
<core>NULL</core>
<MemPortIdVec></MemPortIdVec>
<condition id="-1">
<or_exp><and_exp><literal name="ecpri_msg_state_load" val="4"/>
</and_exp></or_exp>
</condition>

<Node id="148" bw="8" op_0_bw="128">
<![CDATA[
:2  %trunc_ln647 = trunc i128 %tmp_data_V_2 to i8

]]></Node>
<StgValue><ssdm name="trunc_ln647"/></StgValue>
</operation>

<operation id="94" st_id="1" stage="1" lat="1">
<core>NULL</core>
<MemPortIdVec></MemPortIdVec>
<condition id="-1">
<or_exp><and_exp><literal name="ecpri_msg_state_load" val="4"/>
</and_exp></or_exp>
</condition>

<Node id="149" bw="8" op_0_bw="8" op_1_bw="128" op_2_bw="32" op_3_bw="32">
<![CDATA[
:3  %p_Result_3 = call i8 @_ssdm_op_PartSelect.i8.i128.i32.i32(i128 %tmp_data_V_2, i32 8, i32 15)

]]></Node>
<StgValue><ssdm name="p_Result_3"/></StgValue>
</operation>

<operation id="95" st_id="1" stage="1" lat="1">
<core>NULL</core>
<MemPortIdVec></MemPortIdVec>
<condition id="-1">
<or_exp><and_exp><literal name="ecpri_msg_state_load" val="4"/>
</and_exp></or_exp>
</condition>

<Node id="150" bw="8" op_0_bw="8" op_1_bw="128" op_2_bw="32" op_3_bw="32">
<![CDATA[
:4  %p_Result_4 = call i8 @_ssdm_op_PartSelect.i8.i128.i32.i32(i128 %tmp_data_V_2, i32 16, i32 23)

]]></Node>
<StgValue><ssdm name="p_Result_4"/></StgValue>
</operation>

<operation id="96" st_id="1" stage="1" lat="1">
<core>NULL</core>
<MemPortIdVec></MemPortIdVec>
<condition id="-1">
<or_exp><and_exp><literal name="ecpri_msg_state_load" val="4"/>
</and_exp></or_exp>
</condition>

<Node id="151" bw="8" op_0_bw="8" op_1_bw="128" op_2_bw="32" op_3_bw="32">
<![CDATA[
:5  %p_Result_5 = call i8 @_ssdm_op_PartSelect.i8.i128.i32.i32(i128 %tmp_data_V_2, i32 24, i32 31)

]]></Node>
<StgValue><ssdm name="p_Result_5"/></StgValue>
</operation>

<operation id="97" st_id="1" stage="1" lat="1">
<core>NULL</core>
<MemPortIdVec></MemPortIdVec>
<condition id="-1">
<or_exp><and_exp><literal name="ecpri_msg_state_load" val="4"/>
</and_exp></or_exp>
</condition>

<Node id="152" bw="8" op_0_bw="8" op_1_bw="128" op_2_bw="32" op_3_bw="32">
<![CDATA[
:6  %p_Result_6 = call i8 @_ssdm_op_PartSelect.i8.i128.i32.i32(i128 %tmp_data_V_2, i32 32, i32 39)

]]></Node>
<StgValue><ssdm name="p_Result_6"/></StgValue>
</operation>

<operation id="98" st_id="1" stage="1" lat="1">
<core>NULL</core>
<MemPortIdVec></MemPortIdVec>
<condition id="-1">
<or_exp><and_exp><literal name="ecpri_msg_state_load" val="4"/>
</and_exp></or_exp>
</condition>

<Node id="153" bw="8" op_0_bw="8" op_1_bw="128" op_2_bw="32" op_3_bw="32">
<![CDATA[
:7  %p_Result_7 = call i8 @_ssdm_op_PartSelect.i8.i128.i32.i32(i128 %tmp_data_V_2, i32 40, i32 47)

]]></Node>
<StgValue><ssdm name="p_Result_7"/></StgValue>
</operation>

<operation id="99" st_id="1" stage="1" lat="1">
<core>NULL</core>
<MemPortIdVec></MemPortIdVec>
<condition id="-1">
<or_exp><and_exp><literal name="ecpri_msg_state_load" val="4"/>
</and_exp></or_exp>
</condition>

<Node id="154" bw="8" op_0_bw="8" op_1_bw="128" op_2_bw="32" op_3_bw="32">
<![CDATA[
:8  %p_Result_8 = call i8 @_ssdm_op_PartSelect.i8.i128.i32.i32(i128 %tmp_data_V_2, i32 48, i32 55)

]]></Node>
<StgValue><ssdm name="p_Result_8"/></StgValue>
</operation>

<operation id="100" st_id="1" stage="1" lat="1">
<core>NULL</core>
<MemPortIdVec></MemPortIdVec>
<condition id="-1">
<or_exp><and_exp><literal name="ecpri_msg_state_load" val="4"/>
</and_exp></or_exp>
</condition>

<Node id="155" bw="8" op_0_bw="8" op_1_bw="128" op_2_bw="32" op_3_bw="32">
<![CDATA[
:9  %p_Result_9 = call i8 @_ssdm_op_PartSelect.i8.i128.i32.i32(i128 %tmp_data_V_2, i32 56, i32 63)

]]></Node>
<StgValue><ssdm name="p_Result_9"/></StgValue>
</operation>

<operation id="101" st_id="1" stage="1" lat="1">
<core>NULL</core>
<MemPortIdVec></MemPortIdVec>
<condition id="-1">
<or_exp><and_exp><literal name="ecpri_msg_state_load" val="4"/>
</and_exp></or_exp>
</condition>

<Node id="156" bw="8" op_0_bw="8" op_1_bw="128" op_2_bw="32" op_3_bw="32">
<![CDATA[
:10  %p_Result_2 = call i8 @_ssdm_op_PartSelect.i8.i128.i32.i32(i128 %tmp_data_V_2, i32 64, i32 71)

]]></Node>
<StgValue><ssdm name="p_Result_2"/></StgValue>
</operation>

<operation id="102" st_id="1" stage="1" lat="1">
<core>NULL</core>
<MemPortIdVec></MemPortIdVec>
<condition id="-1">
<or_exp><and_exp><literal name="ecpri_msg_state_load" val="4"/>
</and_exp></or_exp>
</condition>

<Node id="157" bw="8" op_0_bw="8" op_1_bw="128" op_2_bw="32" op_3_bw="32">
<![CDATA[
:11  %p_Result_10 = call i8 @_ssdm_op_PartSelect.i8.i128.i32.i32(i128 %tmp_data_V_2, i32 72, i32 79)

]]></Node>
<StgValue><ssdm name="p_Result_10"/></StgValue>
</operation>

<operation id="103" st_id="1" stage="1" lat="1">
<core>NULL</core>
<MemPortIdVec></MemPortIdVec>
<condition id="-1">
<or_exp><and_exp><literal name="ecpri_msg_state_load" val="4"/>
</and_exp></or_exp>
</condition>

<Node id="158" bw="8" op_0_bw="8" op_1_bw="128" op_2_bw="32" op_3_bw="32">
<![CDATA[
:12  %p_Result_11 = call i8 @_ssdm_op_PartSelect.i8.i128.i32.i32(i128 %tmp_data_V_2, i32 80, i32 87)

]]></Node>
<StgValue><ssdm name="p_Result_11"/></StgValue>
</operation>

<operation id="104" st_id="1" stage="1" lat="1">
<core>NULL</core>
<MemPortIdVec></MemPortIdVec>
<condition id="-1">
<or_exp><and_exp><literal name="ecpri_msg_state_load" val="4"/>
</and_exp></or_exp>
</condition>

<Node id="159" bw="8" op_0_bw="8" op_1_bw="128" op_2_bw="32" op_3_bw="32">
<![CDATA[
:13  %p_Result_12 = call i8 @_ssdm_op_PartSelect.i8.i128.i32.i32(i128 %tmp_data_V_2, i32 88, i32 95)

]]></Node>
<StgValue><ssdm name="p_Result_12"/></StgValue>
</operation>

<operation id="105" st_id="1" stage="1" lat="1">
<core>NULL</core>
<MemPortIdVec></MemPortIdVec>
<condition id="-1">
<or_exp><and_exp><literal name="ecpri_msg_state_load" val="4"/>
</and_exp></or_exp>
</condition>

<Node id="160" bw="8" op_0_bw="8" op_1_bw="128" op_2_bw="32" op_3_bw="32">
<![CDATA[
:14  %p_Result_13 = call i8 @_ssdm_op_PartSelect.i8.i128.i32.i32(i128 %tmp_data_V_2, i32 96, i32 103)

]]></Node>
<StgValue><ssdm name="p_Result_13"/></StgValue>
</operation>

<operation id="106" st_id="1" stage="1" lat="1">
<core>NULL</core>
<MemPortIdVec></MemPortIdVec>
<condition id="-1">
<or_exp><and_exp><literal name="ecpri_msg_state_load" val="4"/>
</and_exp></or_exp>
</condition>

<Node id="161" bw="8" op_0_bw="8" op_1_bw="128" op_2_bw="32" op_3_bw="32">
<![CDATA[
:15  %p_Result_14 = call i8 @_ssdm_op_PartSelect.i8.i128.i32.i32(i128 %tmp_data_V_2, i32 104, i32 111)

]]></Node>
<StgValue><ssdm name="p_Result_14"/></StgValue>
</operation>

<operation id="107" st_id="1" stage="1" lat="1">
<core>NULL</core>
<MemPortIdVec></MemPortIdVec>
<condition id="-1">
<or_exp><and_exp><literal name="ecpri_msg_state_load" val="4"/>
</and_exp></or_exp>
</condition>

<Node id="162" bw="8" op_0_bw="8" op_1_bw="128" op_2_bw="32" op_3_bw="32">
<![CDATA[
:16  %p_Result_15 = call i8 @_ssdm_op_PartSelect.i8.i128.i32.i32(i128 %tmp_data_V_2, i32 112, i32 119)

]]></Node>
<StgValue><ssdm name="p_Result_15"/></StgValue>
</operation>

<operation id="108" st_id="1" stage="1" lat="1">
<core>NULL</core>
<MemPortIdVec></MemPortIdVec>
<condition id="-1">
<or_exp><and_exp><literal name="ecpri_msg_state_load" val="4"/>
</and_exp></or_exp>
</condition>

<Node id="163" bw="8" op_0_bw="8" op_1_bw="128" op_2_bw="32" op_3_bw="32">
<![CDATA[
:17  %p_Result_16 = call i8 @_ssdm_op_PartSelect.i8.i128.i32.i32(i128 %tmp_data_V_2, i32 120, i32 127)

]]></Node>
<StgValue><ssdm name="p_Result_16"/></StgValue>
</operation>

<operation id="109" st_id="1" stage="1" lat="1">
<core>NULL</core>
<MemPortIdVec></MemPortIdVec>
<condition id="-1">
<or_exp><and_exp><literal name="ecpri_msg_state_load" val="4"/>
</and_exp></or_exp>
</condition>

<Node id="166" bw="0" op_0_bw="4" op_1_bw="4" op_2_bw="4">
<![CDATA[
:20  store i4 5, i4* @ecpri_msg_state, align 1

]]></Node>
<StgValue><ssdm name="store_ln170"/></StgValue>
</operation>

<operation id="110" st_id="1" stage="1" lat="1">
<core>NULL</core>
<MemPortIdVec></MemPortIdVec>
<condition id="-1">
<or_exp><and_exp><literal name="ecpri_msg_state_load" val="4"/>
</and_exp></or_exp>
</condition>

<Node id="167" bw="0" op_0_bw="0">
<![CDATA[
:21  br label %._crit_edge3878

]]></Node>
<StgValue><ssdm name="br_ln171"/></StgValue>
</operation>

<operation id="111" st_id="1" stage="1" lat="1">
<core>AXI4Stream</core>
<MemPortIdVec></MemPortIdVec>
<condition id="-1">
<or_exp><and_exp><literal name="ecpri_msg_state_load" val="2"/>
</and_exp></or_exp>
</condition>

<Node id="169" bw="129" op_0_bw="129" op_1_bw="128" op_2_bw="1">
<![CDATA[
:0  %empty_4 = call { i128, i1 } @_ssdm_op_Read.axis.volatile.i128P.i1P(i128* %data_in_V_data_V, i1* %data_in_V_last_V)

]]></Node>
<StgValue><ssdm name="empty_4"/></StgValue>
</operation>

<operation id="112" st_id="1" stage="1" lat="1">
<core>NULL</core>
<MemPortIdVec></MemPortIdVec>
<condition id="-1">
<or_exp><and_exp><literal name="ecpri_msg_state_load" val="2"/>
</and_exp></or_exp>
</condition>

<Node id="170" bw="128" op_0_bw="129">
<![CDATA[
:1  %tmp_data_V_1 = extractvalue { i128, i1 } %empty_4, 0

]]></Node>
<StgValue><ssdm name="tmp_data_V_1"/></StgValue>
</operation>

<operation id="113" st_id="1" stage="1" lat="1">
<core>NULL</core>
<MemPortIdVec></MemPortIdVec>
<condition id="-1">
<or_exp><and_exp><literal name="ecpri_msg_state_load" val="2"/>
</and_exp></or_exp>
</condition>

<Node id="171" bw="0" op_0_bw="1" op_1_bw="0" op_2_bw="0">
<![CDATA[
:2  br i1 %App_skip_V_load, label %._crit_edge3880, label %2

]]></Node>
<StgValue><ssdm name="br_ln115"/></StgValue>
</operation>

<operation id="114" st_id="1" stage="1" lat="1">
<core>NULL</core>
<MemPortIdVec></MemPortIdVec>
<condition id="-1">
<or_exp><and_exp><literal name="ecpri_msg_state_load" val="2"/>
<literal name="App_skip_V_load" val="0"/>
</and_exp></or_exp>
</condition>

<Node id="173" bw="6" op_0_bw="6" op_1_bw="128" op_2_bw="32" op_3_bw="32">
<![CDATA[
:0  %p_Result_47 = call i6 @_ssdm_op_PartSelect.i6.i128.i32.i32(i128 %tmp_data_V_1, i32 72, i32 77)

]]></Node>
<StgValue><ssdm name="p_Result_47"/></StgValue>
</operation>

<operation id="115" st_id="1" stage="1" lat="1">
<core>NULL</core>
<MemPortIdVec></MemPortIdVec>
<condition id="-1">
<or_exp><and_exp><literal name="ecpri_msg_state_load" val="2"/>
<literal name="App_skip_V_load" val="0"/>
</and_exp></or_exp>
</condition>

<Node id="174" bw="8" op_0_bw="8" op_1_bw="128" op_2_bw="32" op_3_bw="32">
<![CDATA[
:1  %p_Result_48 = call i8 @_ssdm_op_PartSelect.i8.i128.i32.i32(i128 %tmp_data_V_1, i32 104, i32 111)

]]></Node>
<StgValue><ssdm name="p_Result_48"/></StgValue>
</operation>

<operation id="116" st_id="1" stage="1" lat="1">
<core>NULL</core>
<MemPortIdVec></MemPortIdVec>
<condition id="-1">
<or_exp><and_exp><literal name="ecpri_msg_state_load" val="2"/>
<literal name="App_skip_V_load" val="0"/>
</and_exp></or_exp>
</condition>

<Node id="175" bw="0" op_0_bw="6" op_1_bw="6" op_2_bw="6">
<![CDATA[
:2  store i6 %p_Result_47, i6* @symbolID_V, align 1

]]></Node>
<StgValue><ssdm name="store_ln137"/></StgValue>
</operation>

<operation id="117" st_id="1" stage="1" lat="1">
<core>NULL</core>
<MemPortIdVec></MemPortIdVec>
<condition id="-1">
<or_exp><and_exp><literal name="ecpri_msg_state_load" val="2"/>
<literal name="App_skip_V_load" val="0"/>
</and_exp></or_exp>
</condition>

<Node id="176" bw="4" op_0_bw="4" op_1_bw="128" op_2_bw="32" op_3_bw="32">
<![CDATA[
:3  %trunc_ln = call i4 @_ssdm_op_PartSelect.i4.i128.i32.i32(i128 %tmp_data_V_1, i32 72, i32 75)

]]></Node>
<StgValue><ssdm name="trunc_ln"/></StgValue>
</operation>

<operation id="118" st_id="1" stage="1" lat="1">
<core>NULL</core>
<MemPortIdVec></MemPortIdVec>
<condition id="-1">
<or_exp><and_exp><literal name="ecpri_msg_state_load" val="2"/>
<literal name="App_skip_V_load" val="0"/>
</and_exp></or_exp>
</condition>

<Node id="178" bw="0" op_0_bw="8" op_1_bw="8" op_2_bw="8">
<![CDATA[
:5  store i8 %p_Result_48, i8* @section_Prbu_V, align 1

]]></Node>
<StgValue><ssdm name="store_ln139"/></StgValue>
</operation>

<operation id="119" st_id="1" stage="1" lat="1">
<core>NULL</core>
<MemPortIdVec></MemPortIdVec>
<condition id="-1">
<or_exp><and_exp><literal name="ecpri_msg_state_load" val="2"/>
<literal name="App_skip_V_load" val="0"/>
</and_exp></or_exp>
</condition>

<Node id="179" bw="12" op_0_bw="8">
<![CDATA[
:6  %zext_ln209 = zext i8 %p_Result_48 to i12

]]></Node>
<StgValue><ssdm name="zext_ln209"/></StgValue>
</operation>

<operation id="120" st_id="1" stage="1" lat="1">
<core>AddSub</core>
<MemPortIdVec></MemPortIdVec>
<condition id="-1">
<or_exp><and_exp><literal name="ecpri_msg_state_load" val="2"/>
<literal name="App_skip_V_load" val="0"/>
</and_exp></or_exp>
</condition>

<Node id="180" bw="12" op_0_bw="12" op_1_bw="12">
<![CDATA[
:7  %add_ln209 = add i12 %PRB_count_V_load, %zext_ln209

]]></Node>
<StgValue><ssdm name="add_ln209"/></StgValue>
</operation>

<operation id="121" st_id="1" stage="1" lat="1">
<core>NULL</core>
<MemPortIdVec></MemPortIdVec>
<condition id="-1">
<or_exp><and_exp><literal name="ecpri_msg_state_load" val="2"/>
<literal name="App_skip_V_load" val="0"/>
</and_exp></or_exp>
</condition>

<Node id="181" bw="0" op_0_bw="12" op_1_bw="12" op_2_bw="12">
<![CDATA[
:8  store i12 %add_ln209, i12* @PRB_count_V, align 2

]]></Node>
<StgValue><ssdm name="store_ln140"/></StgValue>
</operation>

<operation id="122" st_id="1" stage="1" lat="1">
<core>NULL</core>
<MemPortIdVec></MemPortIdVec>
<condition id="-1">
<or_exp><and_exp><literal name="ecpri_msg_state_load" val="2"/>
<literal name="App_skip_V_load" val="0"/>
</and_exp></or_exp>
</condition>

<Node id="183" bw="0" op_0_bw="1" op_1_bw="1" op_2_bw="1">
<![CDATA[
:10  store i1 true, i1* @App_skip_V, align 1

]]></Node>
<StgValue><ssdm name="store_ln143"/></StgValue>
</operation>

<operation id="123" st_id="1" stage="1" lat="1">
<core>NULL</core>
<MemPortIdVec></MemPortIdVec>
<condition id="-1">
<or_exp><and_exp><literal name="ecpri_msg_state_load" val="2"/>
</and_exp></or_exp>
</condition>

<Node id="186" bw="0" op_0_bw="4" op_1_bw="4" op_2_bw="4">
<![CDATA[
._crit_edge3880:0  store i4 4, i4* @ecpri_msg_state, align 1

]]></Node>
<StgValue><ssdm name="store_ln145"/></StgValue>
</operation>

<operation id="124" st_id="1" stage="1" lat="1">
<core>NULL</core>
<MemPortIdVec></MemPortIdVec>
<condition id="-1">
<or_exp><and_exp><literal name="ecpri_msg_state_load" val="2"/>
</and_exp></or_exp>
</condition>

<Node id="187" bw="0" op_0_bw="0">
<![CDATA[
._crit_edge3880:1  br label %._crit_edge3878

]]></Node>
<StgValue><ssdm name="br_ln146"/></StgValue>
</operation>

<operation id="125" st_id="1" stage="1" lat="1">
<core>AXI4Stream</core>
<MemPortIdVec></MemPortIdVec>
<condition id="-1">
<or_exp><and_exp><literal name="ecpri_msg_state_load" val="1"/>
</and_exp></or_exp>
</condition>

<Node id="189" bw="129" op_0_bw="129" op_1_bw="128" op_2_bw="1">
<![CDATA[
_ifconv:0  %empty = call { i128, i1 } @_ssdm_op_Read.axis.volatile.i128P.i1P(i128* %data_in_V_data_V, i1* %data_in_V_last_V)

]]></Node>
<StgValue><ssdm name="empty"/></StgValue>
</operation>

<operation id="126" st_id="1" stage="1" lat="1">
<core>NULL</core>
<MemPortIdVec></MemPortIdVec>
<condition id="-1">
<or_exp><and_exp><literal name="ecpri_msg_state_load" val="1"/>
</and_exp></or_exp>
</condition>

<Node id="190" bw="128" op_0_bw="129">
<![CDATA[
_ifconv:1  %tmp_data_V = extractvalue { i128, i1 } %empty, 0

]]></Node>
<StgValue><ssdm name="tmp_data_V"/></StgValue>
</operation>

<operation id="127" st_id="1" stage="1" lat="1">
<core>NULL</core>
<MemPortIdVec></MemPortIdVec>
<condition id="-1">
<or_exp><and_exp><literal name="ecpri_msg_state_load" val="1"/>
</and_exp></or_exp>
</condition>

<Node id="191" bw="16" op_0_bw="16" op_1_bw="128" op_2_bw="32" op_3_bw="32">
<![CDATA[
_ifconv:2  %p_Result_s = call i16 @_ssdm_op_PartSelect.i16.i128.i32.i32(i128 %tmp_data_V, i32 96, i32 111)

]]></Node>
<StgValue><ssdm name="p_Result_s"/></StgValue>
</operation>

<operation id="128" st_id="1" stage="1" lat="1">
<core>NULL</core>
<MemPortIdVec></MemPortIdVec>
<condition id="-1">
<or_exp><and_exp><literal name="ecpri_msg_state_load" val="1"/>
</and_exp></or_exp>
</condition>

<Node id="192" bw="8" op_0_bw="8" op_1_bw="128" op_2_bw="32" op_3_bw="32">
<![CDATA[
_ifconv:3  %p_Result_1 = call i8 @_ssdm_op_PartSelect.i8.i128.i32.i32(i128 %tmp_data_V, i32 120, i32 127)

]]></Node>
<StgValue><ssdm name="p_Result_1"/></StgValue>
</operation>

<operation id="129" st_id="1" stage="1" lat="1">
<core>Cmp</core>
<MemPortIdVec></MemPortIdVec>
<condition id="-1">
<or_exp><and_exp><literal name="ecpri_msg_state_load" val="1"/>
</and_exp></or_exp>
</condition>

<Node id="193" bw="1" op_0_bw="16" op_1_bw="16">
<![CDATA[
_ifconv:4  %icmp_ln879 = icmp eq i16 %p_Result_s, -338

]]></Node>
<StgValue><ssdm name="icmp_ln879"/></StgValue>
</operation>

<operation id="130" st_id="1" stage="1" lat="1">
<core>Cmp</core>
<MemPortIdVec></MemPortIdVec>
<condition id="-1">
<or_exp><and_exp><literal name="ecpri_msg_state_load" val="1"/>
</and_exp></or_exp>
</condition>

<Node id="194" bw="1" op_0_bw="8" op_1_bw="8">
<![CDATA[
_ifconv:5  %icmp_ln879_1 = icmp eq i8 %p_Result_1, 0

]]></Node>
<StgValue><ssdm name="icmp_ln879_1"/></StgValue>
</operation>

<operation id="131" st_id="1" stage="1" lat="1">
<core>Sel</core>
<MemPortIdVec></MemPortIdVec>
<condition id="-1">
<or_exp><and_exp><literal name="ecpri_msg_state_load" val="1"/>
</and_exp></or_exp>
</condition>

<Node id="195" bw="2" op_0_bw="1" op_1_bw="2" op_2_bw="2">
<![CDATA[
_ifconv:6  %select_ln90 = select i1 %icmp_ln879_1, i2 -2, i2 1

]]></Node>
<StgValue><ssdm name="select_ln90"/></StgValue>
</operation>

<operation id="132" st_id="1" stage="1" lat="1">
<core>Sel</core>
<MemPortIdVec></MemPortIdVec>
<condition id="-1">
<or_exp><and_exp><literal name="ecpri_msg_state_load" val="1"/>
</and_exp></or_exp>
</condition>

<Node id="196" bw="2" op_0_bw="1" op_1_bw="2" op_2_bw="2">
<![CDATA[
_ifconv:7  %select_ln879 = select i1 %icmp_ln879, i2 %select_ln90, i2 1

]]></Node>
<StgValue><ssdm name="select_ln879"/></StgValue>
</operation>

<operation id="133" st_id="1" stage="1" lat="1">
<core>NULL</core>
<MemPortIdVec></MemPortIdVec>
<condition id="-1">
<or_exp><and_exp><literal name="ecpri_msg_state_load" val="1"/>
</and_exp></or_exp>
</condition>

<Node id="197" bw="4" op_0_bw="2">
<![CDATA[
_ifconv:8  %zext_ln879 = zext i2 %select_ln879 to i4

]]></Node>
<StgValue><ssdm name="zext_ln879"/></StgValue>
</operation>

<operation id="134" st_id="1" stage="1" lat="1">
<core>NULL</core>
<MemPortIdVec></MemPortIdVec>
<condition id="-1">
<or_exp><and_exp><literal name="ecpri_msg_state_load" val="1"/>
</and_exp></or_exp>
</condition>

<Node id="198" bw="0" op_0_bw="4" op_1_bw="4" op_2_bw="4">
<![CDATA[
_ifconv:9  store i4 %zext_ln879, i4* @ecpri_msg_state, align 1

]]></Node>
<StgValue><ssdm name="store_ln100"/></StgValue>
</operation>

<operation id="135" st_id="1" stage="1" lat="1">
<core>NULL</core>
<MemPortIdVec></MemPortIdVec>
<condition id="-1">
<or_exp><and_exp><literal name="ecpri_msg_state_load" val="1"/>
</and_exp></or_exp>
</condition>

<Node id="199" bw="0" op_0_bw="0">
<![CDATA[
_ifconv:10  br label %._crit_edge3878

]]></Node>
<StgValue><ssdm name="br_ln103"/></StgValue>
</operation>

<operation id="136" st_id="1" stage="1" lat="1">
<core>NULL</core>
<MemPortIdVec></MemPortIdVec>
<condition id="-1">
<or_exp><and_exp><literal name="ecpri_msg_state_load" val="0"/>
</and_exp></or_exp>
</condition>

<Node id="201" bw="0" op_0_bw="12" op_1_bw="12" op_2_bw="12">
<![CDATA[
:0  store i12 0, i12* @PRB_count_V, align 2

]]></Node>
<StgValue><ssdm name="store_ln58"/></StgValue>
</operation>

<operation id="137" st_id="1" stage="1" lat="1">
<core>NULL</core>
<MemPortIdVec></MemPortIdVec>
<condition id="-1">
<or_exp><and_exp><literal name="ecpri_msg_state_load" val="0"/>
</and_exp></or_exp>
</condition>

<Node id="202" bw="0" op_0_bw="8" op_1_bw="8" op_2_bw="8">
<![CDATA[
:1  store i8 0, i8* @section_Prbu_V, align 1

]]></Node>
<StgValue><ssdm name="store_ln59"/></StgValue>
</operation>

<operation id="138" st_id="1" stage="1" lat="1">
<core>NULL</core>
<MemPortIdVec></MemPortIdVec>
<condition id="-1">
<or_exp><and_exp><literal name="ecpri_msg_state_load" val="0"/>
</and_exp></or_exp>
</condition>

<Node id="203" bw="0" op_0_bw="1" op_1_bw="1" op_2_bw="1">
<![CDATA[
:2  store i1 false, i1* @App_skip_V, align 1

]]></Node>
<StgValue><ssdm name="store_ln61"/></StgValue>
</operation>

<operation id="139" st_id="1" stage="1" lat="1">
<core>NULL</core>
<MemPortIdVec></MemPortIdVec>
<condition id="-1">
<or_exp><and_exp><literal name="ecpri_msg_state_load" val="0"/>
</and_exp></or_exp>
</condition>

<Node id="204" bw="0" op_0_bw="4" op_1_bw="4" op_2_bw="4">
<![CDATA[
:3  store i4 1, i4* @ecpri_msg_state, align 1

]]></Node>
<StgValue><ssdm name="store_ln63"/></StgValue>
</operation>

<operation id="140" st_id="1" stage="1" lat="1">
<core>NULL</core>
<MemPortIdVec></MemPortIdVec>
<condition id="-1">
<or_exp><and_exp><literal name="ecpri_msg_state_load" val="0"/>
</and_exp></or_exp>
</condition>

<Node id="205" bw="0" op_0_bw="0">
<![CDATA[
:4  br label %._crit_edge3878

]]></Node>
<StgValue><ssdm name="br_ln64"/></StgValue>
</operation>

<operation id="141" st_id="1" stage="1" lat="1">
<core>NULL</core>
<MemPortIdVec></MemPortIdVec>
<condition id="-1">
<or_exp><and_exp></and_exp></or_exp>
</condition>

<Node id="207" bw="1" op_0_bw="1" op_1_bw="0" op_2_bw="1" op_3_bw="0" op_4_bw="1" op_5_bw="0" op_6_bw="1" op_7_bw="0" op_8_bw="1" op_9_bw="0" op_10_bw="1" op_11_bw="0" op_12_bw="1" op_13_bw="0" op_14_bw="1" op_15_bw="0" op_16_bw="1" op_17_bw="0" op_18_bw="1" op_19_bw="0" op_20_bw="1" op_21_bw="0" op_22_bw="1" op_23_bw="0" op_24_bw="1" op_25_bw="0">
<![CDATA[
._crit_edge3878:0  %count_prb_V_flag_0 = phi i1 [ false, %codeRepl ], [ false, %15 ], [ false, %14 ], [ false, %._crit_edge3881 ], [ false, %13 ], [ true, %6 ], [ true, %8 ], [ true, %9 ], [ false, %4 ], [ false, %3 ], [ false, %._crit_edge3880 ], [ false, %_ifconv ], [ true, %0 ]

]]></Node>
<StgValue><ssdm name="count_prb_V_flag_0"/></StgValue>
</operation>

<operation id="142" st_id="1" stage="1" lat="1">
<core>NULL</core>
<MemPortIdVec></MemPortIdVec>
<condition id="-1">
<or_exp><and_exp></and_exp></or_exp>
</condition>

<Node id="208" bw="10" op_0_bw="10" op_1_bw="0" op_2_bw="10" op_3_bw="0" op_4_bw="10" op_5_bw="0" op_6_bw="10" op_7_bw="0" op_8_bw="10" op_9_bw="0" op_10_bw="10" op_11_bw="0" op_12_bw="10" op_13_bw="0" op_14_bw="10" op_15_bw="0" op_16_bw="10" op_17_bw="0" op_18_bw="10" op_19_bw="0" op_20_bw="10" op_21_bw="0" op_22_bw="10" op_23_bw="0" op_24_bw="10" op_25_bw="0">
<![CDATA[
._crit_edge3878:1  %count_prb_V_new_0 = phi i10 [ undef, %codeRepl ], [ undef, %15 ], [ undef, %14 ], [ undef, %._crit_edge3881 ], [ undef, %13 ], [ %add_ln700_1, %6 ], [ %add_ln700_2, %8 ], [ 0, %9 ], [ undef, %4 ], [ undef, %3 ], [ undef, %._crit_edge3880 ], [ undef, %_ifconv ], [ 0, %0 ]

]]></Node>
<StgValue><ssdm name="count_prb_V_new_0"/></StgValue>
</operation>

<operation id="143" st_id="1" stage="1" lat="1">
<core>NULL</core>
<MemPortIdVec></MemPortIdVec>
<condition id="-1">
<or_exp><and_exp></and_exp></or_exp>
</condition>

<Node id="209" bw="1" op_0_bw="1" op_1_bw="0" op_2_bw="1" op_3_bw="0" op_4_bw="1" op_5_bw="0" op_6_bw="1" op_7_bw="0" op_8_bw="1" op_9_bw="0" op_10_bw="1" op_11_bw="0" op_12_bw="1" op_13_bw="0" op_14_bw="1" op_15_bw="0" op_16_bw="1" op_17_bw="0" op_18_bw="1" op_19_bw="0" op_20_bw="1" op_21_bw="0" op_22_bw="1" op_23_bw="0" op_24_bw="1" op_25_bw="0">
<![CDATA[
._crit_edge3878:2  %PRB_fragmentation_V_1 = phi i1 [ false, %codeRepl ], [ false, %15 ], [ false, %14 ], [ %PRB_fragmentation_V_s, %._crit_edge3881 ], [ false, %13 ], [ true, %6 ], [ true, %8 ], [ true, %9 ], [ false, %4 ], [ false, %3 ], [ false, %._crit_edge3880 ], [ false, %_ifconv ], [ true, %0 ]

]]></Node>
<StgValue><ssdm name="PRB_fragmentation_V_1"/></StgValue>
</operation>

<operation id="144" st_id="1" stage="1" lat="1">
<core>NULL</core>
<MemPortIdVec></MemPortIdVec>
<condition id="-1">
<or_exp><and_exp></and_exp></or_exp>
</condition>

<Node id="210" bw="8" op_0_bw="8" op_1_bw="0" op_2_bw="8" op_3_bw="0" op_4_bw="8" op_5_bw="0" op_6_bw="8" op_7_bw="0" op_8_bw="8" op_9_bw="0" op_10_bw="8" op_11_bw="0" op_12_bw="8" op_13_bw="0" op_14_bw="8" op_15_bw="0" op_16_bw="8" op_17_bw="0" op_18_bw="8" op_19_bw="0" op_20_bw="8" op_21_bw="0" op_22_bw="8" op_23_bw="0" op_24_bw="8" op_25_bw="0">
<![CDATA[
._crit_edge3878:3  %PRB_fragmentation_V_2 = phi i8 [ undef, %codeRepl ], [ undef, %15 ], [ undef, %14 ], [ 0, %._crit_edge3881 ], [ undef, %13 ], [ 0, %6 ], [ %add_ln700, %8 ], [ %add_ln700, %9 ], [ undef, %4 ], [ undef, %3 ], [ undef, %._crit_edge3880 ], [ undef, %_ifconv ], [ 0, %0 ]

]]></Node>
<StgValue><ssdm name="PRB_fragmentation_V_2"/></StgValue>
</operation>

<operation id="145" st_id="1" stage="1" lat="1">
<core>NULL</core>
<MemPortIdVec></MemPortIdVec>
<condition id="-1">
<or_exp><and_exp></and_exp></or_exp>
</condition>

<Node id="211" bw="0" op_0_bw="1" op_1_bw="0" op_2_bw="0">
<![CDATA[
._crit_edge3878:4  br i1 %PRB_fragmentation_V_1, label %mergeST1, label %._crit_edge3878.new2

]]></Node>
<StgValue><ssdm name="br_ln0"/></StgValue>
</operation>

<operation id="146" st_id="1" stage="1" lat="1">
<core>NULL</core>
<MemPortIdVec></MemPortIdVec>
<condition id="-1">
<or_exp><and_exp><literal name="PRB_fragmentation_V_1" val="1"/>
</and_exp></or_exp>
</condition>

<Node id="213" bw="0" op_0_bw="8" op_1_bw="8" op_2_bw="8">
<![CDATA[
mergeST1:0  store i8 %PRB_fragmentation_V_2, i8* @PRB_fragmentation_V, align 1

]]></Node>
<StgValue><ssdm name="store_ln62"/></StgValue>
</operation>

<operation id="147" st_id="1" stage="1" lat="1">
<core>NULL</core>
<MemPortIdVec></MemPortIdVec>
<condition id="-1">
<or_exp><and_exp></and_exp></or_exp>
</condition>

<Node id="216" bw="0" op_0_bw="1" op_1_bw="0" op_2_bw="0">
<![CDATA[
._crit_edge3878.new2:0  br i1 %count_prb_V_flag_0, label %mergeST, label %._crit_edge3878.new

]]></Node>
<StgValue><ssdm name="br_ln0"/></StgValue>
</operation>

<operation id="148" st_id="1" stage="1" lat="1">
<core>NULL</core>
<MemPortIdVec></MemPortIdVec>
<condition id="-1">
<or_exp><and_exp><literal name="count_prb_V_flag_0" val="1"/>
</and_exp></or_exp>
</condition>

<Node id="218" bw="0" op_0_bw="10" op_1_bw="10" op_2_bw="10">
<![CDATA[
mergeST:0  store i10 %count_prb_V_new_0, i10* @count_prb_V, align 2

]]></Node>
<StgValue><ssdm name="store_ln60"/></StgValue>
</operation>
</state>

<state id="2" st_id="2">

<operation id="149" st_id="2" stage="1" lat="1">
<core>NULL</core>
<MemPortIdVec></MemPortIdVec>
<condition id="-1">
<or_exp><and_exp><literal name="ecpri_msg_state_load" val="6"/>
</and_exp></or_exp>
</condition>

<Node id="96" bw="128" op_0_bw="128" op_1_bw="8" op_2_bw="8" op_3_bw="8" op_4_bw="8" op_5_bw="8" op_6_bw="8" op_7_bw="8" op_8_bw="8" op_9_bw="8" op_10_bw="8" op_11_bw="8" op_12_bw="8" op_13_bw="8" op_14_bw="8" op_15_bw="8" op_16_bw="8">
<![CDATA[
:18  %p_Result_51 = call i128 @_ssdm_op_BitConcatenate.i128.i8.i8.i8.i8.i8.i8.i8.i8.i8.i8.i8.i8.i8.i8.i8.i8(i8 %trunc_ln647_2, i8 %p_Result_32, i8 %p_Result_33, i8 %p_Result_34, i8 %p_Result_35, i8 %p_Result_36, i8 %p_Result_37, i8 %p_Result_38, i8 %p_Result_39, i8 %p_Result_40, i8 %p_Result_41, i8 %p_Result_42, i8 %p_Result_43, i8 %p_Result_44, i8 %p_Result_45, i8 %p_Result_46)

]]></Node>
<StgValue><ssdm name="p_Result_51"/></StgValue>
</operation>

<operation id="150" st_id="2" stage="2" lat="2">
<core>AXI4Stream</core>
<MemPortIdVec></MemPortIdVec>
<condition id="-1">
<or_exp><and_exp><literal name="ecpri_msg_state_load" val="6"/>
<literal name="icmp_ln879_2" val="0"/>
<literal name="icmp_ln887" val="0"/>
</and_exp></or_exp>
</condition>

<Node id="107" bw="0" op_0_bw="0" op_1_bw="128" op_2_bw="1" op_3_bw="128" op_4_bw="1">
<![CDATA[
:0  call void @_ssdm_op_Write.axis.volatile.i128P.i1P(i128* %data_out_V_IQ_data_V, i1* %data_out_V_last_V, i128 %p_Result_51, i1 false)

]]></Node>
<StgValue><ssdm name="write_ln245"/></StgValue>
</operation>

<operation id="151" st_id="2" stage="2" lat="2">
<core>AXI4Stream</core>
<MemPortIdVec></MemPortIdVec>
<condition id="-1">
<or_exp><and_exp><literal name="ecpri_msg_state_load" val="6"/>
<literal name="icmp_ln879_2" val="0"/>
<literal name="icmp_ln887" val="1"/>
</and_exp></or_exp>
</condition>

<Node id="115" bw="0" op_0_bw="0" op_1_bw="128" op_2_bw="1" op_3_bw="128" op_4_bw="1">
<![CDATA[
:3  call void @_ssdm_op_Write.axis.volatile.i128P.i1P(i128* %data_out_V_IQ_data_V, i1* %data_out_V_last_V, i128 %p_Result_51, i1 false)

]]></Node>
<StgValue><ssdm name="write_ln253"/></StgValue>
</operation>

<operation id="152" st_id="2" stage="2" lat="2">
<core>AXI4Stream</core>
<MemPortIdVec></MemPortIdVec>
<condition id="-1">
<or_exp><and_exp><literal name="ecpri_msg_state_load" val="6"/>
<literal name="icmp_ln879_2" val="1"/>
</and_exp></or_exp>
</condition>

<Node id="118" bw="0" op_0_bw="0" op_1_bw="128" op_2_bw="1" op_3_bw="128" op_4_bw="1">
<![CDATA[
:0  call void @_ssdm_op_Write.axis.volatile.i128P.i1P(i128* %data_out_V_IQ_data_V, i1* %data_out_V_last_V, i128 %p_Result_51, i1 true)

]]></Node>
<StgValue><ssdm name="write_ln226"/></StgValue>
</operation>

<operation id="153" st_id="2" stage="1" lat="1">
<core>NULL</core>
<MemPortIdVec></MemPortIdVec>
<condition id="-1">
<or_exp><and_exp><literal name="ecpri_msg_state_load" val="5"/>
</and_exp></or_exp>
</condition>

<Node id="141" bw="128" op_0_bw="128" op_1_bw="8" op_2_bw="8" op_3_bw="8" op_4_bw="8" op_5_bw="8" op_6_bw="8" op_7_bw="8" op_8_bw="8" op_9_bw="8" op_10_bw="8" op_11_bw="8" op_12_bw="8" op_13_bw="8" op_14_bw="8" op_15_bw="8" op_16_bw="8">
<![CDATA[
:18  %p_Result_50 = call i128 @_ssdm_op_BitConcatenate.i128.i8.i8.i8.i8.i8.i8.i8.i8.i8.i8.i8.i8.i8.i8.i8.i8(i8 %trunc_ln647_1, i8 %p_Result_17, i8 %p_Result_18, i8 %p_Result_19, i8 %p_Result_20, i8 %p_Result_21, i8 %p_Result_22, i8 %p_Result_23, i8 %p_Result_24, i8 %p_Result_25, i8 %p_Result_26, i8 %p_Result_27, i8 %p_Result_28, i8 %p_Result_29, i8 %p_Result_30, i8 %p_Result_31)

]]></Node>
<StgValue><ssdm name="p_Result_50"/></StgValue>
</operation>

<operation id="154" st_id="2" stage="2" lat="2">
<core>AXI4Stream</core>
<MemPortIdVec></MemPortIdVec>
<condition id="-1">
<or_exp><and_exp><literal name="ecpri_msg_state_load" val="5"/>
</and_exp></or_exp>
</condition>

<Node id="142" bw="0" op_0_bw="0" op_1_bw="128" op_2_bw="1" op_3_bw="128" op_4_bw="1">
<![CDATA[
:19  call void @_ssdm_op_Write.axis.volatile.i128P.i1P(i128* %data_out_V_IQ_data_V, i1* %data_out_V_last_V, i128 %p_Result_50, i1 false)

]]></Node>
<StgValue><ssdm name="write_ln196"/></StgValue>
</operation>

<operation id="155" st_id="2" stage="1" lat="1">
<core>NULL</core>
<MemPortIdVec></MemPortIdVec>
<condition id="-1">
<or_exp><and_exp><literal name="ecpri_msg_state_load" val="4"/>
</and_exp></or_exp>
</condition>

<Node id="164" bw="128" op_0_bw="128" op_1_bw="8" op_2_bw="8" op_3_bw="8" op_4_bw="8" op_5_bw="8" op_6_bw="8" op_7_bw="8" op_8_bw="8" op_9_bw="8" op_10_bw="8" op_11_bw="8" op_12_bw="8" op_13_bw="8" op_14_bw="8" op_15_bw="8" op_16_bw="8">
<![CDATA[
:18  %p_Result_s_6 = call i128 @_ssdm_op_BitConcatenate.i128.i8.i8.i8.i8.i8.i8.i8.i8.i8.i8.i8.i8.i8.i8.i8.i8(i8 %trunc_ln647, i8 %p_Result_3, i8 %p_Result_4, i8 %p_Result_5, i8 %p_Result_6, i8 %p_Result_7, i8 %p_Result_8, i8 %p_Result_9, i8 %p_Result_2, i8 %p_Result_10, i8 %p_Result_11, i8 %p_Result_12, i8 %p_Result_13, i8 %p_Result_14, i8 %p_Result_15, i8 %p_Result_16)

]]></Node>
<StgValue><ssdm name="p_Result_s_6"/></StgValue>
</operation>

<operation id="156" st_id="2" stage="2" lat="2">
<core>AXI4Stream</core>
<MemPortIdVec></MemPortIdVec>
<condition id="-1">
<or_exp><and_exp><literal name="ecpri_msg_state_load" val="4"/>
</and_exp></or_exp>
</condition>

<Node id="165" bw="0" op_0_bw="0" op_1_bw="128" op_2_bw="1" op_3_bw="128" op_4_bw="1">
<![CDATA[
:19  call void @_ssdm_op_Write.axis.volatile.i128P.i1P(i128* %data_out_V_IQ_data_V, i1* %data_out_V_last_V, i128 %p_Result_s_6, i1 false)

]]></Node>
<StgValue><ssdm name="write_ln168"/></StgValue>
</operation>
</state>

<state id="3" st_id="3">

<operation id="157" st_id="3" stage="1" lat="1">
<core>NULL</core>
<MemPortIdVec></MemPortIdVec>
<condition id="-1">
<or_exp><and_exp></and_exp></or_exp>
</condition>

<Node id="16" bw="0" op_0_bw="0" op_1_bw="128">
<![CDATA[
codeRepl:0  call void (...)* @_ssdm_op_SpecBitsMap(i128* %data_in_V_data_V), !map !107

]]></Node>
<StgValue><ssdm name="specbitsmap_ln0"/></StgValue>
</operation>

<operation id="158" st_id="3" stage="1" lat="1">
<core>NULL</core>
<MemPortIdVec></MemPortIdVec>
<condition id="-1">
<or_exp><and_exp></and_exp></or_exp>
</condition>

<Node id="17" bw="0" op_0_bw="0" op_1_bw="1">
<![CDATA[
codeRepl:1  call void (...)* @_ssdm_op_SpecBitsMap(i1* %data_in_V_last_V), !map !111

]]></Node>
<StgValue><ssdm name="specbitsmap_ln0"/></StgValue>
</operation>

<operation id="159" st_id="3" stage="1" lat="1">
<core>NULL</core>
<MemPortIdVec></MemPortIdVec>
<condition id="-1">
<or_exp><and_exp></and_exp></or_exp>
</condition>

<Node id="18" bw="0" op_0_bw="0" op_1_bw="128">
<![CDATA[
codeRepl:2  call void (...)* @_ssdm_op_SpecBitsMap(i128* %data_out_V_IQ_data_V), !map !115

]]></Node>
<StgValue><ssdm name="specbitsmap_ln0"/></StgValue>
</operation>

<operation id="160" st_id="3" stage="1" lat="1">
<core>NULL</core>
<MemPortIdVec></MemPortIdVec>
<condition id="-1">
<or_exp><and_exp></and_exp></or_exp>
</condition>

<Node id="19" bw="0" op_0_bw="0" op_1_bw="1">
<![CDATA[
codeRepl:3  call void (...)* @_ssdm_op_SpecBitsMap(i1* %data_out_V_last_V), !map !119

]]></Node>
<StgValue><ssdm name="specbitsmap_ln0"/></StgValue>
</operation>

<operation id="161" st_id="3" stage="1" lat="1">
<core>NULL</core>
<MemPortIdVec></MemPortIdVec>
<condition id="-1">
<or_exp><and_exp></and_exp></or_exp>
</condition>

<Node id="20" bw="0" op_0_bw="0" op_1_bw="8">
<![CDATA[
codeRepl:4  call void (...)* @_ssdm_op_SpecBitsMap(i8* %counter_PRB_V), !map !123

]]></Node>
<StgValue><ssdm name="specbitsmap_ln0"/></StgValue>
</operation>

<operation id="162" st_id="3" stage="1" lat="1">
<core>NULL</core>
<MemPortIdVec></MemPortIdVec>
<condition id="-1">
<or_exp><and_exp></and_exp></or_exp>
</condition>

<Node id="21" bw="0" op_0_bw="0" op_1_bw="12">
<![CDATA[
codeRepl:5  call void (...)* @_ssdm_op_SpecBitsMap(i12* %PRB_count_each_section_V), !map !127

]]></Node>
<StgValue><ssdm name="specbitsmap_ln0"/></StgValue>
</operation>

<operation id="163" st_id="3" stage="1" lat="1">
<core>NULL</core>
<MemPortIdVec></MemPortIdVec>
<condition id="-1">
<or_exp><and_exp></and_exp></or_exp>
</condition>

<Node id="22" bw="0" op_0_bw="0" op_1_bw="4">
<![CDATA[
codeRepl:6  call void (...)* @_ssdm_op_SpecBitsMap(i4* %depack_symbol_number_V), !map !131

]]></Node>
<StgValue><ssdm name="specbitsmap_ln0"/></StgValue>
</operation>

<operation id="164" st_id="3" stage="1" lat="1">
<core>NULL</core>
<MemPortIdVec></MemPortIdVec>
<condition id="-1">
<or_exp><and_exp></and_exp></or_exp>
</condition>

<Node id="23" bw="0" op_0_bw="0" op_1_bw="8">
<![CDATA[
codeRepl:7  call void (...)* @_ssdm_op_SpecBitsMap(i8* %iq_msg_state_out_V), !map !135

]]></Node>
<StgValue><ssdm name="specbitsmap_ln0"/></StgValue>
</operation>

<operation id="165" st_id="3" stage="1" lat="1">
<core>NULL</core>
<MemPortIdVec></MemPortIdVec>
<condition id="-1">
<or_exp><and_exp></and_exp></or_exp>
</condition>

<Node id="24" bw="0" op_0_bw="0" op_1_bw="0">
<![CDATA[
codeRepl:8  call void (...)* @_ssdm_op_SpecTopModule([20 x i8]* @uplane_depacketiser_s) nounwind

]]></Node>
<StgValue><ssdm name="spectopmodule_ln0"/></StgValue>
</operation>

<operation id="166" st_id="3" stage="1" lat="1">
<core>NULL</core>
<MemPortIdVec></MemPortIdVec>
<condition id="-1">
<or_exp><and_exp></and_exp></or_exp>
</condition>

<Node id="25" bw="0" op_0_bw="0" op_1_bw="128" op_2_bw="1" op_3_bw="0" op_4_bw="32" op_5_bw="32" op_6_bw="0" op_7_bw="32" op_8_bw="32" op_9_bw="0" op_10_bw="0" op_11_bw="0" op_12_bw="32" op_13_bw="32" op_14_bw="32" op_15_bw="32" op_16_bw="0" op_17_bw="0">
<![CDATA[
codeRepl:9  call void (...)* @_ssdm_op_SpecInterface(i128* %data_out_V_IQ_data_V, i1* %data_out_V_last_V, [5 x i8]* @p_str, i32 1, i32 1, [5 x i8]* @p_str1, i32 0, i32 0, [1 x i8]* @p_str2, [1 x i8]* @p_str2, [1 x i8]* @p_str2, i32 0, i32 0, i32 0, i32 0, [1 x i8]* @p_str2, [1 x i8]* @p_str2) nounwind

]]></Node>
<StgValue><ssdm name="specinterface_ln14"/></StgValue>
</operation>

<operation id="167" st_id="3" stage="1" lat="1">
<core>NULL</core>
<MemPortIdVec></MemPortIdVec>
<condition id="-1">
<or_exp><and_exp></and_exp></or_exp>
</condition>

<Node id="26" bw="0" op_0_bw="0" op_1_bw="128" op_2_bw="1" op_3_bw="0" op_4_bw="32" op_5_bw="32" op_6_bw="0" op_7_bw="32" op_8_bw="32" op_9_bw="0" op_10_bw="0" op_11_bw="0" op_12_bw="32" op_13_bw="32" op_14_bw="32" op_15_bw="32" op_16_bw="0" op_17_bw="0">
<![CDATA[
codeRepl:10  call void (...)* @_ssdm_op_SpecInterface(i128* %data_in_V_data_V, i1* %data_in_V_last_V, [5 x i8]* @p_str, i32 1, i32 1, [5 x i8]* @p_str1, i32 0, i32 0, [1 x i8]* @p_str2, [1 x i8]* @p_str2, [1 x i8]* @p_str2, i32 0, i32 0, i32 0, i32 0, [1 x i8]* @p_str2, [1 x i8]* @p_str2) nounwind

]]></Node>
<StgValue><ssdm name="specinterface_ln15"/></StgValue>
</operation>

<operation id="168" st_id="3" stage="1" lat="1">
<core>NULL</core>
<MemPortIdVec></MemPortIdVec>
<condition id="-1">
<or_exp><and_exp></and_exp></or_exp>
</condition>

<Node id="27" bw="0" op_0_bw="0" op_1_bw="8" op_2_bw="0" op_3_bw="32" op_4_bw="32" op_5_bw="0" op_6_bw="32" op_7_bw="32" op_8_bw="0" op_9_bw="0" op_10_bw="0" op_11_bw="32" op_12_bw="32" op_13_bw="32" op_14_bw="32" op_15_bw="0" op_16_bw="0">
<![CDATA[
codeRepl:11  call void (...)* @_ssdm_op_SpecInterface(i8* %iq_msg_state_out_V, [8 x i8]* @p_str3, i32 0, i32 0, [1 x i8]* @p_str2, i32 0, i32 0, [1 x i8]* @p_str2, [1 x i8]* @p_str2, [1 x i8]* @p_str2, i32 0, i32 0, i32 0, i32 0, [1 x i8]* @p_str2, [1 x i8]* @p_str2) nounwind

]]></Node>
<StgValue><ssdm name="specinterface_ln16"/></StgValue>
</operation>

<operation id="169" st_id="3" stage="1" lat="1">
<core>NULL</core>
<MemPortIdVec></MemPortIdVec>
<condition id="-1">
<or_exp><and_exp></and_exp></or_exp>
</condition>

<Node id="28" bw="0" op_0_bw="0" op_1_bw="32" op_2_bw="32" op_3_bw="32" op_4_bw="32" op_5_bw="0">
<![CDATA[
codeRepl:12  call void (...)* @_ssdm_op_SpecPipeline(i32 1, i32 2, i32 1, i32 0, [1 x i8]* @p_str2) nounwind

]]></Node>
<StgValue><ssdm name="specpipeline_ln17"/></StgValue>
</operation>

<operation id="170" st_id="3" stage="1" lat="1">
<core>NULL</core>
<MemPortIdVec></MemPortIdVec>
<condition id="-1">
<or_exp><and_exp></and_exp></or_exp>
</condition>

<Node id="29" bw="0" op_0_bw="0" op_1_bw="8" op_2_bw="0" op_3_bw="32" op_4_bw="32" op_5_bw="0" op_6_bw="32" op_7_bw="32" op_8_bw="0" op_9_bw="0" op_10_bw="0" op_11_bw="32" op_12_bw="32" op_13_bw="32" op_14_bw="32" op_15_bw="0" op_16_bw="0">
<![CDATA[
codeRepl:13  call void (...)* @_ssdm_op_SpecInterface(i8* %counter_PRB_V, [8 x i8]* @p_str3, i32 0, i32 0, [1 x i8]* @p_str2, i32 0, i32 0, [1 x i8]* @p_str2, [1 x i8]* @p_str2, [1 x i8]* @p_str2, i32 0, i32 0, i32 0, i32 0, [1 x i8]* @p_str2, [1 x i8]* @p_str2) nounwind

]]></Node>
<StgValue><ssdm name="specinterface_ln18"/></StgValue>
</operation>

<operation id="171" st_id="3" stage="1" lat="1">
<core>NULL</core>
<MemPortIdVec></MemPortIdVec>
<condition id="-1">
<or_exp><and_exp></and_exp></or_exp>
</condition>

<Node id="30" bw="0" op_0_bw="0" op_1_bw="12" op_2_bw="0" op_3_bw="32" op_4_bw="32" op_5_bw="0" op_6_bw="32" op_7_bw="32" op_8_bw="0" op_9_bw="0" op_10_bw="0" op_11_bw="32" op_12_bw="32" op_13_bw="32" op_14_bw="32" op_15_bw="0" op_16_bw="0">
<![CDATA[
codeRepl:14  call void (...)* @_ssdm_op_SpecInterface(i12* %PRB_count_each_section_V, [8 x i8]* @p_str3, i32 0, i32 0, [1 x i8]* @p_str2, i32 0, i32 0, [1 x i8]* @p_str2, [1 x i8]* @p_str2, [1 x i8]* @p_str2, i32 0, i32 0, i32 0, i32 0, [1 x i8]* @p_str2, [1 x i8]* @p_str2) nounwind

]]></Node>
<StgValue><ssdm name="specinterface_ln19"/></StgValue>
</operation>

<operation id="172" st_id="3" stage="1" lat="1">
<core>NULL</core>
<MemPortIdVec></MemPortIdVec>
<condition id="-1">
<or_exp><and_exp></and_exp></or_exp>
</condition>

<Node id="31" bw="0" op_0_bw="0" op_1_bw="4" op_2_bw="0" op_3_bw="32" op_4_bw="32" op_5_bw="0" op_6_bw="32" op_7_bw="32" op_8_bw="0" op_9_bw="0" op_10_bw="0" op_11_bw="32" op_12_bw="32" op_13_bw="32" op_14_bw="32" op_15_bw="0" op_16_bw="0">
<![CDATA[
codeRepl:15  call void (...)* @_ssdm_op_SpecInterface(i4* %depack_symbol_number_V, [8 x i8]* @p_str3, i32 0, i32 0, [1 x i8]* @p_str2, i32 0, i32 0, [1 x i8]* @p_str2, [1 x i8]* @p_str2, [1 x i8]* @p_str2, i32 0, i32 0, i32 0, i32 0, [1 x i8]* @p_str2, [1 x i8]* @p_str2) nounwind

]]></Node>
<StgValue><ssdm name="specinterface_ln21"/></StgValue>
</operation>

<operation id="173" st_id="3" stage="1" lat="1">
<core>NULL</core>
<MemPortIdVec></MemPortIdVec>
<condition id="-1">
<or_exp><and_exp></and_exp></or_exp>
</condition>

<Node id="32" bw="0" op_0_bw="0" op_1_bw="32" op_2_bw="0" op_3_bw="32" op_4_bw="32" op_5_bw="0" op_6_bw="32" op_7_bw="32" op_8_bw="0" op_9_bw="0" op_10_bw="0" op_11_bw="32" op_12_bw="32" op_13_bw="32" op_14_bw="32" op_15_bw="0" op_16_bw="0">
<![CDATA[
codeRepl:16  call void (...)* @_ssdm_op_SpecInterface(i32 0, [13 x i8]* @p_str4, i32 0, i32 0, [1 x i8]* @p_str2, i32 0, i32 0, [1 x i8]* @p_str2, [1 x i8]* @p_str2, [1 x i8]* @p_str2, i32 0, i32 0, i32 0, i32 0, [1 x i8]* @p_str2, [1 x i8]* @p_str2) nounwind

]]></Node>
<StgValue><ssdm name="specinterface_ln22"/></StgValue>
</operation>

<operation id="174" st_id="3" stage="1" lat="1">
<core>NULL</core>
<MemPortIdVec></MemPortIdVec>
<condition id="-1">
<or_exp><and_exp></and_exp></or_exp>
</condition>

<Node id="33" bw="0" op_0_bw="0" op_1_bw="4" op_2_bw="32" op_3_bw="0">
<![CDATA[
codeRepl:17  call void (...)* @_ssdm_op_SpecReset(i4* @ecpri_msg_state, i32 1, [1 x i8]* @p_str2) nounwind

]]></Node>
<StgValue><ssdm name="specreset_ln45"/></StgValue>
</operation>

<operation id="175" st_id="3" stage="1" lat="1">
<core>NULL</core>
<MemPortIdVec></MemPortIdVec>
<condition id="-1">
<or_exp><and_exp></and_exp></or_exp>
</condition>

<Node id="35" bw="8" op_0_bw="4">
<![CDATA[
codeRepl:19  %zext_ln301 = zext i4 %ecpri_msg_state_load to i8

]]></Node>
<StgValue><ssdm name="zext_ln301"/></StgValue>
</operation>

<operation id="176" st_id="3" stage="1" lat="1">
<core>NULL</core>
<MemPortIdVec></MemPortIdVec>
<condition id="-1">
<or_exp><and_exp></and_exp></or_exp>
</condition>

<Node id="36" bw="0" op_0_bw="0" op_1_bw="8" op_2_bw="8">
<![CDATA[
codeRepl:20  call void @_ssdm_op_Write.ap_none.i8P(i8* %iq_msg_state_out_V, i8 %zext_ln301)

]]></Node>
<StgValue><ssdm name="write_ln50"/></StgValue>
</operation>

<operation id="177" st_id="3" stage="1" lat="1">
<core>NULL</core>
<MemPortIdVec></MemPortIdVec>
<condition id="-1">
<or_exp><and_exp><literal name="ecpri_msg_state_load" val="7"/>
<literal name="icmp_ln879_3" val="0"/>
</and_exp></or_exp>
</condition>

<Node id="62" bw="0" op_0_bw="0" op_1_bw="12" op_2_bw="12">
<![CDATA[
:7  call void @_ssdm_op_Write.ap_none.i12P(i12* %PRB_count_each_section_V, i12 %add_ln209_1)

]]></Node>
<StgValue><ssdm name="write_ln292"/></StgValue>
</operation>

<operation id="178" st_id="3" stage="1" lat="2">
<core>AXI4Stream</core>
<MemPortIdVec></MemPortIdVec>
<condition id="-1">
<or_exp><and_exp><literal name="ecpri_msg_state_load" val="6"/>
<literal name="icmp_ln879_2" val="0"/>
<literal name="icmp_ln887" val="0"/>
</and_exp></or_exp>
</condition>

<Node id="107" bw="0" op_0_bw="0" op_1_bw="128" op_2_bw="1" op_3_bw="128" op_4_bw="1">
<![CDATA[
:0  call void @_ssdm_op_Write.axis.volatile.i128P.i1P(i128* %data_out_V_IQ_data_V, i1* %data_out_V_last_V, i128 %p_Result_51, i1 false)

]]></Node>
<StgValue><ssdm name="write_ln245"/></StgValue>
</operation>

<operation id="179" st_id="3" stage="1" lat="1">
<core>AddSub</core>
<MemPortIdVec></MemPortIdVec>
<condition id="-1">
<or_exp><and_exp><literal name="ecpri_msg_state_load" val="6"/>
<literal name="icmp_ln879_2" val="0"/>
<literal name="icmp_ln887" val="1"/>
</and_exp></or_exp>
</condition>

<Node id="112" bw="8" op_0_bw="8" op_1_bw="8">
<![CDATA[
:0  %add_ln209_2 = add i8 %trunc_ln700, 1

]]></Node>
<StgValue><ssdm name="add_ln209_2"/></StgValue>
</operation>

<operation id="180" st_id="3" stage="1" lat="1">
<core>NULL</core>
<MemPortIdVec></MemPortIdVec>
<condition id="-1">
<or_exp><and_exp><literal name="ecpri_msg_state_load" val="6"/>
<literal name="icmp_ln879_2" val="0"/>
<literal name="icmp_ln887" val="1"/>
</and_exp></or_exp>
</condition>

<Node id="113" bw="0" op_0_bw="0" op_1_bw="8" op_2_bw="8">
<![CDATA[
:1  call void @_ssdm_op_Write.ap_none.i8P(i8* %counter_PRB_V, i8 %add_ln209_2)

]]></Node>
<StgValue><ssdm name="write_ln238"/></StgValue>
</operation>

<operation id="181" st_id="3" stage="1" lat="2">
<core>AXI4Stream</core>
<MemPortIdVec></MemPortIdVec>
<condition id="-1">
<or_exp><and_exp><literal name="ecpri_msg_state_load" val="6"/>
<literal name="icmp_ln879_2" val="0"/>
<literal name="icmp_ln887" val="1"/>
</and_exp></or_exp>
</condition>

<Node id="115" bw="0" op_0_bw="0" op_1_bw="128" op_2_bw="1" op_3_bw="128" op_4_bw="1">
<![CDATA[
:3  call void @_ssdm_op_Write.axis.volatile.i128P.i1P(i128* %data_out_V_IQ_data_V, i1* %data_out_V_last_V, i128 %p_Result_51, i1 false)

]]></Node>
<StgValue><ssdm name="write_ln253"/></StgValue>
</operation>

<operation id="182" st_id="3" stage="1" lat="2">
<core>AXI4Stream</core>
<MemPortIdVec></MemPortIdVec>
<condition id="-1">
<or_exp><and_exp><literal name="ecpri_msg_state_load" val="6"/>
<literal name="icmp_ln879_2" val="1"/>
</and_exp></or_exp>
</condition>

<Node id="118" bw="0" op_0_bw="0" op_1_bw="128" op_2_bw="1" op_3_bw="128" op_4_bw="1">
<![CDATA[
:0  call void @_ssdm_op_Write.axis.volatile.i128P.i1P(i128* %data_out_V_IQ_data_V, i1* %data_out_V_last_V, i128 %p_Result_51, i1 true)

]]></Node>
<StgValue><ssdm name="write_ln226"/></StgValue>
</operation>

<operation id="183" st_id="3" stage="1" lat="2">
<core>AXI4Stream</core>
<MemPortIdVec></MemPortIdVec>
<condition id="-1">
<or_exp><and_exp><literal name="ecpri_msg_state_load" val="5"/>
</and_exp></or_exp>
</condition>

<Node id="142" bw="0" op_0_bw="0" op_1_bw="128" op_2_bw="1" op_3_bw="128" op_4_bw="1">
<![CDATA[
:19  call void @_ssdm_op_Write.axis.volatile.i128P.i1P(i128* %data_out_V_IQ_data_V, i1* %data_out_V_last_V, i128 %p_Result_50, i1 false)

]]></Node>
<StgValue><ssdm name="write_ln196"/></StgValue>
</operation>

<operation id="184" st_id="3" stage="1" lat="2">
<core>AXI4Stream</core>
<MemPortIdVec></MemPortIdVec>
<condition id="-1">
<or_exp><and_exp><literal name="ecpri_msg_state_load" val="4"/>
</and_exp></or_exp>
</condition>

<Node id="165" bw="0" op_0_bw="0" op_1_bw="128" op_2_bw="1" op_3_bw="128" op_4_bw="1">
<![CDATA[
:19  call void @_ssdm_op_Write.axis.volatile.i128P.i1P(i128* %data_out_V_IQ_data_V, i1* %data_out_V_last_V, i128 %p_Result_s_6, i1 false)

]]></Node>
<StgValue><ssdm name="write_ln168"/></StgValue>
</operation>

<operation id="185" st_id="3" stage="1" lat="1">
<core>NULL</core>
<MemPortIdVec></MemPortIdVec>
<condition id="-1">
<or_exp><and_exp><literal name="ecpri_msg_state_load" val="2"/>
<literal name="App_skip_V_load" val="0"/>
</and_exp></or_exp>
</condition>

<Node id="177" bw="0" op_0_bw="0" op_1_bw="4" op_2_bw="4">
<![CDATA[
:4  call void @_ssdm_op_Write.ap_none.i4P(i4* %depack_symbol_number_V, i4 %trunc_ln)

]]></Node>
<StgValue><ssdm name="write_ln138"/></StgValue>
</operation>

<operation id="186" st_id="3" stage="1" lat="1">
<core>NULL</core>
<MemPortIdVec></MemPortIdVec>
<condition id="-1">
<or_exp><and_exp><literal name="ecpri_msg_state_load" val="2"/>
<literal name="App_skip_V_load" val="0"/>
</and_exp></or_exp>
</condition>

<Node id="182" bw="0" op_0_bw="0" op_1_bw="12" op_2_bw="12">
<![CDATA[
:9  call void @_ssdm_op_Write.ap_none.i12P(i12* %PRB_count_each_section_V, i12 %add_ln209)

]]></Node>
<StgValue><ssdm name="write_ln141"/></StgValue>
</operation>

<operation id="187" st_id="3" stage="1" lat="1">
<core>NULL</core>
<MemPortIdVec></MemPortIdVec>
<condition id="-1">
<or_exp><and_exp><literal name="ecpri_msg_state_load" val="2"/>
<literal name="App_skip_V_load" val="0"/>
</and_exp></or_exp>
</condition>

<Node id="184" bw="0" op_0_bw="0">
<![CDATA[
:11  br label %._crit_edge3880

]]></Node>
<StgValue><ssdm name="br_ln144"/></StgValue>
</operation>

<operation id="188" st_id="3" stage="1" lat="1">
<core>NULL</core>
<MemPortIdVec></MemPortIdVec>
<condition id="-1">
<or_exp><and_exp><literal name="PRB_fragmentation_V_1" val="1"/>
</and_exp></or_exp>
</condition>

<Node id="214" bw="0" op_0_bw="0">
<![CDATA[
mergeST1:1  br label %._crit_edge3878.new2

]]></Node>
<StgValue><ssdm name="br_ln0"/></StgValue>
</operation>

<operation id="189" st_id="3" stage="1" lat="1">
<core>NULL</core>
<MemPortIdVec></MemPortIdVec>
<condition id="-1">
<or_exp><and_exp><literal name="count_prb_V_flag_0" val="1"/>
</and_exp></or_exp>
</condition>

<Node id="219" bw="0" op_0_bw="0">
<![CDATA[
mergeST:1  br label %._crit_edge3878.new

]]></Node>
<StgValue><ssdm name="br_ln0"/></StgValue>
</operation>

<operation id="190" st_id="3" stage="1" lat="1">
<core>NULL</core>
<MemPortIdVec></MemPortIdVec>
<condition id="-1">
<or_exp><and_exp></and_exp></or_exp>
</condition>

<Node id="221" bw="0">
<![CDATA[
._crit_edge3878.new:0  ret void

]]></Node>
<StgValue><ssdm name="ret_ln307"/></StgValue>
</operation>
</state>
</state_list>


<ports>
</ports>


<dataflows>
</dataflows>


</stg>
