<annotationInfo>
<item  id="35" filename="Uplane_depacketiser/uplane_depacketiser.cpp" linenumber="50" name="zext_ln301" contextFuncName="uplane_depacketiser" moduleName="uplane_depacketiser" rtlName="iq_msg_state_out_V" latency="0" BRAM="-1" DSP="-1" FF="-1" LUT="-1" fileDirectory="/home/sai/Desktop/Looping_Hardware-design/hls_src/U_plane_src"><\/item>
<item  id="52" filename="Uplane_depacketiser/uplane_depacketiser.cpp" linenumber="259" name="icmp_ln879_3" contextFuncName="uplane_depacketiser" moduleName="uplane_depacketiser" rtlName="icmp_ln879_3_fu_712_p2" latency="0" BRAM="-1" DSP="-1" FF="0" LUT="13" fileDirectory="/home/sai/Desktop/Looping_Hardware-design/hls_src/U_plane_src"><\/item>
<item  id="57" filename="Uplane_depacketiser/uplane_depacketiser.cpp" linenumber="285" name="p_Result_49" contextFuncName="uplane_depacketiser" moduleName="uplane_depacketiser" rtlName="section_Prbu_V" latency="0" BRAM="-1" DSP="-1" FF="-1" LUT="-1" fileDirectory="/home/sai/Desktop/Looping_Hardware-design/hls_src/U_plane_src"><\/item>
<item  id="59" filename="Uplane_depacketiser/uplane_depacketiser.cpp" linenumber="291" name="zext_ln209_1" contextFuncName="uplane_depacketiser" moduleName="uplane_depacketiser" rtlName="zext_ln209_1_fu_724_p1" latency="0" BRAM="-1" DSP="-1" FF="-1" LUT="-1" fileDirectory="/home/sai/Desktop/Looping_Hardware-design/hls_src/U_plane_src"><\/item>
<item  id="60" filename="Uplane_depacketiser/uplane_depacketiser.cpp" linenumber="291" name="add_ln209_1" contextFuncName="uplane_depacketiser" moduleName="uplane_depacketiser" rtlName="add_ln209_1_fu_728_p2" latency="0" BRAM="-1" DSP="-1" FF="0" LUT="19" fileDirectory="/home/sai/Desktop/Looping_Hardware-design/hls_src/U_plane_src"><\/item>
<item  id="66" filename="Uplane_depacketiser/uplane_depacketiser.cpp" linenumber="261" name="icmp_ln879_4" contextFuncName="uplane_depacketiser" moduleName="uplane_depacketiser" rtlName="icmp_ln879_4_fu_740_p2" latency="0" BRAM="-1" DSP="-1" FF="0" LUT="11" fileDirectory="/home/sai/Desktop/Looping_Hardware-design/hls_src/U_plane_src"><\/item>
<item  id="80" filename="Uplane_depacketiser/uplane_depacketiser.cpp" linenumber="205" name="trunc_ln647_2" contextFuncName="uplane_depacketiser" moduleName="uplane_depacketiser" rtlName="trunc_ln647_2_fu_752_p1" latency="0" BRAM="-1" DSP="-1" FF="-1" LUT="-1" fileDirectory="/home/sai/Desktop/Looping_Hardware-design/hls_src/U_plane_src"><\/item>
<item  id="81" filename="Uplane_depacketiser/uplane_depacketiser.cpp" linenumber="206" name="p_Result_32" contextFuncName="uplane_depacketiser" moduleName="uplane_depacketiser" rtlName="reg_618" latency="0" BRAM="-1" DSP="-1" FF="-1" LUT="-1" fileDirectory="/home/sai/Desktop/Looping_Hardware-design/hls_src/U_plane_src"><\/item>
<item  id="82" filename="Uplane_depacketiser/uplane_depacketiser.cpp" linenumber="207" name="p_Result_33" contextFuncName="uplane_depacketiser" moduleName="uplane_depacketiser" rtlName="reg_622" latency="0" BRAM="-1" DSP="-1" FF="-1" LUT="-1" fileDirectory="/home/sai/Desktop/Looping_Hardware-design/hls_src/U_plane_src"><\/item>
<item  id="83" filename="Uplane_depacketiser/uplane_depacketiser.cpp" linenumber="208" name="p_Result_34" contextFuncName="uplane_depacketiser" moduleName="uplane_depacketiser" rtlName="section_Prbu_V" latency="0" BRAM="-1" DSP="-1" FF="-1" LUT="-1" fileDirectory="/home/sai/Desktop/Looping_Hardware-design/hls_src/U_plane_src"><\/item>
<item  id="84" filename="Uplane_depacketiser/uplane_depacketiser.cpp" linenumber="209" name="p_Result_35" contextFuncName="uplane_depacketiser" moduleName="uplane_depacketiser" rtlName="reg_630" latency="0" BRAM="-1" DSP="-1" FF="-1" LUT="-1" fileDirectory="/home/sai/Desktop/Looping_Hardware-design/hls_src/U_plane_src"><\/item>
<item  id="85" filename="Uplane_depacketiser/uplane_depacketiser.cpp" linenumber="210" name="p_Result_36" contextFuncName="uplane_depacketiser" moduleName="uplane_depacketiser" rtlName="reg_634" latency="0" BRAM="-1" DSP="-1" FF="-1" LUT="-1" fileDirectory="/home/sai/Desktop/Looping_Hardware-design/hls_src/U_plane_src"><\/item>
<item  id="86" filename="Uplane_depacketiser/uplane_depacketiser.cpp" linenumber="211" name="p_Result_37" contextFuncName="uplane_depacketiser" moduleName="uplane_depacketiser" rtlName="reg_638" latency="0" BRAM="-1" DSP="-1" FF="-1" LUT="-1" fileDirectory="/home/sai/Desktop/Looping_Hardware-design/hls_src/U_plane_src"><\/item>
<item  id="87" filename="Uplane_depacketiser/uplane_depacketiser.cpp" linenumber="212" name="p_Result_38" contextFuncName="uplane_depacketiser" moduleName="uplane_depacketiser" rtlName="reg_642" latency="0" BRAM="-1" DSP="-1" FF="-1" LUT="-1" fileDirectory="/home/sai/Desktop/Looping_Hardware-design/hls_src/U_plane_src"><\/item>
<item  id="88" filename="Uplane_depacketiser/uplane_depacketiser.cpp" linenumber="213" name="p_Result_39" contextFuncName="uplane_depacketiser" moduleName="uplane_depacketiser" rtlName="reg_646" latency="0" BRAM="-1" DSP="-1" FF="-1" LUT="-1" fileDirectory="/home/sai/Desktop/Looping_Hardware-design/hls_src/U_plane_src"><\/item>
<item  id="89" filename="Uplane_depacketiser/uplane_depacketiser.cpp" linenumber="214" name="p_Result_40" contextFuncName="uplane_depacketiser" moduleName="uplane_depacketiser" rtlName="reg_650" latency="0" BRAM="-1" DSP="-1" FF="-1" LUT="-1" fileDirectory="/home/sai/Desktop/Looping_Hardware-design/hls_src/U_plane_src"><\/item>
<item  id="90" filename="Uplane_depacketiser/uplane_depacketiser.cpp" linenumber="215" name="p_Result_41" contextFuncName="uplane_depacketiser" moduleName="uplane_depacketiser" rtlName="reg_654" latency="0" BRAM="-1" DSP="-1" FF="-1" LUT="-1" fileDirectory="/home/sai/Desktop/Looping_Hardware-design/hls_src/U_plane_src"><\/item>
<item  id="91" filename="Uplane_depacketiser/uplane_depacketiser.cpp" linenumber="216" name="p_Result_42" contextFuncName="uplane_depacketiser" moduleName="uplane_depacketiser" rtlName="reg_658" latency="0" BRAM="-1" DSP="-1" FF="-1" LUT="-1" fileDirectory="/home/sai/Desktop/Looping_Hardware-design/hls_src/U_plane_src"><\/item>
<item  id="92" filename="Uplane_depacketiser/uplane_depacketiser.cpp" linenumber="217" name="p_Result_43" contextFuncName="uplane_depacketiser" moduleName="uplane_depacketiser" rtlName="reg_662" latency="0" BRAM="-1" DSP="-1" FF="-1" LUT="-1" fileDirectory="/home/sai/Desktop/Looping_Hardware-design/hls_src/U_plane_src"><\/item>
<item  id="93" filename="Uplane_depacketiser/uplane_depacketiser.cpp" linenumber="218" name="p_Result_44" contextFuncName="uplane_depacketiser" moduleName="uplane_depacketiser" rtlName="section_Prbu_V" latency="0" BRAM="-1" DSP="-1" FF="-1" LUT="-1" fileDirectory="/home/sai/Desktop/Looping_Hardware-design/hls_src/U_plane_src"><\/item>
<item  id="94" filename="Uplane_depacketiser/uplane_depacketiser.cpp" linenumber="219" name="p_Result_45" contextFuncName="uplane_depacketiser" moduleName="uplane_depacketiser" rtlName="reg_670" latency="0" BRAM="-1" DSP="-1" FF="-1" LUT="-1" fileDirectory="/home/sai/Desktop/Looping_Hardware-design/hls_src/U_plane_src"><\/item>
<item  id="95" filename="Uplane_depacketiser/uplane_depacketiser.cpp" linenumber="220" name="p_Result_46" contextFuncName="uplane_depacketiser" moduleName="uplane_depacketiser" rtlName="reg_674" latency="0" BRAM="-1" DSP="-1" FF="-1" LUT="-1" fileDirectory="/home/sai/Desktop/Looping_Hardware-design/hls_src/U_plane_src"><\/item>
<item  id="96" filename="Uplane_depacketiser/uplane_depacketiser.cpp" linenumber="220" name="p_Result_51" contextFuncName="uplane_depacketiser" moduleName="uplane_depacketiser" rtlName="p_Result_51_fu_944_p17" latency="0" BRAM="-1" DSP="-1" FF="-1" LUT="-1" fileDirectory="/home/sai/Desktop/Looping_Hardware-design/hls_src/U_plane_src"><\/item>
<item  id="97" filename="Uplane_depacketiser/uplane_depacketiser.cpp" linenumber="222" name="add_ln700" contextFuncName="uplane_depacketiser" moduleName="uplane_depacketiser" rtlName="add_ln700_fu_756_p2" latency="0" BRAM="-1" DSP="-1" FF="0" LUT="15" fileDirectory="/home/sai/Desktop/Looping_Hardware-design/hls_src/U_plane_src"><\/item>
<item  id="98" filename="Uplane_depacketiser/uplane_depacketiser.cpp" linenumber="223" name="icmp_ln879_2" contextFuncName="uplane_depacketiser" moduleName="uplane_depacketiser" rtlName="icmp_ln879_2_fu_764_p2" latency="0" BRAM="-1" DSP="-1" FF="0" LUT="11" fileDirectory="/home/sai/Desktop/Looping_Hardware-design/hls_src/U_plane_src"><\/item>
<item  id="101" filename="Uplane_depacketiser/uplane_depacketiser.cpp" linenumber="234" name="trunc_ln700" contextFuncName="uplane_depacketiser" moduleName="uplane_depacketiser" rtlName="trunc_ln700_fu_770_p1" latency="0" BRAM="-1" DSP="-1" FF="-1" LUT="-1" fileDirectory="/home/sai/Desktop/Looping_Hardware-design/hls_src/U_plane_src"><\/item>
<item  id="102" filename="Uplane_depacketiser/uplane_depacketiser.cpp" linenumber="234" name="add_ln700_2" contextFuncName="uplane_depacketiser" moduleName="uplane_depacketiser" rtlName="add_ln700_2_fu_774_p2" latency="0" BRAM="-1" DSP="-1" FF="0" LUT="17" fileDirectory="/home/sai/Desktop/Looping_Hardware-design/hls_src/U_plane_src"><\/item>
<item  id="103" filename="Uplane_depacketiser/uplane_depacketiser.cpp" linenumber="235" name="zext_ln887" contextFuncName="uplane_depacketiser" moduleName="uplane_depacketiser" rtlName="zext_ln887_fu_781_p1" latency="0" BRAM="-1" DSP="-1" FF="-1" LUT="-1" fileDirectory="/home/sai/Desktop/Looping_Hardware-design/hls_src/U_plane_src"><\/item>
<item  id="104" filename="Uplane_depacketiser/uplane_depacketiser.cpp" linenumber="235" name="icmp_ln887" contextFuncName="uplane_depacketiser" moduleName="uplane_depacketiser" rtlName="icmp_ln887_fu_785_p2" latency="0" BRAM="-1" DSP="-1" FF="0" LUT="13" fileDirectory="/home/sai/Desktop/Looping_Hardware-design/hls_src/U_plane_src"><\/item>
<item  id="112" filename="Uplane_depacketiser/uplane_depacketiser.cpp" linenumber="238" name="add_ln209_2" contextFuncName="uplane_depacketiser" moduleName="uplane_depacketiser" rtlName="counter_PRB_V" latency="0" BRAM="-1" DSP="-1" FF="0" LUT="15" fileDirectory="/home/sai/Desktop/Looping_Hardware-design/hls_src/U_plane_src"><\/item>
<item  id="120" filename="Uplane_depacketiser/uplane_depacketiser.cpp" linenumber="229" name="add_ln700_1" contextFuncName="uplane_depacketiser" moduleName="uplane_depacketiser" rtlName="add_ln700_1_fu_803_p2" latency="0" BRAM="-1" DSP="-1" FF="0" LUT="17" fileDirectory="/home/sai/Desktop/Looping_Hardware-design/hls_src/U_plane_src"><\/item>
<item  id="125" filename="Uplane_depacketiser/uplane_depacketiser.cpp" linenumber="177" name="trunc_ln647_1" contextFuncName="uplane_depacketiser" moduleName="uplane_depacketiser" rtlName="trunc_ln647_1_fu_810_p1" latency="0" BRAM="-1" DSP="-1" FF="-1" LUT="-1" fileDirectory="/home/sai/Desktop/Looping_Hardware-design/hls_src/U_plane_src"><\/item>
<item  id="126" filename="Uplane_depacketiser/uplane_depacketiser.cpp" linenumber="178" name="p_Result_17" contextFuncName="uplane_depacketiser" moduleName="uplane_depacketiser" rtlName="reg_618" latency="0" BRAM="-1" DSP="-1" FF="-1" LUT="-1" fileDirectory="/home/sai/Desktop/Looping_Hardware-design/hls_src/U_plane_src"><\/item>
<item  id="127" filename="Uplane_depacketiser/uplane_depacketiser.cpp" linenumber="179" name="p_Result_18" contextFuncName="uplane_depacketiser" moduleName="uplane_depacketiser" rtlName="reg_622" latency="0" BRAM="-1" DSP="-1" FF="-1" LUT="-1" fileDirectory="/home/sai/Desktop/Looping_Hardware-design/hls_src/U_plane_src"><\/item>
<item  id="128" filename="Uplane_depacketiser/uplane_depacketiser.cpp" linenumber="180" name="p_Result_19" contextFuncName="uplane_depacketiser" moduleName="uplane_depacketiser" rtlName="section_Prbu_V" latency="0" BRAM="-1" DSP="-1" FF="-1" LUT="-1" fileDirectory="/home/sai/Desktop/Looping_Hardware-design/hls_src/U_plane_src"><\/item>
<item  id="129" filename="Uplane_depacketiser/uplane_depacketiser.cpp" linenumber="181" name="p_Result_20" contextFuncName="uplane_depacketiser" moduleName="uplane_depacketiser" rtlName="reg_630" latency="0" BRAM="-1" DSP="-1" FF="-1" LUT="-1" fileDirectory="/home/sai/Desktop/Looping_Hardware-design/hls_src/U_plane_src"><\/item>
<item  id="130" filename="Uplane_depacketiser/uplane_depacketiser.cpp" linenumber="182" name="p_Result_21" contextFuncName="uplane_depacketiser" moduleName="uplane_depacketiser" rtlName="reg_634" latency="0" BRAM="-1" DSP="-1" FF="-1" LUT="-1" fileDirectory="/home/sai/Desktop/Looping_Hardware-design/hls_src/U_plane_src"><\/item>
<item  id="131" filename="Uplane_depacketiser/uplane_depacketiser.cpp" linenumber="183" name="p_Result_22" contextFuncName="uplane_depacketiser" moduleName="uplane_depacketiser" rtlName="reg_638" latency="0" BRAM="-1" DSP="-1" FF="-1" LUT="-1" fileDirectory="/home/sai/Desktop/Looping_Hardware-design/hls_src/U_plane_src"><\/item>
<item  id="132" filename="Uplane_depacketiser/uplane_depacketiser.cpp" linenumber="184" name="p_Result_23" contextFuncName="uplane_depacketiser" moduleName="uplane_depacketiser" rtlName="reg_642" latency="0" BRAM="-1" DSP="-1" FF="-1" LUT="-1" fileDirectory="/home/sai/Desktop/Looping_Hardware-design/hls_src/U_plane_src"><\/item>
<item  id="133" filename="Uplane_depacketiser/uplane_depacketiser.cpp" linenumber="185" name="p_Result_24" contextFuncName="uplane_depacketiser" moduleName="uplane_depacketiser" rtlName="reg_646" latency="0" BRAM="-1" DSP="-1" FF="-1" LUT="-1" fileDirectory="/home/sai/Desktop/Looping_Hardware-design/hls_src/U_plane_src"><\/item>
<item  id="134" filename="Uplane_depacketiser/uplane_depacketiser.cpp" linenumber="186" name="p_Result_25" contextFuncName="uplane_depacketiser" moduleName="uplane_depacketiser" rtlName="reg_650" latency="0" BRAM="-1" DSP="-1" FF="-1" LUT="-1" fileDirectory="/home/sai/Desktop/Looping_Hardware-design/hls_src/U_plane_src"><\/item>
<item  id="135" filename="Uplane_depacketiser/uplane_depacketiser.cpp" linenumber="187" name="p_Result_26" contextFuncName="uplane_depacketiser" moduleName="uplane_depacketiser" rtlName="reg_654" latency="0" BRAM="-1" DSP="-1" FF="-1" LUT="-1" fileDirectory="/home/sai/Desktop/Looping_Hardware-design/hls_src/U_plane_src"><\/item>
<item  id="136" filename="Uplane_depacketiser/uplane_depacketiser.cpp" linenumber="188" name="p_Result_27" contextFuncName="uplane_depacketiser" moduleName="uplane_depacketiser" rtlName="reg_658" latency="0" BRAM="-1" DSP="-1" FF="-1" LUT="-1" fileDirectory="/home/sai/Desktop/Looping_Hardware-design/hls_src/U_plane_src"><\/item>
<item  id="137" filename="Uplane_depacketiser/uplane_depacketiser.cpp" linenumber="189" name="p_Result_28" contextFuncName="uplane_depacketiser" moduleName="uplane_depacketiser" rtlName="reg_662" latency="0" BRAM="-1" DSP="-1" FF="-1" LUT="-1" fileDirectory="/home/sai/Desktop/Looping_Hardware-design/hls_src/U_plane_src"><\/item>
<item  id="138" filename="Uplane_depacketiser/uplane_depacketiser.cpp" linenumber="190" name="p_Result_29" contextFuncName="uplane_depacketiser" moduleName="uplane_depacketiser" rtlName="section_Prbu_V" latency="0" BRAM="-1" DSP="-1" FF="-1" LUT="-1" fileDirectory="/home/sai/Desktop/Looping_Hardware-design/hls_src/U_plane_src"><\/item>
<item  id="139" filename="Uplane_depacketiser/uplane_depacketiser.cpp" linenumber="191" name="p_Result_30" contextFuncName="uplane_depacketiser" moduleName="uplane_depacketiser" rtlName="reg_670" latency="0" BRAM="-1" DSP="-1" FF="-1" LUT="-1" fileDirectory="/home/sai/Desktop/Looping_Hardware-design/hls_src/U_plane_src"><\/item>
<item  id="140" filename="Uplane_depacketiser/uplane_depacketiser.cpp" linenumber="192" name="p_Result_31" contextFuncName="uplane_depacketiser" moduleName="uplane_depacketiser" rtlName="reg_674" latency="0" BRAM="-1" DSP="-1" FF="-1" LUT="-1" fileDirectory="/home/sai/Desktop/Looping_Hardware-design/hls_src/U_plane_src"><\/item>
<item  id="141" filename="Uplane_depacketiser/uplane_depacketiser.cpp" linenumber="192" name="p_Result_50" contextFuncName="uplane_depacketiser" moduleName="uplane_depacketiser" rtlName="p_Result_50_fu_980_p17" latency="0" BRAM="-1" DSP="-1" FF="-1" LUT="-1" fileDirectory="/home/sai/Desktop/Looping_Hardware-design/hls_src/U_plane_src"><\/item>
<item  id="148" filename="Uplane_depacketiser/uplane_depacketiser.cpp" linenumber="150" name="trunc_ln647" contextFuncName="uplane_depacketiser" moduleName="uplane_depacketiser" rtlName="trunc_ln647_fu_820_p1" latency="0" BRAM="-1" DSP="-1" FF="-1" LUT="-1" fileDirectory="/home/sai/Desktop/Looping_Hardware-design/hls_src/U_plane_src"><\/item>
<item  id="149" filename="Uplane_depacketiser/uplane_depacketiser.cpp" linenumber="151" name="p_Result_3" contextFuncName="uplane_depacketiser" moduleName="uplane_depacketiser" rtlName="reg_618" latency="0" BRAM="-1" DSP="-1" FF="-1" LUT="-1" fileDirectory="/home/sai/Desktop/Looping_Hardware-design/hls_src/U_plane_src"><\/item>
<item  id="150" filename="Uplane_depacketiser/uplane_depacketiser.cpp" linenumber="152" name="p_Result_4" contextFuncName="uplane_depacketiser" moduleName="uplane_depacketiser" rtlName="reg_622" latency="0" BRAM="-1" DSP="-1" FF="-1" LUT="-1" fileDirectory="/home/sai/Desktop/Looping_Hardware-design/hls_src/U_plane_src"><\/item>
<item  id="151" filename="Uplane_depacketiser/uplane_depacketiser.cpp" linenumber="153" name="p_Result_5" contextFuncName="uplane_depacketiser" moduleName="uplane_depacketiser" rtlName="section_Prbu_V" latency="0" BRAM="-1" DSP="-1" FF="-1" LUT="-1" fileDirectory="/home/sai/Desktop/Looping_Hardware-design/hls_src/U_plane_src"><\/item>
<item  id="152" filename="Uplane_depacketiser/uplane_depacketiser.cpp" linenumber="154" name="p_Result_6" contextFuncName="uplane_depacketiser" moduleName="uplane_depacketiser" rtlName="reg_630" latency="0" BRAM="-1" DSP="-1" FF="-1" LUT="-1" fileDirectory="/home/sai/Desktop/Looping_Hardware-design/hls_src/U_plane_src"><\/item>
<item  id="153" filename="Uplane_depacketiser/uplane_depacketiser.cpp" linenumber="155" name="p_Result_7" contextFuncName="uplane_depacketiser" moduleName="uplane_depacketiser" rtlName="reg_634" latency="0" BRAM="-1" DSP="-1" FF="-1" LUT="-1" fileDirectory="/home/sai/Desktop/Looping_Hardware-design/hls_src/U_plane_src"><\/item>
<item  id="154" filename="Uplane_depacketiser/uplane_depacketiser.cpp" linenumber="156" name="p_Result_8" contextFuncName="uplane_depacketiser" moduleName="uplane_depacketiser" rtlName="reg_638" latency="0" BRAM="-1" DSP="-1" FF="-1" LUT="-1" fileDirectory="/home/sai/Desktop/Looping_Hardware-design/hls_src/U_plane_src"><\/item>
<item  id="155" filename="Uplane_depacketiser/uplane_depacketiser.cpp" linenumber="157" name="p_Result_9" contextFuncName="uplane_depacketiser" moduleName="uplane_depacketiser" rtlName="reg_642" latency="0" BRAM="-1" DSP="-1" FF="-1" LUT="-1" fileDirectory="/home/sai/Desktop/Looping_Hardware-design/hls_src/U_plane_src"><\/item>
<item  id="156" filename="Uplane_depacketiser/uplane_depacketiser.cpp" linenumber="158" name="p_Result_2" contextFuncName="uplane_depacketiser" moduleName="uplane_depacketiser" rtlName="reg_646" latency="0" BRAM="-1" DSP="-1" FF="-1" LUT="-1" fileDirectory="/home/sai/Desktop/Looping_Hardware-design/hls_src/U_plane_src"><\/item>
<item  id="157" filename="Uplane_depacketiser/uplane_depacketiser.cpp" linenumber="159" name="p_Result_10" contextFuncName="uplane_depacketiser" moduleName="uplane_depacketiser" rtlName="reg_650" latency="0" BRAM="-1" DSP="-1" FF="-1" LUT="-1" fileDirectory="/home/sai/Desktop/Looping_Hardware-design/hls_src/U_plane_src"><\/item>
<item  id="158" filename="Uplane_depacketiser/uplane_depacketiser.cpp" linenumber="160" name="p_Result_11" contextFuncName="uplane_depacketiser" moduleName="uplane_depacketiser" rtlName="reg_654" latency="0" BRAM="-1" DSP="-1" FF="-1" LUT="-1" fileDirectory="/home/sai/Desktop/Looping_Hardware-design/hls_src/U_plane_src"><\/item>
<item  id="159" filename="Uplane_depacketiser/uplane_depacketiser.cpp" linenumber="161" name="p_Result_12" contextFuncName="uplane_depacketiser" moduleName="uplane_depacketiser" rtlName="reg_658" latency="0" BRAM="-1" DSP="-1" FF="-1" LUT="-1" fileDirectory="/home/sai/Desktop/Looping_Hardware-design/hls_src/U_plane_src"><\/item>
<item  id="160" filename="Uplane_depacketiser/uplane_depacketiser.cpp" linenumber="162" name="p_Result_13" contextFuncName="uplane_depacketiser" moduleName="uplane_depacketiser" rtlName="reg_662" latency="0" BRAM="-1" DSP="-1" FF="-1" LUT="-1" fileDirectory="/home/sai/Desktop/Looping_Hardware-design/hls_src/U_plane_src"><\/item>
<item  id="161" filename="Uplane_depacketiser/uplane_depacketiser.cpp" linenumber="163" name="p_Result_14" contextFuncName="uplane_depacketiser" moduleName="uplane_depacketiser" rtlName="section_Prbu_V" latency="0" BRAM="-1" DSP="-1" FF="-1" LUT="-1" fileDirectory="/home/sai/Desktop/Looping_Hardware-design/hls_src/U_plane_src"><\/item>
<item  id="162" filename="Uplane_depacketiser/uplane_depacketiser.cpp" linenumber="164" name="p_Result_15" contextFuncName="uplane_depacketiser" moduleName="uplane_depacketiser" rtlName="reg_670" latency="0" BRAM="-1" DSP="-1" FF="-1" LUT="-1" fileDirectory="/home/sai/Desktop/Looping_Hardware-design/hls_src/U_plane_src"><\/item>
<item  id="163" filename="Uplane_depacketiser/uplane_depacketiser.cpp" linenumber="165" name="p_Result_16" contextFuncName="uplane_depacketiser" moduleName="uplane_depacketiser" rtlName="reg_674" latency="0" BRAM="-1" DSP="-1" FF="-1" LUT="-1" fileDirectory="/home/sai/Desktop/Looping_Hardware-design/hls_src/U_plane_src"><\/item>
<item  id="164" filename="Uplane_depacketiser/uplane_depacketiser.cpp" linenumber="165" name="p_Result_s_6" contextFuncName="uplane_depacketiser" moduleName="uplane_depacketiser" rtlName="p_Result_s_6_fu_1016_p17" latency="0" BRAM="-1" DSP="-1" FF="-1" LUT="-1" fileDirectory="/home/sai/Desktop/Looping_Hardware-design/hls_src/U_plane_src"><\/item>
<item  id="173" filename="Uplane_depacketiser/uplane_depacketiser.cpp" linenumber="123" name="p_Result_47" contextFuncName="uplane_depacketiser" moduleName="uplane_depacketiser" rtlName="symbolID_V" latency="0" BRAM="-1" DSP="-1" FF="-1" LUT="-1" fileDirectory="/home/sai/Desktop/Looping_Hardware-design/hls_src/U_plane_src"><\/item>
<item  id="174" filename="Uplane_depacketiser/uplane_depacketiser.cpp" linenumber="133" name="p_Result_48" contextFuncName="uplane_depacketiser" moduleName="uplane_depacketiser" rtlName="section_Prbu_V" latency="0" BRAM="-1" DSP="-1" FF="-1" LUT="-1" fileDirectory="/home/sai/Desktop/Looping_Hardware-design/hls_src/U_plane_src"><\/item>
<item  id="176" filename="Uplane_depacketiser/uplane_depacketiser.cpp" linenumber="138" name="trunc_ln" contextFuncName="uplane_depacketiser" moduleName="uplane_depacketiser" rtlName="trunc_ln_reg_1111" latency="0" BRAM="-1" DSP="-1" FF="-1" LUT="-1" fileDirectory="/home/sai/Desktop/Looping_Hardware-design/hls_src/U_plane_src"><\/item>
<item  id="179" filename="Uplane_depacketiser/uplane_depacketiser.cpp" linenumber="140" name="zext_ln209" contextFuncName="uplane_depacketiser" moduleName="uplane_depacketiser" rtlName="zext_ln209_fu_862_p1" latency="0" BRAM="-1" DSP="-1" FF="-1" LUT="-1" fileDirectory="/home/sai/Desktop/Looping_Hardware-design/hls_src/U_plane_src"><\/item>
<item  id="180" filename="Uplane_depacketiser/uplane_depacketiser.cpp" linenumber="140" name="add_ln209" contextFuncName="uplane_depacketiser" moduleName="uplane_depacketiser" rtlName="add_ln209_fu_866_p2" latency="0" BRAM="-1" DSP="-1" FF="0" LUT="19" fileDirectory="/home/sai/Desktop/Looping_Hardware-design/hls_src/U_plane_src"><\/item>
<item  id="191" filename="Uplane_depacketiser/uplane_depacketiser.cpp" linenumber="81" name="p_Result_s" contextFuncName="uplane_depacketiser" moduleName="uplane_depacketiser" rtlName="p_Result_s_fu_884_p4" latency="0" BRAM="-1" DSP="-1" FF="-1" LUT="-1" fileDirectory="/home/sai/Desktop/Looping_Hardware-design/hls_src/U_plane_src"><\/item>
<item  id="192" filename="Uplane_depacketiser/uplane_depacketiser.cpp" linenumber="85" name="p_Result_1" contextFuncName="uplane_depacketiser" moduleName="uplane_depacketiser" rtlName="reg_674" latency="0" BRAM="-1" DSP="-1" FF="-1" LUT="-1" fileDirectory="/home/sai/Desktop/Looping_Hardware-design/hls_src/U_plane_src"><\/item>
<item  id="193" filename="Uplane_depacketiser/uplane_depacketiser.cpp" linenumber="88" name="icmp_ln879" contextFuncName="uplane_depacketiser" moduleName="uplane_depacketiser" rtlName="icmp_ln879_fu_894_p2" latency="0" BRAM="-1" DSP="-1" FF="0" LUT="13" fileDirectory="/home/sai/Desktop/Looping_Hardware-design/hls_src/U_plane_src"><\/item>
<item  id="194" filename="Uplane_depacketiser/uplane_depacketiser.cpp" linenumber="90" name="icmp_ln879_1" contextFuncName="uplane_depacketiser" moduleName="uplane_depacketiser" rtlName="icmp_ln879_1_fu_900_p2" latency="0" BRAM="-1" DSP="-1" FF="0" LUT="11" fileDirectory="/home/sai/Desktop/Looping_Hardware-design/hls_src/U_plane_src"><\/item>
<item  id="195" filename="Uplane_depacketiser/uplane_depacketiser.cpp" linenumber="90" name="select_ln90" contextFuncName="uplane_depacketiser" moduleName="uplane_depacketiser" rtlName="select_ln90_fu_906_p3" latency="0" BRAM="-1" DSP="-1" FF="0" LUT="3" fileDirectory="/home/sai/Desktop/Looping_Hardware-design/hls_src/U_plane_src"><\/item>
<item  id="196" filename="Uplane_depacketiser/uplane_depacketiser.cpp" linenumber="88" name="select_ln879" contextFuncName="uplane_depacketiser" moduleName="uplane_depacketiser" rtlName="select_ln879_fu_914_p3" latency="0" BRAM="-1" DSP="-1" FF="0" LUT="2" fileDirectory="/home/sai/Desktop/Looping_Hardware-design/hls_src/U_plane_src"><\/item>
<item  id="197" filename="Uplane_depacketiser/uplane_depacketiser.cpp" linenumber="88" name="zext_ln879" contextFuncName="uplane_depacketiser" moduleName="uplane_depacketiser" rtlName="zext_ln879_fu_922_p1" latency="0" BRAM="-1" DSP="-1" FF="-1" LUT="-1" fileDirectory="/home/sai/Desktop/Looping_Hardware-design/hls_src/U_plane_src"><\/item>
</annotationInfo>
