<annotationInfo>
<item  id="18" filename="12_Dummy_L1_to_UPLANE/UP_L1_datagen.cpp" linenumber="28" name="zext_ln301" contextFuncName="Userplane_L1_Data_Gen" moduleName="Userplane_L1_Data_Gen" rtlName="st_out_V" latency="0" BRAM="-1" DSP="-1" FF="-1" LUT="-1" fileDirectory="/home/aswin/Desktop/Vivado_hls_projects"><\/item>
<item  id="26" filename="12_Dummy_L1_to_UPLANE/UP_L1_datagen.cpp" linenumber="54" name="trunc_ln215" contextFuncName="Userplane_L1_Data_Gen" moduleName="Userplane_L1_Data_Gen" rtlName="trunc_ln215_fu_230_p1" latency="0" BRAM="-1" DSP="-1" FF="-1" LUT="-1" fileDirectory="/home/aswin/Desktop/Vivado_hls_projects"><\/item>
<item  id="27" filename="aesl_mux_load.3[5 x i15]P.i2.i64" linenumber="10" name="icmp_ln10" contextFuncName="aesl_mux_load.3[5 x i15]P.i2.i64" moduleName="Userplane_L1_Data_Gen" rtlName="icmp_ln10_fu_300_p2" latency="0" BRAM="-1" DSP="-1" FF="0" LUT="8" fileDirectory="/"><\/item>
<item  id="28" filename="aesl_mux_load.3[5 x i15]P.i2.i64" linenumber="10" name="icmp_ln10_1" contextFuncName="aesl_mux_load.3[5 x i15]P.i2.i64" moduleName="Userplane_L1_Data_Gen" rtlName="icmp_ln10_1_fu_305_p2" latency="0" BRAM="-1" DSP="-1" FF="0" LUT="8" fileDirectory="/"><\/item>
<item  id="29" filename="12_Dummy_L1_to_UPLANE/UP_L1_datagen.cpp" linenumber="54" name="select_ln215" contextFuncName="Userplane_L1_Data_Gen" moduleName="Userplane_L1_Data_Gen" rtlName="select_ln215_fu_310_p3" latency="0" BRAM="-1" DSP="-1" FF="0" LUT="9" fileDirectory="/home/aswin/Desktop/Vivado_hls_projects"><\/item>
<item  id="30" filename="12_Dummy_L1_to_UPLANE/UP_L1_datagen.cpp" linenumber="54" name="or_ln215" contextFuncName="Userplane_L1_Data_Gen" moduleName="Userplane_L1_Data_Gen" rtlName="or_ln215_fu_318_p2" latency="0" BRAM="-1" DSP="-1" FF="0" LUT="2" fileDirectory="/home/aswin/Desktop/Vivado_hls_projects"><\/item>
<item  id="31" filename="12_Dummy_L1_to_UPLANE/UP_L1_datagen.cpp" linenumber="54" name="select_ln215_1" contextFuncName="Userplane_L1_Data_Gen" moduleName="Userplane_L1_Data_Gen" rtlName="select_ln215_1_fu_324_p3" latency="0" BRAM="-1" DSP="-1" FF="0" LUT="9" fileDirectory="/home/aswin/Desktop/Vivado_hls_projects"><\/item>
<item  id="32" filename="12_Dummy_L1_to_UPLANE/UP_L1_datagen.cpp" linenumber="54" name="zext_ln215" contextFuncName="Userplane_L1_Data_Gen" moduleName="Userplane_L1_Data_Gen" rtlName="zext_ln215_fu_332_p1" latency="0" BRAM="-1" DSP="-1" FF="-1" LUT="-1" fileDirectory="/home/aswin/Desktop/Vivado_hls_projects"><\/item>
<item  id="33" filename="12_Dummy_L1_to_UPLANE/UP_L1_datagen.cpp" linenumber="57" name="select_ln215_2" contextFuncName="Userplane_L1_Data_Gen" moduleName="Userplane_L1_Data_Gen" rtlName="select_ln215_2_fu_336_p3" latency="0" BRAM="-1" DSP="-1" FF="0" LUT="6" fileDirectory="/home/aswin/Desktop/Vivado_hls_projects"><\/item>
<item  id="34" filename="12_Dummy_L1_to_UPLANE/UP_L1_datagen.cpp" linenumber="57" name="select_ln215_3" contextFuncName="Userplane_L1_Data_Gen" moduleName="Userplane_L1_Data_Gen" rtlName="select_ln215_3_fu_344_p3" latency="0" BRAM="-1" DSP="-1" FF="0" LUT="6" fileDirectory="/home/aswin/Desktop/Vivado_hls_projects"><\/item>
<item  id="35" filename="12_Dummy_L1_to_UPLANE/UP_L1_datagen.cpp" linenumber="57" name="zext_ln215_1" contextFuncName="Userplane_L1_Data_Gen" moduleName="Userplane_L1_Data_Gen" rtlName="zext_ln215_1_fu_352_p1" latency="0" BRAM="-1" DSP="-1" FF="-1" LUT="-1" fileDirectory="/home/aswin/Desktop/Vivado_hls_projects"><\/item>
<item  id="36" filename="12_Dummy_L1_to_UPLANE/UP_L1_datagen.cpp" linenumber="58" name="select_ln215_4" contextFuncName="Userplane_L1_Data_Gen" moduleName="Userplane_L1_Data_Gen" rtlName="select_ln215_4_fu_356_p3" latency="0" BRAM="-1" DSP="-1" FF="0" LUT="6" fileDirectory="/home/aswin/Desktop/Vivado_hls_projects"><\/item>
<item  id="37" filename="12_Dummy_L1_to_UPLANE/UP_L1_datagen.cpp" linenumber="58" name="select_ln215_5" contextFuncName="Userplane_L1_Data_Gen" moduleName="Userplane_L1_Data_Gen" rtlName="select_ln215_5_fu_364_p3" latency="0" BRAM="-1" DSP="-1" FF="0" LUT="7" fileDirectory="/home/aswin/Desktop/Vivado_hls_projects"><\/item>
<item  id="38" filename="12_Dummy_L1_to_UPLANE/UP_L1_datagen.cpp" linenumber="58" name="sext_ln215" contextFuncName="Userplane_L1_Data_Gen" moduleName="Userplane_L1_Data_Gen" rtlName="sext_ln215_fu_372_p1" latency="0" BRAM="-1" DSP="-1" FF="-1" LUT="-1" fileDirectory="/home/aswin/Desktop/Vivado_hls_projects"><\/item>
<item  id="39" filename="12_Dummy_L1_to_UPLANE/UP_L1_datagen.cpp" linenumber="63" name="icmp_ln879" contextFuncName="Userplane_L1_Data_Gen" moduleName="Userplane_L1_Data_Gen" rtlName="icmp_ln879_fu_234_p2" latency="0" BRAM="-1" DSP="-1" FF="0" LUT="9" fileDirectory="/home/aswin/Desktop/Vivado_hls_projects"><\/item>
<item  id="42" filename="12_Dummy_L1_to_UPLANE/UP_L1_datagen.cpp" linenumber="75" name="add_ln700_1" contextFuncName="Userplane_L1_Data_Gen" moduleName="Userplane_L1_Data_Gen" rtlName="add_ln700_1_fu_240_p2" latency="0" BRAM="-1" DSP="-1" FF="0" LUT="12" fileDirectory="/home/aswin/Desktop/Vivado_hls_projects"><\/item>
<item  id="47" filename="12_Dummy_L1_to_UPLANE/UP_L1_datagen.cpp" linenumber="66" name="add_ln700" contextFuncName="Userplane_L1_Data_Gen" moduleName="Userplane_L1_Data_Gen" rtlName="add_ln700_fu_258_p2" latency="0" BRAM="-1" DSP="-1" FF="0" LUT="15" fileDirectory="/home/aswin/Desktop/Vivado_hls_projects"><\/item>
<item  id="48" filename="12_Dummy_L1_to_UPLANE/UP_L1_datagen.cpp" linenumber="68" name="icmp_ln879_1" contextFuncName="Userplane_L1_Data_Gen" moduleName="Userplane_L1_Data_Gen" rtlName="icmp_ln879_1_fu_264_p2" latency="0" BRAM="-1" DSP="-1" FF="0" LUT="11" fileDirectory="/home/aswin/Desktop/Vivado_hls_projects"><\/item>
<item  id="49" filename="12_Dummy_L1_to_UPLANE/UP_L1_datagen.cpp" linenumber="68" name="select_ln68" contextFuncName="Userplane_L1_Data_Gen" moduleName="Userplane_L1_Data_Gen" rtlName="select_ln68_fu_270_p3" latency="0" BRAM="-1" DSP="-1" FF="0" LUT="3" fileDirectory="/home/aswin/Desktop/Vivado_hls_projects"><\/item>
<item  id="50" filename="12_Dummy_L1_to_UPLANE/UP_L1_datagen.cpp" linenumber="68" name="select_ln68_1" contextFuncName="Userplane_L1_Data_Gen" moduleName="Userplane_L1_Data_Gen" rtlName="select_ln68_1_fu_279_p3" latency="0" BRAM="-1" DSP="-1" FF="0" LUT="6" fileDirectory="/home/aswin/Desktop/Vivado_hls_projects"><\/item>
<item  id="56" filename="12_Dummy_L1_to_UPLANE/UP_L1_datagen.cpp" linenumber="80" name="tmp_1" contextFuncName="Userplane_L1_Data_Gen" moduleName="Userplane_L1_Data_Gen" rtlName="tmp_1_fu_376_p7" latency="0" BRAM="-1" DSP="-1" FF="-1" LUT="-1" fileDirectory="/home/aswin/Desktop/Vivado_hls_projects"><\/item>
<item  id="61" filename="12_Dummy_L1_to_UPLANE/UP_L1_datagen.cpp" linenumber="44" name="tmp" contextFuncName="Userplane_L1_Data_Gen" moduleName="Userplane_L1_Data_Gen" rtlName="tmp_fu_393_p4" latency="0" BRAM="-1" DSP="-1" FF="-1" LUT="-1" fileDirectory="/home/aswin/Desktop/Vivado_hls_projects"><\/item>
</annotationInfo>
