<stg><name>Userplane_L1_Data_Gen</name>


<trans_list>

<trans id="85" from="1" to="2">
<condition id="-1">
<or_exp><and_exp></and_exp></or_exp>
</condition>
</trans>

<trans id="86" from="2" to="3">
<condition id="-1">
<or_exp><and_exp></and_exp></or_exp>
</condition>
</trans>
</trans_list>



<state_list>

<state id="1" st_id="1">

<operation id="4" st_id="1" stage="1" lat="1">
<core>NULL</core>
<MemPortIdVec></MemPortIdVec>
<condition id="-1">
<or_exp><and_exp></and_exp></or_exp>
</condition>

<Node id="17" bw="2" op_0_bw="2">
<![CDATA[
codeRepl:10  %data_src_state_load = load i2* @data_src_state, align 1

]]></Node>
<StgValue><ssdm name="data_src_state_load"/></StgValue>
</operation>

<operation id="5" st_id="1" stage="1" lat="1">
<core>NULL</core>
<MemPortIdVec></MemPortIdVec>
<condition id="-1">
<or_exp><and_exp></and_exp></or_exp>
</condition>

<Node id="20" bw="6" op_0_bw="6">
<![CDATA[
codeRepl:13  %t_V = load i6* @sym_count_V, align 1

]]></Node>
<StgValue><ssdm name="t_V"/></StgValue>
</operation>

<operation id="6" st_id="1" stage="1" lat="1">
<core>NULL</core>
<MemPortIdVec></MemPortIdVec>
<condition id="-1">
<or_exp><and_exp></and_exp></or_exp>
</condition>

<Node id="21" bw="0" op_0_bw="2" op_1_bw="0" op_2_bw="2" op_3_bw="0" op_4_bw="2" op_5_bw="0" op_6_bw="2" op_7_bw="0">
<![CDATA[
codeRepl:14  switch i2 %data_src_state_load, label %._crit_edge513 [
    i2 0, label %0
    i2 1, label %1
    i2 -2, label %4
  ]

]]></Node>
<StgValue><ssdm name="switch_ln30"/></StgValue>
</operation>

<operation id="7" st_id="1" stage="1" lat="1">
<core>NULL</core>
<MemPortIdVec></MemPortIdVec>
<condition id="-1">
<or_exp><and_exp><literal name="data_src_state_load" val="-2"/>
</and_exp></or_exp>
</condition>

<Node id="23" bw="0" op_0_bw="0">
<![CDATA[
:0  br label %._crit_edge513

]]></Node>
<StgValue><ssdm name="br_ln86"/></StgValue>
</operation>

<operation id="8" st_id="1" stage="1" lat="1">
<core>NULL</core>
<MemPortIdVec></MemPortIdVec>
<condition id="-1">
<or_exp><and_exp><literal name="data_src_state_load" val="1"/>
</and_exp></or_exp>
</condition>

<Node id="25" bw="4" op_0_bw="4">
<![CDATA[
:0  %sec_count_V = load i4* @section_count_V, align 1

]]></Node>
<StgValue><ssdm name="sec_count_V"/></StgValue>
</operation>

<operation id="9" st_id="1" stage="1" lat="1">
<core>NULL</core>
<MemPortIdVec></MemPortIdVec>
<condition id="-1">
<or_exp><and_exp><literal name="data_src_state_load" val="1"/>
</and_exp></or_exp>
</condition>

<Node id="26" bw="2" op_0_bw="4">
<![CDATA[
:1  %trunc_ln215 = trunc i4 %sec_count_V to i2

]]></Node>
<StgValue><ssdm name="trunc_ln215"/></StgValue>
</operation>

<operation id="10" st_id="1" stage="1" lat="1">
<core>Cmp</core>
<MemPortIdVec></MemPortIdVec>
<condition id="-1">
<or_exp><and_exp><literal name="data_src_state_load" val="1"/>
</and_exp></or_exp>
</condition>

<Node id="39" bw="1" op_0_bw="4" op_1_bw="4">
<![CDATA[
:14  %icmp_ln879 = icmp eq i4 %sec_count_V, 2

]]></Node>
<StgValue><ssdm name="icmp_ln879"/></StgValue>
</operation>

<operation id="11" st_id="1" stage="1" lat="1">
<core>NULL</core>
<MemPortIdVec></MemPortIdVec>
<condition id="-1">
<or_exp><and_exp><literal name="data_src_state_load" val="1"/>
</and_exp></or_exp>
</condition>

<Node id="40" bw="0" op_0_bw="1" op_1_bw="0" op_2_bw="0">
<![CDATA[
:15  br i1 %icmp_ln879, label %._crit_edge514, label %2

]]></Node>
<StgValue><ssdm name="br_ln63"/></StgValue>
</operation>

<operation id="12" st_id="1" stage="1" lat="1">
<core>AddSub</core>
<MemPortIdVec></MemPortIdVec>
<condition id="-1">
<or_exp><and_exp><literal name="data_src_state_load" val="1"/>
<literal name="icmp_ln879" val="0"/>
</and_exp></or_exp>
</condition>

<Node id="42" bw="4" op_0_bw="4" op_1_bw="4">
<![CDATA[
:0  %add_ln700_1 = add i4 %sec_count_V, 1

]]></Node>
<StgValue><ssdm name="add_ln700_1"/></StgValue>
</operation>

<operation id="13" st_id="1" stage="1" lat="1">
<core>NULL</core>
<MemPortIdVec></MemPortIdVec>
<condition id="-1">
<or_exp><and_exp><literal name="data_src_state_load" val="1"/>
<literal name="icmp_ln879" val="0"/>
</and_exp></or_exp>
</condition>

<Node id="43" bw="0" op_0_bw="4" op_1_bw="4" op_2_bw="4">
<![CDATA[
:1  store i4 %add_ln700_1, i4* @section_count_V, align 1

]]></Node>
<StgValue><ssdm name="store_ln75"/></StgValue>
</operation>

<operation id="14" st_id="1" stage="1" lat="1">
<core>NULL</core>
<MemPortIdVec></MemPortIdVec>
<condition id="-1">
<or_exp><and_exp><literal name="data_src_state_load" val="1"/>
<literal name="icmp_ln879" val="0"/>
</and_exp></or_exp>
</condition>

<Node id="44" bw="0" op_0_bw="0">
<![CDATA[
:2  br label %3

]]></Node>
<StgValue><ssdm name="br_ln0"/></StgValue>
</operation>

<operation id="15" st_id="1" stage="1" lat="1">
<core>NULL</core>
<MemPortIdVec></MemPortIdVec>
<condition id="-1">
<or_exp><and_exp><literal name="data_src_state_load" val="1"/>
<literal name="icmp_ln879" val="1"/>
</and_exp></or_exp>
</condition>

<Node id="46" bw="0" op_0_bw="4" op_1_bw="4" op_2_bw="4">
<![CDATA[
._crit_edge514:0  store i4 0, i4* @section_count_V, align 1

]]></Node>
<StgValue><ssdm name="store_ln65"/></StgValue>
</operation>

<operation id="16" st_id="1" stage="1" lat="1">
<core>AddSub</core>
<MemPortIdVec></MemPortIdVec>
<condition id="-1">
<or_exp><and_exp><literal name="data_src_state_load" val="1"/>
<literal name="icmp_ln879" val="1"/>
</and_exp></or_exp>
</condition>

<Node id="47" bw="6" op_0_bw="6" op_1_bw="6">
<![CDATA[
._crit_edge514:1  %add_ln700 = add i6 %t_V, 1

]]></Node>
<StgValue><ssdm name="add_ln700"/></StgValue>
</operation>

<operation id="17" st_id="1" stage="1" lat="1">
<core>Cmp</core>
<MemPortIdVec></MemPortIdVec>
<condition id="-1">
<or_exp><and_exp><literal name="data_src_state_load" val="1"/>
<literal name="icmp_ln879" val="1"/>
</and_exp></or_exp>
</condition>

<Node id="48" bw="1" op_0_bw="6" op_1_bw="6">
<![CDATA[
._crit_edge514:2  %icmp_ln879_1 = icmp eq i6 %add_ln700, 15

]]></Node>
<StgValue><ssdm name="icmp_ln879_1"/></StgValue>
</operation>

<operation id="18" st_id="1" stage="1" lat="1">
<core>Sel</core>
<MemPortIdVec></MemPortIdVec>
<condition id="-1">
<or_exp><and_exp><literal name="data_src_state_load" val="1"/>
<literal name="icmp_ln879" val="1"/>
</and_exp></or_exp>
</condition>

<Node id="49" bw="2" op_0_bw="1" op_1_bw="2" op_2_bw="2">
<![CDATA[
._crit_edge514:3  %select_ln68 = select i1 %icmp_ln879_1, i2 -2, i2 0

]]></Node>
<StgValue><ssdm name="select_ln68"/></StgValue>
</operation>

<operation id="19" st_id="1" stage="1" lat="1">
<core>Sel</core>
<MemPortIdVec></MemPortIdVec>
<condition id="-1">
<or_exp><and_exp><literal name="data_src_state_load" val="1"/>
<literal name="icmp_ln879" val="1"/>
</and_exp></or_exp>
</condition>

<Node id="50" bw="6" op_0_bw="1" op_1_bw="6" op_2_bw="6">
<![CDATA[
._crit_edge514:4  %select_ln68_1 = select i1 %icmp_ln879_1, i6 0, i6 %add_ln700

]]></Node>
<StgValue><ssdm name="select_ln68_1"/></StgValue>
</operation>

<operation id="20" st_id="1" stage="1" lat="1">
<core>NULL</core>
<MemPortIdVec></MemPortIdVec>
<condition id="-1">
<or_exp><and_exp><literal name="data_src_state_load" val="1"/>
<literal name="icmp_ln879" val="1"/>
</and_exp></or_exp>
</condition>

<Node id="51" bw="0" op_0_bw="0">
<![CDATA[
._crit_edge514:5  br label %3

]]></Node>
<StgValue><ssdm name="br_ln74"/></StgValue>
</operation>

<operation id="21" st_id="1" stage="1" lat="1">
<core>NULL</core>
<MemPortIdVec></MemPortIdVec>
<condition id="-1">
<or_exp><and_exp><literal name="data_src_state_load" val="1"/>
</and_exp></or_exp>
</condition>

<Node id="53" bw="2" op_0_bw="2" op_1_bw="0" op_2_bw="2" op_3_bw="0">
<![CDATA[
:0  %data_src_state_new_1 = phi i2 [ %select_ln68, %._crit_edge514 ], [ 1, %2 ]

]]></Node>
<StgValue><ssdm name="data_src_state_new_1"/></StgValue>
</operation>

<operation id="22" st_id="1" stage="1" lat="1">
<core>NULL</core>
<MemPortIdVec></MemPortIdVec>
<condition id="-1">
<or_exp><and_exp><literal name="data_src_state_load" val="1"/>
</and_exp></or_exp>
</condition>

<Node id="54" bw="1" op_0_bw="1" op_1_bw="0" op_2_bw="1" op_3_bw="0">
<![CDATA[
:1  %sym_count_V_flag_1 = phi i1 [ true, %._crit_edge514 ], [ false, %2 ]

]]></Node>
<StgValue><ssdm name="sym_count_V_flag_1"/></StgValue>
</operation>

<operation id="23" st_id="1" stage="1" lat="1">
<core>NULL</core>
<MemPortIdVec></MemPortIdVec>
<condition id="-1">
<or_exp><and_exp><literal name="data_src_state_load" val="1"/>
</and_exp></or_exp>
</condition>

<Node id="55" bw="6" op_0_bw="6" op_1_bw="0" op_2_bw="6" op_3_bw="0">
<![CDATA[
:2  %sym_count_V_new_1 = phi i6 [ %select_ln68_1, %._crit_edge514 ], [ undef, %2 ]

]]></Node>
<StgValue><ssdm name="sym_count_V_new_1"/></StgValue>
</operation>

<operation id="24" st_id="1" stage="1" lat="1">
<core>NULL</core>
<MemPortIdVec></MemPortIdVec>
<condition id="-1">
<or_exp><and_exp><literal name="data_src_state_load" val="1"/>
</and_exp></or_exp>
</condition>

<Node id="58" bw="0" op_0_bw="0">
<![CDATA[
:5  br label %._crit_edge513

]]></Node>
<StgValue><ssdm name="br_ln81"/></StgValue>
</operation>

<operation id="25" st_id="1" stage="1" lat="1">
<core>NULL</core>
<MemPortIdVec></MemPortIdVec>
<condition id="-1">
<or_exp><and_exp><literal name="data_src_state_load" val="0"/>
</and_exp></or_exp>
</condition>

<Node id="63" bw="0" op_0_bw="0">
<![CDATA[
:3  br label %._crit_edge513

]]></Node>
<StgValue><ssdm name="br_ln47"/></StgValue>
</operation>

<operation id="26" st_id="1" stage="1" lat="1">
<core>NULL</core>
<MemPortIdVec></MemPortIdVec>
<condition id="-1">
<or_exp><and_exp></and_exp></or_exp>
</condition>

<Node id="65" bw="1" op_0_bw="1" op_1_bw="0" op_2_bw="1" op_3_bw="0" op_4_bw="1" op_5_bw="0" op_6_bw="1" op_7_bw="0">
<![CDATA[
._crit_edge513:0  %data_src_state_flag_2 = phi i1 [ false, %codeRepl ], [ true, %4 ], [ true, %3 ], [ true, %0 ]

]]></Node>
<StgValue><ssdm name="data_src_state_flag_2"/></StgValue>
</operation>

<operation id="27" st_id="1" stage="1" lat="1">
<core>NULL</core>
<MemPortIdVec></MemPortIdVec>
<condition id="-1">
<or_exp><and_exp></and_exp></or_exp>
</condition>

<Node id="66" bw="2" op_0_bw="2" op_1_bw="0" op_2_bw="2" op_3_bw="0" op_4_bw="2" op_5_bw="0" op_6_bw="2" op_7_bw="0">
<![CDATA[
._crit_edge513:1  %data_src_state_new_2 = phi i2 [ undef, %codeRepl ], [ 0, %4 ], [ %data_src_state_new_1, %3 ], [ 1, %0 ]

]]></Node>
<StgValue><ssdm name="data_src_state_new_2"/></StgValue>
</operation>

<operation id="28" st_id="1" stage="1" lat="1">
<core>NULL</core>
<MemPortIdVec></MemPortIdVec>
<condition id="-1">
<or_exp><and_exp></and_exp></or_exp>
</condition>

<Node id="67" bw="1" op_0_bw="1" op_1_bw="0" op_2_bw="1" op_3_bw="0" op_4_bw="1" op_5_bw="0" op_6_bw="1" op_7_bw="0">
<![CDATA[
._crit_edge513:2  %sym_count_V_flag_2 = phi i1 [ false, %codeRepl ], [ true, %4 ], [ %sym_count_V_flag_1, %3 ], [ false, %0 ]

]]></Node>
<StgValue><ssdm name="sym_count_V_flag_2"/></StgValue>
</operation>

<operation id="29" st_id="1" stage="1" lat="1">
<core>NULL</core>
<MemPortIdVec></MemPortIdVec>
<condition id="-1">
<or_exp><and_exp></and_exp></or_exp>
</condition>

<Node id="68" bw="6" op_0_bw="6" op_1_bw="0" op_2_bw="6" op_3_bw="0" op_4_bw="6" op_5_bw="0" op_6_bw="6" op_7_bw="0">
<![CDATA[
._crit_edge513:3  %sym_count_V_new_2 = phi i6 [ undef, %codeRepl ], [ 1, %4 ], [ %sym_count_V_new_1, %3 ], [ undef, %0 ]

]]></Node>
<StgValue><ssdm name="sym_count_V_new_2"/></StgValue>
</operation>

<operation id="30" st_id="1" stage="1" lat="1">
<core>NULL</core>
<MemPortIdVec></MemPortIdVec>
<condition id="-1">
<or_exp><and_exp></and_exp></or_exp>
</condition>

<Node id="69" bw="0" op_0_bw="1" op_1_bw="0" op_2_bw="0">
<![CDATA[
._crit_edge513:4  br i1 %sym_count_V_flag_2, label %mergeST39, label %._crit_edge513.new40

]]></Node>
<StgValue><ssdm name="br_ln0"/></StgValue>
</operation>

<operation id="31" st_id="1" stage="1" lat="1">
<core>NULL</core>
<MemPortIdVec></MemPortIdVec>
<condition id="-1">
<or_exp><and_exp><literal name="sym_count_V_flag_2" val="1"/>
</and_exp></or_exp>
</condition>

<Node id="71" bw="0" op_0_bw="6" op_1_bw="6" op_2_bw="6">
<![CDATA[
mergeST39:0  store i6 %sym_count_V_new_2, i6* @sym_count_V, align 1

]]></Node>
<StgValue><ssdm name="store_ln66"/></StgValue>
</operation>

<operation id="32" st_id="1" stage="1" lat="1">
<core>NULL</core>
<MemPortIdVec></MemPortIdVec>
<condition id="-1">
<or_exp><and_exp></and_exp></or_exp>
</condition>

<Node id="74" bw="0" op_0_bw="1" op_1_bw="0" op_2_bw="0">
<![CDATA[
._crit_edge513.new40:0  br i1 %data_src_state_flag_2, label %mergeST, label %._crit_edge513.new

]]></Node>
<StgValue><ssdm name="br_ln0"/></StgValue>
</operation>

<operation id="33" st_id="1" stage="1" lat="1">
<core>NULL</core>
<MemPortIdVec></MemPortIdVec>
<condition id="-1">
<or_exp><and_exp><literal name="data_src_state_flag_2" val="1"/>
</and_exp></or_exp>
</condition>

<Node id="76" bw="0" op_0_bw="2" op_1_bw="2" op_2_bw="2">
<![CDATA[
mergeST:0  store i2 %data_src_state_new_2, i2* @data_src_state, align 1

]]></Node>
<StgValue><ssdm name="store_ln45"/></StgValue>
</operation>
</state>

<state id="2" st_id="2">

<operation id="34" st_id="2" stage="1" lat="1">
<core>Cmp</core>
<MemPortIdVec></MemPortIdVec>
<condition id="-1">
<or_exp><and_exp><literal name="data_src_state_load" val="1"/>
</and_exp></or_exp>
</condition>

<Node id="27" bw="1" op_0_bw="2" op_1_bw="2">
<![CDATA[
:2  %icmp_ln10 = icmp eq i2 %trunc_ln215, 0

]]></Node>
<StgValue><ssdm name="icmp_ln10"/></StgValue>
</operation>

<operation id="35" st_id="2" stage="1" lat="1">
<core>Cmp</core>
<MemPortIdVec></MemPortIdVec>
<condition id="-1">
<or_exp><and_exp><literal name="data_src_state_load" val="1"/>
</and_exp></or_exp>
</condition>

<Node id="28" bw="1" op_0_bw="2" op_1_bw="2">
<![CDATA[
:3  %icmp_ln10_1 = icmp eq i2 %trunc_ln215, 1

]]></Node>
<StgValue><ssdm name="icmp_ln10_1"/></StgValue>
</operation>

<operation id="36" st_id="2" stage="1" lat="1">
<core>Sel</core>
<MemPortIdVec></MemPortIdVec>
<condition id="-1">
<or_exp><and_exp><literal name="data_src_state_load" val="1"/>
</and_exp></or_exp>
</condition>

<Node id="29" bw="9" op_0_bw="1" op_1_bw="9" op_2_bw="9">
<![CDATA[
:4  %select_ln215 = select i1 %icmp_ln10_1, i9 -220, i9 -221

]]></Node>
<StgValue><ssdm name="select_ln215"/></StgValue>
</operation>

<operation id="37" st_id="2" stage="1" lat="1">
<core>LogicGate</core>
<MemPortIdVec></MemPortIdVec>
<condition id="-1">
<or_exp><and_exp><literal name="data_src_state_load" val="1"/>
</and_exp></or_exp>
</condition>

<Node id="30" bw="1" op_0_bw="1" op_1_bw="1">
<![CDATA[
:5  %or_ln215 = or i1 %icmp_ln10_1, %icmp_ln10

]]></Node>
<StgValue><ssdm name="or_ln215"/></StgValue>
</operation>

<operation id="38" st_id="2" stage="1" lat="1">
<core>Sel</core>
<MemPortIdVec></MemPortIdVec>
<condition id="-1">
<or_exp><and_exp><literal name="data_src_state_load" val="1"/>
</and_exp></or_exp>
</condition>

<Node id="31" bw="9" op_0_bw="1" op_1_bw="9" op_2_bw="9">
<![CDATA[
:6  %select_ln215_1 = select i1 %or_ln215, i9 %select_ln215, i9 -219

]]></Node>
<StgValue><ssdm name="select_ln215_1"/></StgValue>
</operation>

<operation id="39" st_id="2" stage="1" lat="1">
<core>NULL</core>
<MemPortIdVec></MemPortIdVec>
<condition id="-1">
<or_exp><and_exp><literal name="data_src_state_load" val="1"/>
</and_exp></or_exp>
</condition>

<Node id="32" bw="12" op_0_bw="9">
<![CDATA[
:7  %zext_ln215 = zext i9 %select_ln215_1 to i12

]]></Node>
<StgValue><ssdm name="zext_ln215"/></StgValue>
</operation>

<operation id="40" st_id="2" stage="1" lat="1">
<core>Sel</core>
<MemPortIdVec></MemPortIdVec>
<condition id="-1">
<or_exp><and_exp><literal name="data_src_state_load" val="1"/>
</and_exp></or_exp>
</condition>

<Node id="33" bw="6" op_0_bw="1" op_1_bw="6" op_2_bw="6">
<![CDATA[
:8  %select_ln215_2 = select i1 %icmp_ln10_1, i6 -31, i6 0

]]></Node>
<StgValue><ssdm name="select_ln215_2"/></StgValue>
</operation>

<operation id="41" st_id="2" stage="1" lat="1">
<core>Sel</core>
<MemPortIdVec></MemPortIdVec>
<condition id="-1">
<or_exp><and_exp><literal name="data_src_state_load" val="1"/>
</and_exp></or_exp>
</condition>

<Node id="34" bw="6" op_0_bw="1" op_1_bw="6" op_2_bw="6">
<![CDATA[
:9  %select_ln215_3 = select i1 %or_ln215, i6 %select_ln215_2, i6 -7

]]></Node>
<StgValue><ssdm name="select_ln215_3"/></StgValue>
</operation>

<operation id="42" st_id="2" stage="1" lat="1">
<core>NULL</core>
<MemPortIdVec></MemPortIdVec>
<condition id="-1">
<or_exp><and_exp><literal name="data_src_state_load" val="1"/>
</and_exp></or_exp>
</condition>

<Node id="35" bw="10" op_0_bw="6">
<![CDATA[
:10  %zext_ln215_1 = zext i6 %select_ln215_3 to i10

]]></Node>
<StgValue><ssdm name="zext_ln215_1"/></StgValue>
</operation>

<operation id="43" st_id="2" stage="1" lat="1">
<core>Sel</core>
<MemPortIdVec></MemPortIdVec>
<condition id="-1">
<or_exp><and_exp><literal name="data_src_state_load" val="1"/>
</and_exp></or_exp>
</condition>

<Node id="36" bw="7" op_0_bw="1" op_1_bw="7" op_2_bw="7">
<![CDATA[
:11  %select_ln215_4 = select i1 %icmp_ln10_1, i7 24, i7 35

]]></Node>
<StgValue><ssdm name="select_ln215_4"/></StgValue>
</operation>

<operation id="44" st_id="2" stage="1" lat="1">
<core>Sel</core>
<MemPortIdVec></MemPortIdVec>
<condition id="-1">
<or_exp><and_exp><literal name="data_src_state_load" val="1"/>
</and_exp></or_exp>
</condition>

<Node id="37" bw="7" op_0_bw="1" op_1_bw="7" op_2_bw="7">
<![CDATA[
:12  %select_ln215_5 = select i1 %or_ln215, i7 %select_ln215_4, i7 -42

]]></Node>
<StgValue><ssdm name="select_ln215_5"/></StgValue>
</operation>

<operation id="45" st_id="2" stage="1" lat="1">
<core>NULL</core>
<MemPortIdVec></MemPortIdVec>
<condition id="-1">
<or_exp><and_exp><literal name="data_src_state_load" val="1"/>
</and_exp></or_exp>
</condition>

<Node id="38" bw="8" op_0_bw="7">
<![CDATA[
:13  %sext_ln215 = sext i7 %select_ln215_5 to i8

]]></Node>
<StgValue><ssdm name="sext_ln215"/></StgValue>
</operation>

<operation id="46" st_id="2" stage="1" lat="1">
<core>NULL</core>
<MemPortIdVec></MemPortIdVec>
<condition id="-1">
<or_exp><and_exp><literal name="data_src_state_load" val="1"/>
</and_exp></or_exp>
</condition>

<Node id="56" bw="64" op_0_bw="64" op_1_bw="12" op_2_bw="12" op_3_bw="2" op_4_bw="10" op_5_bw="8" op_6_bw="20">
<![CDATA[
:3  %tmp_1 = call i64 @_ssdm_op_BitConcatenate.i64.i12.i12.i2.i10.i8.i20(i12 69, i12 %zext_ln215, i2 0, i10 %zext_ln215_1, i8 %sext_ln215, i20 0)

]]></Node>
<StgValue><ssdm name="tmp_1"/></StgValue>
</operation>

<operation id="47" st_id="2" stage="2" lat="2">
<core>AXI4Stream</core>
<MemPortIdVec></MemPortIdVec>
<condition id="-1">
<or_exp><and_exp><literal name="data_src_state_load" val="1"/>
</and_exp></or_exp>
</condition>

<Node id="57" bw="0" op_0_bw="0" op_1_bw="64" op_2_bw="64">
<![CDATA[
:4  call void @_ssdm_op_Write.axis.volatile.i64P(i64* %L1_data_out_V, i64 %tmp_1)

]]></Node>
<StgValue><ssdm name="write_ln80"/></StgValue>
</operation>

<operation id="48" st_id="2" stage="1" lat="1">
<core>NULL</core>
<MemPortIdVec></MemPortIdVec>
<condition id="-1">
<or_exp><and_exp><literal name="data_src_state_load" val="0"/>
</and_exp></or_exp>
</condition>

<Node id="61" bw="64" op_0_bw="64" op_1_bw="38" op_2_bw="6" op_3_bw="20">
<![CDATA[
:1  %tmp = call i64 @_ssdm_op_BitConcatenate.i64.i38.i6.i20(i38 4601157057, i6 %t_V, i20 0)

]]></Node>
<StgValue><ssdm name="tmp"/></StgValue>
</operation>

<operation id="49" st_id="2" stage="2" lat="2">
<core>AXI4Stream</core>
<MemPortIdVec></MemPortIdVec>
<condition id="-1">
<or_exp><and_exp><literal name="data_src_state_load" val="0"/>
</and_exp></or_exp>
</condition>

<Node id="62" bw="0" op_0_bw="0" op_1_bw="64" op_2_bw="64">
<![CDATA[
:2  call void @_ssdm_op_Write.axis.volatile.i64P(i64* %L1_data_out_V, i64 %tmp)

]]></Node>
<StgValue><ssdm name="write_ln44"/></StgValue>
</operation>
</state>

<state id="3" st_id="3">

<operation id="50" st_id="3" stage="1" lat="1">
<core>NULL</core>
<MemPortIdVec></MemPortIdVec>
<condition id="-1">
<or_exp><and_exp></and_exp></or_exp>
</condition>

<Node id="7" bw="0" op_0_bw="0" op_1_bw="64">
<![CDATA[
codeRepl:0  call void (...)* @_ssdm_op_SpecBitsMap(i64* %L1_data_out_V), !map !68

]]></Node>
<StgValue><ssdm name="specbitsmap_ln0"/></StgValue>
</operation>

<operation id="51" st_id="3" stage="1" lat="1">
<core>NULL</core>
<MemPortIdVec></MemPortIdVec>
<condition id="-1">
<or_exp><and_exp></and_exp></or_exp>
</condition>

<Node id="8" bw="0" op_0_bw="0" op_1_bw="4">
<![CDATA[
codeRepl:1  call void (...)* @_ssdm_op_SpecBitsMap(i4* %st_out_V), !map !75

]]></Node>
<StgValue><ssdm name="specbitsmap_ln0"/></StgValue>
</operation>

<operation id="52" st_id="3" stage="1" lat="1">
<core>NULL</core>
<MemPortIdVec></MemPortIdVec>
<condition id="-1">
<or_exp><and_exp></and_exp></or_exp>
</condition>

<Node id="9" bw="0" op_0_bw="0" op_1_bw="6">
<![CDATA[
codeRepl:2  call void (...)* @_ssdm_op_SpecBitsMap(i6* %symbol_number_V), !map !79

]]></Node>
<StgValue><ssdm name="specbitsmap_ln0"/></StgValue>
</operation>

<operation id="53" st_id="3" stage="1" lat="1">
<core>NULL</core>
<MemPortIdVec></MemPortIdVec>
<condition id="-1">
<or_exp><and_exp></and_exp></or_exp>
</condition>

<Node id="10" bw="0" op_0_bw="0" op_1_bw="0">
<![CDATA[
codeRepl:3  call void (...)* @_ssdm_op_SpecTopModule([22 x i8]* @Userplane_L1_Data_Ge) nounwind

]]></Node>
<StgValue><ssdm name="spectopmodule_ln0"/></StgValue>
</operation>

<operation id="54" st_id="3" stage="1" lat="1">
<core>NULL</core>
<MemPortIdVec></MemPortIdVec>
<condition id="-1">
<or_exp><and_exp></and_exp></or_exp>
</condition>

<Node id="11" bw="0" op_0_bw="0" op_1_bw="32" op_2_bw="32" op_3_bw="32" op_4_bw="32" op_5_bw="0">
<![CDATA[
codeRepl:4  call void (...)* @_ssdm_op_SpecPipeline(i32 1, i32 1, i32 1, i32 0, [1 x i8]* @p_str) nounwind

]]></Node>
<StgValue><ssdm name="specpipeline_ln5"/></StgValue>
</operation>

<operation id="55" st_id="3" stage="1" lat="1">
<core>NULL</core>
<MemPortIdVec></MemPortIdVec>
<condition id="-1">
<or_exp><and_exp></and_exp></or_exp>
</condition>

<Node id="12" bw="0" op_0_bw="0" op_1_bw="64" op_2_bw="0" op_3_bw="32" op_4_bw="32" op_5_bw="0" op_6_bw="32" op_7_bw="32" op_8_bw="0" op_9_bw="0" op_10_bw="0" op_11_bw="32" op_12_bw="32" op_13_bw="32" op_14_bw="32" op_15_bw="0" op_16_bw="0">
<![CDATA[
codeRepl:5  call void (...)* @_ssdm_op_SpecInterface(i64* %L1_data_out_V, [5 x i8]* @p_str2, i32 1, i32 1, [5 x i8]* @p_str3, i32 0, i32 0, [1 x i8]* @p_str, [1 x i8]* @p_str, [1 x i8]* @p_str, i32 0, i32 0, i32 0, i32 0, [1 x i8]* @p_str, [1 x i8]* @p_str) nounwind

]]></Node>
<StgValue><ssdm name="specinterface_ln7"/></StgValue>
</operation>

<operation id="56" st_id="3" stage="1" lat="1">
<core>NULL</core>
<MemPortIdVec></MemPortIdVec>
<condition id="-1">
<or_exp><and_exp></and_exp></or_exp>
</condition>

<Node id="13" bw="0" op_0_bw="0" op_1_bw="32" op_2_bw="0" op_3_bw="32" op_4_bw="32" op_5_bw="0" op_6_bw="32" op_7_bw="32" op_8_bw="0" op_9_bw="0" op_10_bw="0" op_11_bw="32" op_12_bw="32" op_13_bw="32" op_14_bw="32" op_15_bw="0" op_16_bw="0">
<![CDATA[
codeRepl:6  call void (...)* @_ssdm_op_SpecInterface(i32 0, [13 x i8]* @p_str4, i32 0, i32 0, [1 x i8]* @p_str, i32 0, i32 0, [1 x i8]* @p_str, [1 x i8]* @p_str, [1 x i8]* @p_str, i32 0, i32 0, i32 0, i32 0, [1 x i8]* @p_str, [1 x i8]* @p_str) nounwind

]]></Node>
<StgValue><ssdm name="specinterface_ln8"/></StgValue>
</operation>

<operation id="57" st_id="3" stage="1" lat="1">
<core>NULL</core>
<MemPortIdVec></MemPortIdVec>
<condition id="-1">
<or_exp><and_exp></and_exp></or_exp>
</condition>

<Node id="14" bw="0" op_0_bw="0" op_1_bw="6" op_2_bw="0" op_3_bw="32" op_4_bw="32" op_5_bw="0" op_6_bw="32" op_7_bw="32" op_8_bw="0" op_9_bw="0" op_10_bw="0" op_11_bw="32" op_12_bw="32" op_13_bw="32" op_14_bw="32" op_15_bw="0" op_16_bw="0">
<![CDATA[
codeRepl:7  call void (...)* @_ssdm_op_SpecInterface(i6* %symbol_number_V, [8 x i8]* @p_str5, i32 0, i32 0, [1 x i8]* @p_str, i32 0, i32 0, [1 x i8]* @p_str, [1 x i8]* @p_str, [1 x i8]* @p_str, i32 0, i32 0, i32 0, i32 0, [1 x i8]* @p_str, [1 x i8]* @p_str) nounwind

]]></Node>
<StgValue><ssdm name="specinterface_ln9"/></StgValue>
</operation>

<operation id="58" st_id="3" stage="1" lat="1">
<core>NULL</core>
<MemPortIdVec></MemPortIdVec>
<condition id="-1">
<or_exp><and_exp></and_exp></or_exp>
</condition>

<Node id="15" bw="0" op_0_bw="0" op_1_bw="4" op_2_bw="0" op_3_bw="32" op_4_bw="32" op_5_bw="0" op_6_bw="32" op_7_bw="32" op_8_bw="0" op_9_bw="0" op_10_bw="0" op_11_bw="32" op_12_bw="32" op_13_bw="32" op_14_bw="32" op_15_bw="0" op_16_bw="0">
<![CDATA[
codeRepl:8  call void (...)* @_ssdm_op_SpecInterface(i4* %st_out_V, [8 x i8]* @p_str5, i32 0, i32 0, [1 x i8]* @p_str, i32 0, i32 0, [1 x i8]* @p_str, [1 x i8]* @p_str, [1 x i8]* @p_str, i32 0, i32 0, i32 0, i32 0, [1 x i8]* @p_str, [1 x i8]* @p_str) nounwind

]]></Node>
<StgValue><ssdm name="specinterface_ln10"/></StgValue>
</operation>

<operation id="59" st_id="3" stage="1" lat="1">
<core>NULL</core>
<MemPortIdVec></MemPortIdVec>
<condition id="-1">
<or_exp><and_exp></and_exp></or_exp>
</condition>

<Node id="16" bw="0" op_0_bw="0" op_1_bw="2" op_2_bw="32" op_3_bw="0">
<![CDATA[
codeRepl:9  call void (...)* @_ssdm_op_SpecReset(i2* @data_src_state, i32 1, [1 x i8]* @p_str) nounwind

]]></Node>
<StgValue><ssdm name="specreset_ln15"/></StgValue>
</operation>

<operation id="60" st_id="3" stage="1" lat="1">
<core>NULL</core>
<MemPortIdVec></MemPortIdVec>
<condition id="-1">
<or_exp><and_exp></and_exp></or_exp>
</condition>

<Node id="18" bw="4" op_0_bw="2">
<![CDATA[
codeRepl:11  %zext_ln301 = zext i2 %data_src_state_load to i4

]]></Node>
<StgValue><ssdm name="zext_ln301"/></StgValue>
</operation>

<operation id="61" st_id="3" stage="1" lat="1">
<core>NULL</core>
<MemPortIdVec></MemPortIdVec>
<condition id="-1">
<or_exp><and_exp></and_exp></or_exp>
</condition>

<Node id="19" bw="0" op_0_bw="0" op_1_bw="4" op_2_bw="4">
<![CDATA[
codeRepl:12  call void @_ssdm_op_Write.ap_none.i4P(i4* %st_out_V, i4 %zext_ln301)

]]></Node>
<StgValue><ssdm name="write_ln28"/></StgValue>
</operation>

<operation id="62" st_id="3" stage="1" lat="2">
<core>AXI4Stream</core>
<MemPortIdVec></MemPortIdVec>
<condition id="-1">
<or_exp><and_exp><literal name="data_src_state_load" val="1"/>
</and_exp></or_exp>
</condition>

<Node id="57" bw="0" op_0_bw="0" op_1_bw="64" op_2_bw="64">
<![CDATA[
:4  call void @_ssdm_op_Write.axis.volatile.i64P(i64* %L1_data_out_V, i64 %tmp_1)

]]></Node>
<StgValue><ssdm name="write_ln80"/></StgValue>
</operation>

<operation id="63" st_id="3" stage="1" lat="1">
<core>NULL</core>
<MemPortIdVec></MemPortIdVec>
<condition id="-1">
<or_exp><and_exp><literal name="data_src_state_load" val="0"/>
</and_exp></or_exp>
</condition>

<Node id="60" bw="0" op_0_bw="0" op_1_bw="6" op_2_bw="6">
<![CDATA[
:0  call void @_ssdm_op_Write.ap_none.i6P(i6* %symbol_number_V, i6 %t_V)

]]></Node>
<StgValue><ssdm name="write_ln43"/></StgValue>
</operation>

<operation id="64" st_id="3" stage="1" lat="2">
<core>AXI4Stream</core>
<MemPortIdVec></MemPortIdVec>
<condition id="-1">
<or_exp><and_exp><literal name="data_src_state_load" val="0"/>
</and_exp></or_exp>
</condition>

<Node id="62" bw="0" op_0_bw="0" op_1_bw="64" op_2_bw="64">
<![CDATA[
:2  call void @_ssdm_op_Write.axis.volatile.i64P(i64* %L1_data_out_V, i64 %tmp)

]]></Node>
<StgValue><ssdm name="write_ln44"/></StgValue>
</operation>

<operation id="65" st_id="3" stage="1" lat="1">
<core>NULL</core>
<MemPortIdVec></MemPortIdVec>
<condition id="-1">
<or_exp><and_exp><literal name="sym_count_V_flag_2" val="1"/>
</and_exp></or_exp>
</condition>

<Node id="72" bw="0" op_0_bw="0">
<![CDATA[
mergeST39:1  br label %._crit_edge513.new40

]]></Node>
<StgValue><ssdm name="br_ln0"/></StgValue>
</operation>

<operation id="66" st_id="3" stage="1" lat="1">
<core>NULL</core>
<MemPortIdVec></MemPortIdVec>
<condition id="-1">
<or_exp><and_exp><literal name="data_src_state_flag_2" val="1"/>
</and_exp></or_exp>
</condition>

<Node id="77" bw="0" op_0_bw="0">
<![CDATA[
mergeST:1  br label %._crit_edge513.new

]]></Node>
<StgValue><ssdm name="br_ln0"/></StgValue>
</operation>

<operation id="67" st_id="3" stage="1" lat="1">
<core>NULL</core>
<MemPortIdVec></MemPortIdVec>
<condition id="-1">
<or_exp><and_exp></and_exp></or_exp>
</condition>

<Node id="79" bw="0">
<![CDATA[
._crit_edge513.new:0  ret void

]]></Node>
<StgValue><ssdm name="ret_ln88"/></StgValue>
</operation>
</state>
</state_list>


<ports>
</ports>


<dataflows>
</dataflows>


</stg>
