<annotationInfo>
<item  id="23" filename="5_mplane_hls_ip/mparam.cpp" linenumber="22" name="zext_ln301" contextFuncName="mparam" moduleName="mparam" rtlName="state_out_V" latency="0" BRAM="-1" DSP="-1" FF="-1" LUT="-1" fileDirectory="/home/ssaraswathy/Documents/ORAN_Uplane/Uplane_without_Compression/Simulation_design/Looping_design/ORAN_INTEG_1/hls_src/U_plane_src"><\/item>
<item  id="29" filename="5_mplane_hls_ip/mparam.cpp" linenumber="60" name="tmp_17" contextFuncName="mparam" moduleName="mparam" rtlName="tmp_17_fu_165_p4" latency="0" BRAM="-1" DSP="-1" FF="-1" LUT="-1" fileDirectory="/home/ssaraswathy/Documents/ORAN_Uplane/Uplane_without_Compression/Simulation_design/Looping_design/ORAN_INTEG_1/hls_src/U_plane_src"><\/item>
<item  id="35" filename="5_mplane_hls_ip/mparam.cpp" linenumber="44" name="trunc_ln647" contextFuncName="mparam" moduleName="mparam" rtlName="trunc_ln647_fu_180_p1" latency="0" BRAM="-1" DSP="-1" FF="-1" LUT="-1" fileDirectory="/home/ssaraswathy/Documents/ORAN_Uplane/Uplane_without_Compression/Simulation_design/Looping_design/ORAN_INTEG_1/hls_src/U_plane_src"><\/item>
<item  id="36" filename="5_mplane_hls_ip/mparam.cpp" linenumber="45" name="tmp_V" contextFuncName="mparam" moduleName="mparam" rtlName="out2data_V_V_1_payload_B" latency="0" BRAM="-1" DSP="-1" FF="-1" LUT="-1" fileDirectory="/home/ssaraswathy/Documents/ORAN_Uplane/Uplane_without_Compression/Simulation_design/Looping_design/ORAN_INTEG_1/hls_src/U_plane_src"><\/item>
<item  id="38" filename="5_mplane_hls_ip/mparam.cpp" linenumber="46" name="p_Result_s" contextFuncName="mparam" moduleName="mparam" rtlName="p_Result_s_fu_199_p4" latency="0" BRAM="-1" DSP="-1" FF="-1" LUT="-1" fileDirectory="/home/ssaraswathy/Documents/ORAN_Uplane/Uplane_without_Compression/Simulation_design/Looping_design/ORAN_INTEG_1/hls_src/U_plane_src"><\/item>
<item  id="39" filename="5_mplane_hls_ip/mparam.cpp" linenumber="46" name="p_Result_s_4" contextFuncName="mparam" moduleName="mparam" rtlName="p_Result_s_4_fu_209_p3" latency="0" BRAM="-1" DSP="-1" FF="-1" LUT="-1" fileDirectory="/home/ssaraswathy/Documents/ORAN_Uplane/Uplane_without_Compression/Simulation_design/Looping_design/ORAN_INTEG_1/hls_src/U_plane_src"><\/item>
<item  id="41" filename="5_mplane_hls_ip/mparam.cpp" linenumber="47" name="tmp_V_3" contextFuncName="mparam" moduleName="mparam" rtlName="tmp_V_3_fu_223_p4" latency="0" BRAM="-1" DSP="-1" FF="-1" LUT="-1" fileDirectory="/home/ssaraswathy/Documents/ORAN_Uplane/Uplane_without_Compression/Simulation_design/Looping_design/ORAN_INTEG_1/hls_src/U_plane_src"><\/item>
<item  id="43" filename="5_mplane_hls_ip/mparam.cpp" linenumber="51" name="tmp1" contextFuncName="mparam" moduleName="mparam" rtlName="tmp1_fu_239_p5" latency="0" BRAM="-1" DSP="-1" FF="-1" LUT="-1" fileDirectory="/home/ssaraswathy/Documents/ORAN_Uplane/Uplane_without_Compression/Simulation_design/Looping_design/ORAN_INTEG_1/hls_src/U_plane_src"><\/item>
</annotationInfo>
