{
  "Top": "epacket_gen",
  "RtlTop": "epacket_gen",
  "RtlPrefix": "",
  "SourceLanguage": "cpp",
  "ResetStyle": "control",
  "GenerateBdFiles": "1",
  "HostMachineBits": "64",
  "Target": {
    "Family": "zynquplus",
    "Device": "xczu19eg",
    "Package": "-ffvd1760",
    "Speed": "-3-e"
  },
  "HlsSolution": {"Config": [
      "config_export -format=ip_catalog",
      "config_export -rtl=verilog"
    ]},
  "Args": {
    "dout": {
      "index": "0",
      "type": {
        "kinds": ["struct"],
        "dataType": "data_axis",
        "structImpl": "flat-field",
        "dataPack": true,
        "fields": {
          "data": {
            "order": "0",
            "dataType": "ap_uint"
          },
          "keep": {
            "order": "1",
            "dataType": "ap_uint"
          },
          "last": {
            "order": "2",
            "dataType": "ap_uint"
          }
        }
      }
    },
    "count": {
      "index": "1",
      "type": {
        "dataType": "ap_uint",
        "dataWidth": "16",
        "interfaceRef": "count_V"
      }
    }
  },
  "Return": {
    
  },
  "ClockInfo": {
    "ClockName": "ap_clk",
    "ClockPeriod": "3.2",
    "IsCombLogic": "0",
    "II": "1",
    "Latency": "1",
    "Uncertainty": "0.4"
  },
  "Xdc": {"OocClocks": ["create_clock -name ap_clk -period 3.200 [get_ports ap_clk]"]},
  "Ipx": {
    "Vendor": "xilinx.com",
    "Library": "hls",
    "Name": "epacket_gen",
    "Version": "1.0",
    "DisplayName": "Epacket_gen",
    "Revision": "",
    "Description": "An IP generated by Vivado HLS",
    "Taxonomy": "\/VIVADO_HLS_IP",
    "AutoFamilySupport": ""
  },
  "Files": {
    "CSource": ["..\/epacket_gen.cpp"],
    "Vhdl": ["impl\/vhdl\/epacket_gen.vhd"],
    "Verilog": ["impl\/verilog\/epacket_gen.v"],
    "Misc": ["impl\/misc\/logo.png"],
    "DesignXml": "\/home\/ssaraswathy\/Documents\/ORAN_Uplane\/Uplane_without_Compression\/Simulation_design\/one_layer\/ORAN_INTEG_1\/hls_src\/U_plane_src\/Packet_gen\/solution1\/.autopilot\/db\/epacket_gen.design.xml",
    "DebugDir": "\/home\/ssaraswathy\/Documents\/ORAN_Uplane\/Uplane_without_Compression\/Simulation_design\/one_layer\/ORAN_INTEG_1\/hls_src\/U_plane_src\/Packet_gen\/solution1\/.debug",
    "ProtoInst": ["\/home\/ssaraswathy\/Documents\/ORAN_Uplane\/Uplane_without_Compression\/Simulation_design\/one_layer\/ORAN_INTEG_1\/hls_src\/U_plane_src\/Packet_gen\/solution1\/.debug\/epacket_gen.protoinst"]
  },
  "SubcoreInfo": {
    "HasXpmMemory": false,
    "HasClockedDsp": false,
    "IP": []
  },
  "Interfaces": {
    "ap_clk": {
      "type": "clock",
      "ctype": {"CLK": {"Type": "bool"}},
      "bundle_name": "ap_clk",
      "bundle_role": "default",
      "buses": "dout",
      "reset": "ap_rst_n"
    },
    "ap_ctrl": {
      "type": "ap_ctrl",
      "ctrl_ports": "ap_start ap_done ap_idle ap_ready",
      "ctype": {
        "start": {"Type": "bool"},
        "done": {"Type": "bool"},
        "idle": {"Type": "bool"},
        "ready": {"Type": "bool"}
      }
    },
    "ap_rst_n": {
      "type": "reset",
      "polarity": "ACTIVE_LOW",
      "ctype": {"RST": {"Type": "bool"}},
      "bundle_name": "ap_rst_n",
      "bundle_role": "default"
    },
    "count_V": {
      "type": "data",
      "dir": "in",
      "width": "16",
      "ctype": {"DATA": {
          "Type": "integer unsigned",
          "Width": "16"
        }},
      "bundle_name": "count_V",
      "bundle_role": "default"
    },
    "dout": {
      "type": "axi4stream",
      "mode": "master",
      "port_prefix": "dout",
      "has_tready": "1",
      "ctype": {
        "TREADY": {"Type": "bool"},
        "TVALID": {"Type": "bool"},
        "TLAST": {
          "Type": "integer unsigned",
          "Width": "1"
        },
        "TDATA": {
          "Type": "integer unsigned",
          "Width": "128"
        },
        "TKEEP": {
          "Type": "integer unsigned",
          "Width": "16"
        }
      },
      "port_width": {
        "TDATA": "128",
        "TKEEP": "16",
        "TLAST": "1"
      }
    }
  },
  "RtlPorts": {
    "ap_clk": {
      "dir": "in",
      "width": "1"
    },
    "ap_rst_n": {
      "dir": "in",
      "width": "1"
    },
    "ap_start": {
      "dir": "in",
      "width": "1"
    },
    "ap_done": {
      "dir": "out",
      "width": "1"
    },
    "ap_idle": {
      "dir": "out",
      "width": "1"
    },
    "ap_ready": {
      "dir": "out",
      "width": "1"
    },
    "dout_TREADY": {
      "dir": "in",
      "width": "1"
    },
    "dout_TVALID": {
      "dir": "out",
      "width": "1"
    },
    "dout_TLAST": {
      "dir": "out",
      "width": "1",
      "isVector": "true"
    },
    "dout_TDATA": {
      "dir": "out",
      "width": "128"
    },
    "dout_TKEEP": {
      "dir": "out",
      "width": "16"
    },
    "count_V": {
      "dir": "in",
      "width": "16"
    }
  },
  "ModuleInfo": {
    "Hierarchy": {"ModuleName": "epacket_gen"},
    "Info": {"epacket_gen": {
        "FunctionProtocol": "ap_ctrl_hs",
        "isTaskLevelControl": "1",
        "isPipelined": "1",
        "isCombinational": "0",
        "isOneStateSeq": "0"
      }},
    "Metrics": {"epacket_gen": {
        "Latency": {
          "LatencyBest": "1",
          "LatencyAvg": "1",
          "LatencyWorst": "1",
          "PipelineII": "1",
          "PipelineDepth": "2",
          "PipelineType": "function"
        },
        "Timing": {
          "Target": "3.20",
          "Uncertainty": "0.40",
          "Estimate": "2.102"
        },
        "Area": {
          "FF": "288",
          "LUT": "196",
          "BRAM_18K": "0",
          "DSP48E": "0",
          "URAM": "0"
        }
      }}
  },
  "Sdx": {
    "Target": "none",
    "ProfileOption": "0",
    "ProfileType": "none",
    "XO": "",
    "KernelName": "epacket_gen",
    "EnableXoSwEmu": "1"
  },
  "GenData": {
    "DataVersion": "0.2",
    "Time": "2021-03-09 11:03:06 IST",
    "ToolName": "vivado_hls",
    "ToolVersion": "2019.1"
  }
}
