<InterfaceSummary>
<RtlPorts>
<name>Ethernet_header_V</name>
<CType>
<TypeName>struct</TypeName>
<TypeWidth>112</TypeWidth>
<PhysicalWidth>112</PhysicalWidth>
<Fields>
<Field>
<FieldName>dst_mac</FieldName>
<FieldType>
<TypeName>ap_uint 48</TypeName>
<TypeWidth>48</TypeWidth>
<PhysicalWidth>48</PhysicalWidth>
</FieldType>
</Field>
<Field>
<FieldName>src_mac</FieldName>
<FieldType>
<TypeName>ap_uint 48</TypeName>
<TypeWidth>48</TypeWidth>
<PhysicalWidth>48</PhysicalWidth>
</FieldType>
</Field>
<Field>
<FieldName>eth_type</FieldName>
<FieldType>
<TypeName>ap_uint 16</TypeName>
<TypeWidth>16</TypeWidth>
<PhysicalWidth>16</PhysicalWidth>
</FieldType>
</Field>
</Fields>
</CType>
<CFractionWidth>0</CFractionWidth>
<InvalidType>1</InvalidType>
</RtlPorts>
<RtlPorts>
<name>eCPRI_header_V</name>
<CType>
<TypeName>struct</TypeName>
<TypeWidth>64</TypeWidth>
<PhysicalWidth>64</PhysicalWidth>
<Fields>
<Field>
<FieldName>version</FieldName>
<FieldType>
<TypeName>ap_uint 8</TypeName>
<TypeWidth>8</TypeWidth>
<PhysicalWidth>8</PhysicalWidth>
</FieldType>
</Field>
<Field>
<FieldName>msg_type</FieldName>
<FieldType>
<TypeName>ap_uint 8</TypeName>
<TypeWidth>8</TypeWidth>
<PhysicalWidth>8</PhysicalWidth>
</FieldType>
</Field>
<Field>
<FieldName>payload_size</FieldName>
<FieldType>
<TypeName>ap_uint 16</TypeName>
<TypeWidth>16</TypeWidth>
<PhysicalWidth>16</PhysicalWidth>
</FieldType>
</Field>
<Field>
<FieldName>pcid1</FieldName>
<FieldType>
<TypeName>ap_uint 16</TypeName>
<TypeWidth>16</TypeWidth>
<PhysicalWidth>16</PhysicalWidth>
</FieldType>
</Field>
<Field>
<FieldName>seqid</FieldName>
<FieldType>
<TypeName>ap_uint 16</TypeName>
<TypeWidth>16</TypeWidth>
<PhysicalWidth>16</PhysicalWidth>
</FieldType>
</Field>
</Fields>
</CType>
<CFractionWidth>0</CFractionWidth>
<InvalidType>1</InvalidType>
</RtlPorts>
<RtlPorts>
<name>application_header_V</name>
<CType>
<TypeName>struct</TypeName>
<TypeWidth>32</TypeWidth>
<PhysicalWidth>32</PhysicalWidth>
<Fields>
<Field>
<FieldName>filterIndex</FieldName>
<FieldType>
<TypeName>ap_uint 4</TypeName>
<TypeWidth>4</TypeWidth>
<PhysicalWidth>4</PhysicalWidth>
</FieldType>
</Field>
<Field>
<FieldName>payloadVersion</FieldName>
<FieldType>
<TypeName>ap_uint 3</TypeName>
<TypeWidth>3</TypeWidth>
<PhysicalWidth>3</PhysicalWidth>
</FieldType>
</Field>
<Field>
<FieldName>dataDirection</FieldName>
<FieldType>
<TypeName>ap_uint 1</TypeName>
<TypeWidth>1</TypeWidth>
<PhysicalWidth>1</PhysicalWidth>
</FieldType>
</Field>
<Field>
<FieldName>frameId</FieldName>
<FieldType>
<TypeName>ap_uint 8</TypeName>
<TypeWidth>8</TypeWidth>
<PhysicalWidth>8</PhysicalWidth>
</FieldType>
</Field>
<Field>
<FieldName>subframeId</FieldName>
<FieldType>
<TypeName>ap_uint 4</TypeName>
<TypeWidth>4</TypeWidth>
<PhysicalWidth>4</PhysicalWidth>
</FieldType>
</Field>
<Field>
<FieldName>startsymbolId</FieldName>
<FieldType>
<TypeName>ap_uint 6</TypeName>
<TypeWidth>6</TypeWidth>
<PhysicalWidth>6</PhysicalWidth>
</FieldType>
</Field>
<Field>
<FieldName>slotID</FieldName>
<FieldType>
<TypeName>ap_uint 6</TypeName>
<TypeWidth>6</TypeWidth>
<PhysicalWidth>6</PhysicalWidth>
</FieldType>
</Field>
</Fields>
</CType>
<CFractionWidth>0</CFractionWidth>
<InvalidType>1</InvalidType>
</RtlPorts>
<RtlPorts>
<name>section_header_V</name>
<CType>
<TypeName>struct</TypeName>
<TypeWidth>48</TypeWidth>
<PhysicalWidth>48</PhysicalWidth>
<Fields>
<Field>
<FieldName>sectionID</FieldName>
<FieldType>
<TypeName>ap_uint 12</TypeName>
<TypeWidth>12</TypeWidth>
<PhysicalWidth>12</PhysicalWidth>
</FieldType>
</Field>
<Field>
<FieldName>startPrbu</FieldName>
<FieldType>
<TypeName>ap_uint 10</TypeName>
<TypeWidth>10</TypeWidth>
<PhysicalWidth>10</PhysicalWidth>
</FieldType>
</Field>
<Field>
<FieldName>rb</FieldName>
<FieldType>
<TypeName>ap_uint 1</TypeName>
<TypeWidth>1</TypeWidth>
<PhysicalWidth>1</PhysicalWidth>
</FieldType>
</Field>
<Field>
<FieldName>symInc</FieldName>
<FieldType>
<TypeName>ap_uint 1</TypeName>
<TypeWidth>1</TypeWidth>
<PhysicalWidth>1</PhysicalWidth>
</FieldType>
</Field>
<Field>
<FieldName>numPrbu</FieldName>
<FieldType>
<TypeName>ap_uint 8</TypeName>
<TypeWidth>8</TypeWidth>
<PhysicalWidth>8</PhysicalWidth>
</FieldType>
</Field>
<Field>
<FieldName>udCompHdr</FieldName>
<FieldType>
<TypeName>ap_uint 8</TypeName>
<TypeWidth>8</TypeWidth>
<PhysicalWidth>8</PhysicalWidth>
</FieldType>
</Field>
<Field>
<FieldName>reserved</FieldName>
<FieldType>
<TypeName>ap_uint 8</TypeName>
<TypeWidth>8</TypeWidth>
<PhysicalWidth>8</PhysicalWidth>
</FieldType>
</Field>
</Fields>
</CType>
<CFractionWidth>0</CFractionWidth>
<InvalidType>1</InvalidType>
</RtlPorts>
<RtlPorts>
<name>IQ_data_V_data_V</name>
<CType>
<TypeName>ap_uint 128</TypeName>
<TypeWidth>128</TypeWidth>
<PhysicalWidth>128</PhysicalWidth>
</CType>
<CFractionWidth>0</CFractionWidth>
<InvalidType>0</InvalidType>
</RtlPorts>
<RtlPorts>
<name>eth_data_V_data_V</name>
<CType>
<TypeName>ap_uint 128</TypeName>
<TypeWidth>128</TypeWidth>
<PhysicalWidth>128</PhysicalWidth>
</CType>
<CFractionWidth>0</CFractionWidth>
<InvalidType>0</InvalidType>
</RtlPorts>
<RtlPorts>
<name>eth_data_V_keep_V</name>
<CType>
<TypeName>ap_uint 16</TypeName>
<TypeWidth>16</TypeWidth>
<PhysicalWidth>16</PhysicalWidth>
</CType>
<CFractionWidth>0</CFractionWidth>
<InvalidType>0</InvalidType>
</RtlPorts>
<RtlPorts>
<name>eth_data_V_last_V</name>
<CType>
<TypeName>ap_uint 1</TypeName>
<TypeWidth>1</TypeWidth>
<PhysicalWidth>1</PhysicalWidth>
</CType>
<CFractionWidth>0</CFractionWidth>
<InvalidType>0</InvalidType>
</RtlPorts>
<RtlPorts>
<name>state_out</name>
<CType>
<TypeName>unsigned char</TypeName>
<TypeWidth>8</TypeWidth>
<PhysicalWidth>8</PhysicalWidth>
</CType>
<CFractionWidth>0</CFractionWidth>
<InvalidType>0</InvalidType>
</RtlPorts>
<RtlPorts>
<name>symbol_number_V</name>
<CType>
<TypeName>ap_uint 4</TypeName>
<TypeWidth>4</TypeWidth>
<PhysicalWidth>4</PhysicalWidth>
</CType>
<CFractionWidth>0</CFractionWidth>
<InvalidType>0</InvalidType>
</RtlPorts>
<RtlPorts>
<name>Total_PRB_count_V</name>
<CType>
<TypeName>ap_uint 12</TypeName>
<TypeWidth>12</TypeWidth>
<PhysicalWidth>12</PhysicalWidth>
</CType>
<CFractionWidth>0</CFractionWidth>
<InvalidType>0</InvalidType>
</RtlPorts>
</InterfaceSummary>

