<stg><name>uplane_packetiser</name>


<trans_list>

<trans id="193" from="1" to="2">
<condition id="-1">
<or_exp><and_exp></and_exp></or_exp>
</condition>
</trans>
</trans_list>



<state_list>

<state id="1" st_id="1">

<operation id="3" st_id="1" stage="1" lat="1">
<core>NULL</core>
<MemPortIdVec></MemPortIdVec>
<condition id="-1">
<or_exp><and_exp></and_exp></or_exp>
</condition>

<Node id="43" bw="4" op_0_bw="4">
<![CDATA[
codeRepl:24  %oran_ctrl_state_load = load i4* @oran_ctrl_state, align 1

]]></Node>
<StgValue><ssdm name="oran_ctrl_state_load"/></StgValue>
</operation>

<operation id="4" st_id="1" stage="1" lat="1">
<core>NULL</core>
<MemPortIdVec></MemPortIdVec>
<condition id="-1">
<or_exp><and_exp></and_exp></or_exp>
</condition>

<Node id="46" bw="12" op_0_bw="12">
<![CDATA[
codeRepl:27  %PRB_count_V_load = load i12* @PRB_count_V, align 2

]]></Node>
<StgValue><ssdm name="PRB_count_V_load"/></StgValue>
</operation>

<operation id="5" st_id="1" stage="1" lat="1">
<core>NULL</core>
<MemPortIdVec></MemPortIdVec>
<condition id="-1">
<or_exp><and_exp></and_exp></or_exp>
</condition>

<Node id="47" bw="32" op_0_bw="32">
<![CDATA[
codeRepl:28  %PRB_fragmentation_lo = load i32* @PRB_fragmentation, align 4

]]></Node>
<StgValue><ssdm name="PRB_fragmentation_lo"/></StgValue>
</operation>

<operation id="6" st_id="1" stage="1" lat="1">
<core>NULL</core>
<MemPortIdVec></MemPortIdVec>
<condition id="-1">
<or_exp><and_exp></and_exp></or_exp>
</condition>

<Node id="48" bw="4" op_0_bw="4">
<![CDATA[
codeRepl:29  %symbolID_V_load = load i4* @symbolID_V, align 1

]]></Node>
<StgValue><ssdm name="symbolID_V_load"/></StgValue>
</operation>

<operation id="7" st_id="1" stage="1" lat="1">
<core>NULL</core>
<MemPortIdVec></MemPortIdVec>
<condition id="-1">
<or_exp><and_exp></and_exp></or_exp>
</condition>

<Node id="49" bw="0" op_0_bw="4" op_1_bw="0" op_2_bw="4" op_3_bw="0" op_4_bw="4" op_5_bw="0" op_6_bw="4" op_7_bw="0" op_8_bw="4" op_9_bw="0" op_10_bw="4" op_11_bw="0" op_12_bw="4" op_13_bw="0" op_14_bw="4" op_15_bw="0" op_16_bw="4" op_17_bw="0" op_18_bw="4" op_19_bw="0">
<![CDATA[
codeRepl:30  switch i4 %oran_ctrl_state_load, label %._crit_edge3184 [
    i4 0, label %0
    i4 1, label %1
    i4 2, label %2
    i4 3, label %3
    i4 4, label %4
    i4 5, label %5
    i4 6, label %6
    i4 7, label %7
    i4 -8, label %12
  ]

]]></Node>
<StgValue><ssdm name="switch_ln379"/></StgValue>
</operation>

<operation id="8" st_id="1" stage="1" lat="1">
<core>Cmp</core>
<MemPortIdVec></MemPortIdVec>
<condition id="-1">
<or_exp><and_exp><literal name="oran_ctrl_state_load" val="-8"/>
</and_exp></or_exp>
</condition>

<Node id="51" bw="1" op_0_bw="4" op_1_bw="4">
<![CDATA[
:0  %icmp_ln879_1 = icmp eq i4 %symbolID_V_load, -3

]]></Node>
<StgValue><ssdm name="icmp_ln879_1"/></StgValue>
</operation>

<operation id="9" st_id="1" stage="1" lat="1">
<core>NULL</core>
<MemPortIdVec></MemPortIdVec>
<condition id="-1">
<or_exp><and_exp><literal name="oran_ctrl_state_load" val="-8"/>
</and_exp></or_exp>
</condition>

<Node id="52" bw="0" op_0_bw="1" op_1_bw="0" op_2_bw="0">
<![CDATA[
:1  br i1 %icmp_ln879_1, label %13, label %14

]]></Node>
<StgValue><ssdm name="br_ln580"/></StgValue>
</operation>

<operation id="10" st_id="1" stage="1" lat="1">
<core>NULL</core>
<MemPortIdVec></MemPortIdVec>
<condition id="-1">
<or_exp><and_exp><literal name="oran_ctrl_state_load" val="-8"/>
<literal name="icmp_ln879_1" val="0"/>
</and_exp></or_exp>
</condition>

<Node id="54" bw="0" op_0_bw="32" op_1_bw="32" op_2_bw="32">
<![CDATA[
:0  store i32 0, i32* @PRB_fragmentation, align 4

]]></Node>
<StgValue><ssdm name="store_ln587"/></StgValue>
</operation>

<operation id="11" st_id="1" stage="1" lat="1">
<core>NULL</core>
<MemPortIdVec></MemPortIdVec>
<condition id="-1">
<or_exp><and_exp><literal name="oran_ctrl_state_load" val="-8"/>
<literal name="icmp_ln879_1" val="0"/>
</and_exp></or_exp>
</condition>

<Node id="55" bw="0" op_0_bw="12" op_1_bw="12" op_2_bw="12">
<![CDATA[
:1  store i12 0, i12* @PRB_count_V, align 2

]]></Node>
<StgValue><ssdm name="store_ln588"/></StgValue>
</operation>

<operation id="12" st_id="1" stage="1" lat="1">
<core>NULL</core>
<MemPortIdVec></MemPortIdVec>
<condition id="-1">
<or_exp><and_exp><literal name="oran_ctrl_state_load" val="-8"/>
<literal name="icmp_ln879_1" val="0"/>
</and_exp></or_exp>
</condition>

<Node id="56" bw="0" op_0_bw="0">
<![CDATA[
:2  br label %15

]]></Node>
<StgValue><ssdm name="br_ln0"/></StgValue>
</operation>

<operation id="13" st_id="1" stage="1" lat="1">
<core>NULL</core>
<MemPortIdVec></MemPortIdVec>
<condition id="-1">
<or_exp><and_exp><literal name="oran_ctrl_state_load" val="-8"/>
<literal name="icmp_ln879_1" val="1"/>
</and_exp></or_exp>
</condition>

<Node id="58" bw="0" op_0_bw="4" op_1_bw="4" op_2_bw="4">
<![CDATA[
:0  store i4 0, i4* @symbolID_V, align 1

]]></Node>
<StgValue><ssdm name="store_ln582"/></StgValue>
</operation>

<operation id="14" st_id="1" stage="1" lat="1">
<core>NULL</core>
<MemPortIdVec></MemPortIdVec>
<condition id="-1">
<or_exp><and_exp><literal name="oran_ctrl_state_load" val="-8"/>
<literal name="icmp_ln879_1" val="1"/>
</and_exp></or_exp>
</condition>

<Node id="59" bw="0" op_0_bw="0">
<![CDATA[
:1  br label %15

]]></Node>
<StgValue><ssdm name="br_ln584"/></StgValue>
</operation>

<operation id="15" st_id="1" stage="1" lat="1">
<core>NULL</core>
<MemPortIdVec></MemPortIdVec>
<condition id="-1">
<or_exp><and_exp><literal name="oran_ctrl_state_load" val="-8"/>
</and_exp></or_exp>
</condition>

<Node id="61" bw="1" op_0_bw="1" op_1_bw="0" op_2_bw="1" op_3_bw="0">
<![CDATA[
:0  %storemerge = phi i1 [ true, %14 ], [ false, %13 ]

]]></Node>
<StgValue><ssdm name="storemerge"/></StgValue>
</operation>

<operation id="16" st_id="1" stage="1" lat="1">
<core>NULL</core>
<MemPortIdVec></MemPortIdVec>
<condition id="-1">
<or_exp><and_exp><literal name="oran_ctrl_state_load" val="-8"/>
</and_exp></or_exp>
</condition>

<Node id="62" bw="4" op_0_bw="1">
<![CDATA[
:1  %zext_ln583 = zext i1 %storemerge to i4

]]></Node>
<StgValue><ssdm name="zext_ln583"/></StgValue>
</operation>

<operation id="17" st_id="1" stage="1" lat="1">
<core>NULL</core>
<MemPortIdVec></MemPortIdVec>
<condition id="-1">
<or_exp><and_exp><literal name="oran_ctrl_state_load" val="-8"/>
</and_exp></or_exp>
</condition>

<Node id="63" bw="0" op_0_bw="4" op_1_bw="4" op_2_bw="4">
<![CDATA[
:2  store i4 %zext_ln583, i4* @oran_ctrl_state, align 1

]]></Node>
<StgValue><ssdm name="store_ln583"/></StgValue>
</operation>

<operation id="18" st_id="1" stage="1" lat="1">
<core>NULL</core>
<MemPortIdVec></MemPortIdVec>
<condition id="-1">
<or_exp><and_exp><literal name="oran_ctrl_state_load" val="-8"/>
</and_exp></or_exp>
</condition>

<Node id="64" bw="0" op_0_bw="0">
<![CDATA[
:3  br label %._crit_edge3184

]]></Node>
<StgValue><ssdm name="br_ln591"/></StgValue>
</operation>

<operation id="19" st_id="1" stage="1" lat="1">
<core>Cmp</core>
<MemPortIdVec></MemPortIdVec>
<condition id="-1">
<or_exp><and_exp><literal name="oran_ctrl_state_load" val="7"/>
</and_exp></or_exp>
</condition>

<Node id="66" bw="1" op_0_bw="12" op_1_bw="12">
<![CDATA[
:0  %icmp_ln879 = icmp eq i12 %PRB_count_V_load, 273

]]></Node>
<StgValue><ssdm name="icmp_ln879"/></StgValue>
</operation>

<operation id="20" st_id="1" stage="1" lat="1">
<core>NULL</core>
<MemPortIdVec></MemPortIdVec>
<condition id="-1">
<or_exp><and_exp><literal name="oran_ctrl_state_load" val="7"/>
</and_exp></or_exp>
</condition>

<Node id="67" bw="0" op_0_bw="1" op_1_bw="0" op_2_bw="0">
<![CDATA[
:1  br i1 %icmp_ln879, label %8, label %10

]]></Node>
<StgValue><ssdm name="br_ln566"/></StgValue>
</operation>

<operation id="21" st_id="1" stage="1" lat="1">
<core>NULL</core>
<MemPortIdVec></MemPortIdVec>
<condition id="-1">
<or_exp><and_exp><literal name="oran_ctrl_state_load" val="7"/>
<literal name="icmp_ln879" val="0"/>
</and_exp></or_exp>
</condition>

<Node id="69" bw="0" op_0_bw="4" op_1_bw="4" op_2_bw="4">
<![CDATA[
:0  store i4 1, i4* @oran_ctrl_state, align 1

]]></Node>
<StgValue><ssdm name="store_ln574"/></StgValue>
</operation>

<operation id="22" st_id="1" stage="1" lat="1">
<core>Cmp</core>
<MemPortIdVec></MemPortIdVec>
<condition id="-1">
<or_exp><and_exp><literal name="oran_ctrl_state_load" val="7"/>
<literal name="icmp_ln879" val="1"/>
</and_exp></or_exp>
</condition>

<Node id="72" bw="1" op_0_bw="32" op_1_bw="32">
<![CDATA[
:0  %icmp_ln567 = icmp eq i32 %PRB_fragmentation_lo, 3

]]></Node>
<StgValue><ssdm name="icmp_ln567"/></StgValue>
</operation>

<operation id="23" st_id="1" stage="1" lat="1">
<core>NULL</core>
<MemPortIdVec></MemPortIdVec>
<condition id="-1">
<or_exp><and_exp><literal name="oran_ctrl_state_load" val="7"/>
<literal name="icmp_ln879" val="1"/>
</and_exp></or_exp>
</condition>

<Node id="73" bw="0" op_0_bw="1" op_1_bw="0" op_2_bw="0">
<![CDATA[
:1  br i1 %icmp_ln567, label %9, label %._crit_edge3185

]]></Node>
<StgValue><ssdm name="br_ln567"/></StgValue>
</operation>

<operation id="24" st_id="1" stage="1" lat="1">
<core>NULL</core>
<MemPortIdVec></MemPortIdVec>
<condition id="-1">
<or_exp><and_exp><literal name="oran_ctrl_state_load" val="7"/>
<literal name="icmp_ln879" val="1"/>
<literal name="icmp_ln567" val="1"/>
</and_exp></or_exp>
</condition>

<Node id="75" bw="0" op_0_bw="4" op_1_bw="4" op_2_bw="4">
<![CDATA[
:0  store i4 -8, i4* @oran_ctrl_state, align 1

]]></Node>
<StgValue><ssdm name="store_ln568"/></StgValue>
</operation>

<operation id="25" st_id="1" stage="1" lat="1">
<core>NULL</core>
<MemPortIdVec></MemPortIdVec>
<condition id="-1">
<or_exp><and_exp><literal name="oran_ctrl_state_load" val="7"/>
</and_exp></or_exp>
</condition>

<Node id="80" bw="0" op_0_bw="0">
<![CDATA[
:0  br label %._crit_edge3184

]]></Node>
<StgValue><ssdm name="br_ln577"/></StgValue>
</operation>

<operation id="26" st_id="1" stage="1" lat="1">
<core>AXI4Stream</core>
<MemPortIdVec></MemPortIdVec>
<condition id="-1">
<or_exp><and_exp><literal name="oran_ctrl_state_load" val="6"/>
</and_exp></or_exp>
</condition>

<Node id="82" bw="128" op_0_bw="128" op_1_bw="128">
<![CDATA[
:0  %tmp_data_V_9 = call i128 @_ssdm_op_Read.axis.volatile.i128P(i128* %IQ_data_V_data_V)

]]></Node>
<StgValue><ssdm name="tmp_data_V_9"/></StgValue>
</operation>

<operation id="27" st_id="1" stage="1" lat="1">
<core>NULL</core>
<MemPortIdVec></MemPortIdVec>
<condition id="-1">
<or_exp><and_exp><literal name="oran_ctrl_state_load" val="6"/>
</and_exp></or_exp>
</condition>

<Node id="83" bw="8" op_0_bw="8" op_1_bw="128" op_2_bw="32" op_3_bw="32">
<![CDATA[
:1  %p_Result_37 = call i8 @_ssdm_op_PartSelect.i8.i128.i32.i32(i128 %tmp_data_V_9, i32 120, i32 127)

]]></Node>
<StgValue><ssdm name="p_Result_37"/></StgValue>
</operation>

<operation id="28" st_id="1" stage="1" lat="1">
<core>NULL</core>
<MemPortIdVec></MemPortIdVec>
<condition id="-1">
<or_exp><and_exp><literal name="oran_ctrl_state_load" val="6"/>
</and_exp></or_exp>
</condition>

<Node id="84" bw="8" op_0_bw="8" op_1_bw="128" op_2_bw="32" op_3_bw="32">
<![CDATA[
:2  %p_Result_38 = call i8 @_ssdm_op_PartSelect.i8.i128.i32.i32(i128 %tmp_data_V_9, i32 112, i32 119)

]]></Node>
<StgValue><ssdm name="p_Result_38"/></StgValue>
</operation>

<operation id="29" st_id="1" stage="1" lat="1">
<core>NULL</core>
<MemPortIdVec></MemPortIdVec>
<condition id="-1">
<or_exp><and_exp><literal name="oran_ctrl_state_load" val="6"/>
</and_exp></or_exp>
</condition>

<Node id="85" bw="8" op_0_bw="8" op_1_bw="128" op_2_bw="32" op_3_bw="32">
<![CDATA[
:3  %p_Result_39 = call i8 @_ssdm_op_PartSelect.i8.i128.i32.i32(i128 %tmp_data_V_9, i32 104, i32 111)

]]></Node>
<StgValue><ssdm name="p_Result_39"/></StgValue>
</operation>

<operation id="30" st_id="1" stage="1" lat="1">
<core>NULL</core>
<MemPortIdVec></MemPortIdVec>
<condition id="-1">
<or_exp><and_exp><literal name="oran_ctrl_state_load" val="6"/>
</and_exp></or_exp>
</condition>

<Node id="86" bw="8" op_0_bw="8" op_1_bw="128" op_2_bw="32" op_3_bw="32">
<![CDATA[
:4  %p_Result_40 = call i8 @_ssdm_op_PartSelect.i8.i128.i32.i32(i128 %tmp_data_V_9, i32 96, i32 103)

]]></Node>
<StgValue><ssdm name="p_Result_40"/></StgValue>
</operation>

<operation id="31" st_id="1" stage="1" lat="1">
<core>NULL</core>
<MemPortIdVec></MemPortIdVec>
<condition id="-1">
<or_exp><and_exp><literal name="oran_ctrl_state_load" val="6"/>
</and_exp></or_exp>
</condition>

<Node id="87" bw="8" op_0_bw="8" op_1_bw="128" op_2_bw="32" op_3_bw="32">
<![CDATA[
:5  %p_Result_41 = call i8 @_ssdm_op_PartSelect.i8.i128.i32.i32(i128 %tmp_data_V_9, i32 88, i32 95)

]]></Node>
<StgValue><ssdm name="p_Result_41"/></StgValue>
</operation>

<operation id="32" st_id="1" stage="1" lat="1">
<core>NULL</core>
<MemPortIdVec></MemPortIdVec>
<condition id="-1">
<or_exp><and_exp><literal name="oran_ctrl_state_load" val="6"/>
</and_exp></or_exp>
</condition>

<Node id="88" bw="8" op_0_bw="8" op_1_bw="128" op_2_bw="32" op_3_bw="32">
<![CDATA[
:6  %p_Result_42 = call i8 @_ssdm_op_PartSelect.i8.i128.i32.i32(i128 %tmp_data_V_9, i32 80, i32 87)

]]></Node>
<StgValue><ssdm name="p_Result_42"/></StgValue>
</operation>

<operation id="33" st_id="1" stage="1" lat="1">
<core>NULL</core>
<MemPortIdVec></MemPortIdVec>
<condition id="-1">
<or_exp><and_exp><literal name="oran_ctrl_state_load" val="6"/>
</and_exp></or_exp>
</condition>

<Node id="89" bw="8" op_0_bw="8" op_1_bw="128" op_2_bw="32" op_3_bw="32">
<![CDATA[
:7  %p_Result_43 = call i8 @_ssdm_op_PartSelect.i8.i128.i32.i32(i128 %tmp_data_V_9, i32 72, i32 79)

]]></Node>
<StgValue><ssdm name="p_Result_43"/></StgValue>
</operation>

<operation id="34" st_id="1" stage="1" lat="1">
<core>NULL</core>
<MemPortIdVec></MemPortIdVec>
<condition id="-1">
<or_exp><and_exp><literal name="oran_ctrl_state_load" val="6"/>
</and_exp></or_exp>
</condition>

<Node id="90" bw="8" op_0_bw="8" op_1_bw="128" op_2_bw="32" op_3_bw="32">
<![CDATA[
:8  %p_Result_44 = call i8 @_ssdm_op_PartSelect.i8.i128.i32.i32(i128 %tmp_data_V_9, i32 64, i32 71)

]]></Node>
<StgValue><ssdm name="p_Result_44"/></StgValue>
</operation>

<operation id="35" st_id="1" stage="1" lat="1">
<core>NULL</core>
<MemPortIdVec></MemPortIdVec>
<condition id="-1">
<or_exp><and_exp><literal name="oran_ctrl_state_load" val="6"/>
</and_exp></or_exp>
</condition>

<Node id="91" bw="8" op_0_bw="8" op_1_bw="128" op_2_bw="32" op_3_bw="32">
<![CDATA[
:9  %p_Result_45 = call i8 @_ssdm_op_PartSelect.i8.i128.i32.i32(i128 %tmp_data_V_9, i32 56, i32 63)

]]></Node>
<StgValue><ssdm name="p_Result_45"/></StgValue>
</operation>

<operation id="36" st_id="1" stage="1" lat="1">
<core>NULL</core>
<MemPortIdVec></MemPortIdVec>
<condition id="-1">
<or_exp><and_exp><literal name="oran_ctrl_state_load" val="6"/>
</and_exp></or_exp>
</condition>

<Node id="92" bw="8" op_0_bw="8" op_1_bw="128" op_2_bw="32" op_3_bw="32">
<![CDATA[
:10  %p_Result_46 = call i8 @_ssdm_op_PartSelect.i8.i128.i32.i32(i128 %tmp_data_V_9, i32 48, i32 55)

]]></Node>
<StgValue><ssdm name="p_Result_46"/></StgValue>
</operation>

<operation id="37" st_id="1" stage="1" lat="1">
<core>NULL</core>
<MemPortIdVec></MemPortIdVec>
<condition id="-1">
<or_exp><and_exp><literal name="oran_ctrl_state_load" val="6"/>
</and_exp></or_exp>
</condition>

<Node id="93" bw="8" op_0_bw="8" op_1_bw="128" op_2_bw="32" op_3_bw="32">
<![CDATA[
:11  %p_Result_47 = call i8 @_ssdm_op_PartSelect.i8.i128.i32.i32(i128 %tmp_data_V_9, i32 40, i32 47)

]]></Node>
<StgValue><ssdm name="p_Result_47"/></StgValue>
</operation>

<operation id="38" st_id="1" stage="1" lat="1">
<core>NULL</core>
<MemPortIdVec></MemPortIdVec>
<condition id="-1">
<or_exp><and_exp><literal name="oran_ctrl_state_load" val="6"/>
</and_exp></or_exp>
</condition>

<Node id="94" bw="8" op_0_bw="8" op_1_bw="128" op_2_bw="32" op_3_bw="32">
<![CDATA[
:12  %p_Result_48 = call i8 @_ssdm_op_PartSelect.i8.i128.i32.i32(i128 %tmp_data_V_9, i32 32, i32 39)

]]></Node>
<StgValue><ssdm name="p_Result_48"/></StgValue>
</operation>

<operation id="39" st_id="1" stage="1" lat="1">
<core>NULL</core>
<MemPortIdVec></MemPortIdVec>
<condition id="-1">
<or_exp><and_exp><literal name="oran_ctrl_state_load" val="6"/>
</and_exp></or_exp>
</condition>

<Node id="95" bw="8" op_0_bw="8" op_1_bw="128" op_2_bw="32" op_3_bw="32">
<![CDATA[
:13  %p_Result_49 = call i8 @_ssdm_op_PartSelect.i8.i128.i32.i32(i128 %tmp_data_V_9, i32 24, i32 31)

]]></Node>
<StgValue><ssdm name="p_Result_49"/></StgValue>
</operation>

<operation id="40" st_id="1" stage="1" lat="1">
<core>NULL</core>
<MemPortIdVec></MemPortIdVec>
<condition id="-1">
<or_exp><and_exp><literal name="oran_ctrl_state_load" val="6"/>
</and_exp></or_exp>
</condition>

<Node id="96" bw="8" op_0_bw="8" op_1_bw="128" op_2_bw="32" op_3_bw="32">
<![CDATA[
:14  %p_Result_50 = call i8 @_ssdm_op_PartSelect.i8.i128.i32.i32(i128 %tmp_data_V_9, i32 16, i32 23)

]]></Node>
<StgValue><ssdm name="p_Result_50"/></StgValue>
</operation>

<operation id="41" st_id="1" stage="1" lat="1">
<core>NULL</core>
<MemPortIdVec></MemPortIdVec>
<condition id="-1">
<or_exp><and_exp><literal name="oran_ctrl_state_load" val="6"/>
</and_exp></or_exp>
</condition>

<Node id="97" bw="8" op_0_bw="8" op_1_bw="128" op_2_bw="32" op_3_bw="32">
<![CDATA[
:15  %p_Result_51 = call i8 @_ssdm_op_PartSelect.i8.i128.i32.i32(i128 %tmp_data_V_9, i32 8, i32 15)

]]></Node>
<StgValue><ssdm name="p_Result_51"/></StgValue>
</operation>

<operation id="42" st_id="1" stage="1" lat="1">
<core>NULL</core>
<MemPortIdVec></MemPortIdVec>
<condition id="-1">
<or_exp><and_exp><literal name="oran_ctrl_state_load" val="6"/>
</and_exp></or_exp>
</condition>

<Node id="98" bw="8" op_0_bw="128">
<![CDATA[
:16  %trunc_ln647_6 = trunc i128 %tmp_data_V_9 to i8

]]></Node>
<StgValue><ssdm name="trunc_ln647_6"/></StgValue>
</operation>

<operation id="43" st_id="1" stage="1" lat="1">
<core>AddSub</core>
<MemPortIdVec></MemPortIdVec>
<condition id="-1">
<or_exp><and_exp><literal name="oran_ctrl_state_load" val="6"/>
</and_exp></or_exp>
</condition>

<Node id="100" bw="32" op_0_bw="32" op_1_bw="32">
<![CDATA[
:18  %add_ln550 = add nsw i32 1, %PRB_fragmentation_lo

]]></Node>
<StgValue><ssdm name="add_ln550"/></StgValue>
</operation>

<operation id="44" st_id="1" stage="1" lat="1">
<core>Cmp</core>
<MemPortIdVec></MemPortIdVec>
<condition id="-1">
<or_exp><and_exp><literal name="oran_ctrl_state_load" val="6"/>
</and_exp></or_exp>
</condition>

<Node id="101" bw="1" op_0_bw="32" op_1_bw="32">
<![CDATA[
:19  %icmp_ln551 = icmp slt i32 %add_ln550, 30

]]></Node>
<StgValue><ssdm name="icmp_ln551"/></StgValue>
</operation>

<operation id="45" st_id="1" stage="1" lat="1">
<core>Sel</core>
<MemPortIdVec></MemPortIdVec>
<condition id="-1">
<or_exp><and_exp><literal name="oran_ctrl_state_load" val="6"/>
</and_exp></or_exp>
</condition>

<Node id="102" bw="32" op_0_bw="1" op_1_bw="32" op_2_bw="32">
<![CDATA[
:20  %select_ln551 = select i1 %icmp_ln551, i32 %add_ln550, i32 0

]]></Node>
<StgValue><ssdm name="select_ln551"/></StgValue>
</operation>

<operation id="46" st_id="1" stage="1" lat="1">
<core>Sel</core>
<MemPortIdVec></MemPortIdVec>
<condition id="-1">
<or_exp><and_exp><literal name="oran_ctrl_state_load" val="6"/>
</and_exp></or_exp>
</condition>

<Node id="104" bw="4" op_0_bw="1" op_1_bw="4" op_2_bw="4">
<![CDATA[
:22  %select_ln551_1 = select i1 %icmp_ln551, i4 4, i4 7

]]></Node>
<StgValue><ssdm name="select_ln551_1"/></StgValue>
</operation>

<operation id="47" st_id="1" stage="1" lat="1">
<core>NULL</core>
<MemPortIdVec></MemPortIdVec>
<condition id="-1">
<or_exp><and_exp><literal name="oran_ctrl_state_load" val="6"/>
</and_exp></or_exp>
</condition>

<Node id="105" bw="0" op_0_bw="32" op_1_bw="32" op_2_bw="32">
<![CDATA[
:23  store i32 %select_ln551, i32* @PRB_fragmentation, align 4

]]></Node>
<StgValue><ssdm name="store_ln550"/></StgValue>
</operation>

<operation id="48" st_id="1" stage="1" lat="1">
<core>NULL</core>
<MemPortIdVec></MemPortIdVec>
<condition id="-1">
<or_exp><and_exp><literal name="oran_ctrl_state_load" val="6"/>
</and_exp></or_exp>
</condition>

<Node id="106" bw="0" op_0_bw="4" op_1_bw="4" op_2_bw="4">
<![CDATA[
:24  store i4 %select_ln551_1, i4* @oran_ctrl_state, align 1

]]></Node>
<StgValue><ssdm name="store_ln554"/></StgValue>
</operation>

<operation id="49" st_id="1" stage="1" lat="1">
<core>NULL</core>
<MemPortIdVec></MemPortIdVec>
<condition id="-1">
<or_exp><and_exp><literal name="oran_ctrl_state_load" val="6"/>
</and_exp></or_exp>
</condition>

<Node id="108" bw="0" op_0_bw="0">
<![CDATA[
:26  br label %._crit_edge3184

]]></Node>
<StgValue><ssdm name="br_ln563"/></StgValue>
</operation>

<operation id="50" st_id="1" stage="1" lat="1">
<core>AXI4Stream</core>
<MemPortIdVec></MemPortIdVec>
<condition id="-1">
<or_exp><and_exp><literal name="oran_ctrl_state_load" val="5"/>
</and_exp></or_exp>
</condition>

<Node id="110" bw="128" op_0_bw="128" op_1_bw="128">
<![CDATA[
:0  %tmp_data_V_8 = call i128 @_ssdm_op_Read.axis.volatile.i128P(i128* %IQ_data_V_data_V)

]]></Node>
<StgValue><ssdm name="tmp_data_V_8"/></StgValue>
</operation>

<operation id="51" st_id="1" stage="1" lat="1">
<core>NULL</core>
<MemPortIdVec></MemPortIdVec>
<condition id="-1">
<or_exp><and_exp><literal name="oran_ctrl_state_load" val="5"/>
</and_exp></or_exp>
</condition>

<Node id="111" bw="8" op_0_bw="8" op_1_bw="128" op_2_bw="32" op_3_bw="32">
<![CDATA[
:1  %p_Result_22 = call i8 @_ssdm_op_PartSelect.i8.i128.i32.i32(i128 %tmp_data_V_8, i32 120, i32 127)

]]></Node>
<StgValue><ssdm name="p_Result_22"/></StgValue>
</operation>

<operation id="52" st_id="1" stage="1" lat="1">
<core>NULL</core>
<MemPortIdVec></MemPortIdVec>
<condition id="-1">
<or_exp><and_exp><literal name="oran_ctrl_state_load" val="5"/>
</and_exp></or_exp>
</condition>

<Node id="112" bw="8" op_0_bw="8" op_1_bw="128" op_2_bw="32" op_3_bw="32">
<![CDATA[
:2  %p_Result_23 = call i8 @_ssdm_op_PartSelect.i8.i128.i32.i32(i128 %tmp_data_V_8, i32 112, i32 119)

]]></Node>
<StgValue><ssdm name="p_Result_23"/></StgValue>
</operation>

<operation id="53" st_id="1" stage="1" lat="1">
<core>NULL</core>
<MemPortIdVec></MemPortIdVec>
<condition id="-1">
<or_exp><and_exp><literal name="oran_ctrl_state_load" val="5"/>
</and_exp></or_exp>
</condition>

<Node id="113" bw="8" op_0_bw="8" op_1_bw="128" op_2_bw="32" op_3_bw="32">
<![CDATA[
:3  %p_Result_24 = call i8 @_ssdm_op_PartSelect.i8.i128.i32.i32(i128 %tmp_data_V_8, i32 104, i32 111)

]]></Node>
<StgValue><ssdm name="p_Result_24"/></StgValue>
</operation>

<operation id="54" st_id="1" stage="1" lat="1">
<core>NULL</core>
<MemPortIdVec></MemPortIdVec>
<condition id="-1">
<or_exp><and_exp><literal name="oran_ctrl_state_load" val="5"/>
</and_exp></or_exp>
</condition>

<Node id="114" bw="8" op_0_bw="8" op_1_bw="128" op_2_bw="32" op_3_bw="32">
<![CDATA[
:4  %p_Result_25 = call i8 @_ssdm_op_PartSelect.i8.i128.i32.i32(i128 %tmp_data_V_8, i32 96, i32 103)

]]></Node>
<StgValue><ssdm name="p_Result_25"/></StgValue>
</operation>

<operation id="55" st_id="1" stage="1" lat="1">
<core>NULL</core>
<MemPortIdVec></MemPortIdVec>
<condition id="-1">
<or_exp><and_exp><literal name="oran_ctrl_state_load" val="5"/>
</and_exp></or_exp>
</condition>

<Node id="115" bw="8" op_0_bw="8" op_1_bw="128" op_2_bw="32" op_3_bw="32">
<![CDATA[
:5  %p_Result_26 = call i8 @_ssdm_op_PartSelect.i8.i128.i32.i32(i128 %tmp_data_V_8, i32 88, i32 95)

]]></Node>
<StgValue><ssdm name="p_Result_26"/></StgValue>
</operation>

<operation id="56" st_id="1" stage="1" lat="1">
<core>NULL</core>
<MemPortIdVec></MemPortIdVec>
<condition id="-1">
<or_exp><and_exp><literal name="oran_ctrl_state_load" val="5"/>
</and_exp></or_exp>
</condition>

<Node id="116" bw="8" op_0_bw="8" op_1_bw="128" op_2_bw="32" op_3_bw="32">
<![CDATA[
:6  %p_Result_27 = call i8 @_ssdm_op_PartSelect.i8.i128.i32.i32(i128 %tmp_data_V_8, i32 80, i32 87)

]]></Node>
<StgValue><ssdm name="p_Result_27"/></StgValue>
</operation>

<operation id="57" st_id="1" stage="1" lat="1">
<core>NULL</core>
<MemPortIdVec></MemPortIdVec>
<condition id="-1">
<or_exp><and_exp><literal name="oran_ctrl_state_load" val="5"/>
</and_exp></or_exp>
</condition>

<Node id="117" bw="8" op_0_bw="8" op_1_bw="128" op_2_bw="32" op_3_bw="32">
<![CDATA[
:7  %p_Result_28 = call i8 @_ssdm_op_PartSelect.i8.i128.i32.i32(i128 %tmp_data_V_8, i32 72, i32 79)

]]></Node>
<StgValue><ssdm name="p_Result_28"/></StgValue>
</operation>

<operation id="58" st_id="1" stage="1" lat="1">
<core>NULL</core>
<MemPortIdVec></MemPortIdVec>
<condition id="-1">
<or_exp><and_exp><literal name="oran_ctrl_state_load" val="5"/>
</and_exp></or_exp>
</condition>

<Node id="118" bw="8" op_0_bw="8" op_1_bw="128" op_2_bw="32" op_3_bw="32">
<![CDATA[
:8  %p_Result_29 = call i8 @_ssdm_op_PartSelect.i8.i128.i32.i32(i128 %tmp_data_V_8, i32 64, i32 71)

]]></Node>
<StgValue><ssdm name="p_Result_29"/></StgValue>
</operation>

<operation id="59" st_id="1" stage="1" lat="1">
<core>NULL</core>
<MemPortIdVec></MemPortIdVec>
<condition id="-1">
<or_exp><and_exp><literal name="oran_ctrl_state_load" val="5"/>
</and_exp></or_exp>
</condition>

<Node id="119" bw="8" op_0_bw="8" op_1_bw="128" op_2_bw="32" op_3_bw="32">
<![CDATA[
:9  %p_Result_30 = call i8 @_ssdm_op_PartSelect.i8.i128.i32.i32(i128 %tmp_data_V_8, i32 56, i32 63)

]]></Node>
<StgValue><ssdm name="p_Result_30"/></StgValue>
</operation>

<operation id="60" st_id="1" stage="1" lat="1">
<core>NULL</core>
<MemPortIdVec></MemPortIdVec>
<condition id="-1">
<or_exp><and_exp><literal name="oran_ctrl_state_load" val="5"/>
</and_exp></or_exp>
</condition>

<Node id="120" bw="8" op_0_bw="8" op_1_bw="128" op_2_bw="32" op_3_bw="32">
<![CDATA[
:10  %p_Result_31 = call i8 @_ssdm_op_PartSelect.i8.i128.i32.i32(i128 %tmp_data_V_8, i32 48, i32 55)

]]></Node>
<StgValue><ssdm name="p_Result_31"/></StgValue>
</operation>

<operation id="61" st_id="1" stage="1" lat="1">
<core>NULL</core>
<MemPortIdVec></MemPortIdVec>
<condition id="-1">
<or_exp><and_exp><literal name="oran_ctrl_state_load" val="5"/>
</and_exp></or_exp>
</condition>

<Node id="121" bw="8" op_0_bw="8" op_1_bw="128" op_2_bw="32" op_3_bw="32">
<![CDATA[
:11  %p_Result_32 = call i8 @_ssdm_op_PartSelect.i8.i128.i32.i32(i128 %tmp_data_V_8, i32 40, i32 47)

]]></Node>
<StgValue><ssdm name="p_Result_32"/></StgValue>
</operation>

<operation id="62" st_id="1" stage="1" lat="1">
<core>NULL</core>
<MemPortIdVec></MemPortIdVec>
<condition id="-1">
<or_exp><and_exp><literal name="oran_ctrl_state_load" val="5"/>
</and_exp></or_exp>
</condition>

<Node id="122" bw="8" op_0_bw="8" op_1_bw="128" op_2_bw="32" op_3_bw="32">
<![CDATA[
:12  %p_Result_33 = call i8 @_ssdm_op_PartSelect.i8.i128.i32.i32(i128 %tmp_data_V_8, i32 32, i32 39)

]]></Node>
<StgValue><ssdm name="p_Result_33"/></StgValue>
</operation>

<operation id="63" st_id="1" stage="1" lat="1">
<core>NULL</core>
<MemPortIdVec></MemPortIdVec>
<condition id="-1">
<or_exp><and_exp><literal name="oran_ctrl_state_load" val="5"/>
</and_exp></or_exp>
</condition>

<Node id="123" bw="8" op_0_bw="8" op_1_bw="128" op_2_bw="32" op_3_bw="32">
<![CDATA[
:13  %p_Result_34 = call i8 @_ssdm_op_PartSelect.i8.i128.i32.i32(i128 %tmp_data_V_8, i32 24, i32 31)

]]></Node>
<StgValue><ssdm name="p_Result_34"/></StgValue>
</operation>

<operation id="64" st_id="1" stage="1" lat="1">
<core>NULL</core>
<MemPortIdVec></MemPortIdVec>
<condition id="-1">
<or_exp><and_exp><literal name="oran_ctrl_state_load" val="5"/>
</and_exp></or_exp>
</condition>

<Node id="124" bw="8" op_0_bw="8" op_1_bw="128" op_2_bw="32" op_3_bw="32">
<![CDATA[
:14  %p_Result_35 = call i8 @_ssdm_op_PartSelect.i8.i128.i32.i32(i128 %tmp_data_V_8, i32 16, i32 23)

]]></Node>
<StgValue><ssdm name="p_Result_35"/></StgValue>
</operation>

<operation id="65" st_id="1" stage="1" lat="1">
<core>NULL</core>
<MemPortIdVec></MemPortIdVec>
<condition id="-1">
<or_exp><and_exp><literal name="oran_ctrl_state_load" val="5"/>
</and_exp></or_exp>
</condition>

<Node id="125" bw="8" op_0_bw="8" op_1_bw="128" op_2_bw="32" op_3_bw="32">
<![CDATA[
:15  %p_Result_36 = call i8 @_ssdm_op_PartSelect.i8.i128.i32.i32(i128 %tmp_data_V_8, i32 8, i32 15)

]]></Node>
<StgValue><ssdm name="p_Result_36"/></StgValue>
</operation>

<operation id="66" st_id="1" stage="1" lat="1">
<core>NULL</core>
<MemPortIdVec></MemPortIdVec>
<condition id="-1">
<or_exp><and_exp><literal name="oran_ctrl_state_load" val="5"/>
</and_exp></or_exp>
</condition>

<Node id="126" bw="8" op_0_bw="128">
<![CDATA[
:16  %trunc_ln647_5 = trunc i128 %tmp_data_V_8 to i8

]]></Node>
<StgValue><ssdm name="trunc_ln647_5"/></StgValue>
</operation>

<operation id="67" st_id="1" stage="1" lat="1">
<core>NULL</core>
<MemPortIdVec></MemPortIdVec>
<condition id="-1">
<or_exp><and_exp><literal name="oran_ctrl_state_load" val="5"/>
</and_exp></or_exp>
</condition>

<Node id="129" bw="0" op_0_bw="4" op_1_bw="4" op_2_bw="4">
<![CDATA[
:19  store i4 6, i4* @oran_ctrl_state, align 1

]]></Node>
<StgValue><ssdm name="store_ln525"/></StgValue>
</operation>

<operation id="68" st_id="1" stage="1" lat="1">
<core>NULL</core>
<MemPortIdVec></MemPortIdVec>
<condition id="-1">
<or_exp><and_exp><literal name="oran_ctrl_state_load" val="5"/>
</and_exp></or_exp>
</condition>

<Node id="130" bw="0" op_0_bw="0">
<![CDATA[
:20  br label %._crit_edge3184

]]></Node>
<StgValue><ssdm name="br_ln526"/></StgValue>
</operation>

<operation id="69" st_id="1" stage="1" lat="1">
<core>AXI4Stream</core>
<MemPortIdVec></MemPortIdVec>
<condition id="-1">
<or_exp><and_exp><literal name="oran_ctrl_state_load" val="4"/>
</and_exp></or_exp>
</condition>

<Node id="132" bw="128" op_0_bw="128" op_1_bw="128">
<![CDATA[
:0  %tmp_data_V = call i128 @_ssdm_op_Read.axis.volatile.i128P(i128* %IQ_data_V_data_V)

]]></Node>
<StgValue><ssdm name="tmp_data_V"/></StgValue>
</operation>

<operation id="70" st_id="1" stage="1" lat="1">
<core>NULL</core>
<MemPortIdVec></MemPortIdVec>
<condition id="-1">
<or_exp><and_exp><literal name="oran_ctrl_state_load" val="4"/>
</and_exp></or_exp>
</condition>

<Node id="133" bw="8" op_0_bw="8" op_1_bw="128" op_2_bw="32" op_3_bw="32">
<![CDATA[
:1  %p_Result_3 = call i8 @_ssdm_op_PartSelect.i8.i128.i32.i32(i128 %tmp_data_V, i32 120, i32 127)

]]></Node>
<StgValue><ssdm name="p_Result_3"/></StgValue>
</operation>

<operation id="71" st_id="1" stage="1" lat="1">
<core>NULL</core>
<MemPortIdVec></MemPortIdVec>
<condition id="-1">
<or_exp><and_exp><literal name="oran_ctrl_state_load" val="4"/>
</and_exp></or_exp>
</condition>

<Node id="134" bw="8" op_0_bw="8" op_1_bw="128" op_2_bw="32" op_3_bw="32">
<![CDATA[
:2  %p_Result_8 = call i8 @_ssdm_op_PartSelect.i8.i128.i32.i32(i128 %tmp_data_V, i32 112, i32 119)

]]></Node>
<StgValue><ssdm name="p_Result_8"/></StgValue>
</operation>

<operation id="72" st_id="1" stage="1" lat="1">
<core>NULL</core>
<MemPortIdVec></MemPortIdVec>
<condition id="-1">
<or_exp><and_exp><literal name="oran_ctrl_state_load" val="4"/>
</and_exp></or_exp>
</condition>

<Node id="135" bw="8" op_0_bw="8" op_1_bw="128" op_2_bw="32" op_3_bw="32">
<![CDATA[
:3  %p_Result_9 = call i8 @_ssdm_op_PartSelect.i8.i128.i32.i32(i128 %tmp_data_V, i32 104, i32 111)

]]></Node>
<StgValue><ssdm name="p_Result_9"/></StgValue>
</operation>

<operation id="73" st_id="1" stage="1" lat="1">
<core>NULL</core>
<MemPortIdVec></MemPortIdVec>
<condition id="-1">
<or_exp><and_exp><literal name="oran_ctrl_state_load" val="4"/>
</and_exp></or_exp>
</condition>

<Node id="136" bw="8" op_0_bw="8" op_1_bw="128" op_2_bw="32" op_3_bw="32">
<![CDATA[
:4  %p_Result_10 = call i8 @_ssdm_op_PartSelect.i8.i128.i32.i32(i128 %tmp_data_V, i32 96, i32 103)

]]></Node>
<StgValue><ssdm name="p_Result_10"/></StgValue>
</operation>

<operation id="74" st_id="1" stage="1" lat="1">
<core>NULL</core>
<MemPortIdVec></MemPortIdVec>
<condition id="-1">
<or_exp><and_exp><literal name="oran_ctrl_state_load" val="4"/>
</and_exp></or_exp>
</condition>

<Node id="137" bw="8" op_0_bw="8" op_1_bw="128" op_2_bw="32" op_3_bw="32">
<![CDATA[
:5  %p_Result_11 = call i8 @_ssdm_op_PartSelect.i8.i128.i32.i32(i128 %tmp_data_V, i32 88, i32 95)

]]></Node>
<StgValue><ssdm name="p_Result_11"/></StgValue>
</operation>

<operation id="75" st_id="1" stage="1" lat="1">
<core>NULL</core>
<MemPortIdVec></MemPortIdVec>
<condition id="-1">
<or_exp><and_exp><literal name="oran_ctrl_state_load" val="4"/>
</and_exp></or_exp>
</condition>

<Node id="138" bw="8" op_0_bw="8" op_1_bw="128" op_2_bw="32" op_3_bw="32">
<![CDATA[
:6  %p_Result_12 = call i8 @_ssdm_op_PartSelect.i8.i128.i32.i32(i128 %tmp_data_V, i32 80, i32 87)

]]></Node>
<StgValue><ssdm name="p_Result_12"/></StgValue>
</operation>

<operation id="76" st_id="1" stage="1" lat="1">
<core>NULL</core>
<MemPortIdVec></MemPortIdVec>
<condition id="-1">
<or_exp><and_exp><literal name="oran_ctrl_state_load" val="4"/>
</and_exp></or_exp>
</condition>

<Node id="139" bw="8" op_0_bw="8" op_1_bw="128" op_2_bw="32" op_3_bw="32">
<![CDATA[
:7  %p_Result_13 = call i8 @_ssdm_op_PartSelect.i8.i128.i32.i32(i128 %tmp_data_V, i32 72, i32 79)

]]></Node>
<StgValue><ssdm name="p_Result_13"/></StgValue>
</operation>

<operation id="77" st_id="1" stage="1" lat="1">
<core>NULL</core>
<MemPortIdVec></MemPortIdVec>
<condition id="-1">
<or_exp><and_exp><literal name="oran_ctrl_state_load" val="4"/>
</and_exp></or_exp>
</condition>

<Node id="140" bw="8" op_0_bw="8" op_1_bw="128" op_2_bw="32" op_3_bw="32">
<![CDATA[
:8  %p_Result_14 = call i8 @_ssdm_op_PartSelect.i8.i128.i32.i32(i128 %tmp_data_V, i32 64, i32 71)

]]></Node>
<StgValue><ssdm name="p_Result_14"/></StgValue>
</operation>

<operation id="78" st_id="1" stage="1" lat="1">
<core>NULL</core>
<MemPortIdVec></MemPortIdVec>
<condition id="-1">
<or_exp><and_exp><literal name="oran_ctrl_state_load" val="4"/>
</and_exp></or_exp>
</condition>

<Node id="141" bw="8" op_0_bw="8" op_1_bw="128" op_2_bw="32" op_3_bw="32">
<![CDATA[
:9  %p_Result_15 = call i8 @_ssdm_op_PartSelect.i8.i128.i32.i32(i128 %tmp_data_V, i32 56, i32 63)

]]></Node>
<StgValue><ssdm name="p_Result_15"/></StgValue>
</operation>

<operation id="79" st_id="1" stage="1" lat="1">
<core>NULL</core>
<MemPortIdVec></MemPortIdVec>
<condition id="-1">
<or_exp><and_exp><literal name="oran_ctrl_state_load" val="4"/>
</and_exp></or_exp>
</condition>

<Node id="142" bw="8" op_0_bw="8" op_1_bw="128" op_2_bw="32" op_3_bw="32">
<![CDATA[
:10  %p_Result_16 = call i8 @_ssdm_op_PartSelect.i8.i128.i32.i32(i128 %tmp_data_V, i32 48, i32 55)

]]></Node>
<StgValue><ssdm name="p_Result_16"/></StgValue>
</operation>

<operation id="80" st_id="1" stage="1" lat="1">
<core>NULL</core>
<MemPortIdVec></MemPortIdVec>
<condition id="-1">
<or_exp><and_exp><literal name="oran_ctrl_state_load" val="4"/>
</and_exp></or_exp>
</condition>

<Node id="143" bw="8" op_0_bw="8" op_1_bw="128" op_2_bw="32" op_3_bw="32">
<![CDATA[
:11  %p_Result_17 = call i8 @_ssdm_op_PartSelect.i8.i128.i32.i32(i128 %tmp_data_V, i32 40, i32 47)

]]></Node>
<StgValue><ssdm name="p_Result_17"/></StgValue>
</operation>

<operation id="81" st_id="1" stage="1" lat="1">
<core>NULL</core>
<MemPortIdVec></MemPortIdVec>
<condition id="-1">
<or_exp><and_exp><literal name="oran_ctrl_state_load" val="4"/>
</and_exp></or_exp>
</condition>

<Node id="144" bw="8" op_0_bw="8" op_1_bw="128" op_2_bw="32" op_3_bw="32">
<![CDATA[
:12  %p_Result_18 = call i8 @_ssdm_op_PartSelect.i8.i128.i32.i32(i128 %tmp_data_V, i32 32, i32 39)

]]></Node>
<StgValue><ssdm name="p_Result_18"/></StgValue>
</operation>

<operation id="82" st_id="1" stage="1" lat="1">
<core>NULL</core>
<MemPortIdVec></MemPortIdVec>
<condition id="-1">
<or_exp><and_exp><literal name="oran_ctrl_state_load" val="4"/>
</and_exp></or_exp>
</condition>

<Node id="145" bw="8" op_0_bw="8" op_1_bw="128" op_2_bw="32" op_3_bw="32">
<![CDATA[
:13  %p_Result_19 = call i8 @_ssdm_op_PartSelect.i8.i128.i32.i32(i128 %tmp_data_V, i32 24, i32 31)

]]></Node>
<StgValue><ssdm name="p_Result_19"/></StgValue>
</operation>

<operation id="83" st_id="1" stage="1" lat="1">
<core>NULL</core>
<MemPortIdVec></MemPortIdVec>
<condition id="-1">
<or_exp><and_exp><literal name="oran_ctrl_state_load" val="4"/>
</and_exp></or_exp>
</condition>

<Node id="146" bw="8" op_0_bw="8" op_1_bw="128" op_2_bw="32" op_3_bw="32">
<![CDATA[
:14  %p_Result_20 = call i8 @_ssdm_op_PartSelect.i8.i128.i32.i32(i128 %tmp_data_V, i32 16, i32 23)

]]></Node>
<StgValue><ssdm name="p_Result_20"/></StgValue>
</operation>

<operation id="84" st_id="1" stage="1" lat="1">
<core>NULL</core>
<MemPortIdVec></MemPortIdVec>
<condition id="-1">
<or_exp><and_exp><literal name="oran_ctrl_state_load" val="4"/>
</and_exp></or_exp>
</condition>

<Node id="147" bw="8" op_0_bw="8" op_1_bw="128" op_2_bw="32" op_3_bw="32">
<![CDATA[
:15  %p_Result_21 = call i8 @_ssdm_op_PartSelect.i8.i128.i32.i32(i128 %tmp_data_V, i32 8, i32 15)

]]></Node>
<StgValue><ssdm name="p_Result_21"/></StgValue>
</operation>

<operation id="85" st_id="1" stage="1" lat="1">
<core>NULL</core>
<MemPortIdVec></MemPortIdVec>
<condition id="-1">
<or_exp><and_exp><literal name="oran_ctrl_state_load" val="4"/>
</and_exp></or_exp>
</condition>

<Node id="148" bw="8" op_0_bw="128">
<![CDATA[
:16  %trunc_ln647_4 = trunc i128 %tmp_data_V to i8

]]></Node>
<StgValue><ssdm name="trunc_ln647_4"/></StgValue>
</operation>

<operation id="86" st_id="1" stage="1" lat="1">
<core>NULL</core>
<MemPortIdVec></MemPortIdVec>
<condition id="-1">
<or_exp><and_exp><literal name="oran_ctrl_state_load" val="4"/>
</and_exp></or_exp>
</condition>

<Node id="151" bw="0" op_0_bw="4" op_1_bw="4" op_2_bw="4">
<![CDATA[
:19  store i4 5, i4* @oran_ctrl_state, align 1

]]></Node>
<StgValue><ssdm name="store_ln498"/></StgValue>
</operation>

<operation id="87" st_id="1" stage="1" lat="1">
<core>NULL</core>
<MemPortIdVec></MemPortIdVec>
<condition id="-1">
<or_exp><and_exp><literal name="oran_ctrl_state_load" val="4"/>
</and_exp></or_exp>
</condition>

<Node id="152" bw="0" op_0_bw="0">
<![CDATA[
:20  br label %._crit_edge3184

]]></Node>
<StgValue><ssdm name="br_ln499"/></StgValue>
</operation>

<operation id="88" st_id="1" stage="1" lat="1">
<core>AXI4Stream</core>
<MemPortIdVec></MemPortIdVec>
<condition id="-1">
<or_exp><and_exp><literal name="oran_ctrl_state_load" val="3"/>
</and_exp></or_exp>
</condition>

<Node id="163" bw="32" op_0_bw="32" op_1_bw="32">
<![CDATA[
:9  %tmp_2 = call i32 @_ssdm_op_Read.axis.volatile.i32P(i32* %application_header_V)

]]></Node>
<StgValue><ssdm name="tmp_2"/></StgValue>
</operation>

<operation id="89" st_id="1" stage="1" lat="1">
<core>NULL</core>
<MemPortIdVec></MemPortIdVec>
<condition id="-1">
<or_exp><and_exp><literal name="oran_ctrl_state_load" val="3"/>
</and_exp></or_exp>
</condition>

<Node id="164" bw="4" op_0_bw="4" op_1_bw="32" op_2_bw="32" op_3_bw="32">
<![CDATA[
:10  %p_Result_4 = call i4 @_ssdm_op_PartSelect.i4.i32.i32.i32(i32 %tmp_2, i32 28, i32 31)

]]></Node>
<StgValue><ssdm name="p_Result_4"/></StgValue>
</operation>

<operation id="90" st_id="1" stage="1" lat="1">
<core>AXI4Stream</core>
<MemPortIdVec></MemPortIdVec>
<condition id="-1">
<or_exp><and_exp><literal name="oran_ctrl_state_load" val="3"/>
</and_exp></or_exp>
</condition>

<Node id="165" bw="48" op_0_bw="48" op_1_bw="48">
<![CDATA[
:11  %tmp_3 = call i48 @_ssdm_op_Read.axis.volatile.i48P(i48* %section_header_V)

]]></Node>
<StgValue><ssdm name="tmp_3"/></StgValue>
</operation>

<operation id="91" st_id="1" stage="1" lat="1">
<core>NULL</core>
<MemPortIdVec></MemPortIdVec>
<condition id="-1">
<or_exp><and_exp><literal name="oran_ctrl_state_load" val="3"/>
</and_exp></or_exp>
</condition>

<Node id="166" bw="8" op_0_bw="8" op_1_bw="48" op_2_bw="32" op_3_bw="32">
<![CDATA[
:12  %tmp_numPrbu_V_load_n = call i8 @_ssdm_op_PartSelect.i8.i48.i32.i32(i48 %tmp_3, i32 24, i32 31)

]]></Node>
<StgValue><ssdm name="tmp_numPrbu_V_load_n"/></StgValue>
</operation>

<operation id="92" st_id="1" stage="1" lat="1">
<core>NULL</core>
<MemPortIdVec></MemPortIdVec>
<condition id="-1">
<or_exp><and_exp><literal name="oran_ctrl_state_load" val="3"/>
</and_exp></or_exp>
</condition>

<Node id="167" bw="8" op_0_bw="8" op_1_bw="48" op_2_bw="32" op_3_bw="32">
<![CDATA[
:13  %p_Result_5 = call i8 @_ssdm_op_PartSelect.i8.i48.i32.i32(i48 %tmp_3, i32 4, i32 11)

]]></Node>
<StgValue><ssdm name="p_Result_5"/></StgValue>
</operation>

<operation id="93" st_id="1" stage="1" lat="1">
<core>NULL</core>
<MemPortIdVec></MemPortIdVec>
<condition id="-1">
<or_exp><and_exp><literal name="oran_ctrl_state_load" val="3"/>
</and_exp></or_exp>
</condition>

<Node id="168" bw="2" op_0_bw="2" op_1_bw="48" op_2_bw="32" op_3_bw="32">
<![CDATA[
:14  %p_Result_7 = call i2 @_ssdm_op_PartSelect.i2.i48.i32.i32(i48 %tmp_3, i32 20, i32 21)

]]></Node>
<StgValue><ssdm name="p_Result_7"/></StgValue>
</operation>

<operation id="94" st_id="1" stage="1" lat="1">
<core>NULL</core>
<MemPortIdVec></MemPortIdVec>
<condition id="-1">
<or_exp><and_exp><literal name="oran_ctrl_state_load" val="3"/>
</and_exp></or_exp>
</condition>

<Node id="169" bw="4" op_0_bw="48">
<![CDATA[
:15  %trunc_ln647_3 = trunc i48 %tmp_3 to i4

]]></Node>
<StgValue><ssdm name="trunc_ln647_3"/></StgValue>
</operation>

<operation id="95" st_id="1" stage="1" lat="1">
<core>NULL</core>
<MemPortIdVec></MemPortIdVec>
<condition id="-1">
<or_exp><and_exp><literal name="oran_ctrl_state_load" val="3"/>
</and_exp></or_exp>
</condition>

<Node id="170" bw="8" op_0_bw="8" op_1_bw="48" op_2_bw="32" op_3_bw="32">
<![CDATA[
:16  %p_Result_1 = call i8 @_ssdm_op_PartSelect.i8.i48.i32.i32(i48 %tmp_3, i32 12, i32 19)

]]></Node>
<StgValue><ssdm name="p_Result_1"/></StgValue>
</operation>

<operation id="96" st_id="1" stage="1" lat="1">
<core>NULL</core>
<MemPortIdVec></MemPortIdVec>
<condition id="-1">
<or_exp><and_exp><literal name="oran_ctrl_state_load" val="3"/>
</and_exp></or_exp>
</condition>

<Node id="171" bw="24" op_0_bw="24" op_1_bw="48" op_2_bw="32" op_3_bw="32">
<![CDATA[
:17  %tmp_6 = call i24 @_ssdm_op_PartSelect.i24.i48.i32.i32(i48 %tmp_3, i32 24, i32 47)

]]></Node>
<StgValue><ssdm name="tmp_6"/></StgValue>
</operation>

<operation id="97" st_id="1" stage="1" lat="1">
<core>NULL</core>
<MemPortIdVec></MemPortIdVec>
<condition id="-1">
<or_exp><and_exp><literal name="oran_ctrl_state_load" val="3"/>
</and_exp></or_exp>
</condition>

<Node id="172" bw="12" op_0_bw="12" op_1_bw="32" op_2_bw="32" op_3_bw="32">
<![CDATA[
:18  %tmp_7 = call i12 @_ssdm_op_PartSelect.i12.i32.i32.i32(i32 %tmp_2, i32 16, i32 27)

]]></Node>
<StgValue><ssdm name="tmp_7"/></StgValue>
</operation>

<operation id="98" st_id="1" stage="1" lat="1">
<core>NULL</core>
<MemPortIdVec></MemPortIdVec>
<condition id="-1">
<or_exp><and_exp><literal name="oran_ctrl_state_load" val="3"/>
</and_exp></or_exp>
</condition>

<Node id="173" bw="16" op_0_bw="32">
<![CDATA[
:19  %trunc_ln414_1 = trunc i32 %tmp_2 to i16

]]></Node>
<StgValue><ssdm name="trunc_ln414_1"/></StgValue>
</operation>

<operation id="99" st_id="1" stage="1" lat="1">
<core>NULL</core>
<MemPortIdVec></MemPortIdVec>
<condition id="-1">
<or_exp><and_exp><literal name="oran_ctrl_state_load" val="3"/>
</and_exp></or_exp>
</condition>

<Node id="174" bw="2" op_0_bw="2" op_1_bw="48" op_2_bw="32" op_3_bw="32">
<![CDATA[
:20  %tmp_9 = call i2 @_ssdm_op_PartSelect.i2.i48.i32.i32(i48 %tmp_3, i32 23, i32 22)

]]></Node>
<StgValue><ssdm name="tmp_9"/></StgValue>
</operation>

<operation id="100" st_id="1" stage="1" lat="1">
<core>NULL</core>
<MemPortIdVec></MemPortIdVec>
<condition id="-1">
<or_exp><and_exp><literal name="oran_ctrl_state_load" val="3"/>
</and_exp></or_exp>
</condition>

<Node id="176" bw="4" op_0_bw="4" op_1_bw="32" op_2_bw="32" op_3_bw="32">
<![CDATA[
:22  %trunc_ln = call i4 @_ssdm_op_PartSelect.i4.i32.i32.i32(i32 %tmp_2, i32 20, i32 23)

]]></Node>
<StgValue><ssdm name="trunc_ln"/></StgValue>
</operation>

<operation id="101" st_id="1" stage="1" lat="1">
<core>NULL</core>
<MemPortIdVec></MemPortIdVec>
<condition id="-1">
<or_exp><and_exp><literal name="oran_ctrl_state_load" val="3"/>
</and_exp></or_exp>
</condition>

<Node id="177" bw="0" op_0_bw="4" op_1_bw="4" op_2_bw="4">
<![CDATA[
:23  store i4 %trunc_ln, i4* @symbolID_V, align 1

]]></Node>
<StgValue><ssdm name="store_ln464"/></StgValue>
</operation>

<operation id="102" st_id="1" stage="1" lat="1">
<core>NULL</core>
<MemPortIdVec></MemPortIdVec>
<condition id="-1">
<or_exp><and_exp><literal name="oran_ctrl_state_load" val="3"/>
</and_exp></or_exp>
</condition>

<Node id="179" bw="12" op_0_bw="8">
<![CDATA[
:25  %zext_ln209 = zext i8 %tmp_numPrbu_V_load_n to i12

]]></Node>
<StgValue><ssdm name="zext_ln209"/></StgValue>
</operation>

<operation id="103" st_id="1" stage="1" lat="1">
<core>AddSub</core>
<MemPortIdVec></MemPortIdVec>
<condition id="-1">
<or_exp><and_exp><literal name="oran_ctrl_state_load" val="3"/>
</and_exp></or_exp>
</condition>

<Node id="180" bw="12" op_0_bw="12" op_1_bw="12">
<![CDATA[
:26  %add_ln209 = add i12 %zext_ln209, %PRB_count_V_load

]]></Node>
<StgValue><ssdm name="add_ln209"/></StgValue>
</operation>

<operation id="104" st_id="1" stage="1" lat="1">
<core>NULL</core>
<MemPortIdVec></MemPortIdVec>
<condition id="-1">
<or_exp><and_exp><literal name="oran_ctrl_state_load" val="3"/>
</and_exp></or_exp>
</condition>

<Node id="181" bw="0" op_0_bw="12" op_1_bw="12" op_2_bw="12">
<![CDATA[
:27  store i12 %add_ln209, i12* @PRB_count_V, align 2

]]></Node>
<StgValue><ssdm name="store_ln467"/></StgValue>
</operation>

<operation id="105" st_id="1" stage="1" lat="1">
<core>NULL</core>
<MemPortIdVec></MemPortIdVec>
<condition id="-1">
<or_exp><and_exp><literal name="oran_ctrl_state_load" val="3"/>
</and_exp></or_exp>
</condition>

<Node id="184" bw="0" op_0_bw="4" op_1_bw="4" op_2_bw="4">
<![CDATA[
:30  store i4 4, i4* @oran_ctrl_state, align 1

]]></Node>
<StgValue><ssdm name="store_ln472"/></StgValue>
</operation>

<operation id="106" st_id="1" stage="1" lat="1">
<core>NULL</core>
<MemPortIdVec></MemPortIdVec>
<condition id="-1">
<or_exp><and_exp><literal name="oran_ctrl_state_load" val="3"/>
</and_exp></or_exp>
</condition>

<Node id="185" bw="0" op_0_bw="0">
<![CDATA[
:31  br label %._crit_edge3184

]]></Node>
<StgValue><ssdm name="br_ln473"/></StgValue>
</operation>

<operation id="107" st_id="1" stage="1" lat="1">
<core>AXI4Stream</core>
<MemPortIdVec></MemPortIdVec>
<condition id="-1">
<or_exp><and_exp><literal name="oran_ctrl_state_load" val="2"/>
</and_exp></or_exp>
</condition>

<Node id="187" bw="64" op_0_bw="64" op_1_bw="64">
<![CDATA[
:0  %tmp_1 = call i64 @_ssdm_op_Read.axis.volatile.i64P(i64* %eCPRI_header_V)

]]></Node>
<StgValue><ssdm name="tmp_1"/></StgValue>
</operation>

<operation id="108" st_id="1" stage="1" lat="1">
<core>NULL</core>
<MemPortIdVec></MemPortIdVec>
<condition id="-1">
<or_exp><and_exp><literal name="oran_ctrl_state_load" val="2"/>
</and_exp></or_exp>
</condition>

<Node id="188" bw="16" op_0_bw="16" op_1_bw="64" op_2_bw="32" op_3_bw="32">
<![CDATA[
:1  %tmp_payload_size_V_l = call i16 @_ssdm_op_PartSelect.i16.i64.i32.i32(i64 %tmp_1, i32 16, i32 31)

]]></Node>
<StgValue><ssdm name="tmp_payload_size_V_l"/></StgValue>
</operation>

<operation id="109" st_id="1" stage="1" lat="1">
<core>NULL</core>
<MemPortIdVec></MemPortIdVec>
<condition id="-1">
<or_exp><and_exp><literal name="oran_ctrl_state_load" val="2"/>
</and_exp></or_exp>
</condition>

<Node id="189" bw="16" op_0_bw="16" op_1_bw="64" op_2_bw="32" op_3_bw="32">
<![CDATA[
:2  %tmp_pcid1_V_load_new = call i16 @_ssdm_op_PartSelect.i16.i64.i32.i32(i64 %tmp_1, i32 32, i32 47)

]]></Node>
<StgValue><ssdm name="tmp_pcid1_V_load_new"/></StgValue>
</operation>

<operation id="110" st_id="1" stage="1" lat="1">
<core>NULL</core>
<MemPortIdVec></MemPortIdVec>
<condition id="-1">
<or_exp><and_exp><literal name="oran_ctrl_state_load" val="2"/>
</and_exp></or_exp>
</condition>

<Node id="190" bw="16" op_0_bw="16" op_1_bw="64" op_2_bw="32" op_3_bw="32">
<![CDATA[
:3  %tmp_seqid_V_load_new = call i16 @_ssdm_op_PartSelect.i16.i64.i32.i32(i64 %tmp_1, i32 48, i32 63)

]]></Node>
<StgValue><ssdm name="tmp_seqid_V_load_new"/></StgValue>
</operation>

<operation id="111" st_id="1" stage="1" lat="1">
<core>NULL</core>
<MemPortIdVec></MemPortIdVec>
<condition id="-1">
<or_exp><and_exp><literal name="oran_ctrl_state_load" val="2"/>
</and_exp></or_exp>
</condition>

<Node id="191" bw="0" op_0_bw="16" op_1_bw="16">
<![CDATA[
:4  store i16 %tmp_payload_size_V_l, i16* @ecpri_header_payload, align 2

]]></Node>
<StgValue><ssdm name="store_ln75"/></StgValue>
</operation>

<operation id="112" st_id="1" stage="1" lat="1">
<core>NULL</core>
<MemPortIdVec></MemPortIdVec>
<condition id="-1">
<or_exp><and_exp><literal name="oran_ctrl_state_load" val="2"/>
</and_exp></or_exp>
</condition>

<Node id="192" bw="0" op_0_bw="16" op_1_bw="16">
<![CDATA[
:5  store i16 %tmp_pcid1_V_load_new, i16* @ecpri_header_pcid1_V, align 2

]]></Node>
<StgValue><ssdm name="store_ln75"/></StgValue>
</operation>

<operation id="113" st_id="1" stage="1" lat="1">
<core>NULL</core>
<MemPortIdVec></MemPortIdVec>
<condition id="-1">
<or_exp><and_exp><literal name="oran_ctrl_state_load" val="2"/>
</and_exp></or_exp>
</condition>

<Node id="193" bw="0" op_0_bw="16" op_1_bw="16">
<![CDATA[
:6  store i16 %tmp_seqid_V_load_new, i16* @ecpri_header_seqid_V, align 2

]]></Node>
<StgValue><ssdm name="store_ln75"/></StgValue>
</operation>

<operation id="114" st_id="1" stage="1" lat="1">
<core>NULL</core>
<MemPortIdVec></MemPortIdVec>
<condition id="-1">
<or_exp><and_exp><literal name="oran_ctrl_state_load" val="2"/>
</and_exp></or_exp>
</condition>

<Node id="194" bw="16" op_0_bw="64">
<![CDATA[
:7  %trunc_ln414 = trunc i64 %tmp_1 to i16

]]></Node>
<StgValue><ssdm name="trunc_ln414"/></StgValue>
</operation>

<operation id="115" st_id="1" stage="1" lat="1">
<core>NULL</core>
<MemPortIdVec></MemPortIdVec>
<condition id="-1">
<or_exp><and_exp><literal name="oran_ctrl_state_load" val="2"/>
</and_exp></or_exp>
</condition>

<Node id="198" bw="0" op_0_bw="4" op_1_bw="4" op_2_bw="4">
<![CDATA[
:11  store i4 3, i4* @oran_ctrl_state, align 1

]]></Node>
<StgValue><ssdm name="store_ln427"/></StgValue>
</operation>

<operation id="116" st_id="1" stage="1" lat="1">
<core>NULL</core>
<MemPortIdVec></MemPortIdVec>
<condition id="-1">
<or_exp><and_exp><literal name="oran_ctrl_state_load" val="2"/>
</and_exp></or_exp>
</condition>

<Node id="199" bw="0" op_0_bw="0">
<![CDATA[
:12  br label %._crit_edge3184

]]></Node>
<StgValue><ssdm name="br_ln429"/></StgValue>
</operation>

<operation id="117" st_id="1" stage="1" lat="1">
<core>AXI4Stream</core>
<MemPortIdVec></MemPortIdVec>
<condition id="-1">
<or_exp><and_exp><literal name="oran_ctrl_state_load" val="1"/>
</and_exp></or_exp>
</condition>

<Node id="201" bw="112" op_0_bw="112" op_1_bw="112">
<![CDATA[
:0  %tmp_0 = call i112 @_ssdm_op_Read.axis.volatile.i112P(i112* %Ethernet_header_V)

]]></Node>
<StgValue><ssdm name="tmp_0"/></StgValue>
</operation>

<operation id="118" st_id="1" stage="1" lat="1">
<core>NULL</core>
<MemPortIdVec></MemPortIdVec>
<condition id="-1">
<or_exp><and_exp><literal name="oran_ctrl_state_load" val="1"/>
</and_exp></or_exp>
</condition>

<Node id="203" bw="0" op_0_bw="4" op_1_bw="4" op_2_bw="4">
<![CDATA[
:2  store i4 2, i4* @oran_ctrl_state, align 1

]]></Node>
<StgValue><ssdm name="store_ln409"/></StgValue>
</operation>

<operation id="119" st_id="1" stage="1" lat="1">
<core>NULL</core>
<MemPortIdVec></MemPortIdVec>
<condition id="-1">
<or_exp><and_exp><literal name="oran_ctrl_state_load" val="1"/>
</and_exp></or_exp>
</condition>

<Node id="204" bw="0" op_0_bw="0">
<![CDATA[
:3  br label %._crit_edge3184

]]></Node>
<StgValue><ssdm name="br_ln410"/></StgValue>
</operation>

<operation id="120" st_id="1" stage="1" lat="1">
<core>NULL</core>
<MemPortIdVec></MemPortIdVec>
<condition id="-1">
<or_exp><and_exp><literal name="oran_ctrl_state_load" val="0"/>
</and_exp></or_exp>
</condition>

<Node id="206" bw="0" op_0_bw="12" op_1_bw="12" op_2_bw="12">
<![CDATA[
:0  store i12 0, i12* @PRB_count_V, align 2

]]></Node>
<StgValue><ssdm name="store_ln385"/></StgValue>
</operation>

<operation id="121" st_id="1" stage="1" lat="1">
<core>NULL</core>
<MemPortIdVec></MemPortIdVec>
<condition id="-1">
<or_exp><and_exp><literal name="oran_ctrl_state_load" val="0"/>
</and_exp></or_exp>
</condition>

<Node id="207" bw="0" op_0_bw="32" op_1_bw="32" op_2_bw="32">
<![CDATA[
:1  store i32 0, i32* @PRB_fragmentation, align 4

]]></Node>
<StgValue><ssdm name="store_ln386"/></StgValue>
</operation>

<operation id="122" st_id="1" stage="1" lat="1">
<core>NULL</core>
<MemPortIdVec></MemPortIdVec>
<condition id="-1">
<or_exp><and_exp><literal name="oran_ctrl_state_load" val="0"/>
</and_exp></or_exp>
</condition>

<Node id="208" bw="0" op_0_bw="4" op_1_bw="4" op_2_bw="4">
<![CDATA[
:2  store i4 1, i4* @oran_ctrl_state, align 1

]]></Node>
<StgValue><ssdm name="store_ln389"/></StgValue>
</operation>

<operation id="123" st_id="1" stage="1" lat="1">
<core>NULL</core>
<MemPortIdVec></MemPortIdVec>
<condition id="-1">
<or_exp><and_exp><literal name="oran_ctrl_state_load" val="0"/>
</and_exp></or_exp>
</condition>

<Node id="209" bw="0" op_0_bw="0">
<![CDATA[
:3  br label %._crit_edge3184

]]></Node>
<StgValue><ssdm name="br_ln390"/></StgValue>
</operation>
</state>

<state id="2" st_id="2">

<operation id="124" st_id="2" stage="1" lat="1">
<core>NULL</core>
<MemPortIdVec></MemPortIdVec>
<condition id="-1">
<or_exp><and_exp></and_exp></or_exp>
</condition>

<Node id="19" bw="0" op_0_bw="0" op_1_bw="48">
<![CDATA[
codeRepl:0  call void (...)* @_ssdm_op_SpecBitsMap(i48* %section_header_V), !map !149

]]></Node>
<StgValue><ssdm name="specbitsmap_ln0"/></StgValue>
</operation>

<operation id="125" st_id="2" stage="1" lat="1">
<core>NULL</core>
<MemPortIdVec></MemPortIdVec>
<condition id="-1">
<or_exp><and_exp></and_exp></or_exp>
</condition>

<Node id="20" bw="0" op_0_bw="0" op_1_bw="32">
<![CDATA[
codeRepl:1  call void (...)* @_ssdm_op_SpecBitsMap(i32* %application_header_V), !map !171

]]></Node>
<StgValue><ssdm name="specbitsmap_ln0"/></StgValue>
</operation>

<operation id="126" st_id="2" stage="1" lat="1">
<core>NULL</core>
<MemPortIdVec></MemPortIdVec>
<condition id="-1">
<or_exp><and_exp></and_exp></or_exp>
</condition>

<Node id="21" bw="0" op_0_bw="0" op_1_bw="64">
<![CDATA[
codeRepl:2  call void (...)* @_ssdm_op_SpecBitsMap(i64* %eCPRI_header_V), !map !193

]]></Node>
<StgValue><ssdm name="specbitsmap_ln0"/></StgValue>
</operation>

<operation id="127" st_id="2" stage="1" lat="1">
<core>NULL</core>
<MemPortIdVec></MemPortIdVec>
<condition id="-1">
<or_exp><and_exp></and_exp></or_exp>
</condition>

<Node id="22" bw="0" op_0_bw="0" op_1_bw="112">
<![CDATA[
codeRepl:3  call void (...)* @_ssdm_op_SpecBitsMap(i112* %Ethernet_header_V), !map !209

]]></Node>
<StgValue><ssdm name="specbitsmap_ln0"/></StgValue>
</operation>

<operation id="128" st_id="2" stage="1" lat="1">
<core>NULL</core>
<MemPortIdVec></MemPortIdVec>
<condition id="-1">
<or_exp><and_exp></and_exp></or_exp>
</condition>

<Node id="23" bw="0" op_0_bw="0" op_1_bw="128">
<![CDATA[
codeRepl:4  call void (...)* @_ssdm_op_SpecBitsMap(i128* %IQ_data_V_data_V), !map !219

]]></Node>
<StgValue><ssdm name="specbitsmap_ln0"/></StgValue>
</operation>

<operation id="129" st_id="2" stage="1" lat="1">
<core>NULL</core>
<MemPortIdVec></MemPortIdVec>
<condition id="-1">
<or_exp><and_exp></and_exp></or_exp>
</condition>

<Node id="24" bw="0" op_0_bw="0" op_1_bw="128">
<![CDATA[
codeRepl:5  call void (...)* @_ssdm_op_SpecBitsMap(i128* %eth_data_V_data_V), !map !223

]]></Node>
<StgValue><ssdm name="specbitsmap_ln0"/></StgValue>
</operation>

<operation id="130" st_id="2" stage="1" lat="1">
<core>NULL</core>
<MemPortIdVec></MemPortIdVec>
<condition id="-1">
<or_exp><and_exp></and_exp></or_exp>
</condition>

<Node id="25" bw="0" op_0_bw="0" op_1_bw="16">
<![CDATA[
codeRepl:6  call void (...)* @_ssdm_op_SpecBitsMap(i16* %eth_data_V_keep_V), !map !227

]]></Node>
<StgValue><ssdm name="specbitsmap_ln0"/></StgValue>
</operation>

<operation id="131" st_id="2" stage="1" lat="1">
<core>NULL</core>
<MemPortIdVec></MemPortIdVec>
<condition id="-1">
<or_exp><and_exp></and_exp></or_exp>
</condition>

<Node id="26" bw="0" op_0_bw="0" op_1_bw="1">
<![CDATA[
codeRepl:7  call void (...)* @_ssdm_op_SpecBitsMap(i1* %eth_data_V_last_V), !map !231

]]></Node>
<StgValue><ssdm name="specbitsmap_ln0"/></StgValue>
</operation>

<operation id="132" st_id="2" stage="1" lat="1">
<core>NULL</core>
<MemPortIdVec></MemPortIdVec>
<condition id="-1">
<or_exp><and_exp></and_exp></or_exp>
</condition>

<Node id="27" bw="0" op_0_bw="0" op_1_bw="8">
<![CDATA[
codeRepl:8  call void (...)* @_ssdm_op_SpecBitsMap(i8* %state_out), !map !235

]]></Node>
<StgValue><ssdm name="specbitsmap_ln0"/></StgValue>
</operation>

<operation id="133" st_id="2" stage="1" lat="1">
<core>NULL</core>
<MemPortIdVec></MemPortIdVec>
<condition id="-1">
<or_exp><and_exp></and_exp></or_exp>
</condition>

<Node id="28" bw="0" op_0_bw="0" op_1_bw="4">
<![CDATA[
codeRepl:9  call void (...)* @_ssdm_op_SpecBitsMap(i4* %symbol_number_V), !map !239

]]></Node>
<StgValue><ssdm name="specbitsmap_ln0"/></StgValue>
</operation>

<operation id="134" st_id="2" stage="1" lat="1">
<core>NULL</core>
<MemPortIdVec></MemPortIdVec>
<condition id="-1">
<or_exp><and_exp></and_exp></or_exp>
</condition>

<Node id="29" bw="0" op_0_bw="0" op_1_bw="12">
<![CDATA[
codeRepl:10  call void (...)* @_ssdm_op_SpecBitsMap(i12* %Total_PRB_count_V), !map !243

]]></Node>
<StgValue><ssdm name="specbitsmap_ln0"/></StgValue>
</operation>

<operation id="135" st_id="2" stage="1" lat="1">
<core>NULL</core>
<MemPortIdVec></MemPortIdVec>
<condition id="-1">
<or_exp><and_exp></and_exp></or_exp>
</condition>

<Node id="30" bw="0" op_0_bw="0" op_1_bw="0">
<![CDATA[
codeRepl:11  call void (...)* @_ssdm_op_SpecTopModule([18 x i8]* @uplane_packetiser_st) nounwind

]]></Node>
<StgValue><ssdm name="spectopmodule_ln0"/></StgValue>
</operation>

<operation id="136" st_id="2" stage="1" lat="1">
<core>NULL</core>
<MemPortIdVec></MemPortIdVec>
<condition id="-1">
<or_exp><and_exp></and_exp></or_exp>
</condition>

<Node id="31" bw="0" op_0_bw="0" op_1_bw="32" op_2_bw="0" op_3_bw="32" op_4_bw="32" op_5_bw="0" op_6_bw="32" op_7_bw="32" op_8_bw="0" op_9_bw="0" op_10_bw="0" op_11_bw="32" op_12_bw="32" op_13_bw="32" op_14_bw="32" op_15_bw="0" op_16_bw="0">
<![CDATA[
codeRepl:12  call void (...)* @_ssdm_op_SpecInterface(i32* %application_header_V, [5 x i8]* @p_str2, i32 0, i32 0, [1 x i8]* @p_str, i32 0, i32 0, [1 x i8]* @p_str, [1 x i8]* @p_str, [1 x i8]* @p_str, i32 0, i32 0, i32 0, i32 0, [1 x i8]* @p_str, [1 x i8]* @p_str) nounwind

]]></Node>
<StgValue><ssdm name="specinterface_ln344"/></StgValue>
</operation>

<operation id="137" st_id="2" stage="1" lat="1">
<core>NULL</core>
<MemPortIdVec></MemPortIdVec>
<condition id="-1">
<or_exp><and_exp></and_exp></or_exp>
</condition>

<Node id="32" bw="0" op_0_bw="0" op_1_bw="128" op_2_bw="16" op_3_bw="1" op_4_bw="0" op_5_bw="32" op_6_bw="32" op_7_bw="0" op_8_bw="32" op_9_bw="32" op_10_bw="0" op_11_bw="0" op_12_bw="0" op_13_bw="32" op_14_bw="32" op_15_bw="32" op_16_bw="32" op_17_bw="0" op_18_bw="0">
<![CDATA[
codeRepl:13  call void (...)* @_ssdm_op_SpecInterface(i128* %eth_data_V_data_V, i16* %eth_data_V_keep_V, i1* %eth_data_V_last_V, [5 x i8]* @p_str2, i32 0, i32 0, [1 x i8]* @p_str, i32 0, i32 0, [1 x i8]* @p_str, [1 x i8]* @p_str, [1 x i8]* @p_str, i32 0, i32 0, i32 0, i32 0, [1 x i8]* @p_str, [1 x i8]* @p_str) nounwind

]]></Node>
<StgValue><ssdm name="specinterface_ln345"/></StgValue>
</operation>

<operation id="138" st_id="2" stage="1" lat="1">
<core>NULL</core>
<MemPortIdVec></MemPortIdVec>
<condition id="-1">
<or_exp><and_exp></and_exp></or_exp>
</condition>

<Node id="33" bw="0" op_0_bw="0" op_1_bw="128" op_2_bw="0" op_3_bw="32" op_4_bw="32" op_5_bw="0" op_6_bw="32" op_7_bw="32" op_8_bw="0" op_9_bw="0" op_10_bw="0" op_11_bw="32" op_12_bw="32" op_13_bw="32" op_14_bw="32" op_15_bw="0" op_16_bw="0">
<![CDATA[
codeRepl:14  call void (...)* @_ssdm_op_SpecInterface(i128* %IQ_data_V_data_V, [5 x i8]* @p_str2, i32 0, i32 0, [1 x i8]* @p_str, i32 0, i32 0, [1 x i8]* @p_str, [1 x i8]* @p_str, [1 x i8]* @p_str, i32 0, i32 0, i32 0, i32 0, [1 x i8]* @p_str, [1 x i8]* @p_str) nounwind

]]></Node>
<StgValue><ssdm name="specinterface_ln346"/></StgValue>
</operation>

<operation id="139" st_id="2" stage="1" lat="1">
<core>NULL</core>
<MemPortIdVec></MemPortIdVec>
<condition id="-1">
<or_exp><and_exp></and_exp></or_exp>
</condition>

<Node id="34" bw="0" op_0_bw="0" op_1_bw="112" op_2_bw="0" op_3_bw="32" op_4_bw="32" op_5_bw="0" op_6_bw="32" op_7_bw="32" op_8_bw="0" op_9_bw="0" op_10_bw="0" op_11_bw="32" op_12_bw="32" op_13_bw="32" op_14_bw="32" op_15_bw="0" op_16_bw="0">
<![CDATA[
codeRepl:15  call void (...)* @_ssdm_op_SpecInterface(i112* %Ethernet_header_V, [5 x i8]* @p_str2, i32 0, i32 0, [1 x i8]* @p_str, i32 0, i32 0, [1 x i8]* @p_str, [1 x i8]* @p_str, [1 x i8]* @p_str, i32 0, i32 0, i32 0, i32 0, [1 x i8]* @p_str, [1 x i8]* @p_str) nounwind

]]></Node>
<StgValue><ssdm name="specinterface_ln347"/></StgValue>
</operation>

<operation id="140" st_id="2" stage="1" lat="1">
<core>NULL</core>
<MemPortIdVec></MemPortIdVec>
<condition id="-1">
<or_exp><and_exp></and_exp></or_exp>
</condition>

<Node id="35" bw="0" op_0_bw="0" op_1_bw="48" op_2_bw="0" op_3_bw="32" op_4_bw="32" op_5_bw="0" op_6_bw="32" op_7_bw="32" op_8_bw="0" op_9_bw="0" op_10_bw="0" op_11_bw="32" op_12_bw="32" op_13_bw="32" op_14_bw="32" op_15_bw="0" op_16_bw="0">
<![CDATA[
codeRepl:16  call void (...)* @_ssdm_op_SpecInterface(i48* %section_header_V, [5 x i8]* @p_str2, i32 0, i32 0, [1 x i8]* @p_str, i32 0, i32 0, [1 x i8]* @p_str, [1 x i8]* @p_str, [1 x i8]* @p_str, i32 0, i32 0, i32 0, i32 0, [1 x i8]* @p_str, [1 x i8]* @p_str) nounwind

]]></Node>
<StgValue><ssdm name="specinterface_ln348"/></StgValue>
</operation>

<operation id="141" st_id="2" stage="1" lat="1">
<core>NULL</core>
<MemPortIdVec></MemPortIdVec>
<condition id="-1">
<or_exp><and_exp></and_exp></or_exp>
</condition>

<Node id="36" bw="0" op_0_bw="0" op_1_bw="64" op_2_bw="0" op_3_bw="32" op_4_bw="32" op_5_bw="0" op_6_bw="32" op_7_bw="32" op_8_bw="0" op_9_bw="0" op_10_bw="0" op_11_bw="32" op_12_bw="32" op_13_bw="32" op_14_bw="32" op_15_bw="0" op_16_bw="0">
<![CDATA[
codeRepl:17  call void (...)* @_ssdm_op_SpecInterface(i64* %eCPRI_header_V, [5 x i8]* @p_str2, i32 0, i32 0, [1 x i8]* @p_str, i32 0, i32 0, [1 x i8]* @p_str, [1 x i8]* @p_str, [1 x i8]* @p_str, i32 0, i32 0, i32 0, i32 0, [1 x i8]* @p_str, [1 x i8]* @p_str) nounwind

]]></Node>
<StgValue><ssdm name="specinterface_ln349"/></StgValue>
</operation>

<operation id="142" st_id="2" stage="1" lat="1">
<core>NULL</core>
<MemPortIdVec></MemPortIdVec>
<condition id="-1">
<or_exp><and_exp></and_exp></or_exp>
</condition>

<Node id="37" bw="0" op_0_bw="0" op_1_bw="8" op_2_bw="0" op_3_bw="32" op_4_bw="32" op_5_bw="0" op_6_bw="32" op_7_bw="32" op_8_bw="0" op_9_bw="0" op_10_bw="0" op_11_bw="32" op_12_bw="32" op_13_bw="32" op_14_bw="32" op_15_bw="0" op_16_bw="0">
<![CDATA[
codeRepl:18  call void (...)* @_ssdm_op_SpecInterface(i8* %state_out, [8 x i8]* @p_str3, i32 0, i32 0, [1 x i8]* @p_str, i32 0, i32 0, [1 x i8]* @p_str, [1 x i8]* @p_str, [1 x i8]* @p_str, i32 0, i32 0, i32 0, i32 0, [1 x i8]* @p_str, [1 x i8]* @p_str) nounwind

]]></Node>
<StgValue><ssdm name="specinterface_ln350"/></StgValue>
</operation>

<operation id="143" st_id="2" stage="1" lat="1">
<core>NULL</core>
<MemPortIdVec></MemPortIdVec>
<condition id="-1">
<or_exp><and_exp></and_exp></or_exp>
</condition>

<Node id="38" bw="0" op_0_bw="0" op_1_bw="12" op_2_bw="0" op_3_bw="32" op_4_bw="32" op_5_bw="0" op_6_bw="32" op_7_bw="32" op_8_bw="0" op_9_bw="0" op_10_bw="0" op_11_bw="32" op_12_bw="32" op_13_bw="32" op_14_bw="32" op_15_bw="0" op_16_bw="0">
<![CDATA[
codeRepl:19  call void (...)* @_ssdm_op_SpecInterface(i12* %Total_PRB_count_V, [8 x i8]* @p_str3, i32 0, i32 0, [1 x i8]* @p_str, i32 0, i32 0, [1 x i8]* @p_str, [1 x i8]* @p_str, [1 x i8]* @p_str, i32 0, i32 0, i32 0, i32 0, [1 x i8]* @p_str, [1 x i8]* @p_str) nounwind

]]></Node>
<StgValue><ssdm name="specinterface_ln351"/></StgValue>
</operation>

<operation id="144" st_id="2" stage="1" lat="1">
<core>NULL</core>
<MemPortIdVec></MemPortIdVec>
<condition id="-1">
<or_exp><and_exp></and_exp></or_exp>
</condition>

<Node id="39" bw="0" op_0_bw="0" op_1_bw="4" op_2_bw="0" op_3_bw="32" op_4_bw="32" op_5_bw="0" op_6_bw="32" op_7_bw="32" op_8_bw="0" op_9_bw="0" op_10_bw="0" op_11_bw="32" op_12_bw="32" op_13_bw="32" op_14_bw="32" op_15_bw="0" op_16_bw="0">
<![CDATA[
codeRepl:20  call void (...)* @_ssdm_op_SpecInterface(i4* %symbol_number_V, [8 x i8]* @p_str3, i32 0, i32 0, [1 x i8]* @p_str, i32 0, i32 0, [1 x i8]* @p_str, [1 x i8]* @p_str, [1 x i8]* @p_str, i32 0, i32 0, i32 0, i32 0, [1 x i8]* @p_str, [1 x i8]* @p_str) nounwind

]]></Node>
<StgValue><ssdm name="specinterface_ln352"/></StgValue>
</operation>

<operation id="145" st_id="2" stage="1" lat="1">
<core>NULL</core>
<MemPortIdVec></MemPortIdVec>
<condition id="-1">
<or_exp><and_exp></and_exp></or_exp>
</condition>

<Node id="40" bw="0" op_0_bw="0" op_1_bw="32" op_2_bw="32" op_3_bw="32" op_4_bw="32" op_5_bw="0">
<![CDATA[
codeRepl:21  call void (...)* @_ssdm_op_SpecPipeline(i32 1, i32 2, i32 1, i32 0, [1 x i8]* @p_str) nounwind

]]></Node>
<StgValue><ssdm name="specpipeline_ln353"/></StgValue>
</operation>

<operation id="146" st_id="2" stage="1" lat="1">
<core>NULL</core>
<MemPortIdVec></MemPortIdVec>
<condition id="-1">
<or_exp><and_exp></and_exp></or_exp>
</condition>

<Node id="41" bw="0" op_0_bw="0" op_1_bw="32" op_2_bw="0" op_3_bw="32" op_4_bw="32" op_5_bw="0" op_6_bw="32" op_7_bw="32" op_8_bw="0" op_9_bw="0" op_10_bw="0" op_11_bw="32" op_12_bw="32" op_13_bw="32" op_14_bw="32" op_15_bw="0" op_16_bw="0">
<![CDATA[
codeRepl:22  call void (...)* @_ssdm_op_SpecInterface(i32 0, [13 x i8]* @p_str4, i32 0, i32 0, [1 x i8]* @p_str, i32 0, i32 0, [1 x i8]* @p_str, [1 x i8]* @p_str, [1 x i8]* @p_str, i32 0, i32 0, i32 0, i32 0, [1 x i8]* @p_str, [1 x i8]* @p_str) nounwind

]]></Node>
<StgValue><ssdm name="specinterface_ln354"/></StgValue>
</operation>

<operation id="147" st_id="2" stage="1" lat="1">
<core>NULL</core>
<MemPortIdVec></MemPortIdVec>
<condition id="-1">
<or_exp><and_exp></and_exp></or_exp>
</condition>

<Node id="42" bw="0" op_0_bw="0" op_1_bw="4" op_2_bw="32" op_3_bw="0">
<![CDATA[
codeRepl:23  call void (...)* @_ssdm_op_SpecReset(i4* @oran_ctrl_state, i32 1, [1 x i8]* @p_str) nounwind

]]></Node>
<StgValue><ssdm name="specreset_ln376"/></StgValue>
</operation>

<operation id="148" st_id="2" stage="1" lat="1">
<core>NULL</core>
<MemPortIdVec></MemPortIdVec>
<condition id="-1">
<or_exp><and_exp></and_exp></or_exp>
</condition>

<Node id="44" bw="8" op_0_bw="4">
<![CDATA[
codeRepl:25  %zext_ln377 = zext i4 %oran_ctrl_state_load to i8

]]></Node>
<StgValue><ssdm name="zext_ln377"/></StgValue>
</operation>

<operation id="149" st_id="2" stage="1" lat="1">
<core>NULL</core>
<MemPortIdVec></MemPortIdVec>
<condition id="-1">
<or_exp><and_exp></and_exp></or_exp>
</condition>

<Node id="45" bw="0" op_0_bw="0" op_1_bw="8" op_2_bw="8">
<![CDATA[
codeRepl:26  call void @_ssdm_op_Write.ap_none.i8P(i8* %state_out, i8 %zext_ln377)

]]></Node>
<StgValue><ssdm name="write_ln377"/></StgValue>
</operation>

<operation id="150" st_id="2" stage="1" lat="1">
<core>NULL</core>
<MemPortIdVec></MemPortIdVec>
<condition id="-1">
<or_exp><and_exp><literal name="oran_ctrl_state_load" val="7"/>
<literal name="icmp_ln879" val="0"/>
</and_exp></or_exp>
</condition>

<Node id="70" bw="0" op_0_bw="0">
<![CDATA[
:1  br label %11

]]></Node>
<StgValue><ssdm name="br_ln0"/></StgValue>
</operation>

<operation id="151" st_id="2" stage="1" lat="1">
<core>NULL</core>
<MemPortIdVec></MemPortIdVec>
<condition id="-1">
<or_exp><and_exp><literal name="oran_ctrl_state_load" val="7"/>
<literal name="icmp_ln879" val="1"/>
<literal name="icmp_ln567" val="1"/>
</and_exp></or_exp>
</condition>

<Node id="76" bw="0" op_0_bw="0">
<![CDATA[
:1  br label %._crit_edge3185

]]></Node>
<StgValue><ssdm name="br_ln570"/></StgValue>
</operation>

<operation id="152" st_id="2" stage="1" lat="1">
<core>NULL</core>
<MemPortIdVec></MemPortIdVec>
<condition id="-1">
<or_exp><and_exp><literal name="oran_ctrl_state_load" val="7"/>
<literal name="icmp_ln879" val="1"/>
</and_exp></or_exp>
</condition>

<Node id="78" bw="0" op_0_bw="0">
<![CDATA[
._crit_edge3185:0  br label %11

]]></Node>
<StgValue><ssdm name="br_ln571"/></StgValue>
</operation>

<operation id="153" st_id="2" stage="1" lat="1">
<core>NULL</core>
<MemPortIdVec></MemPortIdVec>
<condition id="-1">
<or_exp><and_exp><literal name="oran_ctrl_state_load" val="6"/>
</and_exp></or_exp>
</condition>

<Node id="99" bw="128" op_0_bw="128" op_1_bw="8" op_2_bw="8" op_3_bw="8" op_4_bw="8" op_5_bw="8" op_6_bw="8" op_7_bw="8" op_8_bw="8" op_9_bw="8" op_10_bw="8" op_11_bw="8" op_12_bw="8" op_13_bw="8" op_14_bw="8" op_15_bw="8" op_16_bw="8">
<![CDATA[
:17  %p_Result_55 = call i128 @_ssdm_op_BitConcatenate.i128.i8.i8.i8.i8.i8.i8.i8.i8.i8.i8.i8.i8.i8.i8.i8.i8(i8 %trunc_ln647_6, i8 %p_Result_51, i8 %p_Result_50, i8 %p_Result_49, i8 %p_Result_48, i8 %p_Result_47, i8 %p_Result_46, i8 %p_Result_45, i8 %p_Result_44, i8 %p_Result_43, i8 %p_Result_42, i8 %p_Result_41, i8 %p_Result_40, i8 %p_Result_39, i8 %p_Result_38, i8 %p_Result_37)

]]></Node>
<StgValue><ssdm name="p_Result_55"/></StgValue>
</operation>

<operation id="154" st_id="2" stage="1" lat="1">
<core>LogicGate</core>
<MemPortIdVec></MemPortIdVec>
<condition id="-1">
<or_exp><and_exp><literal name="oran_ctrl_state_load" val="6"/>
</and_exp></or_exp>
</condition>

<Node id="103" bw="1" op_0_bw="1" op_1_bw="1">
<![CDATA[
:21  %tmp_last_V = xor i1 %icmp_ln551, true

]]></Node>
<StgValue><ssdm name="tmp_last_V"/></StgValue>
</operation>

<operation id="155" st_id="2" stage="1" lat="1">
<core>AXI4Stream</core>
<MemPortIdVec></MemPortIdVec>
<condition id="-1">
<or_exp><and_exp><literal name="oran_ctrl_state_load" val="6"/>
</and_exp></or_exp>
</condition>

<Node id="107" bw="0" op_0_bw="0" op_1_bw="128" op_2_bw="16" op_3_bw="1" op_4_bw="128" op_5_bw="16" op_6_bw="1">
<![CDATA[
:25  call void @_ssdm_op_Write.axis.volatile.i128P.i16P.i1P(i128* %eth_data_V_data_V, i16* %eth_data_V_keep_V, i1* %eth_data_V_last_V, i128 %p_Result_55, i16 -1, i1 %tmp_last_V)

]]></Node>
<StgValue><ssdm name="write_ln562"/></StgValue>
</operation>

<operation id="156" st_id="2" stage="1" lat="1">
<core>NULL</core>
<MemPortIdVec></MemPortIdVec>
<condition id="-1">
<or_exp><and_exp><literal name="oran_ctrl_state_load" val="5"/>
</and_exp></or_exp>
</condition>

<Node id="127" bw="128" op_0_bw="128" op_1_bw="8" op_2_bw="8" op_3_bw="8" op_4_bw="8" op_5_bw="8" op_6_bw="8" op_7_bw="8" op_8_bw="8" op_9_bw="8" op_10_bw="8" op_11_bw="8" op_12_bw="8" op_13_bw="8" op_14_bw="8" op_15_bw="8" op_16_bw="8">
<![CDATA[
:17  %p_Result_54 = call i128 @_ssdm_op_BitConcatenate.i128.i8.i8.i8.i8.i8.i8.i8.i8.i8.i8.i8.i8.i8.i8.i8.i8(i8 %trunc_ln647_5, i8 %p_Result_36, i8 %p_Result_35, i8 %p_Result_34, i8 %p_Result_33, i8 %p_Result_32, i8 %p_Result_31, i8 %p_Result_30, i8 %p_Result_29, i8 %p_Result_28, i8 %p_Result_27, i8 %p_Result_26, i8 %p_Result_25, i8 %p_Result_24, i8 %p_Result_23, i8 %p_Result_22)

]]></Node>
<StgValue><ssdm name="p_Result_54"/></StgValue>
</operation>

<operation id="157" st_id="2" stage="1" lat="1">
<core>AXI4Stream</core>
<MemPortIdVec></MemPortIdVec>
<condition id="-1">
<or_exp><and_exp><literal name="oran_ctrl_state_load" val="5"/>
</and_exp></or_exp>
</condition>

<Node id="128" bw="0" op_0_bw="0" op_1_bw="128" op_2_bw="16" op_3_bw="1" op_4_bw="128" op_5_bw="16" op_6_bw="1">
<![CDATA[
:18  call void @_ssdm_op_Write.axis.volatile.i128P.i16P.i1P(i128* %eth_data_V_data_V, i16* %eth_data_V_keep_V, i1* %eth_data_V_last_V, i128 %p_Result_54, i16 -1, i1 false)

]]></Node>
<StgValue><ssdm name="write_ln524"/></StgValue>
</operation>

<operation id="158" st_id="2" stage="1" lat="1">
<core>NULL</core>
<MemPortIdVec></MemPortIdVec>
<condition id="-1">
<or_exp><and_exp><literal name="oran_ctrl_state_load" val="4"/>
</and_exp></or_exp>
</condition>

<Node id="149" bw="128" op_0_bw="128" op_1_bw="8" op_2_bw="8" op_3_bw="8" op_4_bw="8" op_5_bw="8" op_6_bw="8" op_7_bw="8" op_8_bw="8" op_9_bw="8" op_10_bw="8" op_11_bw="8" op_12_bw="8" op_13_bw="8" op_14_bw="8" op_15_bw="8" op_16_bw="8">
<![CDATA[
:17  %p_Result_53 = call i128 @_ssdm_op_BitConcatenate.i128.i8.i8.i8.i8.i8.i8.i8.i8.i8.i8.i8.i8.i8.i8.i8.i8(i8 %trunc_ln647_4, i8 %p_Result_21, i8 %p_Result_20, i8 %p_Result_19, i8 %p_Result_18, i8 %p_Result_17, i8 %p_Result_16, i8 %p_Result_15, i8 %p_Result_14, i8 %p_Result_13, i8 %p_Result_12, i8 %p_Result_11, i8 %p_Result_10, i8 %p_Result_9, i8 %p_Result_8, i8 %p_Result_3)

]]></Node>
<StgValue><ssdm name="p_Result_53"/></StgValue>
</operation>

<operation id="159" st_id="2" stage="1" lat="1">
<core>AXI4Stream</core>
<MemPortIdVec></MemPortIdVec>
<condition id="-1">
<or_exp><and_exp><literal name="oran_ctrl_state_load" val="4"/>
</and_exp></or_exp>
</condition>

<Node id="150" bw="0" op_0_bw="0" op_1_bw="128" op_2_bw="16" op_3_bw="1" op_4_bw="128" op_5_bw="16" op_6_bw="1">
<![CDATA[
:18  call void @_ssdm_op_Write.axis.volatile.i128P.i16P.i1P(i128* %eth_data_V_data_V, i16* %eth_data_V_keep_V, i1* %eth_data_V_last_V, i128 %p_Result_53, i16 -1, i1 false)

]]></Node>
<StgValue><ssdm name="write_ln497"/></StgValue>
</operation>

<operation id="160" st_id="2" stage="1" lat="1">
<core>NULL</core>
<MemPortIdVec></MemPortIdVec>
<condition id="-1">
<or_exp><and_exp><literal name="oran_ctrl_state_load" val="3"/>
</and_exp></or_exp>
</condition>

<Node id="154" bw="16" op_0_bw="16">
<![CDATA[
:0  %p_Val2_s = load i16* @ecpri_header_payload, align 2

]]></Node>
<StgValue><ssdm name="p_Val2_s"/></StgValue>
</operation>

<operation id="161" st_id="2" stage="1" lat="1">
<core>NULL</core>
<MemPortIdVec></MemPortIdVec>
<condition id="-1">
<or_exp><and_exp><literal name="oran_ctrl_state_load" val="3"/>
</and_exp></or_exp>
</condition>

<Node id="155" bw="8" op_0_bw="8" op_1_bw="16" op_2_bw="32" op_3_bw="32">
<![CDATA[
:1  %p_Result_6 = call i8 @_ssdm_op_PartSelect.i8.i16.i32.i32(i16 %p_Val2_s, i32 8, i32 15)

]]></Node>
<StgValue><ssdm name="p_Result_6"/></StgValue>
</operation>

<operation id="162" st_id="2" stage="1" lat="1">
<core>NULL</core>
<MemPortIdVec></MemPortIdVec>
<condition id="-1">
<or_exp><and_exp><literal name="oran_ctrl_state_load" val="3"/>
</and_exp></or_exp>
</condition>

<Node id="156" bw="8" op_0_bw="16">
<![CDATA[
:2  %trunc_ln647 = trunc i16 %p_Val2_s to i8

]]></Node>
<StgValue><ssdm name="trunc_ln647"/></StgValue>
</operation>

<operation id="163" st_id="2" stage="1" lat="1">
<core>NULL</core>
<MemPortIdVec></MemPortIdVec>
<condition id="-1">
<or_exp><and_exp><literal name="oran_ctrl_state_load" val="3"/>
</and_exp></or_exp>
</condition>

<Node id="157" bw="16" op_0_bw="16">
<![CDATA[
:3  %p_Val2_1 = load i16* @ecpri_header_pcid1_V, align 2

]]></Node>
<StgValue><ssdm name="p_Val2_1"/></StgValue>
</operation>

<operation id="164" st_id="2" stage="1" lat="1">
<core>NULL</core>
<MemPortIdVec></MemPortIdVec>
<condition id="-1">
<or_exp><and_exp><literal name="oran_ctrl_state_load" val="3"/>
</and_exp></or_exp>
</condition>

<Node id="158" bw="8" op_0_bw="8" op_1_bw="16" op_2_bw="32" op_3_bw="32">
<![CDATA[
:4  %p_Result_s_15 = call i8 @_ssdm_op_PartSelect.i8.i16.i32.i32(i16 %p_Val2_1, i32 8, i32 15)

]]></Node>
<StgValue><ssdm name="p_Result_s_15"/></StgValue>
</operation>

<operation id="165" st_id="2" stage="1" lat="1">
<core>NULL</core>
<MemPortIdVec></MemPortIdVec>
<condition id="-1">
<or_exp><and_exp><literal name="oran_ctrl_state_load" val="3"/>
</and_exp></or_exp>
</condition>

<Node id="159" bw="8" op_0_bw="16">
<![CDATA[
:5  %trunc_ln647_1 = trunc i16 %p_Val2_1 to i8

]]></Node>
<StgValue><ssdm name="trunc_ln647_1"/></StgValue>
</operation>

<operation id="166" st_id="2" stage="1" lat="1">
<core>NULL</core>
<MemPortIdVec></MemPortIdVec>
<condition id="-1">
<or_exp><and_exp><literal name="oran_ctrl_state_load" val="3"/>
</and_exp></or_exp>
</condition>

<Node id="160" bw="16" op_0_bw="16">
<![CDATA[
:6  %p_Val2_2 = load i16* @ecpri_header_seqid_V, align 2

]]></Node>
<StgValue><ssdm name="p_Val2_2"/></StgValue>
</operation>

<operation id="167" st_id="2" stage="1" lat="1">
<core>NULL</core>
<MemPortIdVec></MemPortIdVec>
<condition id="-1">
<or_exp><and_exp><literal name="oran_ctrl_state_load" val="3"/>
</and_exp></or_exp>
</condition>

<Node id="161" bw="8" op_0_bw="8" op_1_bw="16" op_2_bw="32" op_3_bw="32">
<![CDATA[
:7  %p_Result_2 = call i8 @_ssdm_op_PartSelect.i8.i16.i32.i32(i16 %p_Val2_2, i32 8, i32 15)

]]></Node>
<StgValue><ssdm name="p_Result_2"/></StgValue>
</operation>

<operation id="168" st_id="2" stage="1" lat="1">
<core>NULL</core>
<MemPortIdVec></MemPortIdVec>
<condition id="-1">
<or_exp><and_exp><literal name="oran_ctrl_state_load" val="3"/>
</and_exp></or_exp>
</condition>

<Node id="162" bw="8" op_0_bw="16">
<![CDATA[
:8  %trunc_ln647_2 = trunc i16 %p_Val2_2 to i8

]]></Node>
<StgValue><ssdm name="trunc_ln647_2"/></StgValue>
</operation>

<operation id="169" st_id="2" stage="1" lat="1">
<core>NULL</core>
<MemPortIdVec></MemPortIdVec>
<condition id="-1">
<or_exp><and_exp><literal name="oran_ctrl_state_load" val="3"/>
</and_exp></or_exp>
</condition>

<Node id="175" bw="128" op_0_bw="128" op_1_bw="24" op_2_bw="8" op_3_bw="4" op_4_bw="2" op_5_bw="2" op_6_bw="8" op_7_bw="12" op_8_bw="4" op_9_bw="16" op_10_bw="8" op_11_bw="8" op_12_bw="8" op_13_bw="8" op_14_bw="8" op_15_bw="8">
<![CDATA[
:21  %p_Result_52 = call i128 @_ssdm_op_BitConcatenate.i128.i24.i8.i4.i2.i2.i8.i12.i4.i16.i8.i8.i8.i8.i8.i8(i24 %tmp_6, i8 %p_Result_1, i4 %trunc_ln647_3, i2 %tmp_9, i2 %p_Result_7, i8 %p_Result_5, i12 %tmp_7, i4 %p_Result_4, i16 %trunc_ln414_1, i8 %trunc_ln647_2, i8 %p_Result_2, i8 %trunc_ln647_1, i8 %p_Result_s_15, i8 %trunc_ln647, i8 %p_Result_6)

]]></Node>
<StgValue><ssdm name="p_Result_52"/></StgValue>
</operation>

<operation id="170" st_id="2" stage="1" lat="1">
<core>NULL</core>
<MemPortIdVec></MemPortIdVec>
<condition id="-1">
<or_exp><and_exp><literal name="oran_ctrl_state_load" val="3"/>
</and_exp></or_exp>
</condition>

<Node id="178" bw="0" op_0_bw="0" op_1_bw="4" op_2_bw="4">
<![CDATA[
:24  call void @_ssdm_op_Write.ap_none.i4P(i4* %symbol_number_V, i4 %trunc_ln)

]]></Node>
<StgValue><ssdm name="write_ln465"/></StgValue>
</operation>

<operation id="171" st_id="2" stage="1" lat="1">
<core>NULL</core>
<MemPortIdVec></MemPortIdVec>
<condition id="-1">
<or_exp><and_exp><literal name="oran_ctrl_state_load" val="3"/>
</and_exp></or_exp>
</condition>

<Node id="182" bw="0" op_0_bw="0" op_1_bw="12" op_2_bw="12">
<![CDATA[
:28  call void @_ssdm_op_Write.ap_none.i12P(i12* %Total_PRB_count_V, i12 %add_ln209)

]]></Node>
<StgValue><ssdm name="write_ln468"/></StgValue>
</operation>

<operation id="172" st_id="2" stage="1" lat="1">
<core>AXI4Stream</core>
<MemPortIdVec></MemPortIdVec>
<condition id="-1">
<or_exp><and_exp><literal name="oran_ctrl_state_load" val="3"/>
</and_exp></or_exp>
</condition>

<Node id="183" bw="0" op_0_bw="0" op_1_bw="128" op_2_bw="16" op_3_bw="1" op_4_bw="128" op_5_bw="16" op_6_bw="1">
<![CDATA[
:29  call void @_ssdm_op_Write.axis.volatile.i128P.i16P.i1P(i128* %eth_data_V_data_V, i16* %eth_data_V_keep_V, i1* %eth_data_V_last_V, i128 %p_Result_52, i16 -1, i1 false)

]]></Node>
<StgValue><ssdm name="write_ln471"/></StgValue>
</operation>

<operation id="173" st_id="2" stage="1" lat="1">
<core>NULL</core>
<MemPortIdVec></MemPortIdVec>
<condition id="-1">
<or_exp><and_exp><literal name="oran_ctrl_state_load" val="2"/>
</and_exp></or_exp>
</condition>

<Node id="195" bw="32" op_0_bw="32" op_1_bw="16" op_2_bw="16">
<![CDATA[
:8  %tmp_5 = call i32 @_ssdm_op_BitConcatenate.i32.i16.i16(i16 %trunc_ln414, i16 -338)

]]></Node>
<StgValue><ssdm name="tmp_5"/></StgValue>
</operation>

<operation id="174" st_id="2" stage="1" lat="1">
<core>NULL</core>
<MemPortIdVec></MemPortIdVec>
<condition id="-1">
<or_exp><and_exp><literal name="oran_ctrl_state_load" val="2"/>
</and_exp></or_exp>
</condition>

<Node id="196" bw="128" op_0_bw="128" op_1_bw="128" op_2_bw="32" op_3_bw="32" op_4_bw="32">
<![CDATA[
:9  %p_Result_s = call i128 @_ssdm_op_PartSet.i128.i128.i32.i32.i32(i128 undef, i32 %tmp_5, i32 0, i32 31)

]]></Node>
<StgValue><ssdm name="p_Result_s"/></StgValue>
</operation>

<operation id="175" st_id="2" stage="1" lat="1">
<core>AXI4Stream</core>
<MemPortIdVec></MemPortIdVec>
<condition id="-1">
<or_exp><and_exp><literal name="oran_ctrl_state_load" val="2"/>
</and_exp></or_exp>
</condition>

<Node id="197" bw="0" op_0_bw="0" op_1_bw="128" op_2_bw="16" op_3_bw="1" op_4_bw="128" op_5_bw="16" op_6_bw="1">
<![CDATA[
:10  call void @_ssdm_op_Write.axis.volatile.i128P.i16P.i1P(i128* %eth_data_V_data_V, i16* %eth_data_V_keep_V, i1* %eth_data_V_last_V, i128 %p_Result_s, i16 15, i1 false)

]]></Node>
<StgValue><ssdm name="write_ln426"/></StgValue>
</operation>

<operation id="176" st_id="2" stage="1" lat="1">
<core>AXI4Stream</core>
<MemPortIdVec></MemPortIdVec>
<condition id="-1">
<or_exp><and_exp><literal name="oran_ctrl_state_load" val="1"/>
</and_exp></or_exp>
</condition>

<Node id="202" bw="0" op_0_bw="0" op_1_bw="128" op_2_bw="16" op_3_bw="1" op_4_bw="128" op_5_bw="16" op_6_bw="1">
<![CDATA[
:1  call void @_ssdm_op_Write.axis.volatile.i128P.i16P.i1P(i128* %eth_data_V_data_V, i16* %eth_data_V_keep_V, i1* %eth_data_V_last_V, i128 1329238242606554472656667684588486655, i16 -1, i1 false)

]]></Node>
<StgValue><ssdm name="write_ln408"/></StgValue>
</operation>

<operation id="177" st_id="2" stage="1" lat="1">
<core>NULL</core>
<MemPortIdVec></MemPortIdVec>
<condition id="-1">
<or_exp><and_exp></and_exp></or_exp>
</condition>

<Node id="211" bw="0">
<![CDATA[
._crit_edge3184:0  ret void

]]></Node>
<StgValue><ssdm name="ret_ln593"/></StgValue>
</operation>
</state>
</state_list>


<ports>
</ports>


<dataflows>
</dataflows>


</stg>
