<profile>

<section name = "Vivado HLS Report for 'uplane_packetiser'" level="0">
<item name = "Date">Sun Mar  5 12:18:56 2023
</item>
<item name = "Version">2019.1 (Build 2552052 on Fri May 24 15:28:33 MDT 2019)</item>
<item name = "Project">uplane_packetiser</item>
<item name = "Solution">solution1</item>
<item name = "Product family">zynquplus</item>
<item name = "Target device">xczu19eg-ffvd1760-3-e</item>
</section>

<section name = "Performance Estimates" level="0">
<item name = "Timing (ns)">
<section name = "" level="1">
<item name = "Summary"><table name="" hasTotal="0">
<keys size="4">Clock, Target, Estimated, Uncertainty</keys>
<column name="ap_clk">3.20, 3.029, 0.40</column>
</table>
</item>
</section>
</item>
<item name = "Latency (clock cycles)">
<section name = "" level="1">
<item name = "Summary"><table name="" hasTotal="0">
<keys size="6">, min, max, min, max, Type</keys>
<column name="">1, 1, 1, 1, function</column>
</table>
</item>
<item name = "Detail">
<section name = "" level="1">
<item name = "Instance"><table name="" hasTotal="0">
<keys size="7">Instance, Module, min, max, min, max, Type</keys>
</table>
</item>
<item name = "Loop"><table name="" hasTotal="0">
<keys size="8">Loop Name, min, max, Latency, achieved, target, Count, Pipelined</keys>
</table>
</item>
</section>
</item>
</section>
</item>
</section>
</profile>
