<profile>

<section name = "Vivado HLS Report for 'uplane_packetiser'" level="0">
<item name = "Date">Sun Mar  5 12:18:56 2023
</item>
<item name = "Version">2019.1 (Build 2552052 on Fri May 24 15:28:33 MDT 2019)</item>
<item name = "Project">uplane_packetiser</item>
<item name = "Solution">solution1</item>
<item name = "Product family">zynquplus</item>
<item name = "Target device">xczu19eg-ffvd1760-3-e</item>
</section>

<section name = "Performance Estimates" level="0">
<item name = "Timing (ns)">
<section name = "" level="1">
<item name = "Summary"><table name="" hasTotal="0">
<keys size="4">Clock, Target, Estimated, Uncertainty</keys>
<column name="ap_clk">3.20, 3.029, 0.40</column>
</table>
</item>
</section>
</item>
<item name = "Latency (clock cycles)">
<section name = "" level="1">
<item name = "Summary"><table name="" hasTotal="0">
<keys size="6">, min, max, min, max, Type</keys>
<column name="">1, 1, 1, 1, function</column>
</table>
</item>
<item name = "Detail">
<section name = "" level="1">
<item name = "Instance"><table name="" hasTotal="0">
<keys size="7">Instance, Module, min, max, min, max, Type</keys>
</table>
</item>
<item name = "Loop"><table name="" hasTotal="0">
<keys size="8">Loop Name, min, max, Latency, achieved, target, Count, Pipelined</keys>
</table>
</item>
</section>
</item>
</section>
</item>
</section>

<section name = "Utilization Estimates" level="0">
<item name = "Summary"><table name="" hasTotal="1">
<keys size="6">Name, BRAM_18K, DSP48E, FF, LUT, URAM</keys>
<column name="DSP">-, -, -, -, -</column>
<column name="Expression">-, -, 0, 163, -</column>
<column name="FIFO">-, -, -, -, -</column>
<column name="Instance">-, -, -, -, -</column>
<column name="Memory">-, -, -, -, -</column>
<column name="Multiplexer">-, -, -, 208, -</column>
<column name="Register">-, -, 363, -, -</column>
<specialColumn name="Available">1968, 1968, 1045440, 522720, 128</specialColumn>
<specialColumn name="Utilization (%)">0, 0, ~0, ~0, 0</specialColumn>
</table>
</item>
<item name = "Detail">
<section name = "" level="1">
<item name = "Instance"><table name="" hasTotal="1">
<keys size="7">Instance, Module, BRAM_18K, DSP48E, FF, LUT, URAM</keys>
</table>
</item>
<item name = "DSP48E"><table name="" hasTotal="0">
<keys size="3">Instance, Module, Expression</keys>
</table>
</item>
<item name = "Memory"><table name="" hasTotal="1">
<keys size="10">Memory, Module, BRAM_18K, FF, LUT, URAM, Words, Bits, Banks, W*Bits*Banks</keys>
</table>
</item>
<item name = "FIFO"><table name="" hasTotal="1">
<keys size="8">Name, BRAM_18K, FF, LUT, URAM, Depth, Bits, Size:D*B</keys>
</table>
</item>
<item name = "Expression"><table name="" hasTotal="1">
<keys size="7">Variable Name, Operation, DSP48E, FF, LUT, Bitwidth P0, Bitwidth P1</keys>
<column name="add_ln209_fu_759_p2">+, 0, 0, 19, 12, 12</column>
<column name="add_ln550_fu_591_p2">+, 0, 0, 39, 1, 32</column>
<column name="ap_condition_140">and, 0, 0, 2, 1, 1</column>
<column name="icmp_ln551_fu_597_p2">icmp, 0, 0, 20, 32, 5</column>
<column name="icmp_ln567_fu_575_p2">icmp, 0, 0, 20, 32, 2</column>
<column name="icmp_ln879_1_fu_547_p2">icmp, 0, 0, 9, 4, 3</column>
<column name="icmp_ln879_fu_569_p2">icmp, 0, 0, 13, 12, 9</column>
<column name="ap_block_state1_pp0_stage0_iter0">or, 0, 0, 2, 1, 1</column>
<column name="ap_block_state2_io">or, 0, 0, 2, 1, 1</column>
<column name="select_ln551_1_fu_611_p3">select, 0, 0, 3, 1, 3</column>
<column name="select_ln551_fu_603_p3">select, 0, 0, 32, 1, 32</column>
<column name="tmp_last_V_fu_881_p2">xor, 0, 0, 2, 1, 2</column>
</table>
</item>
<item name = "Multiplexer"><table name="" hasTotal="1">
<keys size="5">Name, LUT, Input Size, Bits, Total Bits</keys>
<column name="Ethernet_header_V_TDATA_blk_n">9, 2, 1, 2</column>
<column name="IQ_data_V_data_V_TDATA_blk_n">9, 2, 1, 2</column>
<column name="PRB_count_V">9, 2, 12, 24</column>
<column name="PRB_fragmentation">9, 2, 32, 64</column>
<column name="ap_phi_mux_storemerge_phi_fu_295_p4">15, 3, 1, 3</column>
<column name="application_header_V_TDATA_blk_n">9, 2, 1, 2</column>
<column name="eCPRI_header_V_TDATA_blk_n">9, 2, 1, 2</column>
<column name="eth_data_TDATA">38, 7, 128, 896</column>
<column name="eth_data_TDATA_blk_n">9, 2, 1, 2</column>
<column name="eth_data_TKEEP">15, 3, 16, 48</column>
<column name="eth_data_TLAST">15, 3, 1, 3</column>
<column name="oran_ctrl_state">44, 9, 4, 36</column>
<column name="section_header_V_TDATA_blk_n">9, 2, 1, 2</column>
<column name="symbolID_V">9, 2, 4, 8</column>
</table>
</item>
<item name = "Register"><table name="" hasTotal="1">
<keys size="5">Name, FF, LUT, Bits, Const Bits</keys>
<column name="PRB_count_V">12, 0, 12, 0</column>
<column name="PRB_fragmentation">32, 0, 32, 0</column>
<column name="add_ln209_reg_1145">12, 0, 12, 0</column>
<column name="ap_CS_iter0_fsm">1, 0, 1, 0</column>
<column name="ap_CS_iter1_fsm">1, 0, 1, 0</column>
<column name="ecpri_header_payload">16, 0, 16, 0</column>
<column name="ecpri_header_pcid1_V">16, 0, 16, 0</column>
<column name="ecpri_header_seqid_V">16, 0, 16, 0</column>
<column name="icmp_ln551_reg_1080">1, 0, 1, 0</column>
<column name="oran_ctrl_state">4, 0, 4, 0</column>
<column name="oran_ctrl_state_load_reg_1059">4, 0, 4, 0</column>
<column name="p_Result_1_reg_1115">8, 0, 8, 0</column>
<column name="p_Result_4_reg_1095">4, 0, 4, 0</column>
<column name="p_Result_5_reg_1100">8, 0, 8, 0</column>
<column name="p_Result_7_reg_1105">2, 0, 2, 0</column>
<column name="reg_471">8, 0, 8, 0</column>
<column name="reg_475">8, 0, 8, 0</column>
<column name="reg_479">8, 0, 8, 0</column>
<column name="reg_483">8, 0, 8, 0</column>
<column name="reg_487">8, 0, 8, 0</column>
<column name="reg_491">8, 0, 8, 0</column>
<column name="reg_495">8, 0, 8, 0</column>
<column name="reg_499">8, 0, 8, 0</column>
<column name="reg_503">8, 0, 8, 0</column>
<column name="reg_507">8, 0, 8, 0</column>
<column name="reg_511">8, 0, 8, 0</column>
<column name="reg_515">8, 0, 8, 0</column>
<column name="reg_519">8, 0, 8, 0</column>
<column name="reg_523">8, 0, 8, 0</column>
<column name="reg_527">8, 0, 8, 0</column>
<column name="symbolID_V">4, 0, 4, 0</column>
<column name="tmp_6_reg_1120">24, 0, 24, 0</column>
<column name="tmp_7_reg_1125">12, 0, 12, 0</column>
<column name="tmp_9_reg_1135">2, 0, 2, 0</column>
<column name="trunc_ln414_1_reg_1130">16, 0, 16, 0</column>
<column name="trunc_ln414_reg_1150">16, 0, 16, 0</column>
<column name="trunc_ln647_3_reg_1110">4, 0, 4, 0</column>
<column name="trunc_ln647_4_reg_1090">8, 0, 8, 0</column>
<column name="trunc_ln647_5_reg_1085">8, 0, 8, 0</column>
<column name="trunc_ln647_6_reg_1075">8, 0, 8, 0</column>
<column name="trunc_ln_reg_1140">4, 0, 4, 0</column>
</table>
</item>
</section>
</item>
</section>

<section name = "Interface" level="0">
<item name = "Summary"><table name="" hasTotal="0">
<keys size="6">RTL Ports, Dir, Bits, Protocol, Source Object, C Type</keys>
<column name="ap_clk">in, 1, ap_ctrl_none, uplane_packetiser, return value</column>
<column name="ap_rst_n">in, 1, ap_ctrl_none, uplane_packetiser, return value</column>
<column name="Ethernet_header_V_TDATA">in, 112, axis, Ethernet_header_V, pointer</column>
<column name="Ethernet_header_V_TVALID">in, 1, axis, Ethernet_header_V, pointer</column>
<column name="Ethernet_header_V_TREADY">out, 1, axis, Ethernet_header_V, pointer</column>
<column name="eCPRI_header_V_TDATA">in, 64, axis, eCPRI_header_V, pointer</column>
<column name="eCPRI_header_V_TVALID">in, 1, axis, eCPRI_header_V, pointer</column>
<column name="eCPRI_header_V_TREADY">out, 1, axis, eCPRI_header_V, pointer</column>
<column name="application_header_V_TDATA">in, 32, axis, application_header_V, pointer</column>
<column name="application_header_V_TVALID">in, 1, axis, application_header_V, pointer</column>
<column name="application_header_V_TREADY">out, 1, axis, application_header_V, pointer</column>
<column name="section_header_V_TDATA">in, 48, axis, section_header_V, pointer</column>
<column name="section_header_V_TVALID">in, 1, axis, section_header_V, pointer</column>
<column name="section_header_V_TREADY">out, 1, axis, section_header_V, pointer</column>
<column name="IQ_data_V_data_V_TDATA">in, 128, axis, IQ_data_V_data_V, pointer</column>
<column name="IQ_data_V_data_V_TVALID">in, 1, axis, IQ_data_V_data_V, pointer</column>
<column name="IQ_data_V_data_V_TREADY">out, 1, axis, IQ_data_V_data_V, pointer</column>
<column name="eth_data_TDATA">out, 128, axis, eth_data_V_data_V, pointer</column>
<column name="eth_data_TREADY">in, 1, axis, eth_data_V_data_V, pointer</column>
<column name="eth_data_TVALID">out, 1, axis, eth_data_V_last_V, pointer</column>
<column name="eth_data_TLAST">out, 1, axis, eth_data_V_last_V, pointer</column>
<column name="eth_data_TKEEP">out, 16, axis, eth_data_V_keep_V, pointer</column>
<column name="state_out">out, 8, ap_none, state_out, pointer</column>
<column name="symbol_number_V">out, 4, ap_none, symbol_number_V, pointer</column>
<column name="Total_PRB_count_V">out, 12, ap_none, Total_PRB_count_V, pointer</column>
</table>
</item>
</section>
</profile>
