<annotationInfo>
<item  id="44" filename="uplane_packetiser/uplane_packetizer.cpp" linenumber="377" name="zext_ln377" contextFuncName="uplane_packetiser" moduleName="uplane_packetiser" rtlName="state_out" latency="0" BRAM="-1" DSP="-1" FF="-1" LUT="-1" fileDirectory="/home/sai/Desktop/Looping_Hardware-design/hls_src/U_plane_src"><\/item>
<item  id="51" filename="uplane_packetiser/uplane_packetizer.cpp" linenumber="580" name="icmp_ln879_1" contextFuncName="uplane_packetiser" moduleName="uplane_packetiser" rtlName="icmp_ln879_1_fu_547_p2" latency="0" BRAM="-1" DSP="-1" FF="0" LUT="9" fileDirectory="/home/sai/Desktop/Looping_Hardware-design/hls_src/U_plane_src"><\/item>
<item  id="62" filename="uplane_packetiser/uplane_packetizer.cpp" linenumber="583" name="zext_ln583" contextFuncName="uplane_packetiser" moduleName="uplane_packetiser" rtlName="zext_ln583_fu_559_p1" latency="0" BRAM="-1" DSP="-1" FF="-1" LUT="-1" fileDirectory="/home/sai/Desktop/Looping_Hardware-design/hls_src/U_plane_src"><\/item>
<item  id="66" filename="uplane_packetiser/uplane_packetizer.cpp" linenumber="566" name="icmp_ln879" contextFuncName="uplane_packetiser" moduleName="uplane_packetiser" rtlName="icmp_ln879_fu_569_p2" latency="0" BRAM="-1" DSP="-1" FF="0" LUT="13" fileDirectory="/home/sai/Desktop/Looping_Hardware-design/hls_src/U_plane_src"><\/item>
<item  id="72" filename="uplane_packetiser/uplane_packetizer.cpp" linenumber="567" name="icmp_ln567" contextFuncName="uplane_packetiser" moduleName="uplane_packetiser" rtlName="icmp_ln567_fu_575_p2" latency="0" BRAM="-1" DSP="-1" FF="0" LUT="20" fileDirectory="/home/sai/Desktop/Looping_Hardware-design/hls_src/U_plane_src"><\/item>
<item  id="83" filename="uplane_packetiser/uplane_packetizer.cpp" linenumber="532" name="p_Result_37" contextFuncName="uplane_packetiser" moduleName="uplane_packetiser" rtlName="reg_471" latency="0" BRAM="-1" DSP="-1" FF="-1" LUT="-1" fileDirectory="/home/sai/Desktop/Looping_Hardware-design/hls_src/U_plane_src"><\/item>
<item  id="84" filename="uplane_packetiser/uplane_packetizer.cpp" linenumber="533" name="p_Result_38" contextFuncName="uplane_packetiser" moduleName="uplane_packetiser" rtlName="reg_475" latency="0" BRAM="-1" DSP="-1" FF="-1" LUT="-1" fileDirectory="/home/sai/Desktop/Looping_Hardware-design/hls_src/U_plane_src"><\/item>
<item  id="85" filename="uplane_packetiser/uplane_packetizer.cpp" linenumber="534" name="p_Result_39" contextFuncName="uplane_packetiser" moduleName="uplane_packetiser" rtlName="reg_479" latency="0" BRAM="-1" DSP="-1" FF="-1" LUT="-1" fileDirectory="/home/sai/Desktop/Looping_Hardware-design/hls_src/U_plane_src"><\/item>
<item  id="86" filename="uplane_packetiser/uplane_packetizer.cpp" linenumber="535" name="p_Result_40" contextFuncName="uplane_packetiser" moduleName="uplane_packetiser" rtlName="reg_483" latency="0" BRAM="-1" DSP="-1" FF="-1" LUT="-1" fileDirectory="/home/sai/Desktop/Looping_Hardware-design/hls_src/U_plane_src"><\/item>
<item  id="87" filename="uplane_packetiser/uplane_packetizer.cpp" linenumber="536" name="p_Result_41" contextFuncName="uplane_packetiser" moduleName="uplane_packetiser" rtlName="reg_487" latency="0" BRAM="-1" DSP="-1" FF="-1" LUT="-1" fileDirectory="/home/sai/Desktop/Looping_Hardware-design/hls_src/U_plane_src"><\/item>
<item  id="88" filename="uplane_packetiser/uplane_packetizer.cpp" linenumber="537" name="p_Result_42" contextFuncName="uplane_packetiser" moduleName="uplane_packetiser" rtlName="reg_491" latency="0" BRAM="-1" DSP="-1" FF="-1" LUT="-1" fileDirectory="/home/sai/Desktop/Looping_Hardware-design/hls_src/U_plane_src"><\/item>
<item  id="89" filename="uplane_packetiser/uplane_packetizer.cpp" linenumber="538" name="p_Result_43" contextFuncName="uplane_packetiser" moduleName="uplane_packetiser" rtlName="reg_495" latency="0" BRAM="-1" DSP="-1" FF="-1" LUT="-1" fileDirectory="/home/sai/Desktop/Looping_Hardware-design/hls_src/U_plane_src"><\/item>
<item  id="90" filename="uplane_packetiser/uplane_packetizer.cpp" linenumber="539" name="p_Result_44" contextFuncName="uplane_packetiser" moduleName="uplane_packetiser" rtlName="reg_499" latency="0" BRAM="-1" DSP="-1" FF="-1" LUT="-1" fileDirectory="/home/sai/Desktop/Looping_Hardware-design/hls_src/U_plane_src"><\/item>
<item  id="91" filename="uplane_packetiser/uplane_packetizer.cpp" linenumber="540" name="p_Result_45" contextFuncName="uplane_packetiser" moduleName="uplane_packetiser" rtlName="reg_503" latency="0" BRAM="-1" DSP="-1" FF="-1" LUT="-1" fileDirectory="/home/sai/Desktop/Looping_Hardware-design/hls_src/U_plane_src"><\/item>
<item  id="92" filename="uplane_packetiser/uplane_packetizer.cpp" linenumber="541" name="p_Result_46" contextFuncName="uplane_packetiser" moduleName="uplane_packetiser" rtlName="reg_507" latency="0" BRAM="-1" DSP="-1" FF="-1" LUT="-1" fileDirectory="/home/sai/Desktop/Looping_Hardware-design/hls_src/U_plane_src"><\/item>
<item  id="93" filename="uplane_packetiser/uplane_packetizer.cpp" linenumber="542" name="p_Result_47" contextFuncName="uplane_packetiser" moduleName="uplane_packetiser" rtlName="reg_511" latency="0" BRAM="-1" DSP="-1" FF="-1" LUT="-1" fileDirectory="/home/sai/Desktop/Looping_Hardware-design/hls_src/U_plane_src"><\/item>
<item  id="94" filename="uplane_packetiser/uplane_packetizer.cpp" linenumber="543" name="p_Result_48" contextFuncName="uplane_packetiser" moduleName="uplane_packetiser" rtlName="reg_515" latency="0" BRAM="-1" DSP="-1" FF="-1" LUT="-1" fileDirectory="/home/sai/Desktop/Looping_Hardware-design/hls_src/U_plane_src"><\/item>
<item  id="95" filename="uplane_packetiser/uplane_packetizer.cpp" linenumber="544" name="p_Result_49" contextFuncName="uplane_packetiser" moduleName="uplane_packetiser" rtlName="reg_519" latency="0" BRAM="-1" DSP="-1" FF="-1" LUT="-1" fileDirectory="/home/sai/Desktop/Looping_Hardware-design/hls_src/U_plane_src"><\/item>
<item  id="96" filename="uplane_packetiser/uplane_packetizer.cpp" linenumber="545" name="p_Result_50" contextFuncName="uplane_packetiser" moduleName="uplane_packetiser" rtlName="reg_523" latency="0" BRAM="-1" DSP="-1" FF="-1" LUT="-1" fileDirectory="/home/sai/Desktop/Looping_Hardware-design/hls_src/U_plane_src"><\/item>
<item  id="97" filename="uplane_packetiser/uplane_packetizer.cpp" linenumber="546" name="p_Result_51" contextFuncName="uplane_packetiser" moduleName="uplane_packetiser" rtlName="reg_527" latency="0" BRAM="-1" DSP="-1" FF="-1" LUT="-1" fileDirectory="/home/sai/Desktop/Looping_Hardware-design/hls_src/U_plane_src"><\/item>
<item  id="98" filename="uplane_packetiser/uplane_packetizer.cpp" linenumber="547" name="trunc_ln647_6" contextFuncName="uplane_packetiser" moduleName="uplane_packetiser" rtlName="trunc_ln647_6_fu_587_p1" latency="0" BRAM="-1" DSP="-1" FF="-1" LUT="-1" fileDirectory="/home/sai/Desktop/Looping_Hardware-design/hls_src/U_plane_src"><\/item>
<item  id="99" filename="uplane_packetiser/uplane_packetizer.cpp" linenumber="547" name="p_Result_55" contextFuncName="uplane_packetiser" moduleName="uplane_packetiser" rtlName="p_Result_55_fu_845_p17" latency="0" BRAM="-1" DSP="-1" FF="-1" LUT="-1" fileDirectory="/home/sai/Desktop/Looping_Hardware-design/hls_src/U_plane_src"><\/item>
<item  id="100" filename="uplane_packetiser/uplane_packetizer.cpp" linenumber="550" name="add_ln550" contextFuncName="uplane_packetiser" moduleName="uplane_packetiser" rtlName="add_ln550_fu_591_p2" latency="0" BRAM="-1" DSP="-1" FF="0" LUT="39" fileDirectory="/home/sai/Desktop/Looping_Hardware-design/hls_src/U_plane_src"><\/item>
<item  id="101" filename="uplane_packetiser/uplane_packetizer.cpp" linenumber="551" name="icmp_ln551" contextFuncName="uplane_packetiser" moduleName="uplane_packetiser" rtlName="icmp_ln551_fu_597_p2" latency="0" BRAM="-1" DSP="-1" FF="0" LUT="20" fileDirectory="/home/sai/Desktop/Looping_Hardware-design/hls_src/U_plane_src"><\/item>
<item  id="102" filename="uplane_packetiser/uplane_packetizer.cpp" linenumber="551" name="select_ln551" contextFuncName="uplane_packetiser" moduleName="uplane_packetiser" rtlName="select_ln551_fu_603_p3" latency="0" BRAM="-1" DSP="-1" FF="0" LUT="32" fileDirectory="/home/sai/Desktop/Looping_Hardware-design/hls_src/U_plane_src"><\/item>
<item  id="103" filename="uplane_packetiser/uplane_packetizer.cpp" linenumber="551" name="tmp_last_V" contextFuncName="uplane_packetiser" moduleName="uplane_packetiser" rtlName="tmp_last_V_fu_881_p2" latency="0" BRAM="-1" DSP="-1" FF="0" LUT="2" fileDirectory="/home/sai/Desktop/Looping_Hardware-design/hls_src/U_plane_src"><\/item>
<item  id="104" filename="uplane_packetiser/uplane_packetizer.cpp" linenumber="551" name="select_ln551_1" contextFuncName="uplane_packetiser" moduleName="uplane_packetiser" rtlName="select_ln551_1_fu_611_p3" latency="0" BRAM="-1" DSP="-1" FF="0" LUT="3" fileDirectory="/home/sai/Desktop/Looping_Hardware-design/hls_src/U_plane_src"><\/item>
<item  id="111" filename="uplane_packetiser/uplane_packetizer.cpp" linenumber="505" name="p_Result_22" contextFuncName="uplane_packetiser" moduleName="uplane_packetiser" rtlName="reg_471" latency="0" BRAM="-1" DSP="-1" FF="-1" LUT="-1" fileDirectory="/home/sai/Desktop/Looping_Hardware-design/hls_src/U_plane_src"><\/item>
<item  id="112" filename="uplane_packetiser/uplane_packetizer.cpp" linenumber="506" name="p_Result_23" contextFuncName="uplane_packetiser" moduleName="uplane_packetiser" rtlName="reg_475" latency="0" BRAM="-1" DSP="-1" FF="-1" LUT="-1" fileDirectory="/home/sai/Desktop/Looping_Hardware-design/hls_src/U_plane_src"><\/item>
<item  id="113" filename="uplane_packetiser/uplane_packetizer.cpp" linenumber="507" name="p_Result_24" contextFuncName="uplane_packetiser" moduleName="uplane_packetiser" rtlName="reg_479" latency="0" BRAM="-1" DSP="-1" FF="-1" LUT="-1" fileDirectory="/home/sai/Desktop/Looping_Hardware-design/hls_src/U_plane_src"><\/item>
<item  id="114" filename="uplane_packetiser/uplane_packetizer.cpp" linenumber="508" name="p_Result_25" contextFuncName="uplane_packetiser" moduleName="uplane_packetiser" rtlName="reg_483" latency="0" BRAM="-1" DSP="-1" FF="-1" LUT="-1" fileDirectory="/home/sai/Desktop/Looping_Hardware-design/hls_src/U_plane_src"><\/item>
<item  id="115" filename="uplane_packetiser/uplane_packetizer.cpp" linenumber="509" name="p_Result_26" contextFuncName="uplane_packetiser" moduleName="uplane_packetiser" rtlName="reg_487" latency="0" BRAM="-1" DSP="-1" FF="-1" LUT="-1" fileDirectory="/home/sai/Desktop/Looping_Hardware-design/hls_src/U_plane_src"><\/item>
<item  id="116" filename="uplane_packetiser/uplane_packetizer.cpp" linenumber="510" name="p_Result_27" contextFuncName="uplane_packetiser" moduleName="uplane_packetiser" rtlName="reg_491" latency="0" BRAM="-1" DSP="-1" FF="-1" LUT="-1" fileDirectory="/home/sai/Desktop/Looping_Hardware-design/hls_src/U_plane_src"><\/item>
<item  id="117" filename="uplane_packetiser/uplane_packetizer.cpp" linenumber="511" name="p_Result_28" contextFuncName="uplane_packetiser" moduleName="uplane_packetiser" rtlName="reg_495" latency="0" BRAM="-1" DSP="-1" FF="-1" LUT="-1" fileDirectory="/home/sai/Desktop/Looping_Hardware-design/hls_src/U_plane_src"><\/item>
<item  id="118" filename="uplane_packetiser/uplane_packetizer.cpp" linenumber="512" name="p_Result_29" contextFuncName="uplane_packetiser" moduleName="uplane_packetiser" rtlName="reg_499" latency="0" BRAM="-1" DSP="-1" FF="-1" LUT="-1" fileDirectory="/home/sai/Desktop/Looping_Hardware-design/hls_src/U_plane_src"><\/item>
<item  id="119" filename="uplane_packetiser/uplane_packetizer.cpp" linenumber="513" name="p_Result_30" contextFuncName="uplane_packetiser" moduleName="uplane_packetiser" rtlName="reg_503" latency="0" BRAM="-1" DSP="-1" FF="-1" LUT="-1" fileDirectory="/home/sai/Desktop/Looping_Hardware-design/hls_src/U_plane_src"><\/item>
<item  id="120" filename="uplane_packetiser/uplane_packetizer.cpp" linenumber="514" name="p_Result_31" contextFuncName="uplane_packetiser" moduleName="uplane_packetiser" rtlName="reg_507" latency="0" BRAM="-1" DSP="-1" FF="-1" LUT="-1" fileDirectory="/home/sai/Desktop/Looping_Hardware-design/hls_src/U_plane_src"><\/item>
<item  id="121" filename="uplane_packetiser/uplane_packetizer.cpp" linenumber="515" name="p_Result_32" contextFuncName="uplane_packetiser" moduleName="uplane_packetiser" rtlName="reg_511" latency="0" BRAM="-1" DSP="-1" FF="-1" LUT="-1" fileDirectory="/home/sai/Desktop/Looping_Hardware-design/hls_src/U_plane_src"><\/item>
<item  id="122" filename="uplane_packetiser/uplane_packetizer.cpp" linenumber="516" name="p_Result_33" contextFuncName="uplane_packetiser" moduleName="uplane_packetiser" rtlName="reg_515" latency="0" BRAM="-1" DSP="-1" FF="-1" LUT="-1" fileDirectory="/home/sai/Desktop/Looping_Hardware-design/hls_src/U_plane_src"><\/item>
<item  id="123" filename="uplane_packetiser/uplane_packetizer.cpp" linenumber="517" name="p_Result_34" contextFuncName="uplane_packetiser" moduleName="uplane_packetiser" rtlName="reg_519" latency="0" BRAM="-1" DSP="-1" FF="-1" LUT="-1" fileDirectory="/home/sai/Desktop/Looping_Hardware-design/hls_src/U_plane_src"><\/item>
<item  id="124" filename="uplane_packetiser/uplane_packetizer.cpp" linenumber="518" name="p_Result_35" contextFuncName="uplane_packetiser" moduleName="uplane_packetiser" rtlName="reg_523" latency="0" BRAM="-1" DSP="-1" FF="-1" LUT="-1" fileDirectory="/home/sai/Desktop/Looping_Hardware-design/hls_src/U_plane_src"><\/item>
<item  id="125" filename="uplane_packetiser/uplane_packetizer.cpp" linenumber="519" name="p_Result_36" contextFuncName="uplane_packetiser" moduleName="uplane_packetiser" rtlName="reg_527" latency="0" BRAM="-1" DSP="-1" FF="-1" LUT="-1" fileDirectory="/home/sai/Desktop/Looping_Hardware-design/hls_src/U_plane_src"><\/item>
<item  id="126" filename="uplane_packetiser/uplane_packetizer.cpp" linenumber="520" name="trunc_ln647_5" contextFuncName="uplane_packetiser" moduleName="uplane_packetiser" rtlName="trunc_ln647_5_fu_631_p1" latency="0" BRAM="-1" DSP="-1" FF="-1" LUT="-1" fileDirectory="/home/sai/Desktop/Looping_Hardware-design/hls_src/U_plane_src"><\/item>
<item  id="127" filename="uplane_packetiser/uplane_packetizer.cpp" linenumber="520" name="p_Result_54" contextFuncName="uplane_packetiser" moduleName="uplane_packetiser" rtlName="p_Result_54_fu_887_p17" latency="0" BRAM="-1" DSP="-1" FF="-1" LUT="-1" fileDirectory="/home/sai/Desktop/Looping_Hardware-design/hls_src/U_plane_src"><\/item>
<item  id="133" filename="uplane_packetiser/uplane_packetizer.cpp" linenumber="478" name="p_Result_3" contextFuncName="uplane_packetiser" moduleName="uplane_packetiser" rtlName="reg_471" latency="0" BRAM="-1" DSP="-1" FF="-1" LUT="-1" fileDirectory="/home/sai/Desktop/Looping_Hardware-design/hls_src/U_plane_src"><\/item>
<item  id="134" filename="uplane_packetiser/uplane_packetizer.cpp" linenumber="479" name="p_Result_8" contextFuncName="uplane_packetiser" moduleName="uplane_packetiser" rtlName="reg_475" latency="0" BRAM="-1" DSP="-1" FF="-1" LUT="-1" fileDirectory="/home/sai/Desktop/Looping_Hardware-design/hls_src/U_plane_src"><\/item>
<item  id="135" filename="uplane_packetiser/uplane_packetizer.cpp" linenumber="480" name="p_Result_9" contextFuncName="uplane_packetiser" moduleName="uplane_packetiser" rtlName="reg_479" latency="0" BRAM="-1" DSP="-1" FF="-1" LUT="-1" fileDirectory="/home/sai/Desktop/Looping_Hardware-design/hls_src/U_plane_src"><\/item>
<item  id="136" filename="uplane_packetiser/uplane_packetizer.cpp" linenumber="481" name="p_Result_10" contextFuncName="uplane_packetiser" moduleName="uplane_packetiser" rtlName="reg_483" latency="0" BRAM="-1" DSP="-1" FF="-1" LUT="-1" fileDirectory="/home/sai/Desktop/Looping_Hardware-design/hls_src/U_plane_src"><\/item>
<item  id="137" filename="uplane_packetiser/uplane_packetizer.cpp" linenumber="482" name="p_Result_11" contextFuncName="uplane_packetiser" moduleName="uplane_packetiser" rtlName="reg_487" latency="0" BRAM="-1" DSP="-1" FF="-1" LUT="-1" fileDirectory="/home/sai/Desktop/Looping_Hardware-design/hls_src/U_plane_src"><\/item>
<item  id="138" filename="uplane_packetiser/uplane_packetizer.cpp" linenumber="483" name="p_Result_12" contextFuncName="uplane_packetiser" moduleName="uplane_packetiser" rtlName="reg_491" latency="0" BRAM="-1" DSP="-1" FF="-1" LUT="-1" fileDirectory="/home/sai/Desktop/Looping_Hardware-design/hls_src/U_plane_src"><\/item>
<item  id="139" filename="uplane_packetiser/uplane_packetizer.cpp" linenumber="484" name="p_Result_13" contextFuncName="uplane_packetiser" moduleName="uplane_packetiser" rtlName="reg_495" latency="0" BRAM="-1" DSP="-1" FF="-1" LUT="-1" fileDirectory="/home/sai/Desktop/Looping_Hardware-design/hls_src/U_plane_src"><\/item>
<item  id="140" filename="uplane_packetiser/uplane_packetizer.cpp" linenumber="485" name="p_Result_14" contextFuncName="uplane_packetiser" moduleName="uplane_packetiser" rtlName="reg_499" latency="0" BRAM="-1" DSP="-1" FF="-1" LUT="-1" fileDirectory="/home/sai/Desktop/Looping_Hardware-design/hls_src/U_plane_src"><\/item>
<item  id="141" filename="uplane_packetiser/uplane_packetizer.cpp" linenumber="486" name="p_Result_15" contextFuncName="uplane_packetiser" moduleName="uplane_packetiser" rtlName="reg_503" latency="0" BRAM="-1" DSP="-1" FF="-1" LUT="-1" fileDirectory="/home/sai/Desktop/Looping_Hardware-design/hls_src/U_plane_src"><\/item>
<item  id="142" filename="uplane_packetiser/uplane_packetizer.cpp" linenumber="487" name="p_Result_16" contextFuncName="uplane_packetiser" moduleName="uplane_packetiser" rtlName="reg_507" latency="0" BRAM="-1" DSP="-1" FF="-1" LUT="-1" fileDirectory="/home/sai/Desktop/Looping_Hardware-design/hls_src/U_plane_src"><\/item>
<item  id="143" filename="uplane_packetiser/uplane_packetizer.cpp" linenumber="488" name="p_Result_17" contextFuncName="uplane_packetiser" moduleName="uplane_packetiser" rtlName="reg_511" latency="0" BRAM="-1" DSP="-1" FF="-1" LUT="-1" fileDirectory="/home/sai/Desktop/Looping_Hardware-design/hls_src/U_plane_src"><\/item>
<item  id="144" filename="uplane_packetiser/uplane_packetizer.cpp" linenumber="489" name="p_Result_18" contextFuncName="uplane_packetiser" moduleName="uplane_packetiser" rtlName="reg_515" latency="0" BRAM="-1" DSP="-1" FF="-1" LUT="-1" fileDirectory="/home/sai/Desktop/Looping_Hardware-design/hls_src/U_plane_src"><\/item>
<item  id="145" filename="uplane_packetiser/uplane_packetizer.cpp" linenumber="490" name="p_Result_19" contextFuncName="uplane_packetiser" moduleName="uplane_packetiser" rtlName="reg_519" latency="0" BRAM="-1" DSP="-1" FF="-1" LUT="-1" fileDirectory="/home/sai/Desktop/Looping_Hardware-design/hls_src/U_plane_src"><\/item>
<item  id="146" filename="uplane_packetiser/uplane_packetizer.cpp" linenumber="491" name="p_Result_20" contextFuncName="uplane_packetiser" moduleName="uplane_packetiser" rtlName="reg_523" latency="0" BRAM="-1" DSP="-1" FF="-1" LUT="-1" fileDirectory="/home/sai/Desktop/Looping_Hardware-design/hls_src/U_plane_src"><\/item>
<item  id="147" filename="uplane_packetiser/uplane_packetizer.cpp" linenumber="492" name="p_Result_21" contextFuncName="uplane_packetiser" moduleName="uplane_packetiser" rtlName="reg_527" latency="0" BRAM="-1" DSP="-1" FF="-1" LUT="-1" fileDirectory="/home/sai/Desktop/Looping_Hardware-design/hls_src/U_plane_src"><\/item>
<item  id="148" filename="uplane_packetiser/uplane_packetizer.cpp" linenumber="493" name="trunc_ln647_4" contextFuncName="uplane_packetiser" moduleName="uplane_packetiser" rtlName="trunc_ln647_4_fu_641_p1" latency="0" BRAM="-1" DSP="-1" FF="-1" LUT="-1" fileDirectory="/home/sai/Desktop/Looping_Hardware-design/hls_src/U_plane_src"><\/item>
<item  id="149" filename="uplane_packetiser/uplane_packetizer.cpp" linenumber="493" name="p_Result_53" contextFuncName="uplane_packetiser" moduleName="uplane_packetiser" rtlName="p_Result_53_fu_923_p17" latency="0" BRAM="-1" DSP="-1" FF="-1" LUT="-1" fileDirectory="/home/sai/Desktop/Looping_Hardware-design/hls_src/U_plane_src"><\/item>
<item  id="155" filename="uplane_packetiser/uplane_packetizer.cpp" linenumber="434" name="p_Result_6" contextFuncName="uplane_packetiser" moduleName="uplane_packetiser" rtlName="p_Result_6_fu_963_p4" latency="0" BRAM="-1" DSP="-1" FF="-1" LUT="-1" fileDirectory="/home/sai/Desktop/Looping_Hardware-design/hls_src/U_plane_src"><\/item>
<item  id="156" filename="uplane_packetiser/uplane_packetizer.cpp" linenumber="435" name="trunc_ln647" contextFuncName="uplane_packetiser" moduleName="uplane_packetiser" rtlName="trunc_ln647_fu_973_p1" latency="0" BRAM="-1" DSP="-1" FF="-1" LUT="-1" fileDirectory="/home/sai/Desktop/Looping_Hardware-design/hls_src/U_plane_src"><\/item>
<item  id="158" filename="uplane_packetiser/uplane_packetizer.cpp" linenumber="436" name="p_Result_s_15" contextFuncName="uplane_packetiser" moduleName="uplane_packetiser" rtlName="p_Result_s_15_fu_981_p4" latency="0" BRAM="-1" DSP="-1" FF="-1" LUT="-1" fileDirectory="/home/sai/Desktop/Looping_Hardware-design/hls_src/U_plane_src"><\/item>
<item  id="159" filename="uplane_packetiser/uplane_packetizer.cpp" linenumber="437" name="trunc_ln647_1" contextFuncName="uplane_packetiser" moduleName="uplane_packetiser" rtlName="trunc_ln647_1_fu_991_p1" latency="0" BRAM="-1" DSP="-1" FF="-1" LUT="-1" fileDirectory="/home/sai/Desktop/Looping_Hardware-design/hls_src/U_plane_src"><\/item>
<item  id="161" filename="uplane_packetiser/uplane_packetizer.cpp" linenumber="438" name="p_Result_2" contextFuncName="uplane_packetiser" moduleName="uplane_packetiser" rtlName="p_Result_2_fu_999_p4" latency="0" BRAM="-1" DSP="-1" FF="-1" LUT="-1" fileDirectory="/home/sai/Desktop/Looping_Hardware-design/hls_src/U_plane_src"><\/item>
<item  id="162" filename="uplane_packetiser/uplane_packetizer.cpp" linenumber="439" name="trunc_ln647_2" contextFuncName="uplane_packetiser" moduleName="uplane_packetiser" rtlName="trunc_ln647_2_fu_1009_p1" latency="0" BRAM="-1" DSP="-1" FF="-1" LUT="-1" fileDirectory="/home/sai/Desktop/Looping_Hardware-design/hls_src/U_plane_src"><\/item>
<item  id="164" filename="uplane_packetiser/uplane_packetizer.cpp" linenumber="446" name="p_Result_4" contextFuncName="uplane_packetiser" moduleName="uplane_packetiser" rtlName="p_Result_4_reg_1095" latency="0" BRAM="-1" DSP="-1" FF="-1" LUT="-1" fileDirectory="/home/sai/Desktop/Looping_Hardware-design/hls_src/U_plane_src"><\/item>
<item  id="166" filename="uplane_packetiser/oran_header.h" linenumber="93" name="tmp_numPrbu_V_load_n" contextFuncName="operator=" moduleName="uplane_packetiser" rtlName="tmp_numPrbu_V_load_n_fu_661_p4" latency="0" BRAM="-1" DSP="-1" FF="-1" LUT="-1" fileDirectory="/home/sai/Desktop/Looping_Hardware-design/hls_src/U_plane_src"><\/item>
<item  id="167" filename="uplane_packetiser/uplane_packetizer.cpp" linenumber="454" name="p_Result_5" contextFuncName="uplane_packetiser" moduleName="uplane_packetiser" rtlName="p_Result_5_reg_1100" latency="0" BRAM="-1" DSP="-1" FF="-1" LUT="-1" fileDirectory="/home/sai/Desktop/Looping_Hardware-design/hls_src/U_plane_src"><\/item>
<item  id="168" filename="uplane_packetiser/uplane_packetizer.cpp" linenumber="455" name="p_Result_7" contextFuncName="uplane_packetiser" moduleName="uplane_packetiser" rtlName="p_Result_7_reg_1105" latency="0" BRAM="-1" DSP="-1" FF="-1" LUT="-1" fileDirectory="/home/sai/Desktop/Looping_Hardware-design/hls_src/U_plane_src"><\/item>
<item  id="169" filename="uplane_packetiser/uplane_packetizer.cpp" linenumber="458" name="trunc_ln647_3" contextFuncName="uplane_packetiser" moduleName="uplane_packetiser" rtlName="trunc_ln647_3_fu_691_p1" latency="0" BRAM="-1" DSP="-1" FF="-1" LUT="-1" fileDirectory="/home/sai/Desktop/Looping_Hardware-design/hls_src/U_plane_src"><\/item>
<item  id="170" filename="uplane_packetiser/uplane_packetizer.cpp" linenumber="459" name="p_Result_1" contextFuncName="uplane_packetiser" moduleName="uplane_packetiser" rtlName="p_Result_1_reg_1115" latency="0" BRAM="-1" DSP="-1" FF="-1" LUT="-1" fileDirectory="/home/sai/Desktop/Looping_Hardware-design/hls_src/U_plane_src"><\/item>
<item  id="171" filename="uplane_packetiser/uplane_packetizer.cpp" linenumber="462" name="tmp_6" contextFuncName="uplane_packetiser" moduleName="uplane_packetiser" rtlName="tmp_6_reg_1120" latency="0" BRAM="-1" DSP="-1" FF="-1" LUT="-1" fileDirectory="/home/sai/Desktop/Looping_Hardware-design/hls_src/U_plane_src"><\/item>
<item  id="172" filename="uplane_packetiser/uplane_packetizer.cpp" linenumber="462" name="tmp_7" contextFuncName="uplane_packetiser" moduleName="uplane_packetiser" rtlName="tmp_7_reg_1125" latency="0" BRAM="-1" DSP="-1" FF="-1" LUT="-1" fileDirectory="/home/sai/Desktop/Looping_Hardware-design/hls_src/U_plane_src"><\/item>
<item  id="173" filename="uplane_packetiser/uplane_packetizer.cpp" linenumber="462" name="trunc_ln414_1" contextFuncName="uplane_packetiser" moduleName="uplane_packetiser" rtlName="trunc_ln414_1_fu_725_p1" latency="0" BRAM="-1" DSP="-1" FF="-1" LUT="-1" fileDirectory="/home/sai/Desktop/Looping_Hardware-design/hls_src/U_plane_src"><\/item>
<item  id="174" filename="uplane_packetiser/uplane_packetizer.cpp" linenumber="462" name="tmp_9" contextFuncName="uplane_packetiser" moduleName="uplane_packetiser" rtlName="tmp_9_fu_729_p4" latency="0" BRAM="-1" DSP="-1" FF="-1" LUT="-1" fileDirectory="/home/sai/Desktop/Looping_Hardware-design/hls_src/U_plane_src"><\/item>
<item  id="175" filename="uplane_packetiser/uplane_packetizer.cpp" linenumber="462" name="p_Result_52" contextFuncName="uplane_packetiser" moduleName="uplane_packetiser" rtlName="p_Result_52_fu_1013_p16" latency="0" BRAM="-1" DSP="-1" FF="-1" LUT="-1" fileDirectory="/home/sai/Desktop/Looping_Hardware-design/hls_src/U_plane_src"><\/item>
<item  id="176" filename="uplane_packetiser/uplane_packetizer.cpp" linenumber="464" name="trunc_ln" contextFuncName="uplane_packetiser" moduleName="uplane_packetiser" rtlName="trunc_ln_reg_1140" latency="0" BRAM="-1" DSP="-1" FF="-1" LUT="-1" fileDirectory="/home/sai/Desktop/Looping_Hardware-design/hls_src/U_plane_src"><\/item>
<item  id="179" filename="uplane_packetiser/uplane_packetizer.cpp" linenumber="467" name="zext_ln209" contextFuncName="uplane_packetiser" moduleName="uplane_packetiser" rtlName="zext_ln209_fu_755_p1" latency="0" BRAM="-1" DSP="-1" FF="-1" LUT="-1" fileDirectory="/home/sai/Desktop/Looping_Hardware-design/hls_src/U_plane_src"><\/item>
<item  id="180" filename="uplane_packetiser/uplane_packetizer.cpp" linenumber="467" name="add_ln209" contextFuncName="uplane_packetiser" moduleName="uplane_packetiser" rtlName="add_ln209_fu_759_p2" latency="0" BRAM="-1" DSP="-1" FF="0" LUT="19" fileDirectory="/home/sai/Desktop/Looping_Hardware-design/hls_src/U_plane_src"><\/item>
<item  id="188" filename="uplane_packetiser/oran_header.h" linenumber="75" name="tmp_payload_size_V_l" contextFuncName="operator=" moduleName="uplane_packetiser" rtlName="ecpri_header_payload" latency="0" BRAM="-1" DSP="-1" FF="-1" LUT="-1" fileDirectory="/home/sai/Desktop/Looping_Hardware-design/hls_src/U_plane_src"><\/item>
<item  id="189" filename="uplane_packetiser/oran_header.h" linenumber="75" name="tmp_pcid1_V_load_new" contextFuncName="operator=" moduleName="uplane_packetiser" rtlName="ecpri_header_pcid1_V" latency="0" BRAM="-1" DSP="-1" FF="-1" LUT="-1" fileDirectory="/home/sai/Desktop/Looping_Hardware-design/hls_src/U_plane_src"><\/item>
<item  id="190" filename="uplane_packetiser/oran_header.h" linenumber="75" name="tmp_seqid_V_load_new" contextFuncName="operator=" moduleName="uplane_packetiser" rtlName="ecpri_header_seqid_V" latency="0" BRAM="-1" DSP="-1" FF="-1" LUT="-1" fileDirectory="/home/sai/Desktop/Looping_Hardware-design/hls_src/U_plane_src"><\/item>
<item  id="194" filename="uplane_packetiser/uplane_packetizer.cpp" linenumber="422" name="trunc_ln414" contextFuncName="uplane_packetiser" moduleName="uplane_packetiser" rtlName="trunc_ln414_fu_825_p1" latency="0" BRAM="-1" DSP="-1" FF="-1" LUT="-1" fileDirectory="/home/sai/Desktop/Looping_Hardware-design/hls_src/U_plane_src"><\/item>
<item  id="195" filename="uplane_packetiser/uplane_packetizer.cpp" linenumber="422" name="tmp_5" contextFuncName="uplane_packetiser" moduleName="uplane_packetiser" rtlName="tmp_5_fu_1039_p3" latency="0" BRAM="-1" DSP="-1" FF="-1" LUT="-1" fileDirectory="/home/sai/Desktop/Looping_Hardware-design/hls_src/U_plane_src"><\/item>
<item  id="196" filename="uplane_packetiser/uplane_packetizer.cpp" linenumber="422" name="p_Result_s" contextFuncName="uplane_packetiser" moduleName="uplane_packetiser" rtlName="p_Result_s_fu_1046_p5" latency="0" BRAM="-1" DSP="-1" FF="-1" LUT="-1" fileDirectory="/home/sai/Desktop/Looping_Hardware-design/hls_src/U_plane_src"><\/item>
</annotationInfo>
