<InterfaceSummary>
<RtlPorts>
<name>dout_V_data_V</name>
<CType>
<TypeName>ap_uint 128</TypeName>
<TypeWidth>128</TypeWidth>
<PhysicalWidth>128</PhysicalWidth>
</CType>
<CFractionWidth>0</CFractionWidth>
<InvalidType>0</InvalidType>
</RtlPorts>
<RtlPorts>
<name>dout_V_keep_V</name>
<CType>
<TypeName>ap_uint 16</TypeName>
<TypeWidth>16</TypeWidth>
<PhysicalWidth>16</PhysicalWidth>
</CType>
<CFractionWidth>0</CFractionWidth>
<InvalidType>0</InvalidType>
</RtlPorts>
<RtlPorts>
<name>dout_V_last_V</name>
<CType>
<TypeName>ap_uint 1</TypeName>
<TypeWidth>1</TypeWidth>
<PhysicalWidth>1</PhysicalWidth>
</CType>
<CFractionWidth>0</CFractionWidth>
<InvalidType>0</InvalidType>
</RtlPorts>
<RtlPorts>
<name>count_V</name>
<CType>
<TypeName>ap_uint 16</TypeName>
<TypeWidth>16</TypeWidth>
<PhysicalWidth>16</PhysicalWidth>
</CType>
<CFractionWidth>0</CFractionWidth>
<InvalidType>0</InvalidType>
</RtlPorts>
</InterfaceSummary>

