<stg><name>epacket_gen</name>


<trans_list>

<trans id="26" from="1" to="2">
<condition id="-1">
<or_exp><and_exp></and_exp></or_exp>
</condition>
</trans>
</trans_list>



<state_list>

<state id="1" st_id="1">

<operation id="3" st_id="1" stage="1" lat="1">
<core>NULL</core>
<MemPortIdVec></MemPortIdVec>
<condition id="-1">
<or_exp><and_exp></and_exp></or_exp>
</condition>

<Node id="11" bw="16" op_0_bw="16" op_1_bw="16">
<![CDATA[
codeRepl:5  %count_V_read = call i16 @_ssdm_op_Read.ap_none.i16(i16 %count_V)

]]></Node>
<StgValue><ssdm name="count_V_read"/></StgValue>
</operation>

<operation id="4" st_id="1" stage="1" lat="1">
<core>NULL</core>
<MemPortIdVec></MemPortIdVec>
<condition id="-1">
<or_exp><and_exp></and_exp></or_exp>
</condition>

<Node id="15" bw="17" op_0_bw="16">
<![CDATA[
codeRepl:9  %zext_ln215 = zext i16 %count_V_read to i17

]]></Node>
<StgValue><ssdm name="zext_ln215"/></StgValue>
</operation>

<operation id="5" st_id="1" stage="1" lat="1">
<core>AddSub</core>
<MemPortIdVec></MemPortIdVec>
<condition id="-1">
<or_exp><and_exp></and_exp></or_exp>
</condition>

<Node id="16" bw="17" op_0_bw="17" op_1_bw="17">
<![CDATA[
codeRepl:10  %ret_V = add i17 %zext_ln215, -1

]]></Node>
<StgValue><ssdm name="ret_V"/></StgValue>
</operation>

<operation id="6" st_id="1" stage="1" lat="1">
<core>NULL</core>
<MemPortIdVec></MemPortIdVec>
<condition id="-1">
<or_exp><and_exp></and_exp></or_exp>
</condition>

<Node id="17" bw="16" op_0_bw="16">
<![CDATA[
codeRepl:11  %message_V_load = load i16* @message_V, align 2

]]></Node>
<StgValue><ssdm name="message_V_load"/></StgValue>
</operation>

<operation id="7" st_id="1" stage="1" lat="1">
<core>NULL</core>
<MemPortIdVec></MemPortIdVec>
<condition id="-1">
<or_exp><and_exp></and_exp></or_exp>
</condition>

<Node id="18" bw="17" op_0_bw="16">
<![CDATA[
codeRepl:12  %zext_ln879 = zext i16 %message_V_load to i17

]]></Node>
<StgValue><ssdm name="zext_ln879"/></StgValue>
</operation>

<operation id="8" st_id="1" stage="1" lat="1">
<core>Cmp</core>
<MemPortIdVec></MemPortIdVec>
<condition id="-1">
<or_exp><and_exp></and_exp></or_exp>
</condition>

<Node id="19" bw="1" op_0_bw="17" op_1_bw="17">
<![CDATA[
codeRepl:13  %tmp_last_V = icmp eq i17 %zext_ln879, %ret_V

]]></Node>
<StgValue><ssdm name="tmp_last_V"/></StgValue>
</operation>

<operation id="9" st_id="1" stage="1" lat="1">
<core>AddSub</core>
<MemPortIdVec></MemPortIdVec>
<condition id="-1">
<or_exp><and_exp></and_exp></or_exp>
</condition>

<Node id="20" bw="16" op_0_bw="16" op_1_bw="16">
<![CDATA[
codeRepl:14  %add_ln700 = add i16 %message_V_load, 1

]]></Node>
<StgValue><ssdm name="add_ln700"/></StgValue>
</operation>

<operation id="10" st_id="1" stage="1" lat="1">
<core>Sel</core>
<MemPortIdVec></MemPortIdVec>
<condition id="-1">
<or_exp><and_exp></and_exp></or_exp>
</condition>

<Node id="21" bw="16" op_0_bw="1" op_1_bw="16" op_2_bw="16">
<![CDATA[
codeRepl:15  %select_ln21 = select i1 %tmp_last_V, i16 0, i16 %add_ln700

]]></Node>
<StgValue><ssdm name="select_ln21"/></StgValue>
</operation>

<operation id="11" st_id="1" stage="1" lat="1">
<core>NULL</core>
<MemPortIdVec></MemPortIdVec>
<condition id="-1">
<or_exp><and_exp></and_exp></or_exp>
</condition>

<Node id="22" bw="0" op_0_bw="16" op_1_bw="16" op_2_bw="16">
<![CDATA[
codeRepl:16  store i16 %select_ln21, i16* @message_V, align 2

]]></Node>
<StgValue><ssdm name="store_ln22"/></StgValue>
</operation>

<operation id="12" st_id="1" stage="1" lat="1">
<core>NULL</core>
<MemPortIdVec></MemPortIdVec>
<condition id="-1">
<or_exp><and_exp></and_exp></or_exp>
</condition>

<Node id="23" bw="128" op_0_bw="16">
<![CDATA[
codeRepl:17  %out_data_V = zext i16 %select_ln21 to i128

]]></Node>
<StgValue><ssdm name="out_data_V"/></StgValue>
</operation>

<operation id="13" st_id="1" stage="2" lat="2">
<core>AXI4Stream</core>
<MemPortIdVec></MemPortIdVec>
<condition id="-1">
<or_exp><and_exp></and_exp></or_exp>
</condition>

<Node id="24" bw="0" op_0_bw="0" op_1_bw="128" op_2_bw="16" op_3_bw="1" op_4_bw="128" op_5_bw="16" op_6_bw="1">
<![CDATA[
codeRepl:18  call void @_ssdm_op_Write.axis.volatile.i128P.i16P.i1P(i128* %dout_V_data_V, i16* %dout_V_keep_V, i1* %dout_V_last_V, i128 %out_data_V, i16 255, i1 %tmp_last_V)

]]></Node>
<StgValue><ssdm name="write_ln33"/></StgValue>
</operation>
</state>

<state id="2" st_id="2">

<operation id="14" st_id="2" stage="1" lat="1">
<core>NULL</core>
<MemPortIdVec></MemPortIdVec>
<condition id="-1">
<or_exp><and_exp></and_exp></or_exp>
</condition>

<Node id="6" bw="0" op_0_bw="0" op_1_bw="128">
<![CDATA[
codeRepl:0  call void (...)* @_ssdm_op_SpecBitsMap(i128* %dout_V_data_V), !map !49

]]></Node>
<StgValue><ssdm name="specbitsmap_ln0"/></StgValue>
</operation>

<operation id="15" st_id="2" stage="1" lat="1">
<core>NULL</core>
<MemPortIdVec></MemPortIdVec>
<condition id="-1">
<or_exp><and_exp></and_exp></or_exp>
</condition>

<Node id="7" bw="0" op_0_bw="0" op_1_bw="16">
<![CDATA[
codeRepl:1  call void (...)* @_ssdm_op_SpecBitsMap(i16* %dout_V_keep_V), !map !55

]]></Node>
<StgValue><ssdm name="specbitsmap_ln0"/></StgValue>
</operation>

<operation id="16" st_id="2" stage="1" lat="1">
<core>NULL</core>
<MemPortIdVec></MemPortIdVec>
<condition id="-1">
<or_exp><and_exp></and_exp></or_exp>
</condition>

<Node id="8" bw="0" op_0_bw="0" op_1_bw="1">
<![CDATA[
codeRepl:2  call void (...)* @_ssdm_op_SpecBitsMap(i1* %dout_V_last_V), !map !59

]]></Node>
<StgValue><ssdm name="specbitsmap_ln0"/></StgValue>
</operation>

<operation id="17" st_id="2" stage="1" lat="1">
<core>NULL</core>
<MemPortIdVec></MemPortIdVec>
<condition id="-1">
<or_exp><and_exp></and_exp></or_exp>
</condition>

<Node id="9" bw="0" op_0_bw="0" op_1_bw="16">
<![CDATA[
codeRepl:3  call void (...)* @_ssdm_op_SpecBitsMap(i16 %count_V), !map !63

]]></Node>
<StgValue><ssdm name="specbitsmap_ln0"/></StgValue>
</operation>

<operation id="18" st_id="2" stage="1" lat="1">
<core>NULL</core>
<MemPortIdVec></MemPortIdVec>
<condition id="-1">
<or_exp><and_exp></and_exp></or_exp>
</condition>

<Node id="10" bw="0" op_0_bw="0" op_1_bw="0">
<![CDATA[
codeRepl:4  call void (...)* @_ssdm_op_SpecTopModule([12 x i8]* @epacket_gen_str) nounwind

]]></Node>
<StgValue><ssdm name="spectopmodule_ln0"/></StgValue>
</operation>

<operation id="19" st_id="2" stage="1" lat="1">
<core>NULL</core>
<MemPortIdVec></MemPortIdVec>
<condition id="-1">
<or_exp><and_exp></and_exp></or_exp>
</condition>

<Node id="12" bw="0" op_0_bw="0" op_1_bw="128" op_2_bw="16" op_3_bw="1" op_4_bw="0" op_5_bw="32" op_6_bw="32" op_7_bw="0" op_8_bw="32" op_9_bw="32" op_10_bw="0" op_11_bw="0" op_12_bw="0" op_13_bw="32" op_14_bw="32" op_15_bw="32" op_16_bw="32" op_17_bw="0" op_18_bw="0">
<![CDATA[
codeRepl:6  call void (...)* @_ssdm_op_SpecInterface(i128* %dout_V_data_V, i16* %dout_V_keep_V, i1* %dout_V_last_V, [5 x i8]* @p_str, i32 1, i32 1, [5 x i8]* @p_str1, i32 0, i32 0, [1 x i8]* @p_str2, [1 x i8]* @p_str2, [1 x i8]* @p_str2, i32 0, i32 0, i32 0, i32 0, [1 x i8]* @p_str2, [1 x i8]* @p_str2) nounwind

]]></Node>
<StgValue><ssdm name="specinterface_ln13"/></StgValue>
</operation>

<operation id="20" st_id="2" stage="1" lat="1">
<core>NULL</core>
<MemPortIdVec></MemPortIdVec>
<condition id="-1">
<or_exp><and_exp></and_exp></or_exp>
</condition>

<Node id="13" bw="0" op_0_bw="0" op_1_bw="16" op_2_bw="0" op_3_bw="32" op_4_bw="32" op_5_bw="0" op_6_bw="32" op_7_bw="32" op_8_bw="0" op_9_bw="0" op_10_bw="0" op_11_bw="32" op_12_bw="32" op_13_bw="32" op_14_bw="32" op_15_bw="0" op_16_bw="0">
<![CDATA[
codeRepl:7  call void (...)* @_ssdm_op_SpecInterface(i16 %count_V, [8 x i8]* @p_str3, i32 0, i32 0, [1 x i8]* @p_str2, i32 0, i32 0, [1 x i8]* @p_str2, [1 x i8]* @p_str2, [1 x i8]* @p_str2, i32 0, i32 0, i32 0, i32 0, [1 x i8]* @p_str2, [1 x i8]* @p_str2) nounwind

]]></Node>
<StgValue><ssdm name="specinterface_ln14"/></StgValue>
</operation>

<operation id="21" st_id="2" stage="1" lat="1">
<core>NULL</core>
<MemPortIdVec></MemPortIdVec>
<condition id="-1">
<or_exp><and_exp></and_exp></or_exp>
</condition>

<Node id="14" bw="0" op_0_bw="0" op_1_bw="32" op_2_bw="32" op_3_bw="32" op_4_bw="32" op_5_bw="0">
<![CDATA[
codeRepl:8  call void (...)* @_ssdm_op_SpecPipeline(i32 -1, i32 2, i32 1, i32 0, [1 x i8]* @p_str2) nounwind

]]></Node>
<StgValue><ssdm name="specpipeline_ln16"/></StgValue>
</operation>

<operation id="22" st_id="2" stage="1" lat="2">
<core>AXI4Stream</core>
<MemPortIdVec></MemPortIdVec>
<condition id="-1">
<or_exp><and_exp></and_exp></or_exp>
</condition>

<Node id="24" bw="0" op_0_bw="0" op_1_bw="128" op_2_bw="16" op_3_bw="1" op_4_bw="128" op_5_bw="16" op_6_bw="1">
<![CDATA[
codeRepl:18  call void @_ssdm_op_Write.axis.volatile.i128P.i16P.i1P(i128* %dout_V_data_V, i16* %dout_V_keep_V, i1* %dout_V_last_V, i128 %out_data_V, i16 255, i1 %tmp_last_V)

]]></Node>
<StgValue><ssdm name="write_ln33"/></StgValue>
</operation>

<operation id="23" st_id="2" stage="1" lat="1">
<core>NULL</core>
<MemPortIdVec></MemPortIdVec>
<condition id="-1">
<or_exp><and_exp></and_exp></or_exp>
</condition>

<Node id="25" bw="0">
<![CDATA[
codeRepl:19  ret void

]]></Node>
<StgValue><ssdm name="ret_ln34"/></StgValue>
</operation>
</state>
</state_list>


<ports>
</ports>


<dataflows>
</dataflows>


</stg>
