<stg><name>epacket_gen</name>


<trans_list>

<trans id="26" from="1" to="2">
<condition id="-1">
<or_exp><and_exp></and_exp></or_exp>
</condition>
</trans>
</trans_list>



<state_list>

<state id="1" st_id="1">

<operation id="3" st_id="1" stage="1" lat="1">
<core>NULL</core>
<MemPortIdVec></MemPortIdVec>
<condition id="-1">
<or_exp><and_exp></and_exp></or_exp>
</condition>

<Node id="11" bw="16" op_0_bw="16" op_1_bw="16">
<![CDATA[
codeRepl:5  %count_V_read = call i16 @_ssdm_op_Read.ap_none.i16(i16 %count_V)

]]></Node>
<StgValue><ssdm name="count_V_read"/></StgValue>
</operation>

<operation id="4" st_id="1" stage="1" lat="1">
<core>NULL</core>
<MemPortIdVec></MemPortIdVec>
<condition id="-1">
<or_exp><and_exp></and_exp></or_exp>
</condition>

<Node id="15" bw="17" op_0_bw="16">
<![CDATA[
codeRepl:9  %zext_ln215 = zext i16 %count_V_read to i17

]]></Node>
<StgValue><ssdm name="zext_ln215"/></StgValue>
</operation>

<operation id="5" st_id="1" stage="1" lat="1">
<core>AddSub</core>
<MemPortIdVec></MemPortIdVec>
<condition id="-1">
<or_exp><and_exp></and_exp></or_exp>
</condition>

<Node id="16" bw="17" op_0_bw="17" op_1_bw="17">
<![CDATA[
codeRepl:10  %ret_V = add i17 %zext_ln215, -1

]]></Node>
<StgValue><ssdm name="ret_V"/></StgValue>
</operation>

<operation id="6" st_id="1" stage="1" lat="1">
<core>NULL</core>
<MemPortIdVec></MemPortIdVec>
<condition id="-1">
<or_exp><and_exp></and_exp></or_exp>
</condition>

<Node id="17" bw="16" op_0_bw="16">
<![CDATA[
codeRepl:11  %message_V_load = load i16* @message_V, align 2

]]></Node>
<StgValue><ssdm name="message_V_load"/></StgValue>
</operation>

<operation id="7" st_id="1" stage="1" lat="1">
<core>NULL</core>
<MemPortIdVec></MemPortIdVec>
<condition id="-1">
<or_exp><and_exp></and_exp></or_exp>
</condition>

<Node id="18" bw="17" op_0_bw="16">
<![CDATA[
codeRepl:12  %zext_ln879 = zext i16 %message_V_load to i17

]]></Node>
<StgValue><ssdm name="zext_ln879"/></StgValue>
</operation>

<operation id="8" st_id="1" stage="1" lat="1">
<core>Cmp</core>
<MemPortIdVec></MemPortIdVec>
<condition id="-1">
<or_exp><and_exp></and_exp></or_exp>
</condition>

<Node id="19" bw="1" op_0_bw="17" op_1_bw="17">
<![CDATA[
codeRepl:13  %tmp_last_V = icmp eq i17 %zext_ln879, %ret_V

]]></Node>
<StgValue><ssdm name="tmp_last_V"/></StgValue>
</operation>

<operation id="9" st_id="1" stage="1" lat="1">
<core>AddSub</core>
<MemPortIdVec></MemPortIdVec>
<condition id="-1">
<or_exp><and_exp></and_exp></or_exp>
</condition>

<Node id="20" bw="16" op_0_bw="16" op_1_bw="16">
<![CDATA[
codeRepl:14  %add_ln700 = add i16 %message_V_load, 1

]]></Node>
<StgValue><ssdm name="add_ln700"/></StgValue>
</operation>

<operation id="10" st_id="1" stage="1" lat="1">
<core>Sel</core>
<MemPortIdVec></MemPortIdVec>
<condition id="-1">
<or_exp><and_exp></and_exp></or_exp>
</condition>

<Node id="21" bw="16" op_0_bw="1" op_1_bw="16" op_2_bw="16">
<![CDATA[
codeRepl:15  %select_ln21 = select i1 %tmp_last_V, i16 0, i16 %add_ln700

]]></Node>
<StgValue><ssdm name="select_ln21"/></StgValue>
</operation>

<operation id="11" st_id="1" stage="1" lat="1">
<core>NULL</core>
<MemPortIdVec></MemPortIdVec>
<condition id="-1">
<or_exp><and_exp></and_exp></or_exp>
</condition>

<Node id="22" bw="0" op_0_bw="16" op_1_bw="16" op_2_bw="16">
<![CDATA[
codeRepl:16  store i16 %select_ln21, i16* @message_V, align 2

]]></Node>
<StgValue><ssdm name="store_ln22"/></StgValue>
</operation>

<operation id="12" st_id="1" stage="1" lat="1">
<core>NULL</core>
<MemPortIdVec></MemPortIdVec>
<condition id="-1">
<or_exp><and_exp></and_exp></or_exp>
</condition>

<Node id="23" bw="128" op_0_bw="16">
<![CDATA[
codeRepl:17  %out_data_V = zext i16 %select_ln21 to i128

]]></Node>
<StgValue><ssdm name="out_data_V"/></StgValue>
</operation>

<operation id="13" st_id="1" stage="2" lat="2">
<core>AXI4Stream</core>
<MemPortIdVec></MemPortIdVec>
<condition id="-1">
<or_exp><and_exp></and_exp></or_exp>
</condition>

<Node id="24" bw="0" op_0_bw="0" op_1_bw="128" op_2_bw="16" op_3_bw="1" op_4_bw="128" op_5_bw="16" op_6_bw="1">
<![CDATA[
codeRepl:18  call void @_ssdm_op_Write.axis.volatile.i128P.i16P.i1P(i128* %dout_V_data_V, i16* %dout_V_keep_V, i1* %dout_V_last_V, i128 %out_data_V, i16 255, i1 %tmp_last_V)

]]></Node>
<StgValue><ssdm name="write_ln33"/></StgValue>
</operation>
</state>

<state id="2" st_id="2">

<operation id="14" st_id="2" stage="1" lat="1">
<core>NULL</core>
<MemPortIdVec></MemPortIdVec>
<condition id="-1">
<or_exp><and_exp></and_exp></or_exp>
</condition>

<Node id="6" bw="0" op_0_bw="0" op_1_bw="128">
<![CDATA[
codeRepl:0  call void (...)* @_ssdm_op_SpecBitsMap(i128* %dout_V_data_V), !map !49

]]></Node>
<StgValue><ssdm name="specbitsmap_ln0"/></StgValue>
</operation>

<operation id="15" st_id="2" stage="1" lat="1">
<core>NULL</core>
<MemPortIdVec></MemPortIdVec>
<condition id="-1">
<or_exp><and_exp></and_exp></or_exp>
</condition>

<Node id="7" bw="0" op_0_bw="0" op_1_bw="16">
<![CDATA[
codeRepl:1  call void (...)* @_ssdm_op_SpecBitsMap(i16* %dout_V_keep_V), !map !55

]]></Node>
<StgValue><ssdm name="specbitsmap_ln0"/></StgValue>
</operation>

<operation id="16" st_id="2" stage="1" lat="1">
<core>NULL</core>
<MemPortIdVec></MemPortIdVec>
<condition id="-1">
<or_exp><and_exp></and_exp></or_exp>
</condition>

<Node id="8" bw="0" op_0_bw="0" op_1_bw="1">
<![CDATA[
codeRepl:2  call void (...)* @_ssdm_op_SpecBitsMap(i1* %dout_V_last_V), !map !59

]]></Node>
<StgValue><ssdm name="specbitsmap_ln0"/></StgValue>
</operation>

<operation id="17" st_id="2" stage="1" lat="1">
<core>NULL</core>
<MemPortIdVec></MemPortIdVec>
<condition id="-1">
<or_exp><and_exp></and_exp></or_exp>
</condition>

<Node id="9" bw="0" op_0_bw="0" op_1_bw="16">
<![CDATA[
codeRepl:3  call void (...)* @_ssdm_op_SpecBitsMap(i16 %count_V), !map !63

]]></Node>
<StgValue><ssdm name="specbitsmap_ln0"/></StgValue>
</operation>

<operation id="18" st_id="2" stage="1" lat="1">
<core>NULL</core>
<MemPortIdVec></MemPortIdVec>
<condition id="-1">
<or_exp><and_exp></and_exp></or_exp>
</condition>

<Node id="10" bw="0" op_0_bw="0" op_1_bw="0">
<![CDATA[
codeRepl:4  call void (...)* @_ssdm_op_SpecTopModule([12 x i8]* @epacket_gen_str) nounwind

]]></Node>
<StgValue><ssdm name="spectopmodule_ln0"/></StgValue>
</operation>

<operation id="19" st_id="2" stage="1" lat="1">
<core>NULL</core>
<MemPortIdVec></MemPortIdVec>
<condition id="-1">
<or_exp><and_exp></and_exp></or_exp>
</condition>

<Node id="12" bw="0" op_0_bw="0" op_1_bw="128" op_2_bw="16" op_3_bw="1" op_4_bw="0" op_5_bw="32" op_6_bw="32" op_7_bw="0" op_8_bw="32" op_9_bw="32" op_10_bw="0" op_11_bw="0" op_12_bw="0" op_13_bw="32" op_14_bw="32" op_15_bw="32" op_16_bw="32" op_17_bw="0" op_18_bw="0">
<![CDATA[
codeRepl:6  call void (...)* @_ssdm_op_SpecInterface(i128* %dout_V_data_V, i16* %dout_V_keep_V, i1* %dout_V_last_V, [5 x i8]* @p_str, i32 1, i32 1, [5 x i8]* @p_str1, i32 0, i32 0, [1 x i8]* @p_str2, [1 x i8]* @p_str2, [1 x i8]* @p_str2, i32 0, i32 0, i32 0, i32 0, [1 x i8]* @p_str2, [1 x i8]* @p_str2) nounwind

]]></Node>
<StgValue><ssdm name="specinterface_ln13"/></StgValue>
</operation>

<operation id="20" st_id="2" stage="1" lat="1">
<core>NULL</core>
<MemPortIdVec></MemPortIdVec>
<condition id="-1">
<or_exp><and_exp></and_exp></or_exp>
</condition>

<Node id="13" bw="0" op_0_bw="0" op_1_bw="16" op_2_bw="0" op_3_bw="32" op_4_bw="32" op_5_bw="0" op_6_bw="32" op_7_bw="32" op_8_bw="0" op_9_bw="0" op_10_bw="0" op_11_bw="32" op_12_bw="32" op_13_bw="32" op_14_bw="32" op_15_bw="0" op_16_bw="0">
<![CDATA[
codeRepl:7  call void (...)* @_ssdm_op_SpecInterface(i16 %count_V, [8 x i8]* @p_str3, i32 0, i32 0, [1 x i8]* @p_str2, i32 0, i32 0, [1 x i8]* @p_str2, [1 x i8]* @p_str2, [1 x i8]* @p_str2, i32 0, i32 0, i32 0, i32 0, [1 x i8]* @p_str2, [1 x i8]* @p_str2) nounwind

]]></Node>
<StgValue><ssdm name="specinterface_ln14"/></StgValue>
</operation>

<operation id="21" st_id="2" stage="1" lat="1">
<core>NULL</core>
<MemPortIdVec></MemPortIdVec>
<condition id="-1">
<or_exp><and_exp></and_exp></or_exp>
</condition>

<Node id="14" bw="0" op_0_bw="0" op_1_bw="32" op_2_bw="32" op_3_bw="32" op_4_bw="32" op_5_bw="0">
<![CDATA[
codeRepl:8  call void (...)* @_ssdm_op_SpecPipeline(i32 -1, i32 2, i32 1, i32 0, [1 x i8]* @p_str2) nounwind

]]></Node>
<StgValue><ssdm name="specpipeline_ln16"/></StgValue>
</operation>

<operation id="22" st_id="2" stage="1" lat="2">
<core>AXI4Stream</core>
<MemPortIdVec></MemPortIdVec>
<condition id="-1">
<or_exp><and_exp></and_exp></or_exp>
</condition>

<Node id="24" bw="0" op_0_bw="0" op_1_bw="128" op_2_bw="16" op_3_bw="1" op_4_bw="128" op_5_bw="16" op_6_bw="1">
<![CDATA[
codeRepl:18  call void @_ssdm_op_Write.axis.volatile.i128P.i16P.i1P(i128* %dout_V_data_V, i16* %dout_V_keep_V, i1* %dout_V_last_V, i128 %out_data_V, i16 255, i1 %tmp_last_V)

]]></Node>
<StgValue><ssdm name="write_ln33"/></StgValue>
</operation>

<operation id="23" st_id="2" stage="1" lat="1">
<core>NULL</core>
<MemPortIdVec></MemPortIdVec>
<condition id="-1">
<or_exp><and_exp></and_exp></or_exp>
</condition>

<Node id="25" bw="0">
<![CDATA[
codeRepl:19  ret void

]]></Node>
<StgValue><ssdm name="ret_ln34"/></StgValue>
</operation>
</state>
</state_list>


<ports>
<port id="27" name="dout_V_data_V" dir="1" iftype="0">
<core>NULL</core><StgValue><ssdm name="dout_V_data_V"/></StgValue>
</port>
<port id="28" name="dout_V_keep_V" dir="1" iftype="0">
<core>NULL</core><StgValue><ssdm name="dout_V_keep_V"/></StgValue>
</port>
<port id="29" name="dout_V_last_V" dir="1" iftype="0">
<core>NULL</core><StgValue><ssdm name="dout_V_last_V"/></StgValue>
</port>
<port id="30" name="count_V" dir="0" iftype="0">
<core>NULL</core><StgValue><ssdm name="count_V"/></StgValue>
</port>
<port id="31" name="message_V" dir="2" iftype="0">
<core>NULL</core><StgValue><ssdm name="message_V"/></StgValue>
</port>
</ports>


<dataflows>
<dataflow id="33" from="_ssdm_op_Read.ap_none.i16" to="count_V_read" fromId="32" toId="3">
</dataflow>
<dataflow id="34" from="count_V" to="count_V_read" fromId="30" toId="3">
</dataflow>
<dataflow id="35" from="count_V_read" to="zext_ln215" fromId="3" toId="4">
</dataflow>
<dataflow id="36" from="zext_ln215" to="ret_V" fromId="4" toId="5">
</dataflow>
<dataflow id="38" from="StgValue_37" to="ret_V" fromId="37" toId="5">
</dataflow>
<dataflow id="39" from="message_V" to="message_V_load" fromId="31" toId="6">
</dataflow>
<dataflow id="40" from="message_V_load" to="zext_ln879" fromId="6" toId="7">
</dataflow>
<dataflow id="41" from="zext_ln879" to="tmp_last_V" fromId="7" toId="8">
</dataflow>
<dataflow id="42" from="ret_V" to="tmp_last_V" fromId="5" toId="8">
</dataflow>
<dataflow id="43" from="message_V_load" to="add_ln700" fromId="6" toId="9">
</dataflow>
<dataflow id="45" from="StgValue_44" to="add_ln700" fromId="44" toId="9">
</dataflow>
<dataflow id="46" from="tmp_last_V" to="select_ln21" fromId="8" toId="10">
</dataflow>
<dataflow id="48" from="StgValue_47" to="select_ln21" fromId="47" toId="10">
</dataflow>
<dataflow id="49" from="add_ln700" to="select_ln21" fromId="9" toId="10">
</dataflow>
<dataflow id="50" from="select_ln21" to="store_ln22" fromId="10" toId="11">
</dataflow>
<dataflow id="51" from="message_V" to="store_ln22" fromId="31" toId="11">
</dataflow>
<dataflow id="52" from="select_ln21" to="out_data_V" fromId="10" toId="12">
</dataflow>
<dataflow id="54" from="_ssdm_op_Write.axis.volatile.i128P.i16P.i1P" to="write_ln33" fromId="53" toId="13">
</dataflow>
<dataflow id="55" from="dout_V_data_V" to="write_ln33" fromId="27" toId="13">
</dataflow>
<dataflow id="56" from="dout_V_keep_V" to="write_ln33" fromId="28" toId="13">
</dataflow>
<dataflow id="57" from="dout_V_last_V" to="write_ln33" fromId="29" toId="13">
</dataflow>
<dataflow id="58" from="out_data_V" to="write_ln33" fromId="12" toId="13">
</dataflow>
<dataflow id="60" from="StgValue_59" to="write_ln33" fromId="59" toId="13">
</dataflow>
<dataflow id="61" from="tmp_last_V" to="write_ln33" fromId="8" toId="13">
</dataflow>
<dataflow id="63" from="_ssdm_op_SpecBitsMap" to="specbitsmap_ln0" fromId="62" toId="14">
</dataflow>
<dataflow id="64" from="dout_V_data_V" to="specbitsmap_ln0" fromId="27" toId="14">
</dataflow>
<dataflow id="65" from="_ssdm_op_SpecBitsMap" to="specbitsmap_ln0" fromId="62" toId="15">
</dataflow>
<dataflow id="66" from="dout_V_keep_V" to="specbitsmap_ln0" fromId="28" toId="15">
</dataflow>
<dataflow id="67" from="_ssdm_op_SpecBitsMap" to="specbitsmap_ln0" fromId="62" toId="16">
</dataflow>
<dataflow id="68" from="dout_V_last_V" to="specbitsmap_ln0" fromId="29" toId="16">
</dataflow>
<dataflow id="69" from="_ssdm_op_SpecBitsMap" to="specbitsmap_ln0" fromId="62" toId="17">
</dataflow>
<dataflow id="70" from="count_V" to="specbitsmap_ln0" fromId="30" toId="17">
</dataflow>
<dataflow id="72" from="_ssdm_op_SpecTopModule" to="spectopmodule_ln0" fromId="71" toId="18">
</dataflow>
<dataflow id="74" from="epacket_gen_str" to="spectopmodule_ln0" fromId="73" toId="18">
</dataflow>
<dataflow id="76" from="_ssdm_op_SpecInterface" to="specinterface_ln13" fromId="75" toId="19">
</dataflow>
<dataflow id="77" from="dout_V_data_V" to="specinterface_ln13" fromId="27" toId="19">
</dataflow>
<dataflow id="78" from="dout_V_keep_V" to="specinterface_ln13" fromId="28" toId="19">
</dataflow>
<dataflow id="79" from="dout_V_last_V" to="specinterface_ln13" fromId="29" toId="19">
</dataflow>
<dataflow id="81" from="p_str" to="specinterface_ln13" fromId="80" toId="19">
</dataflow>
<dataflow id="83" from="StgValue_82" to="specinterface_ln13" fromId="82" toId="19">
</dataflow>
<dataflow id="84" from="StgValue_82" to="specinterface_ln13" fromId="82" toId="19">
</dataflow>
<dataflow id="86" from="p_str1" to="specinterface_ln13" fromId="85" toId="19">
</dataflow>
<dataflow id="88" from="StgValue_87" to="specinterface_ln13" fromId="87" toId="19">
</dataflow>
<dataflow id="89" from="StgValue_87" to="specinterface_ln13" fromId="87" toId="19">
</dataflow>
<dataflow id="91" from="p_str2" to="specinterface_ln13" fromId="90" toId="19">
</dataflow>
<dataflow id="92" from="p_str2" to="specinterface_ln13" fromId="90" toId="19">
</dataflow>
<dataflow id="93" from="p_str2" to="specinterface_ln13" fromId="90" toId="19">
</dataflow>
<dataflow id="94" from="StgValue_87" to="specinterface_ln13" fromId="87" toId="19">
</dataflow>
<dataflow id="95" from="StgValue_87" to="specinterface_ln13" fromId="87" toId="19">
</dataflow>
<dataflow id="96" from="StgValue_87" to="specinterface_ln13" fromId="87" toId="19">
</dataflow>
<dataflow id="97" from="StgValue_87" to="specinterface_ln13" fromId="87" toId="19">
</dataflow>
<dataflow id="98" from="p_str2" to="specinterface_ln13" fromId="90" toId="19">
</dataflow>
<dataflow id="99" from="p_str2" to="specinterface_ln13" fromId="90" toId="19">
</dataflow>
<dataflow id="100" from="_ssdm_op_SpecInterface" to="specinterface_ln14" fromId="75" toId="20">
</dataflow>
<dataflow id="101" from="count_V" to="specinterface_ln14" fromId="30" toId="20">
</dataflow>
<dataflow id="103" from="p_str3" to="specinterface_ln14" fromId="102" toId="20">
</dataflow>
<dataflow id="104" from="StgValue_87" to="specinterface_ln14" fromId="87" toId="20">
</dataflow>
<dataflow id="105" from="StgValue_87" to="specinterface_ln14" fromId="87" toId="20">
</dataflow>
<dataflow id="106" from="p_str2" to="specinterface_ln14" fromId="90" toId="20">
</dataflow>
<dataflow id="107" from="StgValue_87" to="specinterface_ln14" fromId="87" toId="20">
</dataflow>
<dataflow id="108" from="StgValue_87" to="specinterface_ln14" fromId="87" toId="20">
</dataflow>
<dataflow id="109" from="p_str2" to="specinterface_ln14" fromId="90" toId="20">
</dataflow>
<dataflow id="110" from="p_str2" to="specinterface_ln14" fromId="90" toId="20">
</dataflow>
<dataflow id="111" from="p_str2" to="specinterface_ln14" fromId="90" toId="20">
</dataflow>
<dataflow id="112" from="StgValue_87" to="specinterface_ln14" fromId="87" toId="20">
</dataflow>
<dataflow id="113" from="StgValue_87" to="specinterface_ln14" fromId="87" toId="20">
</dataflow>
<dataflow id="114" from="StgValue_87" to="specinterface_ln14" fromId="87" toId="20">
</dataflow>
<dataflow id="115" from="StgValue_87" to="specinterface_ln14" fromId="87" toId="20">
</dataflow>
<dataflow id="116" from="p_str2" to="specinterface_ln14" fromId="90" toId="20">
</dataflow>
<dataflow id="117" from="p_str2" to="specinterface_ln14" fromId="90" toId="20">
</dataflow>
<dataflow id="119" from="_ssdm_op_SpecPipeline" to="specpipeline_ln16" fromId="118" toId="21">
</dataflow>
<dataflow id="121" from="StgValue_120" to="specpipeline_ln16" fromId="120" toId="21">
</dataflow>
<dataflow id="123" from="StgValue_122" to="specpipeline_ln16" fromId="122" toId="21">
</dataflow>
<dataflow id="124" from="StgValue_82" to="specpipeline_ln16" fromId="82" toId="21">
</dataflow>
<dataflow id="125" from="StgValue_87" to="specpipeline_ln16" fromId="87" toId="21">
</dataflow>
<dataflow id="126" from="p_str2" to="specpipeline_ln16" fromId="90" toId="21">
</dataflow>
<dataflow id="127" from="_ssdm_op_Write.axis.volatile.i128P.i16P.i1P" to="write_ln33" fromId="53" toId="22">
</dataflow>
<dataflow id="128" from="dout_V_data_V" to="write_ln33" fromId="27" toId="22">
</dataflow>
<dataflow id="129" from="dout_V_keep_V" to="write_ln33" fromId="28" toId="22">
</dataflow>
<dataflow id="130" from="dout_V_last_V" to="write_ln33" fromId="29" toId="22">
</dataflow>
<dataflow id="131" from="out_data_V" to="write_ln33" fromId="12" toId="22">
</dataflow>
<dataflow id="132" from="StgValue_59" to="write_ln33" fromId="59" toId="22">
</dataflow>
<dataflow id="133" from="tmp_last_V" to="write_ln33" fromId="8" toId="22">
</dataflow>
</dataflows>


</stg>
