<InterfaceSummary>
<RtlPorts>
<name>app_out_V_V</name>
<CType>
<TypeName>ap_uint 32</TypeName>
<TypeWidth>32</TypeWidth>
<PhysicalWidth>32</PhysicalWidth>
</CType>
<CFractionWidth>0</CFractionWidth>
<InvalidType>0</InvalidType>
</RtlPorts>
<RtlPorts>
<name>sec_out_V_V</name>
<CType>
<TypeName>ap_uint 48</TypeName>
<TypeWidth>48</TypeWidth>
<PhysicalWidth>48</PhysicalWidth>
</CType>
<CFractionWidth>0</CFractionWidth>
<InvalidType>0</InvalidType>
</RtlPorts>
<RtlPorts>
<name>L1_state_out</name>
<CType>
<TypeName>unsigned char</TypeName>
<TypeWidth>8</TypeWidth>
<PhysicalWidth>8</PhysicalWidth>
</CType>
<CFractionWidth>0</CFractionWidth>
<InvalidType>0</InvalidType>
</RtlPorts>
</InterfaceSummary>

