<stg><name>L1_data_Uplane</name>


<trans_list>

<trans id="137" from="1" to="2">
<condition id="-1">
<or_exp><and_exp></and_exp></or_exp>
</condition>
</trans>

<trans id="138" from="2" to="3">
<condition id="-1">
<or_exp><and_exp></and_exp></or_exp>
</condition>
</trans>

<trans id="139" from="3" to="4">
<condition id="-1">
<or_exp><and_exp></and_exp></or_exp>
</condition>
</trans>
</trans_list>



<state_list>

<state id="1" st_id="1">

<operation id="5" st_id="1" stage="1" lat="1">
<core>NULL</core>
<MemPortIdVec></MemPortIdVec>
<condition id="-1">
<or_exp><and_exp></and_exp></or_exp>
</condition>

<Node id="15" bw="4" op_0_bw="4">
<![CDATA[
:10  %data_src_state_load = load i4* @data_src_state, align 1

]]></Node>
<StgValue><ssdm name="data_src_state_load"/></StgValue>
</operation>
</state>

<state id="2" st_id="2">

<operation id="6" st_id="2" stage="1" lat="1">
<core>AXI4Stream</core>
<MemPortIdVec></MemPortIdVec>
<condition id="-1">
<or_exp><and_exp><literal name="data_src_state_load" val="-2"/>
</and_exp></or_exp>
</condition>

<Node id="23" bw="0" op_0_bw="0" op_1_bw="32" op_2_bw="32">
<![CDATA[
:0  call void @_ssdm_op_Write.axis.volatile.i32P(i32* %app_out_V_V, i32 82380544)

]]></Node>
<StgValue><ssdm name="write_ln654"/></StgValue>
</operation>

<operation id="7" st_id="2" stage="1" lat="1">
<core>AXI4Stream</core>
<MemPortIdVec></MemPortIdVec>
<condition id="-1">
<or_exp><and_exp><literal name="data_src_state_load" val="-2"/>
</and_exp></or_exp>
</condition>

<Node id="24" bw="0" op_0_bw="0" op_1_bw="48" op_2_bw="48">
<![CDATA[
:1  call void @_ssdm_op_Write.axis.volatile.i48P(i48* %sec_out_V_V, i48 855638017)

]]></Node>
<StgValue><ssdm name="write_ln664"/></StgValue>
</operation>

<operation id="8" st_id="2" stage="1" lat="1">
<core>NULL</core>
<MemPortIdVec></MemPortIdVec>
<condition id="-1">
<or_exp><and_exp><literal name="data_src_state_load" val="-2"/>
</and_exp></or_exp>
</condition>

<Node id="27" bw="0" op_0_bw="4" op_1_bw="4" op_2_bw="4">
<![CDATA[
:4  store i4 -1, i4* @data_src_state, align 1

]]></Node>
<StgValue><ssdm name="store_ln685"/></StgValue>
</operation>

<operation id="9" st_id="2" stage="1" lat="1">
<core>AXI4Stream</core>
<MemPortIdVec></MemPortIdVec>
<condition id="-1">
<or_exp><and_exp><literal name="data_src_state_load" val="-3"/>
</and_exp></or_exp>
</condition>

<Node id="30" bw="0" op_0_bw="0" op_1_bw="32" op_2_bw="32">
<![CDATA[
:0  call void @_ssdm_op_Write.axis.volatile.i32P(i32* %app_out_V_V, i32 81331968)

]]></Node>
<StgValue><ssdm name="write_ln606"/></StgValue>
</operation>

<operation id="10" st_id="2" stage="1" lat="1">
<core>AXI4Stream</core>
<MemPortIdVec></MemPortIdVec>
<condition id="-1">
<or_exp><and_exp><literal name="data_src_state_load" val="-3"/>
</and_exp></or_exp>
</condition>

<Node id="31" bw="0" op_0_bw="0" op_1_bw="48" op_2_bw="48">
<![CDATA[
:1  call void @_ssdm_op_Write.axis.volatile.i48P(i48* %sec_out_V_V, i48 855638017)

]]></Node>
<StgValue><ssdm name="write_ln616"/></StgValue>
</operation>

<operation id="11" st_id="2" stage="1" lat="1">
<core>NULL</core>
<MemPortIdVec></MemPortIdVec>
<condition id="-1">
<or_exp><and_exp><literal name="data_src_state_load" val="-3"/>
</and_exp></or_exp>
</condition>

<Node id="34" bw="0" op_0_bw="4" op_1_bw="4" op_2_bw="4">
<![CDATA[
:4  store i4 -2, i4* @data_src_state, align 1

]]></Node>
<StgValue><ssdm name="store_ln639"/></StgValue>
</operation>

<operation id="12" st_id="2" stage="1" lat="1">
<core>AXI4Stream</core>
<MemPortIdVec></MemPortIdVec>
<condition id="-1">
<or_exp><and_exp><literal name="data_src_state_load" val="-4"/>
</and_exp></or_exp>
</condition>

<Node id="37" bw="0" op_0_bw="0" op_1_bw="32" op_2_bw="32">
<![CDATA[
:0  call void @_ssdm_op_Write.axis.volatile.i32P(i32* %app_out_V_V, i32 80283392)

]]></Node>
<StgValue><ssdm name="write_ln556"/></StgValue>
</operation>

<operation id="13" st_id="2" stage="1" lat="1">
<core>AXI4Stream</core>
<MemPortIdVec></MemPortIdVec>
<condition id="-1">
<or_exp><and_exp><literal name="data_src_state_load" val="-4"/>
</and_exp></or_exp>
</condition>

<Node id="38" bw="0" op_0_bw="0" op_1_bw="48" op_2_bw="48">
<![CDATA[
:1  call void @_ssdm_op_Write.axis.volatile.i48P(i48* %sec_out_V_V, i48 855638017)

]]></Node>
<StgValue><ssdm name="write_ln567"/></StgValue>
</operation>

<operation id="14" st_id="2" stage="1" lat="1">
<core>NULL</core>
<MemPortIdVec></MemPortIdVec>
<condition id="-1">
<or_exp><and_exp><literal name="data_src_state_load" val="-4"/>
</and_exp></or_exp>
</condition>

<Node id="41" bw="0" op_0_bw="4" op_1_bw="4" op_2_bw="4">
<![CDATA[
:4  store i4 -3, i4* @data_src_state, align 1

]]></Node>
<StgValue><ssdm name="store_ln591"/></StgValue>
</operation>

<operation id="15" st_id="2" stage="1" lat="1">
<core>AXI4Stream</core>
<MemPortIdVec></MemPortIdVec>
<condition id="-1">
<or_exp><and_exp><literal name="data_src_state_load" val="-5"/>
</and_exp></or_exp>
</condition>

<Node id="44" bw="0" op_0_bw="0" op_1_bw="32" op_2_bw="32">
<![CDATA[
:0  call void @_ssdm_op_Write.axis.volatile.i32P(i32* %app_out_V_V, i32 79234816)

]]></Node>
<StgValue><ssdm name="write_ln509"/></StgValue>
</operation>

<operation id="16" st_id="2" stage="1" lat="1">
<core>AXI4Stream</core>
<MemPortIdVec></MemPortIdVec>
<condition id="-1">
<or_exp><and_exp><literal name="data_src_state_load" val="-5"/>
</and_exp></or_exp>
</condition>

<Node id="45" bw="0" op_0_bw="0" op_1_bw="48" op_2_bw="48">
<![CDATA[
:1  call void @_ssdm_op_Write.axis.volatile.i48P(i48* %sec_out_V_V, i48 855638017)

]]></Node>
<StgValue><ssdm name="write_ln519"/></StgValue>
</operation>

<operation id="17" st_id="2" stage="1" lat="1">
<core>NULL</core>
<MemPortIdVec></MemPortIdVec>
<condition id="-1">
<or_exp><and_exp><literal name="data_src_state_load" val="-5"/>
</and_exp></or_exp>
</condition>

<Node id="48" bw="0" op_0_bw="4" op_1_bw="4" op_2_bw="4">
<![CDATA[
:4  store i4 -4, i4* @data_src_state, align 1

]]></Node>
<StgValue><ssdm name="store_ln541"/></StgValue>
</operation>

<operation id="18" st_id="2" stage="1" lat="1">
<core>AXI4Stream</core>
<MemPortIdVec></MemPortIdVec>
<condition id="-1">
<or_exp><and_exp><literal name="data_src_state_load" val="-6"/>
</and_exp></or_exp>
</condition>

<Node id="51" bw="0" op_0_bw="0" op_1_bw="32" op_2_bw="32">
<![CDATA[
:0  call void @_ssdm_op_Write.axis.volatile.i32P(i32* %app_out_V_V, i32 78186240)

]]></Node>
<StgValue><ssdm name="write_ln463"/></StgValue>
</operation>

<operation id="19" st_id="2" stage="1" lat="1">
<core>AXI4Stream</core>
<MemPortIdVec></MemPortIdVec>
<condition id="-1">
<or_exp><and_exp><literal name="data_src_state_load" val="-6"/>
</and_exp></or_exp>
</condition>

<Node id="52" bw="0" op_0_bw="0" op_1_bw="48" op_2_bw="48">
<![CDATA[
:1  call void @_ssdm_op_Write.axis.volatile.i48P(i48* %sec_out_V_V, i48 855638017)

]]></Node>
<StgValue><ssdm name="write_ln473"/></StgValue>
</operation>

<operation id="20" st_id="2" stage="1" lat="1">
<core>NULL</core>
<MemPortIdVec></MemPortIdVec>
<condition id="-1">
<or_exp><and_exp><literal name="data_src_state_load" val="-6"/>
</and_exp></or_exp>
</condition>

<Node id="55" bw="0" op_0_bw="4" op_1_bw="4" op_2_bw="4">
<![CDATA[
:4  store i4 -5, i4* @data_src_state, align 1

]]></Node>
<StgValue><ssdm name="store_ln494"/></StgValue>
</operation>

<operation id="21" st_id="2" stage="1" lat="1">
<core>AXI4Stream</core>
<MemPortIdVec></MemPortIdVec>
<condition id="-1">
<or_exp><and_exp><literal name="data_src_state_load" val="-7"/>
</and_exp></or_exp>
</condition>

<Node id="58" bw="0" op_0_bw="0" op_1_bw="32" op_2_bw="32">
<![CDATA[
:0  call void @_ssdm_op_Write.axis.volatile.i32P(i32* %app_out_V_V, i32 77137664)

]]></Node>
<StgValue><ssdm name="write_ln419"/></StgValue>
</operation>

<operation id="22" st_id="2" stage="1" lat="1">
<core>AXI4Stream</core>
<MemPortIdVec></MemPortIdVec>
<condition id="-1">
<or_exp><and_exp><literal name="data_src_state_load" val="-7"/>
</and_exp></or_exp>
</condition>

<Node id="59" bw="0" op_0_bw="0" op_1_bw="48" op_2_bw="48">
<![CDATA[
:1  call void @_ssdm_op_Write.axis.volatile.i48P(i48* %sec_out_V_V, i48 855638017)

]]></Node>
<StgValue><ssdm name="write_ln429"/></StgValue>
</operation>

<operation id="23" st_id="2" stage="1" lat="1">
<core>NULL</core>
<MemPortIdVec></MemPortIdVec>
<condition id="-1">
<or_exp><and_exp><literal name="data_src_state_load" val="-7"/>
</and_exp></or_exp>
</condition>

<Node id="62" bw="0" op_0_bw="4" op_1_bw="4" op_2_bw="4">
<![CDATA[
:4  store i4 -6, i4* @data_src_state, align 1

]]></Node>
<StgValue><ssdm name="store_ln450"/></StgValue>
</operation>

<operation id="24" st_id="2" stage="1" lat="1">
<core>AXI4Stream</core>
<MemPortIdVec></MemPortIdVec>
<condition id="-1">
<or_exp><and_exp><literal name="data_src_state_load" val="-8"/>
</and_exp></or_exp>
</condition>

<Node id="65" bw="0" op_0_bw="0" op_1_bw="32" op_2_bw="32">
<![CDATA[
:0  call void @_ssdm_op_Write.axis.volatile.i32P(i32* %app_out_V_V, i32 76089088)

]]></Node>
<StgValue><ssdm name="write_ln373"/></StgValue>
</operation>

<operation id="25" st_id="2" stage="1" lat="1">
<core>AXI4Stream</core>
<MemPortIdVec></MemPortIdVec>
<condition id="-1">
<or_exp><and_exp><literal name="data_src_state_load" val="-8"/>
</and_exp></or_exp>
</condition>

<Node id="66" bw="0" op_0_bw="0" op_1_bw="48" op_2_bw="48">
<![CDATA[
:1  call void @_ssdm_op_Write.axis.volatile.i48P(i48* %sec_out_V_V, i48 855638017)

]]></Node>
<StgValue><ssdm name="write_ln383"/></StgValue>
</operation>

<operation id="26" st_id="2" stage="1" lat="1">
<core>NULL</core>
<MemPortIdVec></MemPortIdVec>
<condition id="-1">
<or_exp><and_exp><literal name="data_src_state_load" val="-8"/>
</and_exp></or_exp>
</condition>

<Node id="69" bw="0" op_0_bw="4" op_1_bw="4" op_2_bw="4">
<![CDATA[
:4  store i4 -7, i4* @data_src_state, align 1

]]></Node>
<StgValue><ssdm name="store_ln404"/></StgValue>
</operation>

<operation id="27" st_id="2" stage="1" lat="1">
<core>AXI4Stream</core>
<MemPortIdVec></MemPortIdVec>
<condition id="-1">
<or_exp><and_exp><literal name="data_src_state_load" val="7"/>
</and_exp></or_exp>
</condition>

<Node id="72" bw="0" op_0_bw="0" op_1_bw="32" op_2_bw="32">
<![CDATA[
:0  call void @_ssdm_op_Write.axis.volatile.i32P(i32* %app_out_V_V, i32 75040512)

]]></Node>
<StgValue><ssdm name="write_ln329"/></StgValue>
</operation>

<operation id="28" st_id="2" stage="1" lat="1">
<core>AXI4Stream</core>
<MemPortIdVec></MemPortIdVec>
<condition id="-1">
<or_exp><and_exp><literal name="data_src_state_load" val="7"/>
</and_exp></or_exp>
</condition>

<Node id="73" bw="0" op_0_bw="0" op_1_bw="48" op_2_bw="48">
<![CDATA[
:1  call void @_ssdm_op_Write.axis.volatile.i48P(i48* %sec_out_V_V, i48 855638016)

]]></Node>
<StgValue><ssdm name="write_ln337"/></StgValue>
</operation>

<operation id="29" st_id="2" stage="1" lat="1">
<core>NULL</core>
<MemPortIdVec></MemPortIdVec>
<condition id="-1">
<or_exp><and_exp><literal name="data_src_state_load" val="7"/>
</and_exp></or_exp>
</condition>

<Node id="76" bw="0" op_0_bw="4" op_1_bw="4" op_2_bw="4">
<![CDATA[
:4  store i4 -8, i4* @data_src_state, align 1

]]></Node>
<StgValue><ssdm name="store_ln358"/></StgValue>
</operation>

<operation id="30" st_id="2" stage="1" lat="1">
<core>AXI4Stream</core>
<MemPortIdVec></MemPortIdVec>
<condition id="-1">
<or_exp><and_exp><literal name="data_src_state_load" val="5"/>
</and_exp></or_exp>
</condition>

<Node id="85" bw="0" op_0_bw="0" op_1_bw="32" op_2_bw="32">
<![CDATA[
:0  call void @_ssdm_op_Write.axis.volatile.i32P(i32* %app_out_V_V, i32 72943360)

]]></Node>
<StgValue><ssdm name="write_ln247"/></StgValue>
</operation>

<operation id="31" st_id="2" stage="1" lat="1">
<core>AXI4Stream</core>
<MemPortIdVec></MemPortIdVec>
<condition id="-1">
<or_exp><and_exp><literal name="data_src_state_load" val="5"/>
</and_exp></or_exp>
</condition>

<Node id="86" bw="0" op_0_bw="0" op_1_bw="48" op_2_bw="48">
<![CDATA[
:1  call void @_ssdm_op_Write.axis.volatile.i48P(i48* %sec_out_V_V, i48 553648132)

]]></Node>
<StgValue><ssdm name="write_ln257"/></StgValue>
</operation>

<operation id="32" st_id="2" stage="1" lat="1">
<core>NULL</core>
<MemPortIdVec></MemPortIdVec>
<condition id="-1">
<or_exp><and_exp><literal name="data_src_state_load" val="5"/>
</and_exp></or_exp>
</condition>

<Node id="89" bw="0" op_0_bw="4" op_1_bw="4" op_2_bw="4">
<![CDATA[
:4  store i4 6, i4* @data_src_state, align 1

]]></Node>
<StgValue><ssdm name="store_ln278"/></StgValue>
</operation>

<operation id="33" st_id="2" stage="1" lat="1">
<core>AXI4Stream</core>
<MemPortIdVec></MemPortIdVec>
<condition id="-1">
<or_exp><and_exp><literal name="data_src_state_load" val="4"/>
</and_exp></or_exp>
</condition>

<Node id="92" bw="0" op_0_bw="0" op_1_bw="32" op_2_bw="32">
<![CDATA[
:0  call void @_ssdm_op_Write.axis.volatile.i32P(i32* %app_out_V_V, i32 71894784)

]]></Node>
<StgValue><ssdm name="write_ln201"/></StgValue>
</operation>

<operation id="34" st_id="2" stage="1" lat="1">
<core>AXI4Stream</core>
<MemPortIdVec></MemPortIdVec>
<condition id="-1">
<or_exp><and_exp><literal name="data_src_state_load" val="4"/>
</and_exp></or_exp>
</condition>

<Node id="93" bw="0" op_0_bw="0" op_1_bw="48" op_2_bw="48">
<![CDATA[
:1  call void @_ssdm_op_Write.axis.volatile.i48P(i48* %sec_out_V_V, i48 553648132)

]]></Node>
<StgValue><ssdm name="write_ln211"/></StgValue>
</operation>

<operation id="35" st_id="2" stage="1" lat="1">
<core>NULL</core>
<MemPortIdVec></MemPortIdVec>
<condition id="-1">
<or_exp><and_exp><literal name="data_src_state_load" val="4"/>
</and_exp></or_exp>
</condition>

<Node id="96" bw="0" op_0_bw="4" op_1_bw="4" op_2_bw="4">
<![CDATA[
:4  store i4 5, i4* @data_src_state, align 1

]]></Node>
<StgValue><ssdm name="store_ln233"/></StgValue>
</operation>

<operation id="36" st_id="2" stage="1" lat="1">
<core>AXI4Stream</core>
<MemPortIdVec></MemPortIdVec>
<condition id="-1">
<or_exp><and_exp><literal name="data_src_state_load" val="3"/>
</and_exp></or_exp>
</condition>

<Node id="99" bw="0" op_0_bw="0" op_1_bw="32" op_2_bw="32">
<![CDATA[
:0  call void @_ssdm_op_Write.axis.volatile.i32P(i32* %app_out_V_V, i32 70846208)

]]></Node>
<StgValue><ssdm name="write_ln156"/></StgValue>
</operation>

<operation id="37" st_id="2" stage="1" lat="1">
<core>AXI4Stream</core>
<MemPortIdVec></MemPortIdVec>
<condition id="-1">
<or_exp><and_exp><literal name="data_src_state_load" val="3"/>
</and_exp></or_exp>
</condition>

<Node id="100" bw="0" op_0_bw="0" op_1_bw="48" op_2_bw="48">
<![CDATA[
:1  call void @_ssdm_op_Write.axis.volatile.i48P(i48* %sec_out_V_V, i48 553648132)

]]></Node>
<StgValue><ssdm name="write_ln166"/></StgValue>
</operation>

<operation id="38" st_id="2" stage="1" lat="1">
<core>NULL</core>
<MemPortIdVec></MemPortIdVec>
<condition id="-1">
<or_exp><and_exp><literal name="data_src_state_load" val="3"/>
</and_exp></or_exp>
</condition>

<Node id="103" bw="0" op_0_bw="4" op_1_bw="4" op_2_bw="4">
<![CDATA[
:4  store i4 4, i4* @data_src_state, align 1

]]></Node>
<StgValue><ssdm name="store_ln187"/></StgValue>
</operation>

<operation id="39" st_id="2" stage="1" lat="1">
<core>AXI4Stream</core>
<MemPortIdVec></MemPortIdVec>
<condition id="-1">
<or_exp><and_exp><literal name="data_src_state_load" val="2"/>
</and_exp></or_exp>
</condition>

<Node id="106" bw="0" op_0_bw="0" op_1_bw="32" op_2_bw="32">
<![CDATA[
:0  call void @_ssdm_op_Write.axis.volatile.i32P(i32* %app_out_V_V, i32 69797632)

]]></Node>
<StgValue><ssdm name="write_ln109"/></StgValue>
</operation>

<operation id="40" st_id="2" stage="1" lat="1">
<core>AXI4Stream</core>
<MemPortIdVec></MemPortIdVec>
<condition id="-1">
<or_exp><and_exp><literal name="data_src_state_load" val="2"/>
</and_exp></or_exp>
</condition>

<Node id="107" bw="0" op_0_bw="0" op_1_bw="48" op_2_bw="48">
<![CDATA[
:1  call void @_ssdm_op_Write.axis.volatile.i48P(i48* %sec_out_V_V, i48 553648132)

]]></Node>
<StgValue><ssdm name="write_ln119"/></StgValue>
</operation>

<operation id="41" st_id="2" stage="1" lat="1">
<core>NULL</core>
<MemPortIdVec></MemPortIdVec>
<condition id="-1">
<or_exp><and_exp><literal name="data_src_state_load" val="2"/>
</and_exp></or_exp>
</condition>

<Node id="110" bw="0" op_0_bw="4" op_1_bw="4" op_2_bw="4">
<![CDATA[
:4  store i4 3, i4* @data_src_state, align 1

]]></Node>
<StgValue><ssdm name="store_ln142"/></StgValue>
</operation>

<operation id="42" st_id="2" stage="1" lat="1">
<core>AXI4Stream</core>
<MemPortIdVec></MemPortIdVec>
<condition id="-1">
<or_exp><and_exp><literal name="data_src_state_load" val="1"/>
</and_exp></or_exp>
</condition>

<Node id="113" bw="0" op_0_bw="0" op_1_bw="32" op_2_bw="32">
<![CDATA[
:0  call void @_ssdm_op_Write.axis.volatile.i32P(i32* %app_out_V_V, i32 68749056)

]]></Node>
<StgValue><ssdm name="write_ln63"/></StgValue>
</operation>

<operation id="43" st_id="2" stage="1" lat="1">
<core>AXI4Stream</core>
<MemPortIdVec></MemPortIdVec>
<condition id="-1">
<or_exp><and_exp><literal name="data_src_state_load" val="1"/>
</and_exp></or_exp>
</condition>

<Node id="114" bw="0" op_0_bw="0" op_1_bw="48" op_2_bw="48">
<![CDATA[
:1  call void @_ssdm_op_Write.axis.volatile.i48P(i48* %sec_out_V_V, i48 553648132)

]]></Node>
<StgValue><ssdm name="write_ln73"/></StgValue>
</operation>

<operation id="44" st_id="2" stage="1" lat="1">
<core>NULL</core>
<MemPortIdVec></MemPortIdVec>
<condition id="-1">
<or_exp><and_exp><literal name="data_src_state_load" val="1"/>
</and_exp></or_exp>
</condition>

<Node id="117" bw="0" op_0_bw="4" op_1_bw="4" op_2_bw="4">
<![CDATA[
:4  store i4 2, i4* @data_src_state, align 1

]]></Node>
<StgValue><ssdm name="store_ln95"/></StgValue>
</operation>
</state>

<state id="3" st_id="3">

<operation id="45" st_id="3" stage="1" lat="1">
<core>NULL</core>
<MemPortIdVec></MemPortIdVec>
<condition id="-1">
<or_exp><and_exp></and_exp></or_exp>
</condition>

<Node id="18" bw="0" op_0_bw="4" op_1_bw="0" op_2_bw="4" op_3_bw="0" op_4_bw="4" op_5_bw="0" op_6_bw="4" op_7_bw="0" op_8_bw="4" op_9_bw="0" op_10_bw="4" op_11_bw="0" op_12_bw="4" op_13_bw="0" op_14_bw="4" op_15_bw="0" op_16_bw="4" op_17_bw="0" op_18_bw="4" op_19_bw="0" op_20_bw="4" op_21_bw="0" op_22_bw="4" op_23_bw="0" op_24_bw="4" op_25_bw="0" op_26_bw="4" op_27_bw="0" op_28_bw="4" op_29_bw="0" op_30_bw="4" op_31_bw="0">
<![CDATA[
:13  switch i4 %data_src_state_load, label %._crit_edge [
    i4 1, label %1
    i4 2, label %2
    i4 3, label %3
    i4 4, label %4
    i4 5, label %5
    i4 6, label %6
    i4 7, label %7
    i4 -8, label %8
    i4 -7, label %9
    i4 -6, label %10
    i4 -5, label %11
    i4 -4, label %12
    i4 -3, label %13
    i4 -2, label %14
    i4 -1, label %15
  ]

]]></Node>
<StgValue><ssdm name="switch_ln51"/></StgValue>
</operation>

<operation id="46" st_id="3" stage="1" lat="1">
<core>NULL</core>
<MemPortIdVec></MemPortIdVec>
<condition id="-1">
<or_exp><and_exp><literal name="data_src_state_load" val="-1"/>
</and_exp></or_exp>
</condition>

<Node id="20" bw="0" op_0_bw="4" op_1_bw="4" op_2_bw="4">
<![CDATA[
:0  store i4 1, i4* @data_src_state, align 1

]]></Node>
<StgValue><ssdm name="store_ln690"/></StgValue>
</operation>

<operation id="47" st_id="3" stage="1" lat="1">
<core>NULL</core>
<MemPortIdVec></MemPortIdVec>
<condition id="-1">
<or_exp><and_exp><literal name="data_src_state_load" val="-1"/>
</and_exp></or_exp>
</condition>

<Node id="21" bw="0" op_0_bw="0">
<![CDATA[
:1  br label %._crit_edge

]]></Node>
<StgValue><ssdm name="br_ln691"/></StgValue>
</operation>

<operation id="48" st_id="3" stage="1" lat="1">
<core>AXI4Stream</core>
<MemPortIdVec></MemPortIdVec>
<condition id="-1">
<or_exp><and_exp><literal name="data_src_state_load" val="-2"/>
</and_exp></or_exp>
</condition>

<Node id="25" bw="0" op_0_bw="0" op_1_bw="48" op_2_bw="48" op_3_bw="0">
<![CDATA[
:2  call void @_ssdm_op_Write.axis.volatile.i48P(i48* %sec_out_V_V, i48 419639305)

]]></Node>
<StgValue><ssdm name="write_ln674"/></StgValue>
</operation>

<operation id="49" st_id="3" stage="1" lat="1">
<core>NULL</core>
<MemPortIdVec></MemPortIdVec>
<condition id="-1">
<or_exp><and_exp><literal name="data_src_state_load" val="-2"/>
</and_exp></or_exp>
</condition>

<Node id="28" bw="0" op_0_bw="0">
<![CDATA[
:5  br label %._crit_edge

]]></Node>
<StgValue><ssdm name="br_ln688"/></StgValue>
</operation>

<operation id="50" st_id="3" stage="1" lat="1">
<core>AXI4Stream</core>
<MemPortIdVec></MemPortIdVec>
<condition id="-1">
<or_exp><and_exp><literal name="data_src_state_load" val="-3"/>
</and_exp></or_exp>
</condition>

<Node id="32" bw="0" op_0_bw="0" op_1_bw="48" op_2_bw="48" op_3_bw="0">
<![CDATA[
:2  call void @_ssdm_op_Write.axis.volatile.i48P(i48* %sec_out_V_V, i48 419639305)

]]></Node>
<StgValue><ssdm name="write_ln627"/></StgValue>
</operation>

<operation id="51" st_id="3" stage="1" lat="1">
<core>NULL</core>
<MemPortIdVec></MemPortIdVec>
<condition id="-1">
<or_exp><and_exp><literal name="data_src_state_load" val="-3"/>
</and_exp></or_exp>
</condition>

<Node id="35" bw="0" op_0_bw="0">
<![CDATA[
:5  br label %._crit_edge

]]></Node>
<StgValue><ssdm name="br_ln642"/></StgValue>
</operation>

<operation id="52" st_id="3" stage="1" lat="1">
<core>AXI4Stream</core>
<MemPortIdVec></MemPortIdVec>
<condition id="-1">
<or_exp><and_exp><literal name="data_src_state_load" val="-4"/>
</and_exp></or_exp>
</condition>

<Node id="39" bw="0" op_0_bw="0" op_1_bw="48" op_2_bw="48" op_3_bw="0">
<![CDATA[
:2  call void @_ssdm_op_Write.axis.volatile.i48P(i48* %sec_out_V_V, i48 419639305)

]]></Node>
<StgValue><ssdm name="write_ln578"/></StgValue>
</operation>

<operation id="53" st_id="3" stage="1" lat="1">
<core>NULL</core>
<MemPortIdVec></MemPortIdVec>
<condition id="-1">
<or_exp><and_exp><literal name="data_src_state_load" val="-4"/>
</and_exp></or_exp>
</condition>

<Node id="42" bw="0" op_0_bw="0">
<![CDATA[
:5  br label %._crit_edge

]]></Node>
<StgValue><ssdm name="br_ln594"/></StgValue>
</operation>

<operation id="54" st_id="3" stage="1" lat="1">
<core>AXI4Stream</core>
<MemPortIdVec></MemPortIdVec>
<condition id="-1">
<or_exp><and_exp><literal name="data_src_state_load" val="-5"/>
</and_exp></or_exp>
</condition>

<Node id="46" bw="0" op_0_bw="0" op_1_bw="48" op_2_bw="48" op_3_bw="0">
<![CDATA[
:2  call void @_ssdm_op_Write.axis.volatile.i48P(i48* %sec_out_V_V, i48 419639305)

]]></Node>
<StgValue><ssdm name="write_ln529"/></StgValue>
</operation>

<operation id="55" st_id="3" stage="1" lat="1">
<core>NULL</core>
<MemPortIdVec></MemPortIdVec>
<condition id="-1">
<or_exp><and_exp><literal name="data_src_state_load" val="-5"/>
</and_exp></or_exp>
</condition>

<Node id="49" bw="0" op_0_bw="0">
<![CDATA[
:5  br label %._crit_edge

]]></Node>
<StgValue><ssdm name="br_ln544"/></StgValue>
</operation>

<operation id="56" st_id="3" stage="1" lat="1">
<core>AXI4Stream</core>
<MemPortIdVec></MemPortIdVec>
<condition id="-1">
<or_exp><and_exp><literal name="data_src_state_load" val="-6"/>
</and_exp></or_exp>
</condition>

<Node id="53" bw="0" op_0_bw="0" op_1_bw="48" op_2_bw="48" op_3_bw="0">
<![CDATA[
:2  call void @_ssdm_op_Write.axis.volatile.i48P(i48* %sec_out_V_V, i48 100872200)

]]></Node>
<StgValue><ssdm name="write_ln483"/></StgValue>
</operation>

<operation id="57" st_id="3" stage="1" lat="1">
<core>NULL</core>
<MemPortIdVec></MemPortIdVec>
<condition id="-1">
<or_exp><and_exp><literal name="data_src_state_load" val="-6"/>
</and_exp></or_exp>
</condition>

<Node id="56" bw="0" op_0_bw="0">
<![CDATA[
:5  br label %._crit_edge

]]></Node>
<StgValue><ssdm name="br_ln497"/></StgValue>
</operation>

<operation id="58" st_id="3" stage="1" lat="1">
<core>AXI4Stream</core>
<MemPortIdVec></MemPortIdVec>
<condition id="-1">
<or_exp><and_exp><literal name="data_src_state_load" val="-7"/>
</and_exp></or_exp>
</condition>

<Node id="60" bw="0" op_0_bw="0" op_1_bw="48" op_2_bw="48" op_3_bw="0">
<![CDATA[
:2  call void @_ssdm_op_Write.axis.volatile.i48P(i48* %sec_out_V_V, i48 100872200)

]]></Node>
<StgValue><ssdm name="write_ln439"/></StgValue>
</operation>

<operation id="59" st_id="3" stage="1" lat="1">
<core>NULL</core>
<MemPortIdVec></MemPortIdVec>
<condition id="-1">
<or_exp><and_exp><literal name="data_src_state_load" val="-7"/>
</and_exp></or_exp>
</condition>

<Node id="63" bw="0" op_0_bw="0">
<![CDATA[
:5  br label %._crit_edge

]]></Node>
<StgValue><ssdm name="br_ln452"/></StgValue>
</operation>

<operation id="60" st_id="3" stage="1" lat="1">
<core>AXI4Stream</core>
<MemPortIdVec></MemPortIdVec>
<condition id="-1">
<or_exp><and_exp><literal name="data_src_state_load" val="-8"/>
</and_exp></or_exp>
</condition>

<Node id="67" bw="0" op_0_bw="0" op_1_bw="48" op_2_bw="48" op_3_bw="0">
<![CDATA[
:2  call void @_ssdm_op_Write.axis.volatile.i48P(i48* %sec_out_V_V, i48 100872200)

]]></Node>
<StgValue><ssdm name="write_ln393"/></StgValue>
</operation>

<operation id="61" st_id="3" stage="1" lat="1">
<core>NULL</core>
<MemPortIdVec></MemPortIdVec>
<condition id="-1">
<or_exp><and_exp><literal name="data_src_state_load" val="-8"/>
</and_exp></or_exp>
</condition>

<Node id="70" bw="0" op_0_bw="0">
<![CDATA[
:5  br label %._crit_edge

]]></Node>
<StgValue><ssdm name="br_ln407"/></StgValue>
</operation>

<operation id="62" st_id="3" stage="1" lat="1">
<core>AXI4Stream</core>
<MemPortIdVec></MemPortIdVec>
<condition id="-1">
<or_exp><and_exp><literal name="data_src_state_load" val="7"/>
</and_exp></or_exp>
</condition>

<Node id="74" bw="0" op_0_bw="0" op_1_bw="48" op_2_bw="48" op_3_bw="0">
<![CDATA[
:2  call void @_ssdm_op_Write.axis.volatile.i48P(i48* %sec_out_V_V, i48 100872200)

]]></Node>
<StgValue><ssdm name="write_ln347"/></StgValue>
</operation>

<operation id="63" st_id="3" stage="1" lat="1">
<core>NULL</core>
<MemPortIdVec></MemPortIdVec>
<condition id="-1">
<or_exp><and_exp><literal name="data_src_state_load" val="7"/>
</and_exp></or_exp>
</condition>

<Node id="77" bw="0" op_0_bw="0">
<![CDATA[
:5  br label %._crit_edge

]]></Node>
<StgValue><ssdm name="br_ln361"/></StgValue>
</operation>

<operation id="64" st_id="3" stage="1" lat="1">
<core>AXI4Stream</core>
<MemPortIdVec></MemPortIdVec>
<condition id="-1">
<or_exp><and_exp><literal name="data_src_state_load" val="6"/>
</and_exp></or_exp>
</condition>

<Node id="79" bw="0" op_0_bw="0" op_1_bw="32" op_2_bw="32">
<![CDATA[
:0  call void @_ssdm_op_Write.axis.volatile.i32P(i32* %app_out_V_V, i32 73991936)

]]></Node>
<StgValue><ssdm name="write_ln293"/></StgValue>
</operation>

<operation id="65" st_id="3" stage="1" lat="1">
<core>AXI4Stream</core>
<MemPortIdVec></MemPortIdVec>
<condition id="-1">
<or_exp><and_exp><literal name="data_src_state_load" val="6"/>
</and_exp></or_exp>
</condition>

<Node id="80" bw="0" op_0_bw="0" op_1_bw="48" op_2_bw="48">
<![CDATA[
:1  call void @_ssdm_op_Write.axis.volatile.i48P(i48* %sec_out_V_V, i48 956301319)

]]></Node>
<StgValue><ssdm name="write_ln303"/></StgValue>
</operation>

<operation id="66" st_id="3" stage="1" lat="1">
<core>NULL</core>
<MemPortIdVec></MemPortIdVec>
<condition id="-1">
<or_exp><and_exp><literal name="data_src_state_load" val="6"/>
</and_exp></or_exp>
</condition>

<Node id="82" bw="0" op_0_bw="4" op_1_bw="4" op_2_bw="4">
<![CDATA[
:3  store i4 7, i4* @data_src_state, align 1

]]></Node>
<StgValue><ssdm name="store_ln314"/></StgValue>
</operation>

<operation id="67" st_id="3" stage="1" lat="1">
<core>NULL</core>
<MemPortIdVec></MemPortIdVec>
<condition id="-1">
<or_exp><and_exp><literal name="data_src_state_load" val="6"/>
</and_exp></or_exp>
</condition>

<Node id="83" bw="0" op_0_bw="0">
<![CDATA[
:4  br label %._crit_edge

]]></Node>
<StgValue><ssdm name="br_ln317"/></StgValue>
</operation>

<operation id="68" st_id="3" stage="1" lat="1">
<core>AXI4Stream</core>
<MemPortIdVec></MemPortIdVec>
<condition id="-1">
<or_exp><and_exp><literal name="data_src_state_load" val="5"/>
</and_exp></or_exp>
</condition>

<Node id="87" bw="0" op_0_bw="0" op_1_bw="48" op_2_bw="48" op_3_bw="0">
<![CDATA[
:2  call void @_ssdm_op_Write.axis.volatile.i48P(i48* %sec_out_V_V, i48 402788358)

]]></Node>
<StgValue><ssdm name="write_ln267"/></StgValue>
</operation>

<operation id="69" st_id="3" stage="1" lat="1">
<core>NULL</core>
<MemPortIdVec></MemPortIdVec>
<condition id="-1">
<or_exp><and_exp><literal name="data_src_state_load" val="5"/>
</and_exp></or_exp>
</condition>

<Node id="90" bw="0" op_0_bw="0">
<![CDATA[
:5  br label %._crit_edge

]]></Node>
<StgValue><ssdm name="br_ln281"/></StgValue>
</operation>

<operation id="70" st_id="3" stage="1" lat="1">
<core>AXI4Stream</core>
<MemPortIdVec></MemPortIdVec>
<condition id="-1">
<or_exp><and_exp><literal name="data_src_state_load" val="4"/>
</and_exp></or_exp>
</condition>

<Node id="94" bw="0" op_0_bw="0" op_1_bw="48" op_2_bw="48" op_3_bw="0">
<![CDATA[
:2  call void @_ssdm_op_Write.axis.volatile.i48P(i48* %sec_out_V_V, i48 402788358)

]]></Node>
<StgValue><ssdm name="write_ln221"/></StgValue>
</operation>

<operation id="71" st_id="3" stage="1" lat="1">
<core>NULL</core>
<MemPortIdVec></MemPortIdVec>
<condition id="-1">
<or_exp><and_exp><literal name="data_src_state_load" val="4"/>
</and_exp></or_exp>
</condition>

<Node id="97" bw="0" op_0_bw="0">
<![CDATA[
:5  br label %._crit_edge

]]></Node>
<StgValue><ssdm name="br_ln235"/></StgValue>
</operation>

<operation id="72" st_id="3" stage="1" lat="1">
<core>AXI4Stream</core>
<MemPortIdVec></MemPortIdVec>
<condition id="-1">
<or_exp><and_exp><literal name="data_src_state_load" val="3"/>
</and_exp></or_exp>
</condition>

<Node id="101" bw="0" op_0_bw="0" op_1_bw="48" op_2_bw="48" op_3_bw="0">
<![CDATA[
:2  call void @_ssdm_op_Write.axis.volatile.i48P(i48* %sec_out_V_V, i48 402788355)

]]></Node>
<StgValue><ssdm name="write_ln176"/></StgValue>
</operation>

<operation id="73" st_id="3" stage="1" lat="1">
<core>NULL</core>
<MemPortIdVec></MemPortIdVec>
<condition id="-1">
<or_exp><and_exp><literal name="data_src_state_load" val="3"/>
</and_exp></or_exp>
</condition>

<Node id="104" bw="0" op_0_bw="0">
<![CDATA[
:5  br label %._crit_edge

]]></Node>
<StgValue><ssdm name="br_ln189"/></StgValue>
</operation>

<operation id="74" st_id="3" stage="1" lat="1">
<core>AXI4Stream</core>
<MemPortIdVec></MemPortIdVec>
<condition id="-1">
<or_exp><and_exp><literal name="data_src_state_load" val="2"/>
</and_exp></or_exp>
</condition>

<Node id="108" bw="0" op_0_bw="0" op_1_bw="48" op_2_bw="48" op_3_bw="0">
<![CDATA[
:2  call void @_ssdm_op_Write.axis.volatile.i48P(i48* %sec_out_V_V, i48 402788355)

]]></Node>
<StgValue><ssdm name="write_ln130"/></StgValue>
</operation>

<operation id="75" st_id="3" stage="1" lat="1">
<core>NULL</core>
<MemPortIdVec></MemPortIdVec>
<condition id="-1">
<or_exp><and_exp><literal name="data_src_state_load" val="2"/>
</and_exp></or_exp>
</condition>

<Node id="111" bw="0" op_0_bw="0">
<![CDATA[
:5  br label %._crit_edge

]]></Node>
<StgValue><ssdm name="br_ln144"/></StgValue>
</operation>

<operation id="76" st_id="3" stage="1" lat="1">
<core>AXI4Stream</core>
<MemPortIdVec></MemPortIdVec>
<condition id="-1">
<or_exp><and_exp><literal name="data_src_state_load" val="1"/>
</and_exp></or_exp>
</condition>

<Node id="115" bw="0" op_0_bw="0" op_1_bw="48" op_2_bw="48" op_3_bw="0">
<![CDATA[
:2  call void @_ssdm_op_Write.axis.volatile.i48P(i48* %sec_out_V_V, i48 402788355)

]]></Node>
<StgValue><ssdm name="write_ln83"/></StgValue>
</operation>

<operation id="77" st_id="3" stage="1" lat="1">
<core>NULL</core>
<MemPortIdVec></MemPortIdVec>
<condition id="-1">
<or_exp><and_exp><literal name="data_src_state_load" val="1"/>
</and_exp></or_exp>
</condition>

<Node id="118" bw="0" op_0_bw="0">
<![CDATA[
:5  br label %._crit_edge

]]></Node>
<StgValue><ssdm name="br_ln97"/></StgValue>
</operation>
</state>

<state id="4" st_id="4">

<operation id="78" st_id="4" stage="1" lat="1">
<core>NULL</core>
<MemPortIdVec></MemPortIdVec>
<condition id="-1">
<or_exp><and_exp></and_exp></or_exp>
</condition>

<Node id="5" bw="0" op_0_bw="0" op_1_bw="32">
<![CDATA[
:0  call void (...)* @_ssdm_op_SpecBitsMap(i32* %app_out_V_V), !map !65

]]></Node>
<StgValue><ssdm name="specbitsmap_ln0"/></StgValue>
</operation>

<operation id="79" st_id="4" stage="1" lat="1">
<core>NULL</core>
<MemPortIdVec></MemPortIdVec>
<condition id="-1">
<or_exp><and_exp></and_exp></or_exp>
</condition>

<Node id="6" bw="0" op_0_bw="0" op_1_bw="48">
<![CDATA[
:1  call void (...)* @_ssdm_op_SpecBitsMap(i48* %sec_out_V_V), !map !69

]]></Node>
<StgValue><ssdm name="specbitsmap_ln0"/></StgValue>
</operation>

<operation id="80" st_id="4" stage="1" lat="1">
<core>NULL</core>
<MemPortIdVec></MemPortIdVec>
<condition id="-1">
<or_exp><and_exp></and_exp></or_exp>
</condition>

<Node id="7" bw="0" op_0_bw="0" op_1_bw="8">
<![CDATA[
:2  call void (...)* @_ssdm_op_SpecBitsMap(i8* %L1_state_out), !map !73

]]></Node>
<StgValue><ssdm name="specbitsmap_ln0"/></StgValue>
</operation>

<operation id="81" st_id="4" stage="1" lat="1">
<core>NULL</core>
<MemPortIdVec></MemPortIdVec>
<condition id="-1">
<or_exp><and_exp></and_exp></or_exp>
</condition>

<Node id="8" bw="0" op_0_bw="0" op_1_bw="0">
<![CDATA[
:3  call void (...)* @_ssdm_op_SpecTopModule([15 x i8]* @L1_data_Uplane_str) nounwind

]]></Node>
<StgValue><ssdm name="spectopmodule_ln0"/></StgValue>
</operation>

<operation id="82" st_id="4" stage="1" lat="1">
<core>NULL</core>
<MemPortIdVec></MemPortIdVec>
<condition id="-1">
<or_exp><and_exp></and_exp></or_exp>
</condition>

<Node id="9" bw="0" op_0_bw="0" op_1_bw="32" op_2_bw="32" op_3_bw="32" op_4_bw="32" op_5_bw="0">
<![CDATA[
:4  call void (...)* @_ssdm_op_SpecPipeline(i32 1, i32 1, i32 1, i32 0, [1 x i8]* @p_str) nounwind

]]></Node>
<StgValue><ssdm name="specpipeline_ln8"/></StgValue>
</operation>

<operation id="83" st_id="4" stage="1" lat="1">
<core>NULL</core>
<MemPortIdVec></MemPortIdVec>
<condition id="-1">
<or_exp><and_exp></and_exp></or_exp>
</condition>

<Node id="10" bw="0" op_0_bw="0" op_1_bw="32" op_2_bw="0" op_3_bw="32" op_4_bw="32" op_5_bw="0" op_6_bw="32" op_7_bw="32" op_8_bw="0" op_9_bw="0" op_10_bw="0" op_11_bw="32" op_12_bw="32" op_13_bw="32" op_14_bw="32" op_15_bw="0" op_16_bw="0">
<![CDATA[
:5  call void (...)* @_ssdm_op_SpecInterface(i32* %app_out_V_V, [5 x i8]* @p_str1, i32 0, i32 0, [1 x i8]* @p_str, i32 0, i32 0, [1 x i8]* @p_str, [1 x i8]* @p_str, [1 x i8]* @p_str, i32 0, i32 0, i32 0, i32 0, [1 x i8]* @p_str, [1 x i8]* @p_str) nounwind

]]></Node>
<StgValue><ssdm name="specinterface_ln11"/></StgValue>
</operation>

<operation id="84" st_id="4" stage="1" lat="1">
<core>NULL</core>
<MemPortIdVec></MemPortIdVec>
<condition id="-1">
<or_exp><and_exp></and_exp></or_exp>
</condition>

<Node id="11" bw="0" op_0_bw="0" op_1_bw="48" op_2_bw="0" op_3_bw="32" op_4_bw="32" op_5_bw="0" op_6_bw="32" op_7_bw="32" op_8_bw="0" op_9_bw="0" op_10_bw="0" op_11_bw="32" op_12_bw="32" op_13_bw="32" op_14_bw="32" op_15_bw="0" op_16_bw="0">
<![CDATA[
:6  call void (...)* @_ssdm_op_SpecInterface(i48* %sec_out_V_V, [5 x i8]* @p_str1, i32 0, i32 0, [1 x i8]* @p_str, i32 0, i32 0, [1 x i8]* @p_str, [1 x i8]* @p_str, [1 x i8]* @p_str, i32 0, i32 0, i32 0, i32 0, [1 x i8]* @p_str, [1 x i8]* @p_str) nounwind

]]></Node>
<StgValue><ssdm name="specinterface_ln12"/></StgValue>
</operation>

<operation id="85" st_id="4" stage="1" lat="1">
<core>NULL</core>
<MemPortIdVec></MemPortIdVec>
<condition id="-1">
<or_exp><and_exp></and_exp></or_exp>
</condition>

<Node id="12" bw="0" op_0_bw="0" op_1_bw="8" op_2_bw="0" op_3_bw="32" op_4_bw="32" op_5_bw="0" op_6_bw="32" op_7_bw="32" op_8_bw="0" op_9_bw="0" op_10_bw="0" op_11_bw="32" op_12_bw="32" op_13_bw="32" op_14_bw="32" op_15_bw="0" op_16_bw="0">
<![CDATA[
:7  call void (...)* @_ssdm_op_SpecInterface(i8* %L1_state_out, [8 x i8]* @p_str2, i32 0, i32 0, [1 x i8]* @p_str, i32 0, i32 0, [1 x i8]* @p_str, [1 x i8]* @p_str, [1 x i8]* @p_str, i32 0, i32 0, i32 0, i32 0, [1 x i8]* @p_str, [1 x i8]* @p_str) nounwind

]]></Node>
<StgValue><ssdm name="specinterface_ln13"/></StgValue>
</operation>

<operation id="86" st_id="4" stage="1" lat="1">
<core>NULL</core>
<MemPortIdVec></MemPortIdVec>
<condition id="-1">
<or_exp><and_exp></and_exp></or_exp>
</condition>

<Node id="13" bw="0" op_0_bw="0" op_1_bw="32" op_2_bw="0" op_3_bw="32" op_4_bw="32" op_5_bw="0" op_6_bw="32" op_7_bw="32" op_8_bw="0" op_9_bw="0" op_10_bw="0" op_11_bw="32" op_12_bw="32" op_13_bw="32" op_14_bw="32" op_15_bw="0" op_16_bw="0">
<![CDATA[
:8  call void (...)* @_ssdm_op_SpecInterface(i32 0, [13 x i8]* @p_str3, i32 0, i32 0, [1 x i8]* @p_str, i32 0, i32 0, [1 x i8]* @p_str, [1 x i8]* @p_str, [1 x i8]* @p_str, i32 0, i32 0, i32 0, i32 0, [1 x i8]* @p_str, [1 x i8]* @p_str) nounwind

]]></Node>
<StgValue><ssdm name="specinterface_ln14"/></StgValue>
</operation>

<operation id="87" st_id="4" stage="1" lat="1">
<core>NULL</core>
<MemPortIdVec></MemPortIdVec>
<condition id="-1">
<or_exp><and_exp></and_exp></or_exp>
</condition>

<Node id="14" bw="0" op_0_bw="0" op_1_bw="4" op_2_bw="32" op_3_bw="0">
<![CDATA[
:9  call void (...)* @_ssdm_op_SpecReset(i4* @data_src_state, i32 1, [1 x i8]* @p_str) nounwind

]]></Node>
<StgValue><ssdm name="specreset_ln47"/></StgValue>
</operation>

<operation id="88" st_id="4" stage="1" lat="1">
<core>NULL</core>
<MemPortIdVec></MemPortIdVec>
<condition id="-1">
<or_exp><and_exp></and_exp></or_exp>
</condition>

<Node id="16" bw="8" op_0_bw="4">
<![CDATA[
:11  %zext_ln49 = zext i4 %data_src_state_load to i8

]]></Node>
<StgValue><ssdm name="zext_ln49"/></StgValue>
</operation>

<operation id="89" st_id="4" stage="1" lat="1">
<core>NULL</core>
<MemPortIdVec></MemPortIdVec>
<condition id="-1">
<or_exp><and_exp></and_exp></or_exp>
</condition>

<Node id="17" bw="0" op_0_bw="0" op_1_bw="8" op_2_bw="8">
<![CDATA[
:12  call void @_ssdm_op_Write.ap_none.i8P(i8* %L1_state_out, i8 %zext_ln49)

]]></Node>
<StgValue><ssdm name="write_ln49"/></StgValue>
</operation>

<operation id="90" st_id="4" stage="1" lat="1">
<core>AXI4Stream</core>
<MemPortIdVec></MemPortIdVec>
<condition id="-1">
<or_exp><and_exp><literal name="data_src_state_load" val="-2"/>
</and_exp></or_exp>
</condition>

<Node id="26" bw="0" op_0_bw="0" op_1_bw="48" op_2_bw="48" op_3_bw="0">
<![CDATA[
:3  call void @_ssdm_op_Write.axis.volatile.i48P(i48* %sec_out_V_V, i48 3305422850)

]]></Node>
<StgValue><ssdm name="write_ln684"/></StgValue>
</operation>

<operation id="91" st_id="4" stage="1" lat="1">
<core>AXI4Stream</core>
<MemPortIdVec></MemPortIdVec>
<condition id="-1">
<or_exp><and_exp><literal name="data_src_state_load" val="-3"/>
</and_exp></or_exp>
</condition>

<Node id="33" bw="0" op_0_bw="0" op_1_bw="48" op_2_bw="48" op_3_bw="0">
<![CDATA[
:3  call void @_ssdm_op_Write.axis.volatile.i48P(i48* %sec_out_V_V, i48 3305422850)

]]></Node>
<StgValue><ssdm name="write_ln638"/></StgValue>
</operation>

<operation id="92" st_id="4" stage="1" lat="1">
<core>AXI4Stream</core>
<MemPortIdVec></MemPortIdVec>
<condition id="-1">
<or_exp><and_exp><literal name="data_src_state_load" val="-4"/>
</and_exp></or_exp>
</condition>

<Node id="40" bw="0" op_0_bw="0" op_1_bw="48" op_2_bw="48" op_3_bw="0">
<![CDATA[
:3  call void @_ssdm_op_Write.axis.volatile.i48P(i48* %sec_out_V_V, i48 3305422850)

]]></Node>
<StgValue><ssdm name="write_ln589"/></StgValue>
</operation>

<operation id="93" st_id="4" stage="1" lat="1">
<core>AXI4Stream</core>
<MemPortIdVec></MemPortIdVec>
<condition id="-1">
<or_exp><and_exp><literal name="data_src_state_load" val="-5"/>
</and_exp></or_exp>
</condition>

<Node id="47" bw="0" op_0_bw="0" op_1_bw="48" op_2_bw="48" op_3_bw="0">
<![CDATA[
:3  call void @_ssdm_op_Write.axis.volatile.i48P(i48* %sec_out_V_V, i48 3305422850)

]]></Node>
<StgValue><ssdm name="write_ln539"/></StgValue>
</operation>

<operation id="94" st_id="4" stage="1" lat="1">
<core>AXI4Stream</core>
<MemPortIdVec></MemPortIdVec>
<condition id="-1">
<or_exp><and_exp><literal name="data_src_state_load" val="-6"/>
</and_exp></or_exp>
</condition>

<Node id="54" bw="0" op_0_bw="0" op_1_bw="48" op_2_bw="48" op_3_bw="0">
<![CDATA[
:3  call void @_ssdm_op_Write.axis.volatile.i48P(i48* %sec_out_V_V, i48 3624112133)

]]></Node>
<StgValue><ssdm name="write_ln493"/></StgValue>
</operation>

<operation id="95" st_id="4" stage="1" lat="1">
<core>AXI4Stream</core>
<MemPortIdVec></MemPortIdVec>
<condition id="-1">
<or_exp><and_exp><literal name="data_src_state_load" val="-7"/>
</and_exp></or_exp>
</condition>

<Node id="61" bw="0" op_0_bw="0" op_1_bw="48" op_2_bw="48" op_3_bw="0">
<![CDATA[
:3  call void @_ssdm_op_Write.axis.volatile.i48P(i48* %sec_out_V_V, i48 3624112133)

]]></Node>
<StgValue><ssdm name="write_ln449"/></StgValue>
</operation>

<operation id="96" st_id="4" stage="1" lat="1">
<core>AXI4Stream</core>
<MemPortIdVec></MemPortIdVec>
<condition id="-1">
<or_exp><and_exp><literal name="data_src_state_load" val="-8"/>
</and_exp></or_exp>
</condition>

<Node id="68" bw="0" op_0_bw="0" op_1_bw="48" op_2_bw="48" op_3_bw="0">
<![CDATA[
:3  call void @_ssdm_op_Write.axis.volatile.i48P(i48* %sec_out_V_V, i48 3624112133)

]]></Node>
<StgValue><ssdm name="write_ln403"/></StgValue>
</operation>

<operation id="97" st_id="4" stage="1" lat="1">
<core>AXI4Stream</core>
<MemPortIdVec></MemPortIdVec>
<condition id="-1">
<or_exp><and_exp><literal name="data_src_state_load" val="7"/>
</and_exp></or_exp>
</condition>

<Node id="75" bw="0" op_0_bw="0" op_1_bw="48" op_2_bw="48" op_3_bw="0">
<![CDATA[
:3  call void @_ssdm_op_Write.axis.volatile.i48P(i48* %sec_out_V_V, i48 3624112133)

]]></Node>
<StgValue><ssdm name="write_ln357"/></StgValue>
</operation>

<operation id="98" st_id="4" stage="1" lat="1">
<core>AXI4Stream</core>
<MemPortIdVec></MemPortIdVec>
<condition id="-1">
<or_exp><and_exp><literal name="data_src_state_load" val="6"/>
</and_exp></or_exp>
</condition>

<Node id="81" bw="0" op_0_bw="0" op_1_bw="48" op_2_bw="48" op_3_bw="0">
<![CDATA[
:2  call void @_ssdm_op_Write.axis.volatile.i48P(i48* %sec_out_V_V, i48 3624112133)

]]></Node>
<StgValue><ssdm name="write_ln313"/></StgValue>
</operation>

<operation id="99" st_id="4" stage="1" lat="1">
<core>AXI4Stream</core>
<MemPortIdVec></MemPortIdVec>
<condition id="-1">
<or_exp><and_exp><literal name="data_src_state_load" val="5"/>
</and_exp></or_exp>
</condition>

<Node id="88" bw="0" op_0_bw="0" op_1_bw="48" op_2_bw="48" op_3_bw="0">
<![CDATA[
:3  call void @_ssdm_op_Write.axis.volatile.i48P(i48* %sec_out_V_V, i48 3624112133)

]]></Node>
<StgValue><ssdm name="write_ln277"/></StgValue>
</operation>

<operation id="100" st_id="4" stage="1" lat="1">
<core>AXI4Stream</core>
<MemPortIdVec></MemPortIdVec>
<condition id="-1">
<or_exp><and_exp><literal name="data_src_state_load" val="4"/>
</and_exp></or_exp>
</condition>

<Node id="95" bw="0" op_0_bw="0" op_1_bw="48" op_2_bw="48" op_3_bw="0">
<![CDATA[
:3  call void @_ssdm_op_Write.axis.volatile.i48P(i48* %sec_out_V_V, i48 3624112133)

]]></Node>
<StgValue><ssdm name="write_ln231"/></StgValue>
</operation>

<operation id="101" st_id="4" stage="1" lat="1">
<core>AXI4Stream</core>
<MemPortIdVec></MemPortIdVec>
<condition id="-1">
<or_exp><and_exp><literal name="data_src_state_load" val="3"/>
</and_exp></or_exp>
</condition>

<Node id="102" bw="0" op_0_bw="0" op_1_bw="48" op_2_bw="48" op_3_bw="0">
<![CDATA[
:3  call void @_ssdm_op_Write.axis.volatile.i48P(i48* %sec_out_V_V, i48 3624112133)

]]></Node>
<StgValue><ssdm name="write_ln186"/></StgValue>
</operation>

<operation id="102" st_id="4" stage="1" lat="1">
<core>AXI4Stream</core>
<MemPortIdVec></MemPortIdVec>
<condition id="-1">
<or_exp><and_exp><literal name="data_src_state_load" val="2"/>
</and_exp></or_exp>
</condition>

<Node id="109" bw="0" op_0_bw="0" op_1_bw="48" op_2_bw="48" op_3_bw="0">
<![CDATA[
:3  call void @_ssdm_op_Write.axis.volatile.i48P(i48* %sec_out_V_V, i48 3624112133)

]]></Node>
<StgValue><ssdm name="write_ln141"/></StgValue>
</operation>

<operation id="103" st_id="4" stage="1" lat="1">
<core>AXI4Stream</core>
<MemPortIdVec></MemPortIdVec>
<condition id="-1">
<or_exp><and_exp><literal name="data_src_state_load" val="1"/>
</and_exp></or_exp>
</condition>

<Node id="116" bw="0" op_0_bw="0" op_1_bw="48" op_2_bw="48" op_3_bw="0">
<![CDATA[
:3  call void @_ssdm_op_Write.axis.volatile.i48P(i48* %sec_out_V_V, i48 3624112133)

]]></Node>
<StgValue><ssdm name="write_ln93"/></StgValue>
</operation>

<operation id="104" st_id="4" stage="1" lat="1">
<core>NULL</core>
<MemPortIdVec></MemPortIdVec>
<condition id="-1">
<or_exp><and_exp></and_exp></or_exp>
</condition>

<Node id="120" bw="0">
<![CDATA[
._crit_edge:0  ret void

]]></Node>
<StgValue><ssdm name="ret_ln695"/></StgValue>
</operation>
</state>
</state_list>


<ports>
<port id="140" name="app_out_V_V" dir="1" iftype="0">
<core>NULL</core><StgValue><ssdm name="app_out_V_V"/></StgValue>
</port>
<port id="141" name="sec_out_V_V" dir="1" iftype="0">
<core>NULL</core><StgValue><ssdm name="sec_out_V_V"/></StgValue>
</port>
<port id="142" name="L1_state_out" dir="1" iftype="0">
<core>NULL</core><StgValue><ssdm name="L1_state_out"/></StgValue>
</port>
<port id="143" name="data_src_state" dir="2" iftype="0">
<core>NULL</core><StgValue><ssdm name="data_src_state"/></StgValue>
</port>
</ports>


<dataflows>
<dataflow id="144" from="data_src_state" to="data_src_state_load" fromId="143" toId="5">
</dataflow>
<dataflow id="146" from="_ssdm_op_Write.axis.volatile.i32P" to="write_ln654" fromId="145" toId="6">
</dataflow>
<dataflow id="147" from="app_out_V_V" to="write_ln654" fromId="140" toId="6">
</dataflow>
<dataflow id="149" from="StgValue_148" to="write_ln654" fromId="148" toId="6">
</dataflow>
<dataflow id="151" from="_ssdm_op_Write.axis.volatile.i48P" to="write_ln664" fromId="150" toId="7">
</dataflow>
<dataflow id="152" from="sec_out_V_V" to="write_ln664" fromId="141" toId="7">
</dataflow>
<dataflow id="154" from="StgValue_153" to="write_ln664" fromId="153" toId="7">
</dataflow>
<dataflow id="156" from="StgValue_155" to="store_ln685" fromId="155" toId="8">
</dataflow>
<dataflow id="157" from="data_src_state" to="store_ln685" fromId="143" toId="8">
</dataflow>
<dataflow id="158" from="_ssdm_op_Write.axis.volatile.i32P" to="write_ln606" fromId="145" toId="9">
</dataflow>
<dataflow id="159" from="app_out_V_V" to="write_ln606" fromId="140" toId="9">
</dataflow>
<dataflow id="161" from="StgValue_160" to="write_ln606" fromId="160" toId="9">
</dataflow>
<dataflow id="162" from="_ssdm_op_Write.axis.volatile.i48P" to="write_ln616" fromId="150" toId="10">
</dataflow>
<dataflow id="163" from="sec_out_V_V" to="write_ln616" fromId="141" toId="10">
</dataflow>
<dataflow id="164" from="StgValue_153" to="write_ln616" fromId="153" toId="10">
</dataflow>
<dataflow id="166" from="StgValue_165" to="store_ln639" fromId="165" toId="11">
</dataflow>
<dataflow id="167" from="data_src_state" to="store_ln639" fromId="143" toId="11">
</dataflow>
<dataflow id="168" from="_ssdm_op_Write.axis.volatile.i32P" to="write_ln556" fromId="145" toId="12">
</dataflow>
<dataflow id="169" from="app_out_V_V" to="write_ln556" fromId="140" toId="12">
</dataflow>
<dataflow id="171" from="StgValue_170" to="write_ln556" fromId="170" toId="12">
</dataflow>
<dataflow id="172" from="_ssdm_op_Write.axis.volatile.i48P" to="write_ln567" fromId="150" toId="13">
</dataflow>
<dataflow id="173" from="sec_out_V_V" to="write_ln567" fromId="141" toId="13">
</dataflow>
<dataflow id="174" from="StgValue_153" to="write_ln567" fromId="153" toId="13">
</dataflow>
<dataflow id="176" from="StgValue_175" to="store_ln591" fromId="175" toId="14">
</dataflow>
<dataflow id="177" from="data_src_state" to="store_ln591" fromId="143" toId="14">
</dataflow>
<dataflow id="178" from="_ssdm_op_Write.axis.volatile.i32P" to="write_ln509" fromId="145" toId="15">
</dataflow>
<dataflow id="179" from="app_out_V_V" to="write_ln509" fromId="140" toId="15">
</dataflow>
<dataflow id="181" from="StgValue_180" to="write_ln509" fromId="180" toId="15">
</dataflow>
<dataflow id="182" from="_ssdm_op_Write.axis.volatile.i48P" to="write_ln519" fromId="150" toId="16">
</dataflow>
<dataflow id="183" from="sec_out_V_V" to="write_ln519" fromId="141" toId="16">
</dataflow>
<dataflow id="184" from="StgValue_153" to="write_ln519" fromId="153" toId="16">
</dataflow>
<dataflow id="186" from="StgValue_185" to="store_ln541" fromId="185" toId="17">
</dataflow>
<dataflow id="187" from="data_src_state" to="store_ln541" fromId="143" toId="17">
</dataflow>
<dataflow id="188" from="_ssdm_op_Write.axis.volatile.i32P" to="write_ln463" fromId="145" toId="18">
</dataflow>
<dataflow id="189" from="app_out_V_V" to="write_ln463" fromId="140" toId="18">
</dataflow>
<dataflow id="191" from="StgValue_190" to="write_ln463" fromId="190" toId="18">
</dataflow>
<dataflow id="192" from="_ssdm_op_Write.axis.volatile.i48P" to="write_ln473" fromId="150" toId="19">
</dataflow>
<dataflow id="193" from="sec_out_V_V" to="write_ln473" fromId="141" toId="19">
</dataflow>
<dataflow id="194" from="StgValue_153" to="write_ln473" fromId="153" toId="19">
</dataflow>
<dataflow id="196" from="StgValue_195" to="store_ln494" fromId="195" toId="20">
</dataflow>
<dataflow id="197" from="data_src_state" to="store_ln494" fromId="143" toId="20">
</dataflow>
<dataflow id="198" from="_ssdm_op_Write.axis.volatile.i32P" to="write_ln419" fromId="145" toId="21">
</dataflow>
<dataflow id="199" from="app_out_V_V" to="write_ln419" fromId="140" toId="21">
</dataflow>
<dataflow id="201" from="StgValue_200" to="write_ln419" fromId="200" toId="21">
</dataflow>
<dataflow id="202" from="_ssdm_op_Write.axis.volatile.i48P" to="write_ln429" fromId="150" toId="22">
</dataflow>
<dataflow id="203" from="sec_out_V_V" to="write_ln429" fromId="141" toId="22">
</dataflow>
<dataflow id="204" from="StgValue_153" to="write_ln429" fromId="153" toId="22">
</dataflow>
<dataflow id="206" from="StgValue_205" to="store_ln450" fromId="205" toId="23">
</dataflow>
<dataflow id="207" from="data_src_state" to="store_ln450" fromId="143" toId="23">
</dataflow>
<dataflow id="208" from="_ssdm_op_Write.axis.volatile.i32P" to="write_ln373" fromId="145" toId="24">
</dataflow>
<dataflow id="209" from="app_out_V_V" to="write_ln373" fromId="140" toId="24">
</dataflow>
<dataflow id="211" from="StgValue_210" to="write_ln373" fromId="210" toId="24">
</dataflow>
<dataflow id="212" from="_ssdm_op_Write.axis.volatile.i48P" to="write_ln383" fromId="150" toId="25">
</dataflow>
<dataflow id="213" from="sec_out_V_V" to="write_ln383" fromId="141" toId="25">
</dataflow>
<dataflow id="214" from="StgValue_153" to="write_ln383" fromId="153" toId="25">
</dataflow>
<dataflow id="216" from="StgValue_215" to="store_ln404" fromId="215" toId="26">
</dataflow>
<dataflow id="217" from="data_src_state" to="store_ln404" fromId="143" toId="26">
</dataflow>
<dataflow id="218" from="_ssdm_op_Write.axis.volatile.i32P" to="write_ln329" fromId="145" toId="27">
</dataflow>
<dataflow id="219" from="app_out_V_V" to="write_ln329" fromId="140" toId="27">
</dataflow>
<dataflow id="221" from="StgValue_220" to="write_ln329" fromId="220" toId="27">
</dataflow>
<dataflow id="222" from="_ssdm_op_Write.axis.volatile.i48P" to="write_ln337" fromId="150" toId="28">
</dataflow>
<dataflow id="223" from="sec_out_V_V" to="write_ln337" fromId="141" toId="28">
</dataflow>
<dataflow id="225" from="StgValue_224" to="write_ln337" fromId="224" toId="28">
</dataflow>
<dataflow id="227" from="StgValue_226" to="store_ln358" fromId="226" toId="29">
</dataflow>
<dataflow id="228" from="data_src_state" to="store_ln358" fromId="143" toId="29">
</dataflow>
<dataflow id="229" from="_ssdm_op_Write.axis.volatile.i32P" to="write_ln247" fromId="145" toId="30">
</dataflow>
<dataflow id="230" from="app_out_V_V" to="write_ln247" fromId="140" toId="30">
</dataflow>
<dataflow id="232" from="StgValue_231" to="write_ln247" fromId="231" toId="30">
</dataflow>
<dataflow id="233" from="_ssdm_op_Write.axis.volatile.i48P" to="write_ln257" fromId="150" toId="31">
</dataflow>
<dataflow id="234" from="sec_out_V_V" to="write_ln257" fromId="141" toId="31">
</dataflow>
<dataflow id="236" from="StgValue_235" to="write_ln257" fromId="235" toId="31">
</dataflow>
<dataflow id="238" from="StgValue_237" to="store_ln278" fromId="237" toId="32">
</dataflow>
<dataflow id="239" from="data_src_state" to="store_ln278" fromId="143" toId="32">
</dataflow>
<dataflow id="240" from="_ssdm_op_Write.axis.volatile.i32P" to="write_ln201" fromId="145" toId="33">
</dataflow>
<dataflow id="241" from="app_out_V_V" to="write_ln201" fromId="140" toId="33">
</dataflow>
<dataflow id="243" from="StgValue_242" to="write_ln201" fromId="242" toId="33">
</dataflow>
<dataflow id="244" from="_ssdm_op_Write.axis.volatile.i48P" to="write_ln211" fromId="150" toId="34">
</dataflow>
<dataflow id="245" from="sec_out_V_V" to="write_ln211" fromId="141" toId="34">
</dataflow>
<dataflow id="246" from="StgValue_235" to="write_ln211" fromId="235" toId="34">
</dataflow>
<dataflow id="248" from="StgValue_247" to="store_ln233" fromId="247" toId="35">
</dataflow>
<dataflow id="249" from="data_src_state" to="store_ln233" fromId="143" toId="35">
</dataflow>
<dataflow id="250" from="_ssdm_op_Write.axis.volatile.i32P" to="write_ln156" fromId="145" toId="36">
</dataflow>
<dataflow id="251" from="app_out_V_V" to="write_ln156" fromId="140" toId="36">
</dataflow>
<dataflow id="253" from="StgValue_252" to="write_ln156" fromId="252" toId="36">
</dataflow>
<dataflow id="254" from="_ssdm_op_Write.axis.volatile.i48P" to="write_ln166" fromId="150" toId="37">
</dataflow>
<dataflow id="255" from="sec_out_V_V" to="write_ln166" fromId="141" toId="37">
</dataflow>
<dataflow id="256" from="StgValue_235" to="write_ln166" fromId="235" toId="37">
</dataflow>
<dataflow id="258" from="StgValue_257" to="store_ln187" fromId="257" toId="38">
</dataflow>
<dataflow id="259" from="data_src_state" to="store_ln187" fromId="143" toId="38">
</dataflow>
<dataflow id="260" from="_ssdm_op_Write.axis.volatile.i32P" to="write_ln109" fromId="145" toId="39">
</dataflow>
<dataflow id="261" from="app_out_V_V" to="write_ln109" fromId="140" toId="39">
</dataflow>
<dataflow id="263" from="StgValue_262" to="write_ln109" fromId="262" toId="39">
</dataflow>
<dataflow id="264" from="_ssdm_op_Write.axis.volatile.i48P" to="write_ln119" fromId="150" toId="40">
</dataflow>
<dataflow id="265" from="sec_out_V_V" to="write_ln119" fromId="141" toId="40">
</dataflow>
<dataflow id="266" from="StgValue_235" to="write_ln119" fromId="235" toId="40">
</dataflow>
<dataflow id="268" from="StgValue_267" to="store_ln142" fromId="267" toId="41">
</dataflow>
<dataflow id="269" from="data_src_state" to="store_ln142" fromId="143" toId="41">
</dataflow>
<dataflow id="270" from="_ssdm_op_Write.axis.volatile.i32P" to="write_ln63" fromId="145" toId="42">
</dataflow>
<dataflow id="271" from="app_out_V_V" to="write_ln63" fromId="140" toId="42">
</dataflow>
<dataflow id="273" from="StgValue_272" to="write_ln63" fromId="272" toId="42">
</dataflow>
<dataflow id="274" from="_ssdm_op_Write.axis.volatile.i48P" to="write_ln73" fromId="150" toId="43">
</dataflow>
<dataflow id="275" from="sec_out_V_V" to="write_ln73" fromId="141" toId="43">
</dataflow>
<dataflow id="276" from="StgValue_235" to="write_ln73" fromId="235" toId="43">
</dataflow>
<dataflow id="278" from="StgValue_277" to="store_ln95" fromId="277" toId="44">
</dataflow>
<dataflow id="279" from="data_src_state" to="store_ln95" fromId="143" toId="44">
</dataflow>
<dataflow id="280" from="data_src_state_load" to="switch_ln51" fromId="5" toId="45">
</dataflow>
<dataflow id="282" from="StgValue_281" to="switch_ln51" fromId="281" toId="45">
</dataflow>
<dataflow id="283" from="StgValue_277" to="switch_ln51" fromId="277" toId="45">
</dataflow>
<dataflow id="284" from="StgValue_267" to="switch_ln51" fromId="267" toId="45">
</dataflow>
<dataflow id="285" from="StgValue_257" to="switch_ln51" fromId="257" toId="45">
</dataflow>
<dataflow id="286" from="StgValue_247" to="switch_ln51" fromId="247" toId="45">
</dataflow>
<dataflow id="287" from="StgValue_237" to="switch_ln51" fromId="237" toId="45">
</dataflow>
<dataflow id="289" from="StgValue_288" to="switch_ln51" fromId="288" toId="45">
</dataflow>
<dataflow id="290" from="StgValue_226" to="switch_ln51" fromId="226" toId="45">
</dataflow>
<dataflow id="291" from="StgValue_215" to="switch_ln51" fromId="215" toId="45">
</dataflow>
<dataflow id="292" from="StgValue_205" to="switch_ln51" fromId="205" toId="45">
</dataflow>
<dataflow id="293" from="StgValue_195" to="switch_ln51" fromId="195" toId="45">
</dataflow>
<dataflow id="294" from="StgValue_185" to="switch_ln51" fromId="185" toId="45">
</dataflow>
<dataflow id="295" from="StgValue_175" to="switch_ln51" fromId="175" toId="45">
</dataflow>
<dataflow id="296" from="StgValue_165" to="switch_ln51" fromId="165" toId="45">
</dataflow>
<dataflow id="297" from="StgValue_155" to="switch_ln51" fromId="155" toId="45">
</dataflow>
<dataflow id="298" from="StgValue_281" to="store_ln690" fromId="281" toId="46">
</dataflow>
<dataflow id="299" from="data_src_state" to="store_ln690" fromId="143" toId="46">
</dataflow>
<dataflow id="300" from="_ssdm_op_Write.axis.volatile.i48P" to="write_ln674" fromId="150" toId="48">
</dataflow>
<dataflow id="301" from="sec_out_V_V" to="write_ln674" fromId="141" toId="48">
</dataflow>
<dataflow id="303" from="StgValue_302" to="write_ln674" fromId="302" toId="48">
</dataflow>
<dataflow id="304" from="_ssdm_op_Write.axis.volatile.i48P" to="write_ln627" fromId="150" toId="50">
</dataflow>
<dataflow id="305" from="sec_out_V_V" to="write_ln627" fromId="141" toId="50">
</dataflow>
<dataflow id="306" from="StgValue_302" to="write_ln627" fromId="302" toId="50">
</dataflow>
<dataflow id="307" from="_ssdm_op_Write.axis.volatile.i48P" to="write_ln578" fromId="150" toId="52">
</dataflow>
<dataflow id="308" from="sec_out_V_V" to="write_ln578" fromId="141" toId="52">
</dataflow>
<dataflow id="309" from="StgValue_302" to="write_ln578" fromId="302" toId="52">
</dataflow>
<dataflow id="310" from="_ssdm_op_Write.axis.volatile.i48P" to="write_ln529" fromId="150" toId="54">
</dataflow>
<dataflow id="311" from="sec_out_V_V" to="write_ln529" fromId="141" toId="54">
</dataflow>
<dataflow id="312" from="StgValue_302" to="write_ln529" fromId="302" toId="54">
</dataflow>
<dataflow id="313" from="_ssdm_op_Write.axis.volatile.i48P" to="write_ln483" fromId="150" toId="56">
</dataflow>
<dataflow id="314" from="sec_out_V_V" to="write_ln483" fromId="141" toId="56">
</dataflow>
<dataflow id="316" from="StgValue_315" to="write_ln483" fromId="315" toId="56">
</dataflow>
<dataflow id="317" from="_ssdm_op_Write.axis.volatile.i48P" to="write_ln439" fromId="150" toId="58">
</dataflow>
<dataflow id="318" from="sec_out_V_V" to="write_ln439" fromId="141" toId="58">
</dataflow>
<dataflow id="319" from="StgValue_315" to="write_ln439" fromId="315" toId="58">
</dataflow>
<dataflow id="320" from="_ssdm_op_Write.axis.volatile.i48P" to="write_ln393" fromId="150" toId="60">
</dataflow>
<dataflow id="321" from="sec_out_V_V" to="write_ln393" fromId="141" toId="60">
</dataflow>
<dataflow id="322" from="StgValue_315" to="write_ln393" fromId="315" toId="60">
</dataflow>
<dataflow id="323" from="_ssdm_op_Write.axis.volatile.i48P" to="write_ln347" fromId="150" toId="62">
</dataflow>
<dataflow id="324" from="sec_out_V_V" to="write_ln347" fromId="141" toId="62">
</dataflow>
<dataflow id="325" from="StgValue_315" to="write_ln347" fromId="315" toId="62">
</dataflow>
<dataflow id="326" from="_ssdm_op_Write.axis.volatile.i32P" to="write_ln293" fromId="145" toId="64">
</dataflow>
<dataflow id="327" from="app_out_V_V" to="write_ln293" fromId="140" toId="64">
</dataflow>
<dataflow id="329" from="StgValue_328" to="write_ln293" fromId="328" toId="64">
</dataflow>
<dataflow id="330" from="_ssdm_op_Write.axis.volatile.i48P" to="write_ln303" fromId="150" toId="65">
</dataflow>
<dataflow id="331" from="sec_out_V_V" to="write_ln303" fromId="141" toId="65">
</dataflow>
<dataflow id="333" from="StgValue_332" to="write_ln303" fromId="332" toId="65">
</dataflow>
<dataflow id="334" from="StgValue_288" to="store_ln314" fromId="288" toId="66">
</dataflow>
<dataflow id="335" from="data_src_state" to="store_ln314" fromId="143" toId="66">
</dataflow>
<dataflow id="336" from="_ssdm_op_Write.axis.volatile.i48P" to="write_ln267" fromId="150" toId="68">
</dataflow>
<dataflow id="337" from="sec_out_V_V" to="write_ln267" fromId="141" toId="68">
</dataflow>
<dataflow id="339" from="StgValue_338" to="write_ln267" fromId="338" toId="68">
</dataflow>
<dataflow id="340" from="_ssdm_op_Write.axis.volatile.i48P" to="write_ln221" fromId="150" toId="70">
</dataflow>
<dataflow id="341" from="sec_out_V_V" to="write_ln221" fromId="141" toId="70">
</dataflow>
<dataflow id="342" from="StgValue_338" to="write_ln221" fromId="338" toId="70">
</dataflow>
<dataflow id="343" from="_ssdm_op_Write.axis.volatile.i48P" to="write_ln176" fromId="150" toId="72">
</dataflow>
<dataflow id="344" from="sec_out_V_V" to="write_ln176" fromId="141" toId="72">
</dataflow>
<dataflow id="346" from="StgValue_345" to="write_ln176" fromId="345" toId="72">
</dataflow>
<dataflow id="347" from="_ssdm_op_Write.axis.volatile.i48P" to="write_ln130" fromId="150" toId="74">
</dataflow>
<dataflow id="348" from="sec_out_V_V" to="write_ln130" fromId="141" toId="74">
</dataflow>
<dataflow id="349" from="StgValue_345" to="write_ln130" fromId="345" toId="74">
</dataflow>
<dataflow id="350" from="_ssdm_op_Write.axis.volatile.i48P" to="write_ln83" fromId="150" toId="76">
</dataflow>
<dataflow id="351" from="sec_out_V_V" to="write_ln83" fromId="141" toId="76">
</dataflow>
<dataflow id="352" from="StgValue_345" to="write_ln83" fromId="345" toId="76">
</dataflow>
<dataflow id="354" from="_ssdm_op_SpecBitsMap" to="specbitsmap_ln0" fromId="353" toId="78">
</dataflow>
<dataflow id="355" from="app_out_V_V" to="specbitsmap_ln0" fromId="140" toId="78">
</dataflow>
<dataflow id="356" from="_ssdm_op_SpecBitsMap" to="specbitsmap_ln0" fromId="353" toId="79">
</dataflow>
<dataflow id="357" from="sec_out_V_V" to="specbitsmap_ln0" fromId="141" toId="79">
</dataflow>
<dataflow id="358" from="_ssdm_op_SpecBitsMap" to="specbitsmap_ln0" fromId="353" toId="80">
</dataflow>
<dataflow id="359" from="L1_state_out" to="specbitsmap_ln0" fromId="142" toId="80">
</dataflow>
<dataflow id="361" from="_ssdm_op_SpecTopModule" to="spectopmodule_ln0" fromId="360" toId="81">
</dataflow>
<dataflow id="363" from="L1_data_Uplane_str" to="spectopmodule_ln0" fromId="362" toId="81">
</dataflow>
<dataflow id="365" from="_ssdm_op_SpecPipeline" to="specpipeline_ln8" fromId="364" toId="82">
</dataflow>
<dataflow id="367" from="StgValue_366" to="specpipeline_ln8" fromId="366" toId="82">
</dataflow>
<dataflow id="368" from="StgValue_366" to="specpipeline_ln8" fromId="366" toId="82">
</dataflow>
<dataflow id="369" from="StgValue_366" to="specpipeline_ln8" fromId="366" toId="82">
</dataflow>
<dataflow id="371" from="StgValue_370" to="specpipeline_ln8" fromId="370" toId="82">
</dataflow>
<dataflow id="373" from="p_str" to="specpipeline_ln8" fromId="372" toId="82">
</dataflow>
<dataflow id="375" from="_ssdm_op_SpecInterface" to="specinterface_ln11" fromId="374" toId="83">
</dataflow>
<dataflow id="376" from="app_out_V_V" to="specinterface_ln11" fromId="140" toId="83">
</dataflow>
<dataflow id="378" from="p_str1" to="specinterface_ln11" fromId="377" toId="83">
</dataflow>
<dataflow id="379" from="StgValue_370" to="specinterface_ln11" fromId="370" toId="83">
</dataflow>
<dataflow id="380" from="StgValue_370" to="specinterface_ln11" fromId="370" toId="83">
</dataflow>
<dataflow id="381" from="p_str" to="specinterface_ln11" fromId="372" toId="83">
</dataflow>
<dataflow id="382" from="StgValue_370" to="specinterface_ln11" fromId="370" toId="83">
</dataflow>
<dataflow id="383" from="StgValue_370" to="specinterface_ln11" fromId="370" toId="83">
</dataflow>
<dataflow id="384" from="p_str" to="specinterface_ln11" fromId="372" toId="83">
</dataflow>
<dataflow id="385" from="p_str" to="specinterface_ln11" fromId="372" toId="83">
</dataflow>
<dataflow id="386" from="p_str" to="specinterface_ln11" fromId="372" toId="83">
</dataflow>
<dataflow id="387" from="StgValue_370" to="specinterface_ln11" fromId="370" toId="83">
</dataflow>
<dataflow id="388" from="StgValue_370" to="specinterface_ln11" fromId="370" toId="83">
</dataflow>
<dataflow id="389" from="StgValue_370" to="specinterface_ln11" fromId="370" toId="83">
</dataflow>
<dataflow id="390" from="StgValue_370" to="specinterface_ln11" fromId="370" toId="83">
</dataflow>
<dataflow id="391" from="p_str" to="specinterface_ln11" fromId="372" toId="83">
</dataflow>
<dataflow id="392" from="p_str" to="specinterface_ln11" fromId="372" toId="83">
</dataflow>
<dataflow id="393" from="_ssdm_op_SpecInterface" to="specinterface_ln12" fromId="374" toId="84">
</dataflow>
<dataflow id="394" from="sec_out_V_V" to="specinterface_ln12" fromId="141" toId="84">
</dataflow>
<dataflow id="395" from="p_str1" to="specinterface_ln12" fromId="377" toId="84">
</dataflow>
<dataflow id="396" from="StgValue_370" to="specinterface_ln12" fromId="370" toId="84">
</dataflow>
<dataflow id="397" from="StgValue_370" to="specinterface_ln12" fromId="370" toId="84">
</dataflow>
<dataflow id="398" from="p_str" to="specinterface_ln12" fromId="372" toId="84">
</dataflow>
<dataflow id="399" from="StgValue_370" to="specinterface_ln12" fromId="370" toId="84">
</dataflow>
<dataflow id="400" from="StgValue_370" to="specinterface_ln12" fromId="370" toId="84">
</dataflow>
<dataflow id="401" from="p_str" to="specinterface_ln12" fromId="372" toId="84">
</dataflow>
<dataflow id="402" from="p_str" to="specinterface_ln12" fromId="372" toId="84">
</dataflow>
<dataflow id="403" from="p_str" to="specinterface_ln12" fromId="372" toId="84">
</dataflow>
<dataflow id="404" from="StgValue_370" to="specinterface_ln12" fromId="370" toId="84">
</dataflow>
<dataflow id="405" from="StgValue_370" to="specinterface_ln12" fromId="370" toId="84">
</dataflow>
<dataflow id="406" from="StgValue_370" to="specinterface_ln12" fromId="370" toId="84">
</dataflow>
<dataflow id="407" from="StgValue_370" to="specinterface_ln12" fromId="370" toId="84">
</dataflow>
<dataflow id="408" from="p_str" to="specinterface_ln12" fromId="372" toId="84">
</dataflow>
<dataflow id="409" from="p_str" to="specinterface_ln12" fromId="372" toId="84">
</dataflow>
<dataflow id="410" from="_ssdm_op_SpecInterface" to="specinterface_ln13" fromId="374" toId="85">
</dataflow>
<dataflow id="411" from="L1_state_out" to="specinterface_ln13" fromId="142" toId="85">
</dataflow>
<dataflow id="413" from="p_str2" to="specinterface_ln13" fromId="412" toId="85">
</dataflow>
<dataflow id="414" from="StgValue_370" to="specinterface_ln13" fromId="370" toId="85">
</dataflow>
<dataflow id="415" from="StgValue_370" to="specinterface_ln13" fromId="370" toId="85">
</dataflow>
<dataflow id="416" from="p_str" to="specinterface_ln13" fromId="372" toId="85">
</dataflow>
<dataflow id="417" from="StgValue_370" to="specinterface_ln13" fromId="370" toId="85">
</dataflow>
<dataflow id="418" from="StgValue_370" to="specinterface_ln13" fromId="370" toId="85">
</dataflow>
<dataflow id="419" from="p_str" to="specinterface_ln13" fromId="372" toId="85">
</dataflow>
<dataflow id="420" from="p_str" to="specinterface_ln13" fromId="372" toId="85">
</dataflow>
<dataflow id="421" from="p_str" to="specinterface_ln13" fromId="372" toId="85">
</dataflow>
<dataflow id="422" from="StgValue_370" to="specinterface_ln13" fromId="370" toId="85">
</dataflow>
<dataflow id="423" from="StgValue_370" to="specinterface_ln13" fromId="370" toId="85">
</dataflow>
<dataflow id="424" from="StgValue_370" to="specinterface_ln13" fromId="370" toId="85">
</dataflow>
<dataflow id="425" from="StgValue_370" to="specinterface_ln13" fromId="370" toId="85">
</dataflow>
<dataflow id="426" from="p_str" to="specinterface_ln13" fromId="372" toId="85">
</dataflow>
<dataflow id="427" from="p_str" to="specinterface_ln13" fromId="372" toId="85">
</dataflow>
<dataflow id="428" from="_ssdm_op_SpecInterface" to="specinterface_ln14" fromId="374" toId="86">
</dataflow>
<dataflow id="429" from="StgValue_370" to="specinterface_ln14" fromId="370" toId="86">
</dataflow>
<dataflow id="431" from="p_str3" to="specinterface_ln14" fromId="430" toId="86">
</dataflow>
<dataflow id="432" from="StgValue_370" to="specinterface_ln14" fromId="370" toId="86">
</dataflow>
<dataflow id="433" from="StgValue_370" to="specinterface_ln14" fromId="370" toId="86">
</dataflow>
<dataflow id="434" from="p_str" to="specinterface_ln14" fromId="372" toId="86">
</dataflow>
<dataflow id="435" from="StgValue_370" to="specinterface_ln14" fromId="370" toId="86">
</dataflow>
<dataflow id="436" from="StgValue_370" to="specinterface_ln14" fromId="370" toId="86">
</dataflow>
<dataflow id="437" from="p_str" to="specinterface_ln14" fromId="372" toId="86">
</dataflow>
<dataflow id="438" from="p_str" to="specinterface_ln14" fromId="372" toId="86">
</dataflow>
<dataflow id="439" from="p_str" to="specinterface_ln14" fromId="372" toId="86">
</dataflow>
<dataflow id="440" from="StgValue_370" to="specinterface_ln14" fromId="370" toId="86">
</dataflow>
<dataflow id="441" from="StgValue_370" to="specinterface_ln14" fromId="370" toId="86">
</dataflow>
<dataflow id="442" from="StgValue_370" to="specinterface_ln14" fromId="370" toId="86">
</dataflow>
<dataflow id="443" from="StgValue_370" to="specinterface_ln14" fromId="370" toId="86">
</dataflow>
<dataflow id="444" from="p_str" to="specinterface_ln14" fromId="372" toId="86">
</dataflow>
<dataflow id="445" from="p_str" to="specinterface_ln14" fromId="372" toId="86">
</dataflow>
<dataflow id="447" from="_ssdm_op_SpecReset" to="specreset_ln47" fromId="446" toId="87">
</dataflow>
<dataflow id="448" from="data_src_state" to="specreset_ln47" fromId="143" toId="87">
</dataflow>
<dataflow id="449" from="StgValue_366" to="specreset_ln47" fromId="366" toId="87">
</dataflow>
<dataflow id="450" from="p_str" to="specreset_ln47" fromId="372" toId="87">
</dataflow>
<dataflow id="451" from="data_src_state_load" to="zext_ln49" fromId="5" toId="88">
</dataflow>
<dataflow id="453" from="_ssdm_op_Write.ap_none.i8P" to="write_ln49" fromId="452" toId="89">
</dataflow>
<dataflow id="454" from="L1_state_out" to="write_ln49" fromId="142" toId="89">
</dataflow>
<dataflow id="455" from="zext_ln49" to="write_ln49" fromId="88" toId="89">
</dataflow>
<dataflow id="456" from="_ssdm_op_Write.axis.volatile.i48P" to="write_ln684" fromId="150" toId="90">
</dataflow>
<dataflow id="457" from="sec_out_V_V" to="write_ln684" fromId="141" toId="90">
</dataflow>
<dataflow id="459" from="StgValue_458" to="write_ln684" fromId="458" toId="90">
</dataflow>
<dataflow id="460" from="_ssdm_op_Write.axis.volatile.i48P" to="write_ln638" fromId="150" toId="91">
</dataflow>
<dataflow id="461" from="sec_out_V_V" to="write_ln638" fromId="141" toId="91">
</dataflow>
<dataflow id="462" from="StgValue_458" to="write_ln638" fromId="458" toId="91">
</dataflow>
<dataflow id="463" from="_ssdm_op_Write.axis.volatile.i48P" to="write_ln589" fromId="150" toId="92">
</dataflow>
<dataflow id="464" from="sec_out_V_V" to="write_ln589" fromId="141" toId="92">
</dataflow>
<dataflow id="465" from="StgValue_458" to="write_ln589" fromId="458" toId="92">
</dataflow>
<dataflow id="466" from="_ssdm_op_Write.axis.volatile.i48P" to="write_ln539" fromId="150" toId="93">
</dataflow>
<dataflow id="467" from="sec_out_V_V" to="write_ln539" fromId="141" toId="93">
</dataflow>
<dataflow id="468" from="StgValue_458" to="write_ln539" fromId="458" toId="93">
</dataflow>
<dataflow id="469" from="_ssdm_op_Write.axis.volatile.i48P" to="write_ln493" fromId="150" toId="94">
</dataflow>
<dataflow id="470" from="sec_out_V_V" to="write_ln493" fromId="141" toId="94">
</dataflow>
<dataflow id="472" from="StgValue_471" to="write_ln493" fromId="471" toId="94">
</dataflow>
<dataflow id="473" from="_ssdm_op_Write.axis.volatile.i48P" to="write_ln449" fromId="150" toId="95">
</dataflow>
<dataflow id="474" from="sec_out_V_V" to="write_ln449" fromId="141" toId="95">
</dataflow>
<dataflow id="475" from="StgValue_471" to="write_ln449" fromId="471" toId="95">
</dataflow>
<dataflow id="476" from="_ssdm_op_Write.axis.volatile.i48P" to="write_ln403" fromId="150" toId="96">
</dataflow>
<dataflow id="477" from="sec_out_V_V" to="write_ln403" fromId="141" toId="96">
</dataflow>
<dataflow id="478" from="StgValue_471" to="write_ln403" fromId="471" toId="96">
</dataflow>
<dataflow id="479" from="_ssdm_op_Write.axis.volatile.i48P" to="write_ln357" fromId="150" toId="97">
</dataflow>
<dataflow id="480" from="sec_out_V_V" to="write_ln357" fromId="141" toId="97">
</dataflow>
<dataflow id="481" from="StgValue_471" to="write_ln357" fromId="471" toId="97">
</dataflow>
<dataflow id="482" from="_ssdm_op_Write.axis.volatile.i48P" to="write_ln313" fromId="150" toId="98">
</dataflow>
<dataflow id="483" from="sec_out_V_V" to="write_ln313" fromId="141" toId="98">
</dataflow>
<dataflow id="484" from="StgValue_471" to="write_ln313" fromId="471" toId="98">
</dataflow>
<dataflow id="485" from="_ssdm_op_Write.axis.volatile.i48P" to="write_ln277" fromId="150" toId="99">
</dataflow>
<dataflow id="486" from="sec_out_V_V" to="write_ln277" fromId="141" toId="99">
</dataflow>
<dataflow id="487" from="StgValue_471" to="write_ln277" fromId="471" toId="99">
</dataflow>
<dataflow id="488" from="_ssdm_op_Write.axis.volatile.i48P" to="write_ln231" fromId="150" toId="100">
</dataflow>
<dataflow id="489" from="sec_out_V_V" to="write_ln231" fromId="141" toId="100">
</dataflow>
<dataflow id="490" from="StgValue_471" to="write_ln231" fromId="471" toId="100">
</dataflow>
<dataflow id="491" from="_ssdm_op_Write.axis.volatile.i48P" to="write_ln186" fromId="150" toId="101">
</dataflow>
<dataflow id="492" from="sec_out_V_V" to="write_ln186" fromId="141" toId="101">
</dataflow>
<dataflow id="493" from="StgValue_471" to="write_ln186" fromId="471" toId="101">
</dataflow>
<dataflow id="494" from="_ssdm_op_Write.axis.volatile.i48P" to="write_ln141" fromId="150" toId="102">
</dataflow>
<dataflow id="495" from="sec_out_V_V" to="write_ln141" fromId="141" toId="102">
</dataflow>
<dataflow id="496" from="StgValue_471" to="write_ln141" fromId="471" toId="102">
</dataflow>
<dataflow id="497" from="_ssdm_op_Write.axis.volatile.i48P" to="write_ln93" fromId="150" toId="103">
</dataflow>
<dataflow id="498" from="sec_out_V_V" to="write_ln93" fromId="141" toId="103">
</dataflow>
<dataflow id="499" from="StgValue_471" to="write_ln93" fromId="471" toId="103">
</dataflow>
<dataflow id="500" from="data_src_state_load" to="StgValue_2" fromId="5" toId="2">
</dataflow>
<dataflow id="501" from="data_src_state_load" to="StgValue_3" fromId="5" toId="3">
</dataflow>
<dataflow id="502" from="data_src_state_load" to="StgValue_4" fromId="5" toId="4">
</dataflow>
</dataflows>


</stg>
