<annotationInfo>
<item  id="67" filename="CtrlPlanePacketizer/CtrlPlanePacketizer.cpp" linenumber="104" name="zext_ln209" contextFuncName="cplane_packetizer" moduleName="cplane_packetizer" rtlName="cstate_out_V" latency="0" BRAM="-1" DSP="-1" FF="-1" LUT="-1" fileDirectory="/home/ssaraswathy/Documents/ORAN_Uplane/Uplane_without_Compression/Simulation_design/Looping_design/ORAN_INTEG_1/hls_src"><\/item>
<item  id="79" filename="CtrlPlanePacketizer/CtrlPlanePacketizer.cpp" linenumber="535" name="p_Result_70" contextFuncName="cplane_packetizer" moduleName="cplane_packetizer" rtlName="grp_fu_1908_p4" latency="0" BRAM="-1" DSP="-1" FF="-1" LUT="-1" fileDirectory="/home/ssaraswathy/Documents/ORAN_Uplane/Uplane_without_Compression/Simulation_design/Looping_design/ORAN_INTEG_1/hls_src"><\/item>
<item  id="80" filename="CtrlPlanePacketizer/CtrlPlanePacketizer.cpp" linenumber="536" name="p_Result_71" contextFuncName="cplane_packetizer" moduleName="cplane_packetizer" rtlName="grp_fu_1917_p4" latency="0" BRAM="-1" DSP="-1" FF="-1" LUT="-1" fileDirectory="/home/ssaraswathy/Documents/ORAN_Uplane/Uplane_without_Compression/Simulation_design/Looping_design/ORAN_INTEG_1/hls_src"><\/item>
<item  id="81" filename="CtrlPlanePacketizer/CtrlPlanePacketizer.cpp" linenumber="537" name="p_Result_72" contextFuncName="cplane_packetizer" moduleName="cplane_packetizer" rtlName="grp_fu_1926_p4" latency="0" BRAM="-1" DSP="-1" FF="-1" LUT="-1" fileDirectory="/home/ssaraswathy/Documents/ORAN_Uplane/Uplane_without_Compression/Simulation_design/Looping_design/ORAN_INTEG_1/hls_src"><\/item>
<item  id="82" filename="CtrlPlanePacketizer/CtrlPlanePacketizer.cpp" linenumber="538" name="p_Result_73" contextFuncName="cplane_packetizer" moduleName="cplane_packetizer" rtlName="grp_fu_1935_p4" latency="0" BRAM="-1" DSP="-1" FF="-1" LUT="-1" fileDirectory="/home/ssaraswathy/Documents/ORAN_Uplane/Uplane_without_Compression/Simulation_design/Looping_design/ORAN_INTEG_1/hls_src"><\/item>
<item  id="83" filename="CtrlPlanePacketizer/CtrlPlanePacketizer.cpp" linenumber="539" name="p_Result_74" contextFuncName="cplane_packetizer" moduleName="cplane_packetizer" rtlName="grp_fu_1944_p4" latency="0" BRAM="-1" DSP="-1" FF="-1" LUT="-1" fileDirectory="/home/ssaraswathy/Documents/ORAN_Uplane/Uplane_without_Compression/Simulation_design/Looping_design/ORAN_INTEG_1/hls_src"><\/item>
<item  id="84" filename="CtrlPlanePacketizer/CtrlPlanePacketizer.cpp" linenumber="540" name="p_Result_75" contextFuncName="cplane_packetizer" moduleName="cplane_packetizer" rtlName="grp_fu_1953_p4" latency="0" BRAM="-1" DSP="-1" FF="-1" LUT="-1" fileDirectory="/home/ssaraswathy/Documents/ORAN_Uplane/Uplane_without_Compression/Simulation_design/Looping_design/ORAN_INTEG_1/hls_src"><\/item>
<item  id="85" filename="CtrlPlanePacketizer/CtrlPlanePacketizer.cpp" linenumber="541" name="p_Result_76" contextFuncName="cplane_packetizer" moduleName="cplane_packetizer" rtlName="grp_fu_1962_p4" latency="0" BRAM="-1" DSP="-1" FF="-1" LUT="-1" fileDirectory="/home/ssaraswathy/Documents/ORAN_Uplane/Uplane_without_Compression/Simulation_design/Looping_design/ORAN_INTEG_1/hls_src"><\/item>
<item  id="86" filename="CtrlPlanePacketizer/CtrlPlanePacketizer.cpp" linenumber="542" name="p_Result_77" contextFuncName="cplane_packetizer" moduleName="cplane_packetizer" rtlName="grp_fu_1971_p4" latency="0" BRAM="-1" DSP="-1" FF="-1" LUT="-1" fileDirectory="/home/ssaraswathy/Documents/ORAN_Uplane/Uplane_without_Compression/Simulation_design/Looping_design/ORAN_INTEG_1/hls_src"><\/item>
<item  id="87" filename="CtrlPlanePacketizer/CtrlPlanePacketizer.cpp" linenumber="543" name="p_Result_78" contextFuncName="cplane_packetizer" moduleName="cplane_packetizer" rtlName="grp_fu_1980_p4" latency="0" BRAM="-1" DSP="-1" FF="-1" LUT="-1" fileDirectory="/home/ssaraswathy/Documents/ORAN_Uplane/Uplane_without_Compression/Simulation_design/Looping_design/ORAN_INTEG_1/hls_src"><\/item>
<item  id="88" filename="CtrlPlanePacketizer/CtrlPlanePacketizer.cpp" linenumber="544" name="p_Result_79" contextFuncName="cplane_packetizer" moduleName="cplane_packetizer" rtlName="grp_fu_1989_p4" latency="0" BRAM="-1" DSP="-1" FF="-1" LUT="-1" fileDirectory="/home/ssaraswathy/Documents/ORAN_Uplane/Uplane_without_Compression/Simulation_design/Looping_design/ORAN_INTEG_1/hls_src"><\/item>
<item  id="89" filename="CtrlPlanePacketizer/CtrlPlanePacketizer.cpp" linenumber="545" name="trunc_ln647_10" contextFuncName="cplane_packetizer" moduleName="cplane_packetizer" rtlName="trunc_ln647_10_fu_3080_p1" latency="0" BRAM="-1" DSP="-1" FF="-1" LUT="-1" fileDirectory="/home/ssaraswathy/Documents/ORAN_Uplane/Uplane_without_Compression/Simulation_design/Looping_design/ORAN_INTEG_1/hls_src"><\/item>
<item  id="90" filename="CtrlPlanePacketizer/CtrlPlanePacketizer.cpp" linenumber="548" name="tmp_13" contextFuncName="cplane_packetizer" moduleName="cplane_packetizer" rtlName="tmp_13_fu_3083_p13" latency="0" BRAM="-1" DSP="-1" FF="-1" LUT="-1" fileDirectory="/home/ssaraswathy/Documents/ORAN_Uplane/Uplane_without_Compression/Simulation_design/Looping_design/ORAN_INTEG_1/hls_src"><\/item>
<item  id="91" filename="CtrlPlanePacketizer/CtrlPlanePacketizer.cpp" linenumber="548" name="p_Result_148" contextFuncName="cplane_packetizer" moduleName="cplane_packetizer" rtlName="p_Result_148_fu_3111_p5" latency="0" BRAM="-1" DSP="-1" FF="-1" LUT="-1" fileDirectory="/home/ssaraswathy/Documents/ORAN_Uplane/Uplane_without_Compression/Simulation_design/Looping_design/ORAN_INTEG_1/hls_src"><\/item>
<item  id="97" filename="CtrlPlanePacketizer/CtrlPlanePacketizer.cpp" linenumber="499" name="p_Result_59" contextFuncName="cplane_packetizer" moduleName="cplane_packetizer" rtlName="grp_fu_1628_p4" latency="0" BRAM="-1" DSP="-1" FF="-1" LUT="-1" fileDirectory="/home/ssaraswathy/Documents/ORAN_Uplane/Uplane_without_Compression/Simulation_design/Looping_design/ORAN_INTEG_1/hls_src"><\/item>
<item  id="98" filename="CtrlPlanePacketizer/CtrlPlanePacketizer.cpp" linenumber="500" name="p_Result_60" contextFuncName="cplane_packetizer" moduleName="cplane_packetizer" rtlName="grp_fu_1637_p4" latency="0" BRAM="-1" DSP="-1" FF="-1" LUT="-1" fileDirectory="/home/ssaraswathy/Documents/ORAN_Uplane/Uplane_without_Compression/Simulation_design/Looping_design/ORAN_INTEG_1/hls_src"><\/item>
<item  id="99" filename="CtrlPlanePacketizer/CtrlPlanePacketizer.cpp" linenumber="501" name="p_Result_61" contextFuncName="cplane_packetizer" moduleName="cplane_packetizer" rtlName="grp_fu_1646_p4" latency="0" BRAM="-1" DSP="-1" FF="-1" LUT="-1" fileDirectory="/home/ssaraswathy/Documents/ORAN_Uplane/Uplane_without_Compression/Simulation_design/Looping_design/ORAN_INTEG_1/hls_src"><\/item>
<item  id="100" filename="CtrlPlanePacketizer/CtrlPlanePacketizer.cpp" linenumber="502" name="p_Result_62" contextFuncName="cplane_packetizer" moduleName="cplane_packetizer" rtlName="grp_fu_1655_p4" latency="0" BRAM="-1" DSP="-1" FF="-1" LUT="-1" fileDirectory="/home/ssaraswathy/Documents/ORAN_Uplane/Uplane_without_Compression/Simulation_design/Looping_design/ORAN_INTEG_1/hls_src"><\/item>
<item  id="101" filename="CtrlPlanePacketizer/CtrlPlanePacketizer.cpp" linenumber="503" name="p_Result_63" contextFuncName="cplane_packetizer" moduleName="cplane_packetizer" rtlName="grp_fu_1664_p4" latency="0" BRAM="-1" DSP="-1" FF="-1" LUT="-1" fileDirectory="/home/ssaraswathy/Documents/ORAN_Uplane/Uplane_without_Compression/Simulation_design/Looping_design/ORAN_INTEG_1/hls_src"><\/item>
<item  id="102" filename="CtrlPlanePacketizer/CtrlPlanePacketizer.cpp" linenumber="504" name="p_Result_64" contextFuncName="cplane_packetizer" moduleName="cplane_packetizer" rtlName="grp_fu_1673_p4" latency="0" BRAM="-1" DSP="-1" FF="-1" LUT="-1" fileDirectory="/home/ssaraswathy/Documents/ORAN_Uplane/Uplane_without_Compression/Simulation_design/Looping_design/ORAN_INTEG_1/hls_src"><\/item>
<item  id="103" filename="CtrlPlanePacketizer/CtrlPlanePacketizer.cpp" linenumber="505" name="p_Result_65" contextFuncName="cplane_packetizer" moduleName="cplane_packetizer" rtlName="grp_fu_1682_p4" latency="0" BRAM="-1" DSP="-1" FF="-1" LUT="-1" fileDirectory="/home/ssaraswathy/Documents/ORAN_Uplane/Uplane_without_Compression/Simulation_design/Looping_design/ORAN_INTEG_1/hls_src"><\/item>
<item  id="104" filename="CtrlPlanePacketizer/CtrlPlanePacketizer.cpp" linenumber="506" name="p_Result_66" contextFuncName="cplane_packetizer" moduleName="cplane_packetizer" rtlName="grp_fu_1691_p4" latency="0" BRAM="-1" DSP="-1" FF="-1" LUT="-1" fileDirectory="/home/ssaraswathy/Documents/ORAN_Uplane/Uplane_without_Compression/Simulation_design/Looping_design/ORAN_INTEG_1/hls_src"><\/item>
<item  id="105" filename="CtrlPlanePacketizer/CtrlPlanePacketizer.cpp" linenumber="507" name="p_Result_67" contextFuncName="cplane_packetizer" moduleName="cplane_packetizer" rtlName="grp_fu_1700_p4" latency="0" BRAM="-1" DSP="-1" FF="-1" LUT="-1" fileDirectory="/home/ssaraswathy/Documents/ORAN_Uplane/Uplane_without_Compression/Simulation_design/Looping_design/ORAN_INTEG_1/hls_src"><\/item>
<item  id="106" filename="CtrlPlanePacketizer/CtrlPlanePacketizer.cpp" linenumber="508" name="p_Result_68" contextFuncName="cplane_packetizer" moduleName="cplane_packetizer" rtlName="grp_fu_1709_p4" latency="0" BRAM="-1" DSP="-1" FF="-1" LUT="-1" fileDirectory="/home/ssaraswathy/Documents/ORAN_Uplane/Uplane_without_Compression/Simulation_design/Looping_design/ORAN_INTEG_1/hls_src"><\/item>
<item  id="107" filename="CtrlPlanePacketizer/CtrlPlanePacketizer.cpp" linenumber="509" name="trunc_ln647_9" contextFuncName="cplane_packetizer" moduleName="cplane_packetizer" rtlName="trunc_ln647_9_fu_2103_p1" latency="0" BRAM="-1" DSP="-1" FF="-1" LUT="-1" fileDirectory="/home/ssaraswathy/Documents/ORAN_Uplane/Uplane_without_Compression/Simulation_design/Looping_design/ORAN_INTEG_1/hls_src"><\/item>
<item  id="108" filename="CtrlPlanePacketizer/CtrlPlanePacketizer.cpp" linenumber="509" name="tmp_12" contextFuncName="cplane_packetizer" moduleName="cplane_packetizer" rtlName="tmp_12_fu_2107_p12" latency="0" BRAM="-1" DSP="-1" FF="-1" LUT="-1" fileDirectory="/home/ssaraswathy/Documents/ORAN_Uplane/Uplane_without_Compression/Simulation_design/Looping_design/ORAN_INTEG_1/hls_src"><\/item>
<item  id="109" filename="CtrlPlanePacketizer/CtrlPlanePacketizer.cpp" linenumber="509" name="p_Result_146" contextFuncName="cplane_packetizer" moduleName="cplane_packetizer" rtlName="p_Result_146_fu_2133_p5" latency="0" BRAM="-1" DSP="-1" FF="-1" LUT="-1" fileDirectory="/home/ssaraswathy/Documents/ORAN_Uplane/Uplane_without_Compression/Simulation_design/Looping_design/ORAN_INTEG_1/hls_src"><\/item>
<item  id="112" filename="CtrlPlanePacketizer/CtrlPlanePacketizer.cpp" linenumber="464" name="p_Result_51" contextFuncName="cplane_packetizer" moduleName="cplane_packetizer" rtlName="grp_fu_1655_p4" latency="0" BRAM="-1" DSP="-1" FF="-1" LUT="-1" fileDirectory="/home/ssaraswathy/Documents/ORAN_Uplane/Uplane_without_Compression/Simulation_design/Looping_design/ORAN_INTEG_1/hls_src"><\/item>
<item  id="113" filename="CtrlPlanePacketizer/CtrlPlanePacketizer.cpp" linenumber="465" name="p_Result_52" contextFuncName="cplane_packetizer" moduleName="cplane_packetizer" rtlName="grp_fu_1664_p4" latency="0" BRAM="-1" DSP="-1" FF="-1" LUT="-1" fileDirectory="/home/ssaraswathy/Documents/ORAN_Uplane/Uplane_without_Compression/Simulation_design/Looping_design/ORAN_INTEG_1/hls_src"><\/item>
<item  id="114" filename="CtrlPlanePacketizer/CtrlPlanePacketizer.cpp" linenumber="466" name="p_Result_53" contextFuncName="cplane_packetizer" moduleName="cplane_packetizer" rtlName="grp_fu_1673_p4" latency="0" BRAM="-1" DSP="-1" FF="-1" LUT="-1" fileDirectory="/home/ssaraswathy/Documents/ORAN_Uplane/Uplane_without_Compression/Simulation_design/Looping_design/ORAN_INTEG_1/hls_src"><\/item>
<item  id="115" filename="CtrlPlanePacketizer/CtrlPlanePacketizer.cpp" linenumber="467" name="p_Result_54" contextFuncName="cplane_packetizer" moduleName="cplane_packetizer" rtlName="grp_fu_1682_p4" latency="0" BRAM="-1" DSP="-1" FF="-1" LUT="-1" fileDirectory="/home/ssaraswathy/Documents/ORAN_Uplane/Uplane_without_Compression/Simulation_design/Looping_design/ORAN_INTEG_1/hls_src"><\/item>
<item  id="116" filename="CtrlPlanePacketizer/CtrlPlanePacketizer.cpp" linenumber="468" name="p_Result_55" contextFuncName="cplane_packetizer" moduleName="cplane_packetizer" rtlName="grp_fu_1691_p4" latency="0" BRAM="-1" DSP="-1" FF="-1" LUT="-1" fileDirectory="/home/ssaraswathy/Documents/ORAN_Uplane/Uplane_without_Compression/Simulation_design/Looping_design/ORAN_INTEG_1/hls_src"><\/item>
<item  id="117" filename="CtrlPlanePacketizer/CtrlPlanePacketizer.cpp" linenumber="469" name="p_Result_56" contextFuncName="cplane_packetizer" moduleName="cplane_packetizer" rtlName="grp_fu_1700_p4" latency="0" BRAM="-1" DSP="-1" FF="-1" LUT="-1" fileDirectory="/home/ssaraswathy/Documents/ORAN_Uplane/Uplane_without_Compression/Simulation_design/Looping_design/ORAN_INTEG_1/hls_src"><\/item>
<item  id="118" filename="CtrlPlanePacketizer/CtrlPlanePacketizer.cpp" linenumber="470" name="p_Result_57" contextFuncName="cplane_packetizer" moduleName="cplane_packetizer" rtlName="grp_fu_1709_p4" latency="0" BRAM="-1" DSP="-1" FF="-1" LUT="-1" fileDirectory="/home/ssaraswathy/Documents/ORAN_Uplane/Uplane_without_Compression/Simulation_design/Looping_design/ORAN_INTEG_1/hls_src"><\/item>
<item  id="119" filename="CtrlPlanePacketizer/CtrlPlanePacketizer.cpp" linenumber="471" name="trunc_ln647_8" contextFuncName="cplane_packetizer" moduleName="cplane_packetizer" rtlName="trunc_ln647_8_fu_2145_p1" latency="0" BRAM="-1" DSP="-1" FF="-1" LUT="-1" fileDirectory="/home/ssaraswathy/Documents/ORAN_Uplane/Uplane_without_Compression/Simulation_design/Looping_design/ORAN_INTEG_1/hls_src"><\/item>
<item  id="120" filename="CtrlPlanePacketizer/CtrlPlanePacketizer.cpp" linenumber="471" name="tmp_11" contextFuncName="cplane_packetizer" moduleName="cplane_packetizer" rtlName="tmp_11_fu_2149_p9" latency="0" BRAM="-1" DSP="-1" FF="-1" LUT="-1" fileDirectory="/home/ssaraswathy/Documents/ORAN_Uplane/Uplane_without_Compression/Simulation_design/Looping_design/ORAN_INTEG_1/hls_src"><\/item>
<item  id="121" filename="CtrlPlanePacketizer/CtrlPlanePacketizer.cpp" linenumber="471" name="p_Result_143" contextFuncName="cplane_packetizer" moduleName="cplane_packetizer" rtlName="p_Result_143_fu_2169_p5" latency="0" BRAM="-1" DSP="-1" FF="-1" LUT="-1" fileDirectory="/home/ssaraswathy/Documents/ORAN_Uplane/Uplane_without_Compression/Simulation_design/Looping_design/ORAN_INTEG_1/hls_src"><\/item>
<item  id="122" filename="CtrlPlanePacketizer/CtrlPlanePacketizer.cpp" linenumber="472" name="icmp_ln883_3" contextFuncName="cplane_packetizer" moduleName="cplane_packetizer" rtlName="grp_fu_1718_p2" latency="0" BRAM="-1" DSP="-1" FF="0" LUT="9" fileDirectory="/home/ssaraswathy/Documents/ORAN_Uplane/Uplane_without_Compression/Simulation_design/Looping_design/ORAN_INTEG_1/hls_src"><\/item>
<item  id="129" filename="CtrlPlanePacketizer/../lib/oran_header.h" linenumber="142" name="tmp_bfWCompParam_V_4" contextFuncName="operator=" moduleName="cplane_packetizer" rtlName="tmp_bfWCompParam_V_1_reg_3680" latency="0" BRAM="-1" DSP="-1" FF="-1" LUT="-1" fileDirectory="/home/ssaraswathy/Documents/ORAN_Uplane/Uplane_without_Compression/Simulation_design/Looping_design/ORAN_INTEG_1/hls_src"><\/item>
<item  id="130" filename="CtrlPlanePacketizer/../lib/oran_header.h" linenumber="142" name="tmp_45" contextFuncName="operator=" moduleName="cplane_packetizer" rtlName="extType11_reserved_c" latency="0" BRAM="-1" DSP="-1" FF="-1" LUT="-1" fileDirectory="/home/ssaraswathy/Documents/ORAN_Uplane/Uplane_without_Compression/Simulation_design/Looping_design/ORAN_INTEG_1/hls_src"><\/item>
<item  id="131" filename="CtrlPlanePacketizer/../lib/oran_header.h" linenumber="142" name="p_Val2_17" contextFuncName="operator=" moduleName="cplane_packetizer" rtlName="extType11_beamID_V" latency="0" BRAM="-1" DSP="-1" FF="-1" LUT="-1" fileDirectory="/home/ssaraswathy/Documents/ORAN_Uplane/Uplane_without_Compression/Simulation_design/Looping_design/ORAN_INTEG_1/hls_src"><\/item>
<item  id="134" filename="CtrlPlanePacketizer/CtrlPlanePacketizer.cpp" linenumber="476" name="p_Result_113" contextFuncName="cplane_packetizer" moduleName="cplane_packetizer" rtlName="grp_fu_1762_p4" latency="0" BRAM="-1" DSP="-1" FF="-1" LUT="-1" fileDirectory="/home/ssaraswathy/Documents/ORAN_Uplane/Uplane_without_Compression/Simulation_design/Looping_design/ORAN_INTEG_1/hls_src"><\/item>
<item  id="135" filename="CtrlPlanePacketizer/CtrlPlanePacketizer.cpp" linenumber="478" name="tmp_31" contextFuncName="cplane_packetizer" moduleName="cplane_packetizer" rtlName="grp_fu_1772_p4" latency="0" BRAM="-1" DSP="-1" FF="-1" LUT="-1" fileDirectory="/home/ssaraswathy/Documents/ORAN_Uplane/Uplane_without_Compression/Simulation_design/Looping_design/ORAN_INTEG_1/hls_src"><\/item>
<item  id="136" filename="CtrlPlanePacketizer/CtrlPlanePacketizer.cpp" linenumber="478" name="tmp_32" contextFuncName="cplane_packetizer" moduleName="cplane_packetizer" rtlName="tmp_32_fu_2181_p4" latency="0" BRAM="-1" DSP="-1" FF="-1" LUT="-1" fileDirectory="/home/ssaraswathy/Documents/ORAN_Uplane/Uplane_without_Compression/Simulation_design/Looping_design/ORAN_INTEG_1/hls_src"><\/item>
<item  id="137" filename="CtrlPlanePacketizer/CtrlPlanePacketizer.cpp" linenumber="478" name="p_Result_144" contextFuncName="cplane_packetizer" moduleName="cplane_packetizer" rtlName="p_Result_144_fu_2191_p5" latency="0" BRAM="-1" DSP="-1" FF="-1" LUT="-1" fileDirectory="/home/ssaraswathy/Documents/ORAN_Uplane/Uplane_without_Compression/Simulation_design/Looping_design/ORAN_INTEG_1/hls_src"><\/item>
<item  id="140" filename="CtrlPlanePacketizer/CtrlPlanePacketizer.cpp" linenumber="492" name="p_Result_145" contextFuncName="cplane_packetizer" moduleName="cplane_packetizer" rtlName="p_Result_145_fu_2203_p5" latency="0" BRAM="-1" DSP="-1" FF="-1" LUT="-1" fileDirectory="/home/ssaraswathy/Documents/ORAN_Uplane/Uplane_without_Compression/Simulation_design/Looping_design/ORAN_INTEG_1/hls_src"><\/item>
<item  id="161" filename="CtrlPlanePacketizer/CtrlPlanePacketizer.cpp" linenumber="517" name="p_Result_135" contextFuncName="cplane_packetizer" moduleName="cplane_packetizer" rtlName="reg_1998" latency="0" BRAM="-1" DSP="-1" FF="-1" LUT="-1" fileDirectory="/home/ssaraswathy/Documents/ORAN_Uplane/Uplane_without_Compression/Simulation_design/Looping_design/ORAN_INTEG_1/hls_src"><\/item>
<item  id="162" filename="CtrlPlanePacketizer/CtrlPlanePacketizer.cpp" linenumber="518" name="p_Result_136" contextFuncName="cplane_packetizer" moduleName="cplane_packetizer" rtlName="reg_2002" latency="0" BRAM="-1" DSP="-1" FF="-1" LUT="-1" fileDirectory="/home/ssaraswathy/Documents/ORAN_Uplane/Uplane_without_Compression/Simulation_design/Looping_design/ORAN_INTEG_1/hls_src"><\/item>
<item  id="163" filename="CtrlPlanePacketizer/CtrlPlanePacketizer.cpp" linenumber="519" name="p_Result_137" contextFuncName="cplane_packetizer" moduleName="cplane_packetizer" rtlName="reg_2006" latency="0" BRAM="-1" DSP="-1" FF="-1" LUT="-1" fileDirectory="/home/ssaraswathy/Documents/ORAN_Uplane/Uplane_without_Compression/Simulation_design/Looping_design/ORAN_INTEG_1/hls_src"><\/item>
<item  id="164" filename="CtrlPlanePacketizer/CtrlPlanePacketizer.cpp" linenumber="520" name="p_Result_138" contextFuncName="cplane_packetizer" moduleName="cplane_packetizer" rtlName="reg_2010" latency="0" BRAM="-1" DSP="-1" FF="-1" LUT="-1" fileDirectory="/home/ssaraswathy/Documents/ORAN_Uplane/Uplane_without_Compression/Simulation_design/Looping_design/ORAN_INTEG_1/hls_src"><\/item>
<item  id="165" filename="CtrlPlanePacketizer/CtrlPlanePacketizer.cpp" linenumber="521" name="p_Result_139" contextFuncName="cplane_packetizer" moduleName="cplane_packetizer" rtlName="reg_2014" latency="0" BRAM="-1" DSP="-1" FF="-1" LUT="-1" fileDirectory="/home/ssaraswathy/Documents/ORAN_Uplane/Uplane_without_Compression/Simulation_design/Looping_design/ORAN_INTEG_1/hls_src"><\/item>
<item  id="166" filename="CtrlPlanePacketizer/CtrlPlanePacketizer.cpp" linenumber="521" name="tmp_39" contextFuncName="cplane_packetizer" moduleName="cplane_packetizer" rtlName="tmp_39_fu_3124_p6" latency="0" BRAM="-1" DSP="-1" FF="-1" LUT="-1" fileDirectory="/home/ssaraswathy/Documents/ORAN_Uplane/Uplane_without_Compression/Simulation_design/Looping_design/ORAN_INTEG_1/hls_src"><\/item>
<item  id="167" filename="CtrlPlanePacketizer/CtrlPlanePacketizer.cpp" linenumber="521" name="p_Result_147" contextFuncName="cplane_packetizer" moduleName="cplane_packetizer" rtlName="p_Result_147_fu_3138_p5" latency="0" BRAM="-1" DSP="-1" FF="-1" LUT="-1" fileDirectory="/home/ssaraswathy/Documents/ORAN_Uplane/Uplane_without_Compression/Simulation_design/Looping_design/ORAN_INTEG_1/hls_src"><\/item>
<item  id="174" filename="CtrlPlanePacketizer/CtrlPlanePacketizer.cpp" linenumber="429" name="p_Result_43" contextFuncName="cplane_packetizer" moduleName="cplane_packetizer" rtlName="grp_fu_1655_p4" latency="0" BRAM="-1" DSP="-1" FF="-1" LUT="-1" fileDirectory="/home/ssaraswathy/Documents/ORAN_Uplane/Uplane_without_Compression/Simulation_design/Looping_design/ORAN_INTEG_1/hls_src"><\/item>
<item  id="175" filename="CtrlPlanePacketizer/CtrlPlanePacketizer.cpp" linenumber="430" name="p_Result_44" contextFuncName="cplane_packetizer" moduleName="cplane_packetizer" rtlName="grp_fu_1664_p4" latency="0" BRAM="-1" DSP="-1" FF="-1" LUT="-1" fileDirectory="/home/ssaraswathy/Documents/ORAN_Uplane/Uplane_without_Compression/Simulation_design/Looping_design/ORAN_INTEG_1/hls_src"><\/item>
<item  id="176" filename="CtrlPlanePacketizer/CtrlPlanePacketizer.cpp" linenumber="431" name="p_Result_45" contextFuncName="cplane_packetizer" moduleName="cplane_packetizer" rtlName="grp_fu_1673_p4" latency="0" BRAM="-1" DSP="-1" FF="-1" LUT="-1" fileDirectory="/home/ssaraswathy/Documents/ORAN_Uplane/Uplane_without_Compression/Simulation_design/Looping_design/ORAN_INTEG_1/hls_src"><\/item>
<item  id="177" filename="CtrlPlanePacketizer/CtrlPlanePacketizer.cpp" linenumber="432" name="p_Result_46" contextFuncName="cplane_packetizer" moduleName="cplane_packetizer" rtlName="grp_fu_1682_p4" latency="0" BRAM="-1" DSP="-1" FF="-1" LUT="-1" fileDirectory="/home/ssaraswathy/Documents/ORAN_Uplane/Uplane_without_Compression/Simulation_design/Looping_design/ORAN_INTEG_1/hls_src"><\/item>
<item  id="178" filename="CtrlPlanePacketizer/CtrlPlanePacketizer.cpp" linenumber="433" name="p_Result_47" contextFuncName="cplane_packetizer" moduleName="cplane_packetizer" rtlName="grp_fu_1691_p4" latency="0" BRAM="-1" DSP="-1" FF="-1" LUT="-1" fileDirectory="/home/ssaraswathy/Documents/ORAN_Uplane/Uplane_without_Compression/Simulation_design/Looping_design/ORAN_INTEG_1/hls_src"><\/item>
<item  id="179" filename="CtrlPlanePacketizer/CtrlPlanePacketizer.cpp" linenumber="434" name="p_Result_48" contextFuncName="cplane_packetizer" moduleName="cplane_packetizer" rtlName="grp_fu_1700_p4" latency="0" BRAM="-1" DSP="-1" FF="-1" LUT="-1" fileDirectory="/home/ssaraswathy/Documents/ORAN_Uplane/Uplane_without_Compression/Simulation_design/Looping_design/ORAN_INTEG_1/hls_src"><\/item>
<item  id="180" filename="CtrlPlanePacketizer/CtrlPlanePacketizer.cpp" linenumber="435" name="p_Result_49" contextFuncName="cplane_packetizer" moduleName="cplane_packetizer" rtlName="grp_fu_1709_p4" latency="0" BRAM="-1" DSP="-1" FF="-1" LUT="-1" fileDirectory="/home/ssaraswathy/Documents/ORAN_Uplane/Uplane_without_Compression/Simulation_design/Looping_design/ORAN_INTEG_1/hls_src"><\/item>
<item  id="181" filename="CtrlPlanePacketizer/CtrlPlanePacketizer.cpp" linenumber="436" name="trunc_ln647_7" contextFuncName="cplane_packetizer" moduleName="cplane_packetizer" rtlName="trunc_ln647_7_fu_2215_p1" latency="0" BRAM="-1" DSP="-1" FF="-1" LUT="-1" fileDirectory="/home/ssaraswathy/Documents/ORAN_Uplane/Uplane_without_Compression/Simulation_design/Looping_design/ORAN_INTEG_1/hls_src"><\/item>
<item  id="182" filename="CtrlPlanePacketizer/CtrlPlanePacketizer.cpp" linenumber="436" name="tmp_10" contextFuncName="cplane_packetizer" moduleName="cplane_packetizer" rtlName="tmp_10_fu_2219_p9" latency="0" BRAM="-1" DSP="-1" FF="-1" LUT="-1" fileDirectory="/home/ssaraswathy/Documents/ORAN_Uplane/Uplane_without_Compression/Simulation_design/Looping_design/ORAN_INTEG_1/hls_src"><\/item>
<item  id="183" filename="CtrlPlanePacketizer/CtrlPlanePacketizer.cpp" linenumber="436" name="p_Result_141" contextFuncName="cplane_packetizer" moduleName="cplane_packetizer" rtlName="p_Result_141_fu_2239_p5" latency="0" BRAM="-1" DSP="-1" FF="-1" LUT="-1" fileDirectory="/home/ssaraswathy/Documents/ORAN_Uplane/Uplane_without_Compression/Simulation_design/Looping_design/ORAN_INTEG_1/hls_src"><\/item>
<item  id="186" filename="CtrlPlanePacketizer/CtrlPlanePacketizer.cpp" linenumber="398" name="p_Result_38" contextFuncName="cplane_packetizer" moduleName="cplane_packetizer" rtlName="grp_fu_1682_p4" latency="0" BRAM="-1" DSP="-1" FF="-1" LUT="-1" fileDirectory="/home/ssaraswathy/Documents/ORAN_Uplane/Uplane_without_Compression/Simulation_design/Looping_design/ORAN_INTEG_1/hls_src"><\/item>
<item  id="187" filename="CtrlPlanePacketizer/CtrlPlanePacketizer.cpp" linenumber="399" name="p_Result_39" contextFuncName="cplane_packetizer" moduleName="cplane_packetizer" rtlName="grp_fu_1691_p4" latency="0" BRAM="-1" DSP="-1" FF="-1" LUT="-1" fileDirectory="/home/ssaraswathy/Documents/ORAN_Uplane/Uplane_without_Compression/Simulation_design/Looping_design/ORAN_INTEG_1/hls_src"><\/item>
<item  id="188" filename="CtrlPlanePacketizer/CtrlPlanePacketizer.cpp" linenumber="400" name="p_Result_40" contextFuncName="cplane_packetizer" moduleName="cplane_packetizer" rtlName="grp_fu_1700_p4" latency="0" BRAM="-1" DSP="-1" FF="-1" LUT="-1" fileDirectory="/home/ssaraswathy/Documents/ORAN_Uplane/Uplane_without_Compression/Simulation_design/Looping_design/ORAN_INTEG_1/hls_src"><\/item>
<item  id="189" filename="CtrlPlanePacketizer/CtrlPlanePacketizer.cpp" linenumber="401" name="p_Result_41" contextFuncName="cplane_packetizer" moduleName="cplane_packetizer" rtlName="grp_fu_1709_p4" latency="0" BRAM="-1" DSP="-1" FF="-1" LUT="-1" fileDirectory="/home/ssaraswathy/Documents/ORAN_Uplane/Uplane_without_Compression/Simulation_design/Looping_design/ORAN_INTEG_1/hls_src"><\/item>
<item  id="190" filename="CtrlPlanePacketizer/CtrlPlanePacketizer.cpp" linenumber="402" name="trunc_ln647_6" contextFuncName="cplane_packetizer" moduleName="cplane_packetizer" rtlName="trunc_ln647_6_fu_2251_p1" latency="0" BRAM="-1" DSP="-1" FF="-1" LUT="-1" fileDirectory="/home/ssaraswathy/Documents/ORAN_Uplane/Uplane_without_Compression/Simulation_design/Looping_design/ORAN_INTEG_1/hls_src"><\/item>
<item  id="191" filename="CtrlPlanePacketizer/CtrlPlanePacketizer.cpp" linenumber="402" name="tmp_s" contextFuncName="cplane_packetizer" moduleName="cplane_packetizer" rtlName="tmp_s_fu_2255_p6" latency="0" BRAM="-1" DSP="-1" FF="-1" LUT="-1" fileDirectory="/home/ssaraswathy/Documents/ORAN_Uplane/Uplane_without_Compression/Simulation_design/Looping_design/ORAN_INTEG_1/hls_src"><\/item>
<item  id="192" filename="CtrlPlanePacketizer/CtrlPlanePacketizer.cpp" linenumber="402" name="p_Result_112" contextFuncName="cplane_packetizer" moduleName="cplane_packetizer" rtlName="p_Result_112_fu_2269_p5" latency="0" BRAM="-1" DSP="-1" FF="-1" LUT="-1" fileDirectory="/home/ssaraswathy/Documents/ORAN_Uplane/Uplane_without_Compression/Simulation_design/Looping_design/ORAN_INTEG_1/hls_src"><\/item>
<item  id="193" filename="CtrlPlanePacketizer/CtrlPlanePacketizer.cpp" linenumber="403" name="icmp_ln883_2" contextFuncName="cplane_packetizer" moduleName="cplane_packetizer" rtlName="grp_fu_1718_p2" latency="0" BRAM="-1" DSP="-1" FF="0" LUT="9" fileDirectory="/home/ssaraswathy/Documents/ORAN_Uplane/Uplane_without_Compression/Simulation_design/Looping_design/ORAN_INTEG_1/hls_src"><\/item>
<item  id="200" filename="CtrlPlanePacketizer/../lib/oran_header.h" linenumber="142" name="tmp_bfWCompParam_V_3" contextFuncName="operator=" moduleName="cplane_packetizer" rtlName="tmp_bfWCompParam_V_1_reg_3680" latency="0" BRAM="-1" DSP="-1" FF="-1" LUT="-1" fileDirectory="/home/ssaraswathy/Documents/ORAN_Uplane/Uplane_without_Compression/Simulation_design/Looping_design/ORAN_INTEG_1/hls_src"><\/item>
<item  id="201" filename="CtrlPlanePacketizer/../lib/oran_header.h" linenumber="142" name="tmp_44" contextFuncName="operator=" moduleName="cplane_packetizer" rtlName="extType11_reserved_c" latency="0" BRAM="-1" DSP="-1" FF="-1" LUT="-1" fileDirectory="/home/ssaraswathy/Documents/ORAN_Uplane/Uplane_without_Compression/Simulation_design/Looping_design/ORAN_INTEG_1/hls_src"><\/item>
<item  id="202" filename="CtrlPlanePacketizer/../lib/oran_header.h" linenumber="142" name="p_Val2_16" contextFuncName="operator=" moduleName="cplane_packetizer" rtlName="extType11_beamID_V" latency="0" BRAM="-1" DSP="-1" FF="-1" LUT="-1" fileDirectory="/home/ssaraswathy/Documents/ORAN_Uplane/Uplane_without_Compression/Simulation_design/Looping_design/ORAN_INTEG_1/hls_src"><\/item>
<item  id="205" filename="CtrlPlanePacketizer/CtrlPlanePacketizer.cpp" linenumber="407" name="p_Result_111" contextFuncName="cplane_packetizer" moduleName="cplane_packetizer" rtlName="grp_fu_1762_p4" latency="0" BRAM="-1" DSP="-1" FF="-1" LUT="-1" fileDirectory="/home/ssaraswathy/Documents/ORAN_Uplane/Uplane_without_Compression/Simulation_design/Looping_design/ORAN_INTEG_1/hls_src"><\/item>
<item  id="206" filename="CtrlPlanePacketizer/CtrlPlanePacketizer.cpp" linenumber="409" name="tmp_29" contextFuncName="cplane_packetizer" moduleName="cplane_packetizer" rtlName="grp_fu_1772_p4" latency="0" BRAM="-1" DSP="-1" FF="-1" LUT="-1" fileDirectory="/home/ssaraswathy/Documents/ORAN_Uplane/Uplane_without_Compression/Simulation_design/Looping_design/ORAN_INTEG_1/hls_src"><\/item>
<item  id="207" filename="CtrlPlanePacketizer/CtrlPlanePacketizer.cpp" linenumber="409" name="tmp_30" contextFuncName="cplane_packetizer" moduleName="cplane_packetizer" rtlName="tmp_30_fu_2281_p4" latency="0" BRAM="-1" DSP="-1" FF="-1" LUT="-1" fileDirectory="/home/ssaraswathy/Documents/ORAN_Uplane/Uplane_without_Compression/Simulation_design/Looping_design/ORAN_INTEG_1/hls_src"><\/item>
<item  id="208" filename="CtrlPlanePacketizer/CtrlPlanePacketizer.cpp" linenumber="409" name="p_Result_114" contextFuncName="cplane_packetizer" moduleName="cplane_packetizer" rtlName="p_Result_114_fu_2291_p5" latency="0" BRAM="-1" DSP="-1" FF="-1" LUT="-1" fileDirectory="/home/ssaraswathy/Documents/ORAN_Uplane/Uplane_without_Compression/Simulation_design/Looping_design/ORAN_INTEG_1/hls_src"><\/item>
<item  id="211" filename="CtrlPlanePacketizer/CtrlPlanePacketizer.cpp" linenumber="423" name="p_Result_140" contextFuncName="cplane_packetizer" moduleName="cplane_packetizer" rtlName="p_Result_140_fu_2303_p5" latency="0" BRAM="-1" DSP="-1" FF="-1" LUT="-1" fileDirectory="/home/ssaraswathy/Documents/ORAN_Uplane/Uplane_without_Compression/Simulation_design/Looping_design/ORAN_INTEG_1/hls_src"><\/item>
<item  id="232" filename="CtrlPlanePacketizer/CtrlPlanePacketizer.cpp" linenumber="445" name="p_Result_127" contextFuncName="cplane_packetizer" moduleName="cplane_packetizer" rtlName="reg_1998" latency="0" BRAM="-1" DSP="-1" FF="-1" LUT="-1" fileDirectory="/home/ssaraswathy/Documents/ORAN_Uplane/Uplane_without_Compression/Simulation_design/Looping_design/ORAN_INTEG_1/hls_src"><\/item>
<item  id="233" filename="CtrlPlanePacketizer/CtrlPlanePacketizer.cpp" linenumber="446" name="p_Result_128" contextFuncName="cplane_packetizer" moduleName="cplane_packetizer" rtlName="reg_2002" latency="0" BRAM="-1" DSP="-1" FF="-1" LUT="-1" fileDirectory="/home/ssaraswathy/Documents/ORAN_Uplane/Uplane_without_Compression/Simulation_design/Looping_design/ORAN_INTEG_1/hls_src"><\/item>
<item  id="234" filename="CtrlPlanePacketizer/CtrlPlanePacketizer.cpp" linenumber="447" name="p_Result_129" contextFuncName="cplane_packetizer" moduleName="cplane_packetizer" rtlName="reg_2006" latency="0" BRAM="-1" DSP="-1" FF="-1" LUT="-1" fileDirectory="/home/ssaraswathy/Documents/ORAN_Uplane/Uplane_without_Compression/Simulation_design/Looping_design/ORAN_INTEG_1/hls_src"><\/item>
<item  id="235" filename="CtrlPlanePacketizer/CtrlPlanePacketizer.cpp" linenumber="448" name="p_Result_130" contextFuncName="cplane_packetizer" moduleName="cplane_packetizer" rtlName="reg_2010" latency="0" BRAM="-1" DSP="-1" FF="-1" LUT="-1" fileDirectory="/home/ssaraswathy/Documents/ORAN_Uplane/Uplane_without_Compression/Simulation_design/Looping_design/ORAN_INTEG_1/hls_src"><\/item>
<item  id="236" filename="CtrlPlanePacketizer/CtrlPlanePacketizer.cpp" linenumber="449" name="p_Result_131" contextFuncName="cplane_packetizer" moduleName="cplane_packetizer" rtlName="reg_2014" latency="0" BRAM="-1" DSP="-1" FF="-1" LUT="-1" fileDirectory="/home/ssaraswathy/Documents/ORAN_Uplane/Uplane_without_Compression/Simulation_design/Looping_design/ORAN_INTEG_1/hls_src"><\/item>
<item  id="237" filename="CtrlPlanePacketizer/CtrlPlanePacketizer.cpp" linenumber="450" name="p_Result_132" contextFuncName="cplane_packetizer" moduleName="cplane_packetizer" rtlName="reg_2018" latency="0" BRAM="-1" DSP="-1" FF="-1" LUT="-1" fileDirectory="/home/ssaraswathy/Documents/ORAN_Uplane/Uplane_without_Compression/Simulation_design/Looping_design/ORAN_INTEG_1/hls_src"><\/item>
<item  id="238" filename="CtrlPlanePacketizer/CtrlPlanePacketizer.cpp" linenumber="451" name="p_Result_133" contextFuncName="cplane_packetizer" moduleName="cplane_packetizer" rtlName="reg_2022" latency="0" BRAM="-1" DSP="-1" FF="-1" LUT="-1" fileDirectory="/home/ssaraswathy/Documents/ORAN_Uplane/Uplane_without_Compression/Simulation_design/Looping_design/ORAN_INTEG_1/hls_src"><\/item>
<item  id="239" filename="CtrlPlanePacketizer/CtrlPlanePacketizer.cpp" linenumber="452" name="p_Result_134" contextFuncName="cplane_packetizer" moduleName="cplane_packetizer" rtlName="reg_2026" latency="0" BRAM="-1" DSP="-1" FF="-1" LUT="-1" fileDirectory="/home/ssaraswathy/Documents/ORAN_Uplane/Uplane_without_Compression/Simulation_design/Looping_design/ORAN_INTEG_1/hls_src"><\/item>
<item  id="240" filename="CtrlPlanePacketizer/CtrlPlanePacketizer.cpp" linenumber="452" name="tmp_38" contextFuncName="cplane_packetizer" moduleName="cplane_packetizer" rtlName="tmp_38_fu_3151_p9" latency="0" BRAM="-1" DSP="-1" FF="-1" LUT="-1" fileDirectory="/home/ssaraswathy/Documents/ORAN_Uplane/Uplane_without_Compression/Simulation_design/Looping_design/ORAN_INTEG_1/hls_src"><\/item>
<item  id="241" filename="CtrlPlanePacketizer/CtrlPlanePacketizer.cpp" linenumber="452" name="p_Result_142" contextFuncName="cplane_packetizer" moduleName="cplane_packetizer" rtlName="p_Result_142_fu_3171_p5" latency="0" BRAM="-1" DSP="-1" FF="-1" LUT="-1" fileDirectory="/home/ssaraswathy/Documents/ORAN_Uplane/Uplane_without_Compression/Simulation_design/Looping_design/ORAN_INTEG_1/hls_src"><\/item>
<item  id="248" filename="CtrlPlanePacketizer/CtrlPlanePacketizer.cpp" linenumber="362" name="p_Result_33" contextFuncName="cplane_packetizer" moduleName="cplane_packetizer" rtlName="grp_fu_1682_p4" latency="0" BRAM="-1" DSP="-1" FF="-1" LUT="-1" fileDirectory="/home/ssaraswathy/Documents/ORAN_Uplane/Uplane_without_Compression/Simulation_design/Looping_design/ORAN_INTEG_1/hls_src"><\/item>
<item  id="249" filename="CtrlPlanePacketizer/CtrlPlanePacketizer.cpp" linenumber="363" name="p_Result_34" contextFuncName="cplane_packetizer" moduleName="cplane_packetizer" rtlName="grp_fu_1691_p4" latency="0" BRAM="-1" DSP="-1" FF="-1" LUT="-1" fileDirectory="/home/ssaraswathy/Documents/ORAN_Uplane/Uplane_without_Compression/Simulation_design/Looping_design/ORAN_INTEG_1/hls_src"><\/item>
<item  id="250" filename="CtrlPlanePacketizer/CtrlPlanePacketizer.cpp" linenumber="364" name="p_Result_35" contextFuncName="cplane_packetizer" moduleName="cplane_packetizer" rtlName="grp_fu_1700_p4" latency="0" BRAM="-1" DSP="-1" FF="-1" LUT="-1" fileDirectory="/home/ssaraswathy/Documents/ORAN_Uplane/Uplane_without_Compression/Simulation_design/Looping_design/ORAN_INTEG_1/hls_src"><\/item>
<item  id="251" filename="CtrlPlanePacketizer/CtrlPlanePacketizer.cpp" linenumber="365" name="p_Result_36" contextFuncName="cplane_packetizer" moduleName="cplane_packetizer" rtlName="grp_fu_1709_p4" latency="0" BRAM="-1" DSP="-1" FF="-1" LUT="-1" fileDirectory="/home/ssaraswathy/Documents/ORAN_Uplane/Uplane_without_Compression/Simulation_design/Looping_design/ORAN_INTEG_1/hls_src"><\/item>
<item  id="252" filename="CtrlPlanePacketizer/CtrlPlanePacketizer.cpp" linenumber="366" name="trunc_ln647_5" contextFuncName="cplane_packetizer" moduleName="cplane_packetizer" rtlName="trunc_ln647_5_fu_2315_p1" latency="0" BRAM="-1" DSP="-1" FF="-1" LUT="-1" fileDirectory="/home/ssaraswathy/Documents/ORAN_Uplane/Uplane_without_Compression/Simulation_design/Looping_design/ORAN_INTEG_1/hls_src"><\/item>
<item  id="253" filename="CtrlPlanePacketizer/CtrlPlanePacketizer.cpp" linenumber="366" name="tmp_9" contextFuncName="cplane_packetizer" moduleName="cplane_packetizer" rtlName="tmp_9_fu_2319_p6" latency="0" BRAM="-1" DSP="-1" FF="-1" LUT="-1" fileDirectory="/home/ssaraswathy/Documents/ORAN_Uplane/Uplane_without_Compression/Simulation_design/Looping_design/ORAN_INTEG_1/hls_src"><\/item>
<item  id="254" filename="CtrlPlanePacketizer/CtrlPlanePacketizer.cpp" linenumber="366" name="p_Result_104" contextFuncName="cplane_packetizer" moduleName="cplane_packetizer" rtlName="p_Result_104_fu_2333_p5" latency="0" BRAM="-1" DSP="-1" FF="-1" LUT="-1" fileDirectory="/home/ssaraswathy/Documents/ORAN_Uplane/Uplane_without_Compression/Simulation_design/Looping_design/ORAN_INTEG_1/hls_src"><\/item>
<item  id="257" filename="CtrlPlanePacketizer/CtrlPlanePacketizer.cpp" linenumber="334" name="p_Result_31" contextFuncName="cplane_packetizer" moduleName="cplane_packetizer" rtlName="grp_fu_1709_p4" latency="0" BRAM="-1" DSP="-1" FF="-1" LUT="-1" fileDirectory="/home/ssaraswathy/Documents/ORAN_Uplane/Uplane_without_Compression/Simulation_design/Looping_design/ORAN_INTEG_1/hls_src"><\/item>
<item  id="258" filename="CtrlPlanePacketizer/CtrlPlanePacketizer.cpp" linenumber="335" name="trunc_ln647_4" contextFuncName="cplane_packetizer" moduleName="cplane_packetizer" rtlName="trunc_ln647_4_fu_2345_p1" latency="0" BRAM="-1" DSP="-1" FF="-1" LUT="-1" fileDirectory="/home/ssaraswathy/Documents/ORAN_Uplane/Uplane_without_Compression/Simulation_design/Looping_design/ORAN_INTEG_1/hls_src"><\/item>
<item  id="259" filename="CtrlPlanePacketizer/CtrlPlanePacketizer.cpp" linenumber="335" name="tmp_8" contextFuncName="cplane_packetizer" moduleName="cplane_packetizer" rtlName="tmp_8_fu_2349_p3" latency="0" BRAM="-1" DSP="-1" FF="-1" LUT="-1" fileDirectory="/home/ssaraswathy/Documents/ORAN_Uplane/Uplane_without_Compression/Simulation_design/Looping_design/ORAN_INTEG_1/hls_src"><\/item>
<item  id="260" filename="CtrlPlanePacketizer/CtrlPlanePacketizer.cpp" linenumber="335" name="p_Result_101" contextFuncName="cplane_packetizer" moduleName="cplane_packetizer" rtlName="p_Result_101_fu_2357_p5" latency="0" BRAM="-1" DSP="-1" FF="-1" LUT="-1" fileDirectory="/home/ssaraswathy/Documents/ORAN_Uplane/Uplane_without_Compression/Simulation_design/Looping_design/ORAN_INTEG_1/hls_src"><\/item>
<item  id="261" filename="CtrlPlanePacketizer/CtrlPlanePacketizer.cpp" linenumber="336" name="icmp_ln883_1" contextFuncName="cplane_packetizer" moduleName="cplane_packetizer" rtlName="grp_fu_1718_p2" latency="0" BRAM="-1" DSP="-1" FF="0" LUT="9" fileDirectory="/home/ssaraswathy/Documents/ORAN_Uplane/Uplane_without_Compression/Simulation_design/Looping_design/ORAN_INTEG_1/hls_src"><\/item>
<item  id="268" filename="CtrlPlanePacketizer/../lib/oran_header.h" linenumber="142" name="tmp_bfWCompParam_V_2" contextFuncName="operator=" moduleName="cplane_packetizer" rtlName="tmp_bfWCompParam_V_1_reg_3680" latency="0" BRAM="-1" DSP="-1" FF="-1" LUT="-1" fileDirectory="/home/ssaraswathy/Documents/ORAN_Uplane/Uplane_without_Compression/Simulation_design/Looping_design/ORAN_INTEG_1/hls_src"><\/item>
<item  id="269" filename="CtrlPlanePacketizer/../lib/oran_header.h" linenumber="142" name="tmp_43" contextFuncName="operator=" moduleName="cplane_packetizer" rtlName="extType11_reserved_c" latency="0" BRAM="-1" DSP="-1" FF="-1" LUT="-1" fileDirectory="/home/ssaraswathy/Documents/ORAN_Uplane/Uplane_without_Compression/Simulation_design/Looping_design/ORAN_INTEG_1/hls_src"><\/item>
<item  id="270" filename="CtrlPlanePacketizer/../lib/oran_header.h" linenumber="142" name="p_Val2_15" contextFuncName="operator=" moduleName="cplane_packetizer" rtlName="extType11_beamID_V" latency="0" BRAM="-1" DSP="-1" FF="-1" LUT="-1" fileDirectory="/home/ssaraswathy/Documents/ORAN_Uplane/Uplane_without_Compression/Simulation_design/Looping_design/ORAN_INTEG_1/hls_src"><\/item>
<item  id="273" filename="CtrlPlanePacketizer/CtrlPlanePacketizer.cpp" linenumber="341" name="p_Result_109" contextFuncName="cplane_packetizer" moduleName="cplane_packetizer" rtlName="grp_fu_1762_p4" latency="0" BRAM="-1" DSP="-1" FF="-1" LUT="-1" fileDirectory="/home/ssaraswathy/Documents/ORAN_Uplane/Uplane_without_Compression/Simulation_design/Looping_design/ORAN_INTEG_1/hls_src"><\/item>
<item  id="274" filename="CtrlPlanePacketizer/CtrlPlanePacketizer.cpp" linenumber="343" name="tmp_27" contextFuncName="cplane_packetizer" moduleName="cplane_packetizer" rtlName="grp_fu_1772_p4" latency="0" BRAM="-1" DSP="-1" FF="-1" LUT="-1" fileDirectory="/home/ssaraswathy/Documents/ORAN_Uplane/Uplane_without_Compression/Simulation_design/Looping_design/ORAN_INTEG_1/hls_src"><\/item>
<item  id="275" filename="CtrlPlanePacketizer/CtrlPlanePacketizer.cpp" linenumber="343" name="tmp_28" contextFuncName="cplane_packetizer" moduleName="cplane_packetizer" rtlName="tmp_28_fu_2369_p4" latency="0" BRAM="-1" DSP="-1" FF="-1" LUT="-1" fileDirectory="/home/ssaraswathy/Documents/ORAN_Uplane/Uplane_without_Compression/Simulation_design/Looping_design/ORAN_INTEG_1/hls_src"><\/item>
<item  id="276" filename="CtrlPlanePacketizer/CtrlPlanePacketizer.cpp" linenumber="343" name="p_Result_102" contextFuncName="cplane_packetizer" moduleName="cplane_packetizer" rtlName="p_Result_102_fu_2379_p5" latency="0" BRAM="-1" DSP="-1" FF="-1" LUT="-1" fileDirectory="/home/ssaraswathy/Documents/ORAN_Uplane/Uplane_without_Compression/Simulation_design/Looping_design/ORAN_INTEG_1/hls_src"><\/item>
<item  id="300" filename="CtrlPlanePacketizer/CtrlPlanePacketizer.cpp" linenumber="375" name="p_Result_116" contextFuncName="cplane_packetizer" moduleName="cplane_packetizer" rtlName="reg_1998" latency="0" BRAM="-1" DSP="-1" FF="-1" LUT="-1" fileDirectory="/home/ssaraswathy/Documents/ORAN_Uplane/Uplane_without_Compression/Simulation_design/Looping_design/ORAN_INTEG_1/hls_src"><\/item>
<item  id="301" filename="CtrlPlanePacketizer/CtrlPlanePacketizer.cpp" linenumber="376" name="p_Result_117" contextFuncName="cplane_packetizer" moduleName="cplane_packetizer" rtlName="reg_2002" latency="0" BRAM="-1" DSP="-1" FF="-1" LUT="-1" fileDirectory="/home/ssaraswathy/Documents/ORAN_Uplane/Uplane_without_Compression/Simulation_design/Looping_design/ORAN_INTEG_1/hls_src"><\/item>
<item  id="302" filename="CtrlPlanePacketizer/CtrlPlanePacketizer.cpp" linenumber="377" name="p_Result_118" contextFuncName="cplane_packetizer" moduleName="cplane_packetizer" rtlName="reg_2006" latency="0" BRAM="-1" DSP="-1" FF="-1" LUT="-1" fileDirectory="/home/ssaraswathy/Documents/ORAN_Uplane/Uplane_without_Compression/Simulation_design/Looping_design/ORAN_INTEG_1/hls_src"><\/item>
<item  id="303" filename="CtrlPlanePacketizer/CtrlPlanePacketizer.cpp" linenumber="378" name="p_Result_119" contextFuncName="cplane_packetizer" moduleName="cplane_packetizer" rtlName="reg_2010" latency="0" BRAM="-1" DSP="-1" FF="-1" LUT="-1" fileDirectory="/home/ssaraswathy/Documents/ORAN_Uplane/Uplane_without_Compression/Simulation_design/Looping_design/ORAN_INTEG_1/hls_src"><\/item>
<item  id="304" filename="CtrlPlanePacketizer/CtrlPlanePacketizer.cpp" linenumber="379" name="p_Result_120" contextFuncName="cplane_packetizer" moduleName="cplane_packetizer" rtlName="reg_2014" latency="0" BRAM="-1" DSP="-1" FF="-1" LUT="-1" fileDirectory="/home/ssaraswathy/Documents/ORAN_Uplane/Uplane_without_Compression/Simulation_design/Looping_design/ORAN_INTEG_1/hls_src"><\/item>
<item  id="305" filename="CtrlPlanePacketizer/CtrlPlanePacketizer.cpp" linenumber="380" name="p_Result_121" contextFuncName="cplane_packetizer" moduleName="cplane_packetizer" rtlName="reg_2018" latency="0" BRAM="-1" DSP="-1" FF="-1" LUT="-1" fileDirectory="/home/ssaraswathy/Documents/ORAN_Uplane/Uplane_without_Compression/Simulation_design/Looping_design/ORAN_INTEG_1/hls_src"><\/item>
<item  id="306" filename="CtrlPlanePacketizer/CtrlPlanePacketizer.cpp" linenumber="381" name="p_Result_122" contextFuncName="cplane_packetizer" moduleName="cplane_packetizer" rtlName="reg_2022" latency="0" BRAM="-1" DSP="-1" FF="-1" LUT="-1" fileDirectory="/home/ssaraswathy/Documents/ORAN_Uplane/Uplane_without_Compression/Simulation_design/Looping_design/ORAN_INTEG_1/hls_src"><\/item>
<item  id="307" filename="CtrlPlanePacketizer/CtrlPlanePacketizer.cpp" linenumber="382" name="p_Result_123" contextFuncName="cplane_packetizer" moduleName="cplane_packetizer" rtlName="reg_2026" latency="0" BRAM="-1" DSP="-1" FF="-1" LUT="-1" fileDirectory="/home/ssaraswathy/Documents/ORAN_Uplane/Uplane_without_Compression/Simulation_design/Looping_design/ORAN_INTEG_1/hls_src"><\/item>
<item  id="308" filename="CtrlPlanePacketizer/CtrlPlanePacketizer.cpp" linenumber="383" name="p_Result_124" contextFuncName="cplane_packetizer" moduleName="cplane_packetizer" rtlName="reg_2030" latency="0" BRAM="-1" DSP="-1" FF="-1" LUT="-1" fileDirectory="/home/ssaraswathy/Documents/ORAN_Uplane/Uplane_without_Compression/Simulation_design/Looping_design/ORAN_INTEG_1/hls_src"><\/item>
<item  id="309" filename="CtrlPlanePacketizer/CtrlPlanePacketizer.cpp" linenumber="384" name="p_Result_125" contextFuncName="cplane_packetizer" moduleName="cplane_packetizer" rtlName="reg_2034" latency="0" BRAM="-1" DSP="-1" FF="-1" LUT="-1" fileDirectory="/home/ssaraswathy/Documents/ORAN_Uplane/Uplane_without_Compression/Simulation_design/Looping_design/ORAN_INTEG_1/hls_src"><\/item>
<item  id="310" filename="CtrlPlanePacketizer/CtrlPlanePacketizer.cpp" linenumber="385" name="p_Result_126" contextFuncName="cplane_packetizer" moduleName="cplane_packetizer" rtlName="reg_2038" latency="0" BRAM="-1" DSP="-1" FF="-1" LUT="-1" fileDirectory="/home/ssaraswathy/Documents/ORAN_Uplane/Uplane_without_Compression/Simulation_design/Looping_design/ORAN_INTEG_1/hls_src"><\/item>
<item  id="311" filename="CtrlPlanePacketizer/CtrlPlanePacketizer.cpp" linenumber="385" name="tmp_37" contextFuncName="cplane_packetizer" moduleName="cplane_packetizer" rtlName="tmp_37_fu_3184_p12" latency="0" BRAM="-1" DSP="-1" FF="-1" LUT="-1" fileDirectory="/home/ssaraswathy/Documents/ORAN_Uplane/Uplane_without_Compression/Simulation_design/Looping_design/ORAN_INTEG_1/hls_src"><\/item>
<item  id="312" filename="CtrlPlanePacketizer/CtrlPlanePacketizer.cpp" linenumber="385" name="p_Result_110" contextFuncName="cplane_packetizer" moduleName="cplane_packetizer" rtlName="p_Result_110_fu_3210_p5" latency="0" BRAM="-1" DSP="-1" FF="-1" LUT="-1" fileDirectory="/home/ssaraswathy/Documents/ORAN_Uplane/Uplane_without_Compression/Simulation_design/Looping_design/ORAN_INTEG_1/hls_src"><\/item>
<item  id="317" filename="CtrlPlanePacketizer/CtrlPlanePacketizer.cpp" linenumber="299" name="p_Result_14" contextFuncName="cplane_packetizer" moduleName="cplane_packetizer" rtlName="p_Result_14_fu_3223_p4" latency="0" BRAM="-1" DSP="-1" FF="-1" LUT="-1" fileDirectory="/home/ssaraswathy/Documents/ORAN_Uplane/Uplane_without_Compression/Simulation_design/Looping_design/ORAN_INTEG_1/hls_src"><\/item>
<item  id="318" filename="CtrlPlanePacketizer/CtrlPlanePacketizer.cpp" linenumber="300" name="trunc_ln647" contextFuncName="cplane_packetizer" moduleName="cplane_packetizer" rtlName="trunc_ln647_fu_3232_p1" latency="0" BRAM="-1" DSP="-1" FF="-1" LUT="-1" fileDirectory="/home/ssaraswathy/Documents/ORAN_Uplane/Uplane_without_Compression/Simulation_design/Looping_design/ORAN_INTEG_1/hls_src"><\/item>
<item  id="319" filename="CtrlPlanePacketizer/CtrlPlanePacketizer.cpp" linenumber="300" name="tmp_7" contextFuncName="cplane_packetizer" moduleName="cplane_packetizer" rtlName="tmp_7_fu_3235_p3" latency="0" BRAM="-1" DSP="-1" FF="-1" LUT="-1" fileDirectory="/home/ssaraswathy/Documents/ORAN_Uplane/Uplane_without_Compression/Simulation_design/Looping_design/ORAN_INTEG_1/hls_src"><\/item>
<item  id="321" filename="CtrlPlanePacketizer/CtrlPlanePacketizer.cpp" linenumber="291" name="p_Result_15" contextFuncName="cplane_packetizer" moduleName="cplane_packetizer" rtlName="p_Result_15_fu_3247_p4" latency="0" BRAM="-1" DSP="-1" FF="-1" LUT="-1" fileDirectory="/home/ssaraswathy/Documents/ORAN_Uplane/Uplane_without_Compression/Simulation_design/Looping_design/ORAN_INTEG_1/hls_src"><\/item>
<item  id="323" filename="CtrlPlanePacketizer/CtrlPlanePacketizer.cpp" linenumber="293" name="trunc_ln647_1" contextFuncName="cplane_packetizer" moduleName="cplane_packetizer" rtlName="trunc_ln647_1_fu_3261_p1" latency="0" BRAM="-1" DSP="-1" FF="-1" LUT="-1" fileDirectory="/home/ssaraswathy/Documents/ORAN_Uplane/Uplane_without_Compression/Simulation_design/Looping_design/ORAN_INTEG_1/hls_src"><\/item>
<item  id="324" filename="CtrlPlanePacketizer/CtrlPlanePacketizer.cpp" linenumber="293" name="tmp_5" contextFuncName="cplane_packetizer" moduleName="cplane_packetizer" rtlName="tmp_5_fu_3265_p4" latency="0" BRAM="-1" DSP="-1" FF="-1" LUT="-1" fileDirectory="/home/ssaraswathy/Documents/ORAN_Uplane/Uplane_without_Compression/Simulation_design/Looping_design/ORAN_INTEG_1/hls_src"><\/item>
<item  id="325" filename="CtrlPlanePacketizer/CtrlPlanePacketizer.cpp" linenumber="165" name="and_ln544" contextFuncName="cplane_packetizer" moduleName="cplane_packetizer" rtlName="and_ln544_fu_2391_p2" latency="0" BRAM="-1" DSP="-1" FF="0" LUT="2" fileDirectory="/home/ssaraswathy/Documents/ORAN_Uplane/Uplane_without_Compression/Simulation_design/Looping_design/ORAN_INTEG_1/hls_src"><\/item>
<item  id="326" filename="CtrlPlanePacketizer/CtrlPlanePacketizer.cpp" linenumber="280" name="select_ln544" contextFuncName="cplane_packetizer" moduleName="cplane_packetizer" rtlName="select_ln544_fu_3275_p3" latency="0" BRAM="-1" DSP="-1" FF="0" LUT="16" fileDirectory="/home/ssaraswathy/Documents/ORAN_Uplane/Uplane_without_Compression/Simulation_design/Looping_design/ORAN_INTEG_1/hls_src"><\/item>
<item  id="327" filename="CtrlPlanePacketizer/CtrlPlanePacketizer.cpp" linenumber="165" name="select_ln544_1" contextFuncName="cplane_packetizer" moduleName="cplane_packetizer" rtlName="select_ln544_1_fu_3282_p3" latency="0" BRAM="-1" DSP="-1" FF="0" LUT="16" fileDirectory="/home/ssaraswathy/Documents/ORAN_Uplane/Uplane_without_Compression/Simulation_design/Looping_design/ORAN_INTEG_1/hls_src"><\/item>
<item  id="328" filename="CtrlPlanePacketizer/CtrlPlanePacketizer.cpp" linenumber="165" name="data_out_data_V_22" contextFuncName="cplane_packetizer" moduleName="cplane_packetizer" rtlName="data_out_data_V_22_fu_3289_p5" latency="0" BRAM="-1" DSP="-1" FF="-1" LUT="-1" fileDirectory="/home/ssaraswathy/Documents/ORAN_Uplane/Uplane_without_Compression/Simulation_design/Looping_design/ORAN_INTEG_1/hls_src"><\/item>
<item  id="336" filename="CtrlPlanePacketizer/CtrlPlanePacketizer.cpp" linenumber="308" name="p_Result_87" contextFuncName="cplane_packetizer" moduleName="cplane_packetizer" rtlName="reg_1998" latency="0" BRAM="-1" DSP="-1" FF="-1" LUT="-1" fileDirectory="/home/ssaraswathy/Documents/ORAN_Uplane/Uplane_without_Compression/Simulation_design/Looping_design/ORAN_INTEG_1/hls_src"><\/item>
<item  id="337" filename="CtrlPlanePacketizer/CtrlPlanePacketizer.cpp" linenumber="309" name="p_Result_88" contextFuncName="cplane_packetizer" moduleName="cplane_packetizer" rtlName="reg_2002" latency="0" BRAM="-1" DSP="-1" FF="-1" LUT="-1" fileDirectory="/home/ssaraswathy/Documents/ORAN_Uplane/Uplane_without_Compression/Simulation_design/Looping_design/ORAN_INTEG_1/hls_src"><\/item>
<item  id="338" filename="CtrlPlanePacketizer/CtrlPlanePacketizer.cpp" linenumber="310" name="p_Result_89" contextFuncName="cplane_packetizer" moduleName="cplane_packetizer" rtlName="reg_2006" latency="0" BRAM="-1" DSP="-1" FF="-1" LUT="-1" fileDirectory="/home/ssaraswathy/Documents/ORAN_Uplane/Uplane_without_Compression/Simulation_design/Looping_design/ORAN_INTEG_1/hls_src"><\/item>
<item  id="339" filename="CtrlPlanePacketizer/CtrlPlanePacketizer.cpp" linenumber="311" name="p_Result_90" contextFuncName="cplane_packetizer" moduleName="cplane_packetizer" rtlName="reg_2010" latency="0" BRAM="-1" DSP="-1" FF="-1" LUT="-1" fileDirectory="/home/ssaraswathy/Documents/ORAN_Uplane/Uplane_without_Compression/Simulation_design/Looping_design/ORAN_INTEG_1/hls_src"><\/item>
<item  id="340" filename="CtrlPlanePacketizer/CtrlPlanePacketizer.cpp" linenumber="312" name="p_Result_91" contextFuncName="cplane_packetizer" moduleName="cplane_packetizer" rtlName="reg_2014" latency="0" BRAM="-1" DSP="-1" FF="-1" LUT="-1" fileDirectory="/home/ssaraswathy/Documents/ORAN_Uplane/Uplane_without_Compression/Simulation_design/Looping_design/ORAN_INTEG_1/hls_src"><\/item>
<item  id="341" filename="CtrlPlanePacketizer/CtrlPlanePacketizer.cpp" linenumber="313" name="p_Result_92" contextFuncName="cplane_packetizer" moduleName="cplane_packetizer" rtlName="reg_2018" latency="0" BRAM="-1" DSP="-1" FF="-1" LUT="-1" fileDirectory="/home/ssaraswathy/Documents/ORAN_Uplane/Uplane_without_Compression/Simulation_design/Looping_design/ORAN_INTEG_1/hls_src"><\/item>
<item  id="342" filename="CtrlPlanePacketizer/CtrlPlanePacketizer.cpp" linenumber="314" name="p_Result_93" contextFuncName="cplane_packetizer" moduleName="cplane_packetizer" rtlName="reg_2022" latency="0" BRAM="-1" DSP="-1" FF="-1" LUT="-1" fileDirectory="/home/ssaraswathy/Documents/ORAN_Uplane/Uplane_without_Compression/Simulation_design/Looping_design/ORAN_INTEG_1/hls_src"><\/item>
<item  id="343" filename="CtrlPlanePacketizer/CtrlPlanePacketizer.cpp" linenumber="315" name="p_Result_94" contextFuncName="cplane_packetizer" moduleName="cplane_packetizer" rtlName="reg_2026" latency="0" BRAM="-1" DSP="-1" FF="-1" LUT="-1" fileDirectory="/home/ssaraswathy/Documents/ORAN_Uplane/Uplane_without_Compression/Simulation_design/Looping_design/ORAN_INTEG_1/hls_src"><\/item>
<item  id="344" filename="CtrlPlanePacketizer/CtrlPlanePacketizer.cpp" linenumber="316" name="p_Result_95" contextFuncName="cplane_packetizer" moduleName="cplane_packetizer" rtlName="reg_2030" latency="0" BRAM="-1" DSP="-1" FF="-1" LUT="-1" fileDirectory="/home/ssaraswathy/Documents/ORAN_Uplane/Uplane_without_Compression/Simulation_design/Looping_design/ORAN_INTEG_1/hls_src"><\/item>
<item  id="345" filename="CtrlPlanePacketizer/CtrlPlanePacketizer.cpp" linenumber="317" name="p_Result_96" contextFuncName="cplane_packetizer" moduleName="cplane_packetizer" rtlName="reg_2034" latency="0" BRAM="-1" DSP="-1" FF="-1" LUT="-1" fileDirectory="/home/ssaraswathy/Documents/ORAN_Uplane/Uplane_without_Compression/Simulation_design/Looping_design/ORAN_INTEG_1/hls_src"><\/item>
<item  id="346" filename="CtrlPlanePacketizer/CtrlPlanePacketizer.cpp" linenumber="318" name="p_Result_97" contextFuncName="cplane_packetizer" moduleName="cplane_packetizer" rtlName="reg_2038" latency="0" BRAM="-1" DSP="-1" FF="-1" LUT="-1" fileDirectory="/home/ssaraswathy/Documents/ORAN_Uplane/Uplane_without_Compression/Simulation_design/Looping_design/ORAN_INTEG_1/hls_src"><\/item>
<item  id="347" filename="CtrlPlanePacketizer/CtrlPlanePacketizer.cpp" linenumber="319" name="p_Result_98" contextFuncName="cplane_packetizer" moduleName="cplane_packetizer" rtlName="p_Result_98_reg_3657" latency="0" BRAM="-1" DSP="-1" FF="-1" LUT="-1" fileDirectory="/home/ssaraswathy/Documents/ORAN_Uplane/Uplane_without_Compression/Simulation_design/Looping_design/ORAN_INTEG_1/hls_src"><\/item>
<item  id="348" filename="CtrlPlanePacketizer/CtrlPlanePacketizer.cpp" linenumber="320" name="p_Result_99" contextFuncName="cplane_packetizer" moduleName="cplane_packetizer" rtlName="p_Result_99_reg_3662" latency="0" BRAM="-1" DSP="-1" FF="-1" LUT="-1" fileDirectory="/home/ssaraswathy/Documents/ORAN_Uplane/Uplane_without_Compression/Simulation_design/Looping_design/ORAN_INTEG_1/hls_src"><\/item>
<item  id="349" filename="CtrlPlanePacketizer/CtrlPlanePacketizer.cpp" linenumber="321" name="p_Result_100" contextFuncName="cplane_packetizer" moduleName="cplane_packetizer" rtlName="p_Result_100_reg_3667" latency="0" BRAM="-1" DSP="-1" FF="-1" LUT="-1" fileDirectory="/home/ssaraswathy/Documents/ORAN_Uplane/Uplane_without_Compression/Simulation_design/Looping_design/ORAN_INTEG_1/hls_src"><\/item>
<item  id="350" filename="CtrlPlanePacketizer/CtrlPlanePacketizer.cpp" linenumber="321" name="p_Result_69" contextFuncName="cplane_packetizer" moduleName="cplane_packetizer" rtlName="p_Result_69_fu_3302_p16" latency="0" BRAM="-1" DSP="-1" FF="-1" LUT="-1" fileDirectory="/home/ssaraswathy/Documents/ORAN_Uplane/Uplane_without_Compression/Simulation_design/Looping_design/ORAN_INTEG_1/hls_src"><\/item>
<item  id="360" filename="CtrlPlanePacketizer/CtrlPlanePacketizer.cpp" linenumber="239" name="p_Result_16" contextFuncName="cplane_packetizer" moduleName="cplane_packetizer" rtlName="p_Result_16_fu_3334_p4" latency="0" BRAM="-1" DSP="-1" FF="-1" LUT="-1" fileDirectory="/home/ssaraswathy/Documents/ORAN_Uplane/Uplane_without_Compression/Simulation_design/Looping_design/ORAN_INTEG_1/hls_src"><\/item>
<item  id="361" filename="CtrlPlanePacketizer/CtrlPlanePacketizer.cpp" linenumber="240" name="p_Result_17" contextFuncName="cplane_packetizer" moduleName="cplane_packetizer" rtlName="p_Result_17_fu_3343_p4" latency="0" BRAM="-1" DSP="-1" FF="-1" LUT="-1" fileDirectory="/home/ssaraswathy/Documents/ORAN_Uplane/Uplane_without_Compression/Simulation_design/Looping_design/ORAN_INTEG_1/hls_src"><\/item>
<item  id="362" filename="CtrlPlanePacketizer/CtrlPlanePacketizer.cpp" linenumber="241" name="p_Result_18" contextFuncName="cplane_packetizer" moduleName="cplane_packetizer" rtlName="p_Result_18_fu_3352_p4" latency="0" BRAM="-1" DSP="-1" FF="-1" LUT="-1" fileDirectory="/home/ssaraswathy/Documents/ORAN_Uplane/Uplane_without_Compression/Simulation_design/Looping_design/ORAN_INTEG_1/hls_src"><\/item>
<item  id="363" filename="CtrlPlanePacketizer/CtrlPlanePacketizer.cpp" linenumber="242" name="p_Result_19" contextFuncName="cplane_packetizer" moduleName="cplane_packetizer" rtlName="p_Result_19_fu_3361_p4" latency="0" BRAM="-1" DSP="-1" FF="-1" LUT="-1" fileDirectory="/home/ssaraswathy/Documents/ORAN_Uplane/Uplane_without_Compression/Simulation_design/Looping_design/ORAN_INTEG_1/hls_src"><\/item>
<item  id="364" filename="CtrlPlanePacketizer/CtrlPlanePacketizer.cpp" linenumber="243" name="p_Result_20" contextFuncName="cplane_packetizer" moduleName="cplane_packetizer" rtlName="grp_fu_1908_p4" latency="0" BRAM="-1" DSP="-1" FF="-1" LUT="-1" fileDirectory="/home/ssaraswathy/Documents/ORAN_Uplane/Uplane_without_Compression/Simulation_design/Looping_design/ORAN_INTEG_1/hls_src"><\/item>
<item  id="365" filename="CtrlPlanePacketizer/CtrlPlanePacketizer.cpp" linenumber="244" name="p_Result_21" contextFuncName="cplane_packetizer" moduleName="cplane_packetizer" rtlName="grp_fu_1917_p4" latency="0" BRAM="-1" DSP="-1" FF="-1" LUT="-1" fileDirectory="/home/ssaraswathy/Documents/ORAN_Uplane/Uplane_without_Compression/Simulation_design/Looping_design/ORAN_INTEG_1/hls_src"><\/item>
<item  id="366" filename="CtrlPlanePacketizer/CtrlPlanePacketizer.cpp" linenumber="245" name="p_Result_22" contextFuncName="cplane_packetizer" moduleName="cplane_packetizer" rtlName="grp_fu_1926_p4" latency="0" BRAM="-1" DSP="-1" FF="-1" LUT="-1" fileDirectory="/home/ssaraswathy/Documents/ORAN_Uplane/Uplane_without_Compression/Simulation_design/Looping_design/ORAN_INTEG_1/hls_src"><\/item>
<item  id="367" filename="CtrlPlanePacketizer/CtrlPlanePacketizer.cpp" linenumber="246" name="p_Result_23" contextFuncName="cplane_packetizer" moduleName="cplane_packetizer" rtlName="grp_fu_1935_p4" latency="0" BRAM="-1" DSP="-1" FF="-1" LUT="-1" fileDirectory="/home/ssaraswathy/Documents/ORAN_Uplane/Uplane_without_Compression/Simulation_design/Looping_design/ORAN_INTEG_1/hls_src"><\/item>
<item  id="368" filename="CtrlPlanePacketizer/CtrlPlanePacketizer.cpp" linenumber="247" name="p_Result_24" contextFuncName="cplane_packetizer" moduleName="cplane_packetizer" rtlName="grp_fu_1944_p4" latency="0" BRAM="-1" DSP="-1" FF="-1" LUT="-1" fileDirectory="/home/ssaraswathy/Documents/ORAN_Uplane/Uplane_without_Compression/Simulation_design/Looping_design/ORAN_INTEG_1/hls_src"><\/item>
<item  id="369" filename="CtrlPlanePacketizer/CtrlPlanePacketizer.cpp" linenumber="248" name="p_Result_25" contextFuncName="cplane_packetizer" moduleName="cplane_packetizer" rtlName="grp_fu_1953_p4" latency="0" BRAM="-1" DSP="-1" FF="-1" LUT="-1" fileDirectory="/home/ssaraswathy/Documents/ORAN_Uplane/Uplane_without_Compression/Simulation_design/Looping_design/ORAN_INTEG_1/hls_src"><\/item>
<item  id="370" filename="CtrlPlanePacketizer/CtrlPlanePacketizer.cpp" linenumber="249" name="p_Result_26" contextFuncName="cplane_packetizer" moduleName="cplane_packetizer" rtlName="grp_fu_1962_p4" latency="0" BRAM="-1" DSP="-1" FF="-1" LUT="-1" fileDirectory="/home/ssaraswathy/Documents/ORAN_Uplane/Uplane_without_Compression/Simulation_design/Looping_design/ORAN_INTEG_1/hls_src"><\/item>
<item  id="371" filename="CtrlPlanePacketizer/CtrlPlanePacketizer.cpp" linenumber="250" name="p_Result_27" contextFuncName="cplane_packetizer" moduleName="cplane_packetizer" rtlName="grp_fu_1971_p4" latency="0" BRAM="-1" DSP="-1" FF="-1" LUT="-1" fileDirectory="/home/ssaraswathy/Documents/ORAN_Uplane/Uplane_without_Compression/Simulation_design/Looping_design/ORAN_INTEG_1/hls_src"><\/item>
<item  id="372" filename="CtrlPlanePacketizer/CtrlPlanePacketizer.cpp" linenumber="251" name="p_Result_28" contextFuncName="cplane_packetizer" moduleName="cplane_packetizer" rtlName="grp_fu_1980_p4" latency="0" BRAM="-1" DSP="-1" FF="-1" LUT="-1" fileDirectory="/home/ssaraswathy/Documents/ORAN_Uplane/Uplane_without_Compression/Simulation_design/Looping_design/ORAN_INTEG_1/hls_src"><\/item>
<item  id="373" filename="CtrlPlanePacketizer/CtrlPlanePacketizer.cpp" linenumber="252" name="p_Result_29" contextFuncName="cplane_packetizer" moduleName="cplane_packetizer" rtlName="grp_fu_1989_p4" latency="0" BRAM="-1" DSP="-1" FF="-1" LUT="-1" fileDirectory="/home/ssaraswathy/Documents/ORAN_Uplane/Uplane_without_Compression/Simulation_design/Looping_design/ORAN_INTEG_1/hls_src"><\/item>
<item  id="374" filename="CtrlPlanePacketizer/CtrlPlanePacketizer.cpp" linenumber="253" name="trunc_ln647_3" contextFuncName="cplane_packetizer" moduleName="cplane_packetizer" rtlName="trunc_ln647_3_fu_3370_p1" latency="0" BRAM="-1" DSP="-1" FF="-1" LUT="-1" fileDirectory="/home/ssaraswathy/Documents/ORAN_Uplane/Uplane_without_Compression/Simulation_design/Looping_design/ORAN_INTEG_1/hls_src"><\/item>
<item  id="375" filename="CtrlPlanePacketizer/CtrlPlanePacketizer.cpp" linenumber="258" name="icmp_ln883" contextFuncName="cplane_packetizer" moduleName="cplane_packetizer" rtlName="grp_fu_1718_p2" latency="0" BRAM="-1" DSP="-1" FF="0" LUT="9" fileDirectory="/home/ssaraswathy/Documents/ORAN_Uplane/Uplane_without_Compression/Simulation_design/Looping_design/ORAN_INTEG_1/hls_src"><\/item>
<item  id="382" filename="CtrlPlanePacketizer/../lib/oran_header.h" linenumber="142" name="tmp_bfWCompParam_V_1" contextFuncName="operator=" moduleName="cplane_packetizer" rtlName="tmp_bfWCompParam_V_1_reg_3680" latency="0" BRAM="-1" DSP="-1" FF="-1" LUT="-1" fileDirectory="/home/ssaraswathy/Documents/ORAN_Uplane/Uplane_without_Compression/Simulation_design/Looping_design/ORAN_INTEG_1/hls_src"><\/item>
<item  id="383" filename="CtrlPlanePacketizer/../lib/oran_header.h" linenumber="142" name="tmp_42" contextFuncName="operator=" moduleName="cplane_packetizer" rtlName="extType11_reserved_c" latency="0" BRAM="-1" DSP="-1" FF="-1" LUT="-1" fileDirectory="/home/ssaraswathy/Documents/ORAN_Uplane/Uplane_without_Compression/Simulation_design/Looping_design/ORAN_INTEG_1/hls_src"><\/item>
<item  id="384" filename="CtrlPlanePacketizer/../lib/oran_header.h" linenumber="142" name="tmp_beamID_V_2_load_s" contextFuncName="operator=" moduleName="cplane_packetizer" rtlName="extType11_beamID_V" latency="0" BRAM="-1" DSP="-1" FF="-1" LUT="-1" fileDirectory="/home/ssaraswathy/Documents/ORAN_Uplane/Uplane_without_Compression/Simulation_design/Looping_design/ORAN_INTEG_1/hls_src"><\/item>
<item  id="387" filename="CtrlPlanePacketizer/CtrlPlanePacketizer.cpp" linenumber="262" name="p_Result_50" contextFuncName="cplane_packetizer" moduleName="cplane_packetizer" rtlName="p_Result_50_fu_3373_p17" latency="0" BRAM="-1" DSP="-1" FF="-1" LUT="-1" fileDirectory="/home/ssaraswathy/Documents/ORAN_Uplane/Uplane_without_Compression/Simulation_design/Looping_design/ORAN_INTEG_1/hls_src"><\/item>
<item  id="392" filename="CtrlPlanePacketizer/CtrlPlanePacketizer.cpp" linenumber="269" name="p_Result_58" contextFuncName="cplane_packetizer" moduleName="cplane_packetizer" rtlName="p_Result_58_fu_3409_p17" latency="0" BRAM="-1" DSP="-1" FF="-1" LUT="-1" fileDirectory="/home/ssaraswathy/Documents/ORAN_Uplane/Uplane_without_Compression/Simulation_design/Looping_design/ORAN_INTEG_1/hls_src"><\/item>
<item  id="399" filename="CtrlPlanePacketizer/CtrlPlanePacketizer.cpp" linenumber="197" name="p_Result_s_38" contextFuncName="cplane_packetizer" moduleName="cplane_packetizer" rtlName="p_Result_s_38_fu_2433_p4" latency="0" BRAM="-1" DSP="-1" FF="-1" LUT="-1" fileDirectory="/home/ssaraswathy/Documents/ORAN_Uplane/Uplane_without_Compression/Simulation_design/Looping_design/ORAN_INTEG_1/hls_src"><\/item>
<item  id="400" filename="CtrlPlanePacketizer/CtrlPlanePacketizer.cpp" linenumber="198" name="p_Result_1" contextFuncName="cplane_packetizer" moduleName="cplane_packetizer" rtlName="p_Result_1_fu_2443_p4" latency="0" BRAM="-1" DSP="-1" FF="-1" LUT="-1" fileDirectory="/home/ssaraswathy/Documents/ORAN_Uplane/Uplane_without_Compression/Simulation_design/Looping_design/ORAN_INTEG_1/hls_src"><\/item>
<item  id="401" filename="CtrlPlanePacketizer/CtrlPlanePacketizer.cpp" linenumber="199" name="p_Result_2" contextFuncName="cplane_packetizer" moduleName="cplane_packetizer" rtlName="p_Result_2_fu_2453_p4" latency="0" BRAM="-1" DSP="-1" FF="-1" LUT="-1" fileDirectory="/home/ssaraswathy/Documents/ORAN_Uplane/Uplane_without_Compression/Simulation_design/Looping_design/ORAN_INTEG_1/hls_src"><\/item>
<item  id="402" filename="CtrlPlanePacketizer/CtrlPlanePacketizer.cpp" linenumber="200" name="p_Result_3" contextFuncName="cplane_packetizer" moduleName="cplane_packetizer" rtlName="p_Result_3_fu_2463_p4" latency="0" BRAM="-1" DSP="-1" FF="-1" LUT="-1" fileDirectory="/home/ssaraswathy/Documents/ORAN_Uplane/Uplane_without_Compression/Simulation_design/Looping_design/ORAN_INTEG_1/hls_src"><\/item>
<item  id="403" filename="CtrlPlanePacketizer/CtrlPlanePacketizer.cpp" linenumber="201" name="p_Result_4" contextFuncName="cplane_packetizer" moduleName="cplane_packetizer" rtlName="grp_fu_1628_p4" latency="0" BRAM="-1" DSP="-1" FF="-1" LUT="-1" fileDirectory="/home/ssaraswathy/Documents/ORAN_Uplane/Uplane_without_Compression/Simulation_design/Looping_design/ORAN_INTEG_1/hls_src"><\/item>
<item  id="404" filename="CtrlPlanePacketizer/CtrlPlanePacketizer.cpp" linenumber="202" name="p_Result_5" contextFuncName="cplane_packetizer" moduleName="cplane_packetizer" rtlName="grp_fu_1637_p4" latency="0" BRAM="-1" DSP="-1" FF="-1" LUT="-1" fileDirectory="/home/ssaraswathy/Documents/ORAN_Uplane/Uplane_without_Compression/Simulation_design/Looping_design/ORAN_INTEG_1/hls_src"><\/item>
<item  id="405" filename="CtrlPlanePacketizer/CtrlPlanePacketizer.cpp" linenumber="203" name="p_Result_6" contextFuncName="cplane_packetizer" moduleName="cplane_packetizer" rtlName="grp_fu_1646_p4" latency="0" BRAM="-1" DSP="-1" FF="-1" LUT="-1" fileDirectory="/home/ssaraswathy/Documents/ORAN_Uplane/Uplane_without_Compression/Simulation_design/Looping_design/ORAN_INTEG_1/hls_src"><\/item>
<item  id="406" filename="CtrlPlanePacketizer/CtrlPlanePacketizer.cpp" linenumber="204" name="p_Result_7" contextFuncName="cplane_packetizer" moduleName="cplane_packetizer" rtlName="grp_fu_1655_p4" latency="0" BRAM="-1" DSP="-1" FF="-1" LUT="-1" fileDirectory="/home/ssaraswathy/Documents/ORAN_Uplane/Uplane_without_Compression/Simulation_design/Looping_design/ORAN_INTEG_1/hls_src"><\/item>
<item  id="407" filename="CtrlPlanePacketizer/CtrlPlanePacketizer.cpp" linenumber="205" name="p_Result_8" contextFuncName="cplane_packetizer" moduleName="cplane_packetizer" rtlName="grp_fu_1664_p4" latency="0" BRAM="-1" DSP="-1" FF="-1" LUT="-1" fileDirectory="/home/ssaraswathy/Documents/ORAN_Uplane/Uplane_without_Compression/Simulation_design/Looping_design/ORAN_INTEG_1/hls_src"><\/item>
<item  id="408" filename="CtrlPlanePacketizer/CtrlPlanePacketizer.cpp" linenumber="206" name="p_Result_9" contextFuncName="cplane_packetizer" moduleName="cplane_packetizer" rtlName="grp_fu_1673_p4" latency="0" BRAM="-1" DSP="-1" FF="-1" LUT="-1" fileDirectory="/home/ssaraswathy/Documents/ORAN_Uplane/Uplane_without_Compression/Simulation_design/Looping_design/ORAN_INTEG_1/hls_src"><\/item>
<item  id="409" filename="CtrlPlanePacketizer/CtrlPlanePacketizer.cpp" linenumber="207" name="p_Result_10" contextFuncName="cplane_packetizer" moduleName="cplane_packetizer" rtlName="grp_fu_1682_p4" latency="0" BRAM="-1" DSP="-1" FF="-1" LUT="-1" fileDirectory="/home/ssaraswathy/Documents/ORAN_Uplane/Uplane_without_Compression/Simulation_design/Looping_design/ORAN_INTEG_1/hls_src"><\/item>
<item  id="410" filename="CtrlPlanePacketizer/CtrlPlanePacketizer.cpp" linenumber="208" name="p_Result_11" contextFuncName="cplane_packetizer" moduleName="cplane_packetizer" rtlName="grp_fu_1691_p4" latency="0" BRAM="-1" DSP="-1" FF="-1" LUT="-1" fileDirectory="/home/ssaraswathy/Documents/ORAN_Uplane/Uplane_without_Compression/Simulation_design/Looping_design/ORAN_INTEG_1/hls_src"><\/item>
<item  id="411" filename="CtrlPlanePacketizer/CtrlPlanePacketizer.cpp" linenumber="209" name="p_Result_12" contextFuncName="cplane_packetizer" moduleName="cplane_packetizer" rtlName="grp_fu_1700_p4" latency="0" BRAM="-1" DSP="-1" FF="-1" LUT="-1" fileDirectory="/home/ssaraswathy/Documents/ORAN_Uplane/Uplane_without_Compression/Simulation_design/Looping_design/ORAN_INTEG_1/hls_src"><\/item>
<item  id="412" filename="CtrlPlanePacketizer/CtrlPlanePacketizer.cpp" linenumber="210" name="p_Result_13" contextFuncName="cplane_packetizer" moduleName="cplane_packetizer" rtlName="grp_fu_1709_p4" latency="0" BRAM="-1" DSP="-1" FF="-1" LUT="-1" fileDirectory="/home/ssaraswathy/Documents/ORAN_Uplane/Uplane_without_Compression/Simulation_design/Looping_design/ORAN_INTEG_1/hls_src"><\/item>
<item  id="413" filename="CtrlPlanePacketizer/CtrlPlanePacketizer.cpp" linenumber="211" name="trunc_ln647_2" contextFuncName="cplane_packetizer" moduleName="cplane_packetizer" rtlName="trunc_ln647_2_fu_2473_p1" latency="0" BRAM="-1" DSP="-1" FF="-1" LUT="-1" fileDirectory="/home/ssaraswathy/Documents/ORAN_Uplane/Uplane_without_Compression/Simulation_design/Looping_design/ORAN_INTEG_1/hls_src"><\/item>
<item  id="414" filename="CtrlPlanePacketizer/CtrlPlanePacketizer.cpp" linenumber="211" name="tmp_6" contextFuncName="cplane_packetizer" moduleName="cplane_packetizer" rtlName="tmp_6_fu_2477_p16" latency="0" BRAM="-1" DSP="-1" FF="-1" LUT="-1" fileDirectory="/home/ssaraswathy/Documents/ORAN_Uplane/Uplane_without_Compression/Simulation_design/Looping_design/ORAN_INTEG_1/hls_src"><\/item>
<item  id="415" filename="CtrlPlanePacketizer/CtrlPlanePacketizer.cpp" linenumber="211" name="p_Result_37" contextFuncName="cplane_packetizer" moduleName="cplane_packetizer" rtlName="p_Result_37_fu_2511_p5" latency="0" BRAM="-1" DSP="-1" FF="-1" LUT="-1" fileDirectory="/home/ssaraswathy/Documents/ORAN_Uplane/Uplane_without_Compression/Simulation_design/Looping_design/ORAN_INTEG_1/hls_src"><\/item>
<item  id="427" filename="CtrlPlanePacketizer/CtrlPlanePacketizer.cpp" linenumber="167" name="trunc_ln647_15" contextFuncName="cplane_packetizer" moduleName="cplane_packetizer" rtlName="trunc_ln647_15_fu_2527_p1" latency="0" BRAM="-1" DSP="-1" FF="-1" LUT="-1" fileDirectory="/home/ssaraswathy/Documents/ORAN_Uplane/Uplane_without_Compression/Simulation_design/Looping_design/ORAN_INTEG_1/hls_src"><\/item>
<item  id="430" filename="CtrlPlanePacketizer/CtrlPlanePacketizer.cpp" linenumber="169" name="p_Result_103" contextFuncName="cplane_packetizer" moduleName="cplane_packetizer" rtlName="p_Result_103_fu_2539_p4" latency="0" BRAM="-1" DSP="-1" FF="-1" LUT="-1" fileDirectory="/home/ssaraswathy/Documents/ORAN_Uplane/Uplane_without_Compression/Simulation_design/Looping_design/ORAN_INTEG_1/hls_src"><\/item>
<item  id="432" filename="CtrlPlanePacketizer/CtrlPlanePacketizer.cpp" linenumber="171" name="trunc_ln647_16" contextFuncName="cplane_packetizer" moduleName="cplane_packetizer" rtlName="trunc_ln647_16_fu_2553_p1" latency="0" BRAM="-1" DSP="-1" FF="-1" LUT="-1" fileDirectory="/home/ssaraswathy/Documents/ORAN_Uplane/Uplane_without_Compression/Simulation_design/Looping_design/ORAN_INTEG_1/hls_src"><\/item>
<item  id="435" filename="CtrlPlanePacketizer/CtrlPlanePacketizer.cpp" linenumber="173" name="p_Result_105" contextFuncName="cplane_packetizer" moduleName="cplane_packetizer" rtlName="p_Result_105_fu_2565_p4" latency="0" BRAM="-1" DSP="-1" FF="-1" LUT="-1" fileDirectory="/home/ssaraswathy/Documents/ORAN_Uplane/Uplane_without_Compression/Simulation_design/Looping_design/ORAN_INTEG_1/hls_src"><\/item>
<item  id="436" filename="CtrlPlanePacketizer/CtrlPlanePacketizer.cpp" linenumber="174" name="trunc_ln647_17" contextFuncName="cplane_packetizer" moduleName="cplane_packetizer" rtlName="trunc_ln647_17_fu_2575_p1" latency="0" BRAM="-1" DSP="-1" FF="-1" LUT="-1" fileDirectory="/home/ssaraswathy/Documents/ORAN_Uplane/Uplane_without_Compression/Simulation_design/Looping_design/ORAN_INTEG_1/hls_src"><\/item>
<item  id="438" filename="CtrlPlanePacketizer/../lib/oran_header.h" linenumber="142" name="trunc_ln321_1" contextFuncName="operator=" moduleName="cplane_packetizer" rtlName="trunc_ln321_1_fu_2579_p1" latency="0" BRAM="-1" DSP="-1" FF="-1" LUT="-1" fileDirectory="/home/ssaraswathy/Documents/ORAN_Uplane/Uplane_without_Compression/Simulation_design/Looping_design/ORAN_INTEG_1/hls_src"><\/item>
<item  id="439" filename="CtrlPlanePacketizer/../lib/oran_header.h" linenumber="142" name="tmp_extType_V_load_n" contextFuncName="operator=" moduleName="cplane_packetizer" rtlName="tmp_extType_V_load_n_fu_2583_p4" latency="0" BRAM="-1" DSP="-1" FF="-1" LUT="-1" fileDirectory="/home/ssaraswathy/Documents/ORAN_Uplane/Uplane_without_Compression/Simulation_design/Looping_design/ORAN_INTEG_1/hls_src"><\/item>
<item  id="440" filename="CtrlPlanePacketizer/../lib/oran_header.h" linenumber="142" name="tmp_reserved_V_1_loa" contextFuncName="operator=" moduleName="cplane_packetizer" rtlName="tmp_reserved_V_1_loa_fu_2593_p4" latency="0" BRAM="-1" DSP="-1" FF="-1" LUT="-1" fileDirectory="/home/ssaraswathy/Documents/ORAN_Uplane/Uplane_without_Compression/Simulation_design/Looping_design/ORAN_INTEG_1/hls_src"><\/item>
<item  id="441" filename="CtrlPlanePacketizer/../lib/oran_header.h" linenumber="142" name="tmp_40" contextFuncName="operator=" moduleName="cplane_packetizer" rtlName="extType11_reserved_c" latency="0" BRAM="-1" DSP="-1" FF="-1" LUT="-1" fileDirectory="/home/ssaraswathy/Documents/ORAN_Uplane/Uplane_without_Compression/Simulation_design/Looping_design/ORAN_INTEG_1/hls_src"><\/item>
<item  id="442" filename="CtrlPlanePacketizer/../lib/oran_header.h" linenumber="142" name="p_Val2_13" contextFuncName="operator=" moduleName="cplane_packetizer" rtlName="extType11_beamID_V" latency="0" BRAM="-1" DSP="-1" FF="-1" LUT="-1" fileDirectory="/home/ssaraswathy/Documents/ORAN_Uplane/Uplane_without_Compression/Simulation_design/Looping_design/ORAN_INTEG_1/hls_src"><\/item>
<item  id="446" filename="CtrlPlanePacketizer/CtrlPlanePacketizer.cpp" linenumber="177" name="tmp_V" contextFuncName="cplane_packetizer" moduleName="cplane_packetizer" rtlName="tmp_V_fu_2603_p1" latency="0" BRAM="-1" DSP="-1" FF="-1" LUT="-1" fileDirectory="/home/ssaraswathy/Documents/ORAN_Uplane/Uplane_without_Compression/Simulation_design/Looping_design/ORAN_INTEG_1/hls_src"><\/item>
<item  id="448" filename="CtrlPlanePacketizer/CtrlPlanePacketizer.cpp" linenumber="180" name="p_Result_106" contextFuncName="cplane_packetizer" moduleName="cplane_packetizer" rtlName="p_Result_106_fu_2613_p4" latency="0" BRAM="-1" DSP="-1" FF="-1" LUT="-1" fileDirectory="/home/ssaraswathy/Documents/ORAN_Uplane/Uplane_without_Compression/Simulation_design/Looping_design/ORAN_INTEG_1/hls_src"><\/item>
<item  id="449" filename="CtrlPlanePacketizer/CtrlPlanePacketizer.cpp" linenumber="181" name="p_Result_107" contextFuncName="cplane_packetizer" moduleName="cplane_packetizer" rtlName="p_Result_107_fu_2623_p4" latency="0" BRAM="-1" DSP="-1" FF="-1" LUT="-1" fileDirectory="/home/ssaraswathy/Documents/ORAN_Uplane/Uplane_without_Compression/Simulation_design/Looping_design/ORAN_INTEG_1/hls_src"><\/item>
<item  id="450" filename="CtrlPlanePacketizer/CtrlPlanePacketizer.cpp" linenumber="188" name="p_Result_108" contextFuncName="cplane_packetizer" moduleName="cplane_packetizer" rtlName="grp_fu_1762_p4" latency="0" BRAM="-1" DSP="-1" FF="-1" LUT="-1" fileDirectory="/home/ssaraswathy/Documents/ORAN_Uplane/Uplane_without_Compression/Simulation_design/Looping_design/ORAN_INTEG_1/hls_src"><\/item>
<item  id="451" filename="CtrlPlanePacketizer/CtrlPlanePacketizer.cpp" linenumber="190" name="tmp_22" contextFuncName="cplane_packetizer" moduleName="cplane_packetizer" rtlName="grp_fu_1772_p4" latency="0" BRAM="-1" DSP="-1" FF="-1" LUT="-1" fileDirectory="/home/ssaraswathy/Documents/ORAN_Uplane/Uplane_without_Compression/Simulation_design/Looping_design/ORAN_INTEG_1/hls_src"><\/item>
<item  id="452" filename="CtrlPlanePacketizer/CtrlPlanePacketizer.cpp" linenumber="190" name="tmp_23" contextFuncName="cplane_packetizer" moduleName="cplane_packetizer" rtlName="tmp_23_fu_2633_p4" latency="0" BRAM="-1" DSP="-1" FF="-1" LUT="-1" fileDirectory="/home/ssaraswathy/Documents/ORAN_Uplane/Uplane_without_Compression/Simulation_design/Looping_design/ORAN_INTEG_1/hls_src"><\/item>
<item  id="453" filename="CtrlPlanePacketizer/CtrlPlanePacketizer.cpp" linenumber="190" name="tmp_24" contextFuncName="cplane_packetizer" moduleName="cplane_packetizer" rtlName="tmp_24_fu_2643_p4" latency="0" BRAM="-1" DSP="-1" FF="-1" LUT="-1" fileDirectory="/home/ssaraswathy/Documents/ORAN_Uplane/Uplane_without_Compression/Simulation_design/Looping_design/ORAN_INTEG_1/hls_src"><\/item>
<item  id="454" filename="CtrlPlanePacketizer/CtrlPlanePacketizer.cpp" linenumber="190" name="tmp_25" contextFuncName="cplane_packetizer" moduleName="cplane_packetizer" rtlName="tmp_25_fu_2653_p18" latency="0" BRAM="-1" DSP="-1" FF="-1" LUT="-1" fileDirectory="/home/ssaraswathy/Documents/ORAN_Uplane/Uplane_without_Compression/Simulation_design/Looping_design/ORAN_INTEG_1/hls_src"><\/item>
<item  id="455" filename="CtrlPlanePacketizer/CtrlPlanePacketizer.cpp" linenumber="190" name="p_Result_32" contextFuncName="cplane_packetizer" moduleName="cplane_packetizer" rtlName="p_Result_32_fu_2691_p5" latency="0" BRAM="-1" DSP="-1" FF="-1" LUT="-1" fileDirectory="/home/ssaraswathy/Documents/ORAN_Uplane/Uplane_without_Compression/Simulation_design/Looping_design/ORAN_INTEG_1/hls_src"><\/item>
<item  id="468" filename="CtrlPlanePacketizer/CtrlPlanePacketizer.cpp" linenumber="226" name="p_Result_115" contextFuncName="cplane_packetizer" moduleName="cplane_packetizer" rtlName="reg_1998" latency="0" BRAM="-1" DSP="-1" FF="-1" LUT="-1" fileDirectory="/home/ssaraswathy/Documents/ORAN_Uplane/Uplane_without_Compression/Simulation_design/Looping_design/ORAN_INTEG_1/hls_src"><\/item>
<item  id="469" filename="CtrlPlanePacketizer/CtrlPlanePacketizer.cpp" linenumber="226" name="p_Result_42" contextFuncName="cplane_packetizer" moduleName="cplane_packetizer" rtlName="p_Result_42_fu_3446_p5" latency="0" BRAM="-1" DSP="-1" FF="-1" LUT="-1" fileDirectory="/home/ssaraswathy/Documents/ORAN_Uplane/Uplane_without_Compression/Simulation_design/Looping_design/ORAN_INTEG_1/hls_src"><\/item>
<item  id="485" filename="CtrlPlanePacketizer/CtrlPlanePacketizer.cpp" linenumber="127" name="p_Result_80" contextFuncName="cplane_packetizer" moduleName="cplane_packetizer" rtlName="p_Result_80_fu_3463_p4" latency="0" BRAM="-1" DSP="-1" FF="-1" LUT="-1" fileDirectory="/home/ssaraswathy/Documents/ORAN_Uplane/Uplane_without_Compression/Simulation_design/Looping_design/ORAN_INTEG_1/hls_src"><\/item>
<item  id="486" filename="CtrlPlanePacketizer/CtrlPlanePacketizer.cpp" linenumber="128" name="trunc_ln647_11" contextFuncName="cplane_packetizer" moduleName="cplane_packetizer" rtlName="trunc_ln647_11_fu_3473_p1" latency="0" BRAM="-1" DSP="-1" FF="-1" LUT="-1" fileDirectory="/home/ssaraswathy/Documents/ORAN_Uplane/Uplane_without_Compression/Simulation_design/Looping_design/ORAN_INTEG_1/hls_src"><\/item>
<item  id="488" filename="CtrlPlanePacketizer/CtrlPlanePacketizer.cpp" linenumber="130" name="p_Result_81" contextFuncName="cplane_packetizer" moduleName="cplane_packetizer" rtlName="p_Result_81_reg_3714" latency="0" BRAM="-1" DSP="-1" FF="-1" LUT="-1" fileDirectory="/home/ssaraswathy/Documents/ORAN_Uplane/Uplane_without_Compression/Simulation_design/Looping_design/ORAN_INTEG_1/hls_src"><\/item>
<item  id="489" filename="CtrlPlanePacketizer/CtrlPlanePacketizer.cpp" linenumber="131" name="trunc_ln647_12" contextFuncName="cplane_packetizer" moduleName="cplane_packetizer" rtlName="trunc_ln647_12_fu_2713_p1" latency="0" BRAM="-1" DSP="-1" FF="-1" LUT="-1" fileDirectory="/home/ssaraswathy/Documents/ORAN_Uplane/Uplane_without_Compression/Simulation_design/Looping_design/ORAN_INTEG_1/hls_src"><\/item>
<item  id="491" filename="CtrlPlanePacketizer/CtrlPlanePacketizer.cpp" linenumber="132" name="p_Result_82" contextFuncName="cplane_packetizer" moduleName="cplane_packetizer" rtlName="p_Result_82_fu_3481_p4" latency="0" BRAM="-1" DSP="-1" FF="-1" LUT="-1" fileDirectory="/home/ssaraswathy/Documents/ORAN_Uplane/Uplane_without_Compression/Simulation_design/Looping_design/ORAN_INTEG_1/hls_src"><\/item>
<item  id="492" filename="CtrlPlanePacketizer/CtrlPlanePacketizer.cpp" linenumber="133" name="trunc_ln647_13" contextFuncName="cplane_packetizer" moduleName="cplane_packetizer" rtlName="trunc_ln647_13_fu_3491_p1" latency="0" BRAM="-1" DSP="-1" FF="-1" LUT="-1" fileDirectory="/home/ssaraswathy/Documents/ORAN_Uplane/Uplane_without_Compression/Simulation_design/Looping_design/ORAN_INTEG_1/hls_src"><\/item>
<item  id="494" filename="CtrlPlanePacketizer/../lib/oran_header.h" linenumber="88" name="trunc_ln321" contextFuncName="operator=" moduleName="cplane_packetizer" rtlName="trunc_ln321_fu_2717_p1" latency="0" BRAM="-1" DSP="-1" FF="-1" LUT="-1" fileDirectory="/home/ssaraswathy/Documents/ORAN_Uplane/Uplane_without_Compression/Simulation_design/Looping_design/ORAN_INTEG_1/hls_src"><\/item>
<item  id="495" filename="CtrlPlanePacketizer/../lib/oran_header.h" linenumber="88" name="tmp_payloadVersion_V" contextFuncName="operator=" moduleName="cplane_packetizer" rtlName="tmp_payloadVersion_V_reg_3729" latency="0" BRAM="-1" DSP="-1" FF="-1" LUT="-1" fileDirectory="/home/ssaraswathy/Documents/ORAN_Uplane/Uplane_without_Compression/Simulation_design/Looping_design/ORAN_INTEG_1/hls_src"><\/item>
<item  id="496" filename="CtrlPlanePacketizer/../lib/oran_header.h" linenumber="88" name="tmp_filterIndex_V_lo" contextFuncName="operator=" moduleName="cplane_packetizer" rtlName="tmp_filterIndex_V_lo_reg_3734" latency="0" BRAM="-1" DSP="-1" FF="-1" LUT="-1" fileDirectory="/home/ssaraswathy/Documents/ORAN_Uplane/Uplane_without_Compression/Simulation_design/Looping_design/ORAN_INTEG_1/hls_src"><\/item>
<item  id="497" filename="CtrlPlanePacketizer/../lib/oran_header.h" linenumber="88" name="tmp_frameId_V_load_n" contextFuncName="operator=" moduleName="cplane_packetizer" rtlName="tmp_frameId_V_load_n_reg_3739" latency="0" BRAM="-1" DSP="-1" FF="-1" LUT="-1" fileDirectory="/home/ssaraswathy/Documents/ORAN_Uplane/Uplane_without_Compression/Simulation_design/Looping_design/ORAN_INTEG_1/hls_src"><\/item>
<item  id="498" filename="CtrlPlanePacketizer/../lib/oran_header.h" linenumber="88" name="tmp_subframeId_V_loa" contextFuncName="operator=" moduleName="cplane_packetizer" rtlName="tmp_subframeId_V_loa_reg_3744" latency="0" BRAM="-1" DSP="-1" FF="-1" LUT="-1" fileDirectory="/home/ssaraswathy/Documents/ORAN_Uplane/Uplane_without_Compression/Simulation_design/Looping_design/ORAN_INTEG_1/hls_src"><\/item>
<item  id="499" filename="CtrlPlanePacketizer/../lib/oran_header.h" linenumber="88" name="tmp_startsymbolId_V_s" contextFuncName="operator=" moduleName="cplane_packetizer" rtlName="tmp_startsymbolId_V_s_reg_3749" latency="0" BRAM="-1" DSP="-1" FF="-1" LUT="-1" fileDirectory="/home/ssaraswathy/Documents/ORAN_Uplane/Uplane_without_Compression/Simulation_design/Looping_design/ORAN_INTEG_1/hls_src"><\/item>
<item  id="500" filename="CtrlPlanePacketizer/CtrlPlanePacketizer.cpp" linenumber="139" name="p_Result_83" contextFuncName="cplane_packetizer" moduleName="cplane_packetizer" rtlName="p_Result_83_reg_3754" latency="0" BRAM="-1" DSP="-1" FF="-1" LUT="-1" fileDirectory="/home/ssaraswathy/Documents/ORAN_Uplane/Uplane_without_Compression/Simulation_design/Looping_design/ORAN_INTEG_1/hls_src"><\/item>
<item  id="501" filename="CtrlPlanePacketizer/CtrlPlanePacketizer.cpp" linenumber="142" name="p_Result_84" contextFuncName="cplane_packetizer" moduleName="cplane_packetizer" rtlName="p_Result_84_reg_3759" latency="0" BRAM="-1" DSP="-1" FF="-1" LUT="-1" fileDirectory="/home/ssaraswathy/Documents/ORAN_Uplane/Uplane_without_Compression/Simulation_design/Looping_design/ORAN_INTEG_1/hls_src"><\/item>
<item  id="503" filename="CtrlPlanePacketizer/../lib/oran_header.h" linenumber="117" name="p_Val2_4" contextFuncName="operator=" moduleName="cplane_packetizer" rtlName="section1_header_star" latency="0" BRAM="-1" DSP="-1" FF="-1" LUT="-1" fileDirectory="/home/ssaraswathy/Documents/ORAN_Uplane/Uplane_without_Compression/Simulation_design/Looping_design/ORAN_INTEG_1/hls_src"><\/item>
<item  id="504" filename="CtrlPlanePacketizer/../lib/oran_header.h" linenumber="117" name="tmp_numPrbu_V_load_n" contextFuncName="operator=" moduleName="cplane_packetizer" rtlName="section1_header_numP" latency="0" BRAM="-1" DSP="-1" FF="-1" LUT="-1" fileDirectory="/home/ssaraswathy/Documents/ORAN_Uplane/Uplane_without_Compression/Simulation_design/Looping_design/ORAN_INTEG_1/hls_src"><\/item>
<item  id="505" filename="CtrlPlanePacketizer/../lib/oran_header.h" linenumber="117" name="tmp_reMask_V_load_ne" contextFuncName="operator=" moduleName="cplane_packetizer" rtlName="section1_header_reMa" latency="0" BRAM="-1" DSP="-1" FF="-1" LUT="-1" fileDirectory="/home/ssaraswathy/Documents/ORAN_Uplane/Uplane_without_Compression/Simulation_design/Looping_design/ORAN_INTEG_1/hls_src"><\/item>
<item  id="506" filename="CtrlPlanePacketizer/../lib/oran_header.h" linenumber="117" name="tmp_numSymbol_V_load" contextFuncName="operator=" moduleName="cplane_packetizer" rtlName="section1_header_numS" latency="0" BRAM="-1" DSP="-1" FF="-1" LUT="-1" fileDirectory="/home/ssaraswathy/Documents/ORAN_Uplane/Uplane_without_Compression/Simulation_design/Looping_design/ORAN_INTEG_1/hls_src"><\/item>
<item  id="507" filename="CtrlPlanePacketizer/../lib/oran_header.h" linenumber="117" name="tmp_beamID_V_load_ne" contextFuncName="operator=" moduleName="cplane_packetizer" rtlName="section1_header_beam" latency="0" BRAM="-1" DSP="-1" FF="-1" LUT="-1" fileDirectory="/home/ssaraswathy/Documents/ORAN_Uplane/Uplane_without_Compression/Simulation_design/Looping_design/ORAN_INTEG_1/hls_src"><\/item>
<item  id="508" filename="CtrlPlanePacketizer/../lib/oran_header.h" linenumber="117" name="tmp_18" contextFuncName="operator=" moduleName="cplane_packetizer" rtlName="section1_header_ef_V" latency="0" BRAM="-1" DSP="-1" FF="-1" LUT="-1" fileDirectory="/home/ssaraswathy/Documents/ORAN_Uplane/Uplane_without_Compression/Simulation_design/Looping_design/ORAN_INTEG_1/hls_src"><\/item>
<item  id="515" filename="CtrlPlanePacketizer/CtrlPlanePacketizer.cpp" linenumber="148" name="p_Result_85" contextFuncName="cplane_packetizer" moduleName="cplane_packetizer" rtlName="p_Result_85_reg_3764" latency="0" BRAM="-1" DSP="-1" FF="-1" LUT="-1" fileDirectory="/home/ssaraswathy/Documents/ORAN_Uplane/Uplane_without_Compression/Simulation_design/Looping_design/ORAN_INTEG_1/hls_src"><\/item>
<item  id="516" filename="CtrlPlanePacketizer/CtrlPlanePacketizer.cpp" linenumber="149" name="p_Result_86" contextFuncName="cplane_packetizer" moduleName="cplane_packetizer" rtlName="p_Result_86_reg_3769" latency="0" BRAM="-1" DSP="-1" FF="-1" LUT="-1" fileDirectory="/home/ssaraswathy/Documents/ORAN_Uplane/Uplane_without_Compression/Simulation_design/Looping_design/ORAN_INTEG_1/hls_src"><\/item>
<item  id="517" filename="CtrlPlanePacketizer/CtrlPlanePacketizer.cpp" linenumber="152" name="trunc_ln647_14" contextFuncName="cplane_packetizer" moduleName="cplane_packetizer" rtlName="trunc_ln647_14_fu_2905_p1" latency="0" BRAM="-1" DSP="-1" FF="-1" LUT="-1" fileDirectory="/home/ssaraswathy/Documents/ORAN_Uplane/Uplane_without_Compression/Simulation_design/Looping_design/ORAN_INTEG_1/hls_src"><\/item>
<item  id="518" filename="CtrlPlanePacketizer/CtrlPlanePacketizer.cpp" linenumber="152" name="tmp_15" contextFuncName="cplane_packetizer" moduleName="cplane_packetizer" rtlName="tmp_15_reg_3779" latency="0" BRAM="-1" DSP="-1" FF="-1" LUT="-1" fileDirectory="/home/ssaraswathy/Documents/ORAN_Uplane/Uplane_without_Compression/Simulation_design/Looping_design/ORAN_INTEG_1/hls_src"><\/item>
<item  id="519" filename="CtrlPlanePacketizer/CtrlPlanePacketizer.cpp" linenumber="152" name="tmp_16" contextFuncName="cplane_packetizer" moduleName="cplane_packetizer" rtlName="tmp_16_fu_2919_p4" latency="0" BRAM="-1" DSP="-1" FF="-1" LUT="-1" fileDirectory="/home/ssaraswathy/Documents/ORAN_Uplane/Uplane_without_Compression/Simulation_design/Looping_design/ORAN_INTEG_1/hls_src"><\/item>
<item  id="520" filename="CtrlPlanePacketizer/CtrlPlanePacketizer.cpp" linenumber="152" name="p_Result_30" contextFuncName="cplane_packetizer" moduleName="cplane_packetizer" rtlName="p_Result_30_fu_3495_p20" latency="0" BRAM="-1" DSP="-1" FF="-1" LUT="-1" fileDirectory="/home/ssaraswathy/Documents/ORAN_Uplane/Uplane_without_Compression/Simulation_design/Looping_design/ORAN_INTEG_1/hls_src"><\/item>
<item  id="532" filename="CtrlPlanePacketizer/../lib/oran_header.h" linenumber="66" name="tmp_payload_size_V_l" contextFuncName="operator=" moduleName="cplane_packetizer" rtlName="ecpri_header_payload" latency="0" BRAM="-1" DSP="-1" FF="-1" LUT="-1" fileDirectory="/home/ssaraswathy/Documents/ORAN_Uplane/Uplane_without_Compression/Simulation_design/Looping_design/ORAN_INTEG_1/hls_src"><\/item>
<item  id="533" filename="CtrlPlanePacketizer/../lib/oran_header.h" linenumber="66" name="tmp_seqid_V_load_new" contextFuncName="operator=" moduleName="cplane_packetizer" rtlName="ecpri_header_seqid_V" latency="0" BRAM="-1" DSP="-1" FF="-1" LUT="-1" fileDirectory="/home/ssaraswathy/Documents/ORAN_Uplane/Uplane_without_Compression/Simulation_design/Looping_design/ORAN_INTEG_1/hls_src"><\/item>
<item  id="536" filename="CtrlPlanePacketizer/CtrlPlanePacketizer.cpp" linenumber="114" name="trunc_ln414" contextFuncName="cplane_packetizer" moduleName="cplane_packetizer" rtlName="trunc_ln414_fu_2961_p1" latency="0" BRAM="-1" DSP="-1" FF="-1" LUT="-1" fileDirectory="/home/ssaraswathy/Documents/ORAN_Uplane/Uplane_without_Compression/Simulation_design/Looping_design/ORAN_INTEG_1/hls_src"><\/item>
<item  id="537" filename="CtrlPlanePacketizer/CtrlPlanePacketizer.cpp" linenumber="114" name="p_Result_s" contextFuncName="cplane_packetizer" moduleName="cplane_packetizer" rtlName="p_Result_s_fu_3523_p3" latency="0" BRAM="-1" DSP="-1" FF="-1" LUT="-1" fileDirectory="/home/ssaraswathy/Documents/ORAN_Uplane/Uplane_without_Compression/Simulation_design/Looping_design/ORAN_INTEG_1/hls_src"><\/item>
<item  id="551" filename="CtrlPlanePacketizer/CtrlPlanePacketizer.cpp" linenumber="562" name="xor_ln562" contextFuncName="cplane_packetizer" moduleName="cplane_packetizer" rtlName="xor_ln562_fu_2965_p2" latency="0" BRAM="-1" DSP="-1" FF="0" LUT="2" fileDirectory="/home/ssaraswathy/Documents/ORAN_Uplane/Uplane_without_Compression/Simulation_design/Looping_design/ORAN_INTEG_1/hls_src"><\/item>
<item  id="552" filename="CtrlPlanePacketizer/CtrlPlanePacketizer.cpp" linenumber="562" name="or_ln562" contextFuncName="cplane_packetizer" moduleName="cplane_packetizer" rtlName="or_ln562_fu_2971_p2" latency="0" BRAM="-1" DSP="-1" FF="0" LUT="2" fileDirectory="/home/ssaraswathy/Documents/ORAN_Uplane/Uplane_without_Compression/Simulation_design/Looping_design/ORAN_INTEG_1/hls_src"><\/item>
<item  id="556" filename="CtrlPlanePacketizer/CtrlPlanePacketizer.cpp" linenumber="564" name="add_ln700" contextFuncName="cplane_packetizer" moduleName="cplane_packetizer" rtlName="add_ln700_fu_2981_p2" latency="0" BRAM="-1" DSP="-1" FF="0" LUT="15" fileDirectory="/home/ssaraswathy/Documents/ORAN_Uplane/Uplane_without_Compression/Simulation_design/Looping_design/ORAN_INTEG_1/hls_src"><\/item>
<item  id="557" filename="CtrlPlanePacketizer/CtrlPlanePacketizer.cpp" linenumber="565" name="icmp_ln879" contextFuncName="cplane_packetizer" moduleName="cplane_packetizer" rtlName="icmp_ln879_fu_2987_p2" latency="0" BRAM="-1" DSP="-1" FF="0" LUT="11" fileDirectory="/home/ssaraswathy/Documents/ORAN_Uplane/Uplane_without_Compression/Simulation_design/Looping_design/ORAN_INTEG_1/hls_src"><\/item>
<item  id="558" filename="CtrlPlanePacketizer/CtrlPlanePacketizer.cpp" linenumber="569" name="add_ln214" contextFuncName="cplane_packetizer" moduleName="cplane_packetizer" rtlName="add_ln214_fu_2994_p2" latency="0" BRAM="-1" DSP="-1" FF="0" LUT="12" fileDirectory="/home/ssaraswathy/Documents/ORAN_Uplane/Uplane_without_Compression/Simulation_design/Looping_design/ORAN_INTEG_1/hls_src"><\/item>
<item  id="559" filename="CtrlPlanePacketizer/CtrlPlanePacketizer.cpp" linenumber="565" name="select_ln565" contextFuncName="cplane_packetizer" moduleName="cplane_packetizer" rtlName="select_ln565_fu_3000_p3" latency="0" BRAM="-1" DSP="-1" FF="0" LUT="4" fileDirectory="/home/ssaraswathy/Documents/ORAN_Uplane/Uplane_without_Compression/Simulation_design/Looping_design/ORAN_INTEG_1/hls_src"><\/item>
<item  id="560" filename="CtrlPlanePacketizer/CtrlPlanePacketizer.cpp" linenumber="565" name="or_ln565" contextFuncName="cplane_packetizer" moduleName="cplane_packetizer" rtlName="or_ln565_fu_3009_p2" latency="0" BRAM="-1" DSP="-1" FF="0" LUT="2" fileDirectory="/home/ssaraswathy/Documents/ORAN_Uplane/Uplane_without_Compression/Simulation_design/Looping_design/ORAN_INTEG_1/hls_src"><\/item>
<item  id="561" filename="CtrlPlanePacketizer/CtrlPlanePacketizer.cpp" linenumber="565" name="select_ln565_1" contextFuncName="cplane_packetizer" moduleName="cplane_packetizer" rtlName="select_ln565_1_fu_3016_p3" latency="0" BRAM="-1" DSP="-1" FF="0" LUT="4" fileDirectory="/home/ssaraswathy/Documents/ORAN_Uplane/Uplane_without_Compression/Simulation_design/Looping_design/ORAN_INTEG_1/hls_src"><\/item>
<item  id="562" filename="CtrlPlanePacketizer/CtrlPlanePacketizer.cpp" linenumber="565" name="select_ln565_2" contextFuncName="cplane_packetizer" moduleName="cplane_packetizer" rtlName="select_ln565_2_fu_3025_p3" latency="0" BRAM="-1" DSP="-1" FF="0" LUT="5" fileDirectory="/home/ssaraswathy/Documents/ORAN_Uplane/Uplane_without_Compression/Simulation_design/Looping_design/ORAN_INTEG_1/hls_src"><\/item>
<item  id="597" filename="CtrlPlanePacketizer/CtrlPlanePacketizer.cpp" linenumber="583" name="add_ln700_1" contextFuncName="cplane_packetizer" moduleName="cplane_packetizer" rtlName="add_ln700_1_fu_3058_p2" latency="0" BRAM="-1" DSP="-1" FF="0" LUT="11" fileDirectory="/home/ssaraswathy/Documents/ORAN_Uplane/Uplane_without_Compression/Simulation_design/Looping_design/ORAN_INTEG_1/hls_src"><\/item>
</annotationInfo>
