<profile>

<section name = "Vivado HLS Report for 'cplane_packetizer'" level="0">
<item name = "Date">Mon Apr  5 11:06:35 2021
</item>
<item name = "Version">2019.1 (Build 2552052 on Fri May 24 15:28:33 MDT 2019)</item>
<item name = "Project">CtrlPlanePacketizer</item>
<item name = "Solution">solution1</item>
<item name = "Product family">zynquplus</item>
<item name = "Target device">xczu9eg-ffvb1156-2-e</item>
</section>

<section name = "Performance Estimates" level="0">
<item name = "Timing (ns)">
<section name = "" level="1">
<item name = "Summary"><table name="" hasTotal="0">
<keys size="4">Clock, Target, Estimated, Uncertainty</keys>
<column name="ap_clk">3.20, 2.612, 0.40</column>
</table>
</item>
</section>
</item>
<item name = "Latency (clock cycles)">
<section name = "" level="1">
<item name = "Summary"><table name="" hasTotal="0">
<keys size="6">, min, max, min, max, Type</keys>
<column name="">1, 1, 1, 1, function</column>
</table>
</item>
<item name = "Detail">
<section name = "" level="1">
<item name = "Instance"><table name="" hasTotal="0">
<keys size="7">Instance, Module, min, max, min, max, Type</keys>
</table>
</item>
<item name = "Loop"><table name="" hasTotal="0">
<keys size="8">Loop Name, min, max, Latency, achieved, target, Count, Pipelined</keys>
</table>
</item>
</section>
</item>
</section>
</item>
</section>

<section name = "Utilization Estimates" level="0">
<item name = "Summary"><table name="" hasTotal="1">
<keys size="6">Name, BRAM_18K, DSP48E, FF, LUT, URAM</keys>
<column name="DSP">-, -, -, -, -</column>
<column name="Expression">-, -, 0, 201, -</column>
<column name="FIFO">-, -, -, -, -</column>
<column name="Instance">-, -, -, -, -</column>
<column name="Memory">-, -, -, -, -</column>
<column name="Multiplexer">-, -, -, 886, -</column>
<column name="Register">-, -, 1257, -, -</column>
<specialColumn name="Available">1824, 2520, 548160, 274080, 0</specialColumn>
<specialColumn name="Utilization (%)">0, 0, ~0, ~0, 0</specialColumn>
</table>
</item>
<item name = "Detail">
<section name = "" level="1">
<item name = "Instance"><table name="" hasTotal="1">
<keys size="7">Instance, Module, BRAM_18K, DSP48E, FF, LUT, URAM</keys>
</table>
</item>
<item name = "DSP48E"><table name="" hasTotal="0">
<keys size="3">Instance, Module, Expression</keys>
</table>
</item>
<item name = "Memory"><table name="" hasTotal="1">
<keys size="10">Memory, Module, BRAM_18K, FF, LUT, URAM, Words, Bits, Banks, W*Bits*Banks</keys>
</table>
</item>
<item name = "FIFO"><table name="" hasTotal="1">
<keys size="8">Name, BRAM_18K, FF, LUT, URAM, Depth, Bits, Size:D*B</keys>
</table>
</item>
<item name = "Expression"><table name="" hasTotal="1">
<keys size="7">Variable Name, Operation, DSP48E, FF, LUT, Bitwidth P0, Bitwidth P1</keys>
<column name="add_ln214_fu_2994_p2">+, 0, 0, 12, 4, 1</column>
<column name="add_ln700_1_fu_3058_p2">+, 0, 0, 11, 3, 1</column>
<column name="add_ln700_fu_2981_p2">+, 0, 0, 15, 5, 1</column>
<column name="and_ln544_fu_2391_p2">and, 0, 0, 2, 1, 1</column>
<column name="ap_block_pp0_stage0_01001">and, 0, 0, 2, 1, 1</column>
<column name="ap_condition_123">and, 0, 0, 2, 1, 1</column>
<column name="ap_condition_1350">and, 0, 0, 2, 1, 1</column>
<column name="ap_condition_340">and, 0, 0, 2, 1, 1</column>
<column name="ap_condition_397">and, 0, 0, 2, 1, 1</column>
<column name="ap_condition_48">and, 0, 0, 2, 1, 1</column>
<column name="ap_condition_585">and, 0, 0, 2, 1, 1</column>
<column name="ap_condition_600">and, 0, 0, 2, 1, 1</column>
<column name="ap_condition_68">and, 0, 0, 2, 1, 1</column>
<column name="ap_condition_690">and, 0, 0, 2, 1, 1</column>
<column name="ap_condition_716">and, 0, 0, 2, 1, 1</column>
<column name="ap_predicate_op115_read_state1">and, 0, 0, 2, 1, 1</column>
<column name="ap_predicate_op143_read_state1">and, 0, 0, 2, 1, 1</column>
<column name="ap_predicate_op164_read_state1">and, 0, 0, 2, 1, 1</column>
<column name="ap_predicate_op182_read_state1">and, 0, 0, 2, 1, 1</column>
<column name="ap_predicate_op206_read_state1">and, 0, 0, 2, 1, 1</column>
<column name="ap_predicate_op273_read_state1">and, 0, 0, 2, 1, 1</column>
<column name="ap_predicate_op282_read_state1">and, 0, 0, 2, 1, 1</column>
<column name="ap_predicate_op317_read_state1">and, 0, 0, 2, 1, 1</column>
<column name="ap_predicate_op413_write_state2">and, 0, 0, 2, 1, 1</column>
<column name="ap_predicate_op416_write_state2">and, 0, 0, 2, 1, 1</column>
<column name="ap_predicate_op420_write_state2">and, 0, 0, 2, 1, 1</column>
<column name="ap_predicate_op423_write_state2">and, 0, 0, 2, 1, 1</column>
<column name="ap_predicate_op427_write_state2">and, 0, 0, 2, 1, 1</column>
<column name="ap_predicate_op430_write_state2">and, 0, 0, 2, 1, 1</column>
<column name="ap_predicate_op434_write_state2">and, 0, 0, 2, 1, 1</column>
<column name="ap_predicate_op448_write_state2">and, 0, 0, 2, 1, 1</column>
<column name="ap_predicate_op449_write_state2">and, 0, 0, 2, 1, 1</column>
<column name="ap_predicate_op466_write_state2">and, 0, 0, 2, 1, 1</column>
<column name="ap_predicate_op468_write_state2">and, 0, 0, 2, 1, 1</column>
<column name="ap_predicate_op474_write_state2">and, 0, 0, 2, 1, 1</column>
<column name="ap_predicate_op484_write_state2">and, 0, 0, 2, 1, 1</column>
<column name="ap_predicate_op486_write_state2">and, 0, 0, 2, 1, 1</column>
<column name="ap_predicate_op63_read_state1">and, 0, 0, 2, 1, 1</column>
<column name="grp_nbreadreq_fu_352_p3">and, 0, 0, 2, 1, 0</column>
<column name="grp_nbreadreq_fu_366_p4">and, 0, 0, 2, 1, 0</column>
<column name="tmp_1_nbreadreq_fu_398_p3">and, 0, 0, 2, 1, 0</column>
<column name="tmp_26_nbreadreq_fu_384_p3">and, 0, 0, 2, 1, 0</column>
<column name="tmp_2_nbreadreq_fu_440_p3">and, 0, 0, 2, 1, 0</column>
<column name="tmp_3_nbreadreq_fu_406_p3">and, 0, 0, 2, 1, 0</column>
<column name="tmp_nbreadreq_fu_432_p3">and, 0, 0, 2, 1, 0</column>
<column name="grp_fu_1718_p2">icmp, 0, 0, 9, 3, 3</column>
<column name="icmp_ln879_fu_2987_p2">icmp, 0, 0, 11, 5, 5</column>
<column name="ap_block_pp0_stage0_11001">or, 0, 0, 2, 1, 1</column>
<column name="ap_block_state1_pp0_stage0_iter0">or, 0, 0, 2, 1, 1</column>
<column name="ap_block_state2_io">or, 0, 0, 2, 1, 1</column>
<column name="or_ln562_fu_2971_p2">or, 0, 0, 2, 1, 1</column>
<column name="or_ln565_fu_3009_p2">or, 0, 0, 2, 1, 1</column>
<column name="select_ln544_1_fu_3282_p3">select, 0, 0, 16, 1, 16</column>
<column name="select_ln544_fu_3275_p3">select, 0, 0, 16, 1, 1</column>
<column name="select_ln565_1_fu_3016_p3">select, 0, 0, 4, 1, 4</column>
<column name="select_ln565_2_fu_3025_p3">select, 0, 0, 5, 1, 1</column>
<column name="select_ln565_fu_3000_p3">select, 0, 0, 4, 1, 4</column>
<column name="ap_enable_pp0">xor, 0, 0, 2, 1, 2</column>
<column name="xor_ln562_fu_2965_p2">xor, 0, 0, 2, 1, 2</column>
</table>
</item>
<item name = "Multiplexer"><table name="" hasTotal="1">
<keys size="5">Name, LUT, Input Size, Bits, Total Bits</keys>
<column name="ap_phi_mux_coeff_count_V_flag_2_phi_fu_1554_p4">15, 3, 1, 3</column>
<column name="ap_phi_mux_coeff_count_V_new_2_phi_fu_1566_p4">15, 3, 5, 15</column>
<column name="ap_phi_mux_new_beam_id_V_flag_3_phi_fu_989_p52">15, 3, 1, 3</column>
<column name="ap_phi_mux_new_beam_id_V_flag_5_phi_fu_1532_p4">15, 3, 1, 3</column>
<column name="ap_phi_mux_new_beam_id_V_new_3_phi_fu_1072_p52">15, 3, 1, 3</column>
<column name="ap_phi_mux_new_beam_id_V_new_5_phi_fu_1544_p4">15, 3, 1, 3</column>
<column name="ap_phi_mux_oran_ctrl_states_V_f_1_phi_fu_1489_p4">15, 3, 1, 3</column>
<column name="ap_phi_mux_oran_ctrl_states_V_f_phi_fu_678_p52">33, 6, 1, 6</column>
<column name="ap_phi_mux_oran_ctrl_states_V_n_1_phi_fu_1501_p4">15, 3, 4, 12</column>
<column name="ap_phi_mux_oran_ctrl_states_V_n_phi_fu_761_p52">27, 5, 4, 20</column>
<column name="ap_phi_mux_p_05594_12_phi_fu_508_p8">15, 3, 1, 3</column>
<column name="ap_phi_mux_p_05594_13_phi_fu_1239_p52">21, 4, 1, 4</column>
<column name="ap_phi_mux_p_05594_1_phi_fu_649_p6">15, 3, 1, 3</column>
<column name="ap_phi_mux_p_05594_6_phi_fu_614_p8">15, 3, 1, 3</column>
<column name="ap_phi_mux_p_05594_9_phi_fu_561_p8">15, 3, 1, 3</column>
<column name="ap_phi_mux_p_05628_3_9_phi_fu_1155_p52">33, 6, 1, 6</column>
<column name="ap_phi_mux_p_05657_13_phi_fu_632_p8">15, 3, 1, 3</column>
<column name="ap_phi_mux_p_05657_16_phi_fu_579_p8">15, 3, 1, 3</column>
<column name="ap_phi_mux_p_05657_19_phi_fu_526_p8">15, 3, 1, 3</column>
<column name="ap_phi_mux_p_05657_21_phi_fu_1405_p52">38, 7, 1, 7</column>
<column name="ap_phi_mux_p_05657_3_phi_fu_664_p6">15, 3, 1, 3</column>
<column name="ap_phi_mux_phi_ln562_phi_fu_1322_p52">15, 3, 1, 3</column>
<column name="ap_phi_mux_prev_state_V_flag_2_phi_fu_844_p52">15, 3, 1, 3</column>
<column name="ap_phi_mux_prev_state_V_flag_4_phi_fu_1511_p4">15, 3, 1, 3</column>
<column name="ap_phi_mux_prev_state_V_loc_2_phi_fu_927_p52">27, 5, 4, 20</column>
<column name="ap_phi_mux_prev_state_V_new_4_phi_fu_1522_p4">15, 3, 4, 12</column>
<column name="ap_phi_mux_tmp_last_V_1_phi_fu_543_p8">15, 3, 1, 3</column>
<column name="ap_phi_mux_tmp_last_V_2_phi_fu_490_p8">15, 3, 1, 3</column>
<column name="ap_phi_mux_tmp_last_V_phi_fu_596_p8">15, 3, 1, 3</column>
<column name="ap_phi_reg_pp0_iter1_p_Val2_19_reg_1615">15, 3, 128, 384</column>
<column name="ap_phi_reg_pp0_iter1_p_Val2_26_reg_1601">21, 4, 128, 512</column>
<column name="ap_phi_reg_pp0_iter1_p_Val2_27_reg_1587">27, 5, 128, 640</column>
<column name="ap_phi_reg_pp0_iter1_p_Val2_28_reg_1573">27, 5, 128, 640</column>
<column name="application_header_V_TDATA_blk_n">9, 2, 1, 2</column>
<column name="beam_count_V">9, 2, 3, 6</column>
<column name="beam_data_TDATA_blk_n">9, 2, 1, 2</column>
<column name="eCPRI_header_V_TDATA_blk_n">9, 2, 1, 2</column>
<column name="eth_data_TDATA">62, 15, 128, 1920</column>
<column name="eth_data_TDATA_blk_n">9, 2, 1, 2</column>
<column name="eth_data_TLAST">15, 3, 1, 3</column>
<column name="ethernet_header_V_TDATA_blk_n">9, 2, 1, 2</column>
<column name="extension_header_V_TDATA_blk_n">9, 2, 1, 2</column>
<column name="numMatrix_V_V_TDATA_blk_n">9, 2, 1, 2</column>
<column name="p_05594_12_reg_505">15, 3, 1, 3</column>
<column name="p_05594_1_reg_646">15, 3, 1, 3</column>
<column name="p_05594_6_reg_611">15, 3, 1, 3</column>
<column name="p_05594_9_reg_558">15, 3, 1, 3</column>
<column name="rtcid_V_V_TDATA_blk_n">9, 2, 1, 2</column>
<column name="section_header_V_TDATA_blk_n">9, 2, 1, 2</column>
<column name="tmp_last_V_1_reg_540">15, 3, 1, 3</column>
<column name="tmp_last_V_2_reg_487">15, 3, 1, 3</column>
<column name="tmp_last_V_reg_593">15, 3, 1, 3</column>
</table>
</item>
<item name = "Register"><table name="" hasTotal="1">
<keys size="5">Name, FF, LUT, Bits, Const Bits</keys>
<column name="and_ln544_reg_3648">1, 0, 1, 0</column>
<column name="ap_CS_fsm">1, 0, 1, 0</column>
<column name="ap_enable_reg_pp0_iter1">1, 0, 1, 0</column>
<column name="ap_phi_reg_pp0_iter1_p_Val2_19_reg_1615">128, 0, 128, 0</column>
<column name="ap_phi_reg_pp0_iter1_p_Val2_26_reg_1601">128, 0, 128, 0</column>
<column name="ap_phi_reg_pp0_iter1_p_Val2_27_reg_1587">128, 0, 128, 0</column>
<column name="ap_phi_reg_pp0_iter1_p_Val2_28_reg_1573">128, 0, 128, 0</column>
<column name="beam_count_V">3, 0, 3, 0</column>
<column name="byte_pad_V">1, 0, 1, 0</column>
<column name="coeff_count_V">5, 0, 5, 0</column>
<column name="ecpri_header_payload">16, 0, 16, 0</column>
<column name="ecpri_header_seqid_V">16, 0, 16, 0</column>
<column name="extType11_beamID_V">15, 0, 15, 0</column>
<column name="extType11_reserved_c">1, 0, 1, 0</column>
<column name="icmp_ln883_reg_3672">1, 0, 1, 0</column>
<column name="new_beam_id_V">1, 0, 1, 0</column>
<column name="new_beam_id_V_load_reg_3535">1, 0, 1, 0</column>
<column name="numBeam_V">3, 0, 3, 0</column>
<column name="oran_ctrl_states_V">4, 0, 4, 0</column>
<column name="oran_ctrl_states_V_l_reg_3530">4, 0, 4, 0</column>
<column name="p_05594_12_reg_505">1, 0, 1, 0</column>
<column name="p_05594_1_reg_646">1, 0, 1, 0</column>
<column name="p_05594_6_reg_611">1, 0, 1, 0</column>
<column name="p_05594_9_reg_558">1, 0, 1, 0</column>
<column name="p_Result_100_reg_3667">8, 0, 8, 0</column>
<column name="p_Result_81_reg_3714">8, 0, 8, 0</column>
<column name="p_Result_83_reg_3754">4, 0, 4, 0</column>
<column name="p_Result_84_reg_3759">2, 0, 2, 0</column>
<column name="p_Result_85_reg_3764">8, 0, 8, 0</column>
<column name="p_Result_86_reg_3769">2, 0, 2, 0</column>
<column name="p_Result_98_reg_3657">8, 0, 8, 0</column>
<column name="p_Result_99_reg_3662">8, 0, 8, 0</column>
<column name="p_Val2_s_reg_3540">128, 0, 128, 0</column>
<column name="prev_state_V">4, 0, 4, 0</column>
<column name="reg_1998">8, 0, 8, 0</column>
<column name="reg_2002">8, 0, 8, 0</column>
<column name="reg_2006">8, 0, 8, 0</column>
<column name="reg_2010">8, 0, 8, 0</column>
<column name="reg_2014">8, 0, 8, 0</column>
<column name="reg_2018">8, 0, 8, 0</column>
<column name="reg_2022">8, 0, 8, 0</column>
<column name="reg_2026">8, 0, 8, 0</column>
<column name="reg_2030">8, 0, 8, 0</column>
<column name="reg_2034">8, 0, 8, 0</column>
<column name="reg_2038">8, 0, 8, 0</column>
<column name="section1_header_beam">15, 0, 15, 0</column>
<column name="section1_header_ef_V">1, 0, 1, 0</column>
<column name="section1_header_numP">8, 0, 8, 0</column>
<column name="section1_header_numS">4, 0, 4, 0</column>
<column name="section1_header_reMa">12, 0, 12, 0</column>
<column name="section1_header_star">10, 0, 10, 0</column>
<column name="temp_coeff_data_V">128, 0, 128, 0</column>
<column name="tmp283_reg_3797">112, 0, 112, 0</column>
<column name="tmp_14_reg_3653">1, 0, 1, 0</column>
<column name="tmp_15_reg_3779">32, 0, 32, 0</column>
<column name="tmp_16_reg_3784">2, 0, 2, 0</column>
<column name="tmp_17_reg_3676">1, 0, 1, 0</column>
<column name="tmp_1_reg_3706">1, 0, 1, 0</column>
<column name="tmp_2_reg_3793">1, 0, 1, 0</column>
<column name="tmp_33_reg_3702">1, 0, 1, 0</column>
<column name="tmp_34_reg_3644">1, 0, 1, 0</column>
<column name="tmp_35_reg_3618">1, 0, 1, 0</column>
<column name="tmp_36_reg_3588">1, 0, 1, 0</column>
<column name="tmp_3_reg_3710">1, 0, 1, 0</column>
<column name="tmp_bfWCompParam_V_1_reg_3680">8, 0, 8, 0</column>
<column name="tmp_filterIndex_V_lo_reg_3734">4, 0, 4, 0</column>
<column name="tmp_frameId_V_load_n_reg_3739">8, 0, 8, 0</column>
<column name="tmp_last_V_1_reg_540">1, 0, 1, 0</column>
<column name="tmp_last_V_2_reg_487">1, 0, 1, 0</column>
<column name="tmp_last_V_reg_593">1, 0, 1, 0</column>
<column name="tmp_payloadVersion_V_reg_3729">3, 0, 3, 0</column>
<column name="tmp_reg_3789">1, 0, 1, 0</column>
<column name="tmp_startsymbolId_V_s_reg_3749">6, 0, 6, 0</column>
<column name="tmp_subframeId_V_loa_reg_3744">4, 0, 4, 0</column>
<column name="trunc_ln321_reg_3724">1, 0, 1, 0</column>
<column name="trunc_ln414_reg_3802">16, 0, 16, 0</column>
<column name="trunc_ln647_12_reg_3719">8, 0, 8, 0</column>
<column name="trunc_ln647_14_reg_3774">4, 0, 4, 0</column>
</table>
</item>
</section>
</item>
</section>

<section name = "Interface" level="0">
<item name = "Summary"><table name="" hasTotal="0">
<keys size="6">RTL Ports, Dir, Bits, Protocol, Source Object, C Type</keys>
<column name="ap_clk">in, 1, ap_ctrl_hs, cplane_packetizer, return value</column>
<column name="ap_rst_n">in, 1, ap_ctrl_hs, cplane_packetizer, return value</column>
<column name="ap_start">in, 1, ap_ctrl_hs, cplane_packetizer, return value</column>
<column name="ap_done">out, 1, ap_ctrl_hs, cplane_packetizer, return value</column>
<column name="ap_idle">out, 1, ap_ctrl_hs, cplane_packetizer, return value</column>
<column name="ap_ready">out, 1, ap_ctrl_hs, cplane_packetizer, return value</column>
<column name="extension_header_V_TVALID">in, 1, axis, extension_header_V, pointer</column>
<column name="extension_header_V_TDATA">in, 72, axis, extension_header_V, pointer</column>
<column name="extension_header_V_TREADY">out, 1, axis, extension_header_V, pointer</column>
<column name="beam_data_TVALID">in, 1, axis, beam_data_V_data_V, pointer</column>
<column name="beam_data_TDATA">in, 128, axis, beam_data_V_data_V, pointer</column>
<column name="numMatrix_V_V_TVALID">in, 1, axis, numMatrix_V_V, pointer</column>
<column name="numMatrix_V_V_TDATA">in, 8, axis, numMatrix_V_V, pointer</column>
<column name="numMatrix_V_V_TREADY">out, 1, axis, numMatrix_V_V, pointer</column>
<column name="rtcid_V_V_TVALID">in, 1, axis, rtcid_V_V, pointer</column>
<column name="rtcid_V_V_TDATA">in, 16, axis, rtcid_V_V, pointer</column>
<column name="rtcid_V_V_TREADY">out, 1, axis, rtcid_V_V, pointer</column>
<column name="application_header_V_TVALID">in, 1, axis, application_header_V, pointer</column>
<column name="application_header_V_TDATA">in, 64, axis, application_header_V, pointer</column>
<column name="application_header_V_TREADY">out, 1, axis, application_header_V, pointer</column>
<column name="section_header_V_TVALID">in, 1, axis, section_header_V, pointer</column>
<column name="section_header_V_TDATA">in, 64, axis, section_header_V, pointer</column>
<column name="section_header_V_TREADY">out, 1, axis, section_header_V, pointer</column>
<column name="ethernet_header_V_TVALID">in, 1, axis, ethernet_header_V, pointer</column>
<column name="ethernet_header_V_TDATA">in, 112, axis, ethernet_header_V, pointer</column>
<column name="ethernet_header_V_TREADY">out, 1, axis, ethernet_header_V, pointer</column>
<column name="eCPRI_header_V_TVALID">in, 1, axis, eCPRI_header_V, pointer</column>
<column name="eCPRI_header_V_TDATA">in, 64, axis, eCPRI_header_V, pointer</column>
<column name="eCPRI_header_V_TREADY">out, 1, axis, eCPRI_header_V, pointer</column>
<column name="eth_data_TREADY">in, 1, axis, eth_data_V_data_V, pointer</column>
<column name="eth_data_TDATA">out, 128, axis, eth_data_V_data_V, pointer</column>
<column name="mdata_numCoeff_V">in, 12, ap_none, mdata_numCoeff_V, scalar</column>
<column name="beam_data_TREADY">out, 1, axis, beam_data_V_last_V, pointer</column>
<column name="beam_data_TLAST">in, 1, axis, beam_data_V_last_V, pointer</column>
<column name="eth_data_TVALID">out, 1, axis, eth_data_V_last_V, pointer</column>
<column name="eth_data_TLAST">out, 1, axis, eth_data_V_last_V, pointer</column>
<column name="eth_data_TUSER">out, 1, axis, eth_data_V_user_V, pointer</column>
<column name="eth_data_TKEEP">out, 16, axis, eth_data_V_keep_V, pointer</column>
<column name="numCoeff_V">in, 5, ap_none, numCoeff_V, scalar</column>
<column name="cstate_out_V">out, 8, ap_none, cstate_out_V, pointer</column>
</table>
</item>
</section>
</profile>
