<?xml version="1.0" encoding="utf-8"?>
<Messages>
	<Message severity="INFO" prefix="[SCHED 204-61]" key="SCHED_PIPELINING_STATUS_631" tag="SCHEDULE" content="Option &apos;relax_ii_for_timing&apos; is enabled, will increase II to preserve clock frequency constraints."/>
	<Message severity="INFO" prefix="[HLS 200-10]" key="HLS_10_1312" tag="" content="Analyzing design file &apos;uplane_packetiser/uplane_packetizer.cpp&apos; ..."/>
	<Message severity="WARNING" prefix="[HLS 200-40]" key="HLS_40_1378" tag="" content="In file included from uplane_packetiser/uplane_packetizer.cpp:1:
uplane_packetiser/uplane_packetizer.cpp:54:8: warning: enumeration value &apos;CHECK&apos; not handled in switch [-Wswitch]
switch(oran_ctrl_state)
       ^
1 warning generated."/>
	<Message severity="INFO" prefix="[HLS 200-111]" key="HLS_111_965" tag="" content="Finished Linking Time (s): cpu = 00:00:12 ; elapsed = 00:00:16 . Memory (MB): peak = 882.484 ; gain = 192.207 ; free physical = 2447 ; free virtual = 50400"/>
	<Message severity="INFO" prefix="[HLS 200-111]" key="HLS_111_965" tag="" content="Finished Checking Pragmas Time (s): cpu = 00:00:12 ; elapsed = 00:00:16 . Memory (MB): peak = 882.484 ; gain = 192.207 ; free physical = 2447 ; free virtual = 50400"/>
	<Message severity="INFO" prefix="[HLS 200-10]" key="HLS_10_1467" tag="" content="Starting code transformations ..."/>
	<Message severity="INFO" prefix="[HLS 200-111]" key="HLS_111_965" tag="" content="Finished Standard Transforms Time (s): cpu = 00:00:13 ; elapsed = 00:00:17 . Memory (MB): peak = 882.484 ; gain = 192.207 ; free physical = 2426 ; free virtual = 50387"/>
	<Message severity="INFO" prefix="[HLS 200-10]" key="HLS_10_1472" tag="" content="Checking synthesizability ..."/>
	<Message severity="INFO" prefix="[HLS 200-111]" key="HLS_111_965" tag="" content="Finished Checking Synthesizability Time (s): cpu = 00:00:14 ; elapsed = 00:00:18 . Memory (MB): peak = 882.484 ; gain = 192.207 ; free physical = 2420 ; free virtual = 50380"/>
	<Message severity="WARNING" prefix="[XFORM 203-1103]" key="XFORM_DATA_PACK_INVALID_346" tag="" content="Ignored data pack directive on non-struct variable &apos;IQ_data.V.data.V&apos; (uplane_packetiser/uplane_packetizer.cpp:7)."/>
	<Message severity="INFO" prefix="[XFORM 203-1101]" key="XFORM_DATA_PACK_STATUS_345" tag="" content="Packing variable &apos;application_header.V&apos; (uplane_packetiser/uplane_packetizer.cpp:5) into a 32-bit variable."/>
	<Message severity="INFO" prefix="[XFORM 203-1101]" key="XFORM_DATA_PACK_STATUS_345" tag="" content="Packing variable &apos;section_header.V&apos; (uplane_packetiser/uplane_packetizer.cpp:6) into a 48-bit variable."/>
	<Message severity="INFO" prefix="[XFORM 203-1101]" key="XFORM_DATA_PACK_STATUS_345" tag="" content="Packing variable &apos;eCPRI_header.V&apos; (uplane_packetiser/uplane_packetizer.cpp:4) into a 64-bit variable."/>
	<Message severity="INFO" prefix="[XFORM 203-1101]" key="XFORM_DATA_PACK_STATUS_345" tag="" content="Packing variable &apos;Ethernet_header.V&apos; (uplane_packetiser/uplane_packetizer.cpp:3) into a 112-bit variable."/>
	<Message severity="INFO" prefix="[HLS 200-111]" key="HLS_111_965" tag="" content="Finished Pre-synthesis Time (s): cpu = 00:00:14 ; elapsed = 00:00:18 . Memory (MB): peak = 882.941 ; gain = 192.664 ; free physical = 2377 ; free virtual = 50353"/>
	<Message severity="INFO" prefix="[HLS 200-111]" key="HLS_111_965" tag="" content="Finished Architecture Synthesis Time (s): cpu = 00:00:15 ; elapsed = 00:00:19 . Memory (MB): peak = 882.941 ; gain = 192.664 ; free physical = 2366 ; free virtual = 50351"/>
	<Message severity="INFO" prefix="[HLS 200-10]" key="HLS_10_1317" tag="" content="Starting hardware synthesis ..."/>
	<Message severity="INFO" prefix="[HLS 200-10]" key="HLS_10_1385" tag="" content="Synthesizing &apos;uplane_packetiser&apos; ..."/>
	<Message severity="INFO" prefix="[HLS 200-10]" key="HLS_10_1477" tag="" content="----------------------------------------------------------------"/>
	<Message severity="INFO" prefix="[HLS 200-42]" key="HLS_42_1438" tag="" content="-- Implementing module &apos;uplane_packetiser&apos;"/>
	<Message severity="INFO" prefix="[HLS 200-10]" key="HLS_10_1478" tag="" content="----------------------------------------------------------------"/>
	<Message severity="INFO" prefix="[SCHED 204-11]" key="SCHED_SCHED_STATUS_597" tag="" content="Starting scheduling ..."/>
	<Message severity="INFO" prefix="[SCHED 204-61]" key="SCHED_PIPELINING_STATUS_46" tag="" content="Pipelining function &apos;uplane_packetiser&apos;."/>
	<Message severity="INFO" prefix="[SCHED 204-61]" key="SCHED_PIPELINING_STATUS_44" tag="" content="Pipelining result : Target II = 1, Final II = 1, Depth = 2."/>
	<Message severity="INFO" prefix="[SCHED 204-11]" key="SCHED_SCHED_STATUS_596" tag="" content="Finished scheduling."/>
	<Message severity="INFO" prefix="[HLS 200-111]" key="HLS_111_966" tag="" content=" Elapsed time: 18.89 seconds; current allocated memory: 140.170 MB."/>
	<Message severity="INFO" prefix="[BIND 205-100]" key="BIND_100_926" tag="" content="Starting micro-architecture generation ..."/>
	<Message severity="INFO" prefix="[BIND 205-101]" key="BIND_101_698" tag="" content="Performing variable lifetime analysis."/>
	<Message severity="INFO" prefix="[BIND 205-101]" key="BIND_101_697" tag="" content="Exploring resource sharing."/>
	<Message severity="INFO" prefix="[BIND 205-101]" key="BIND_101_693" tag="" content="Binding ..."/>
	<Message severity="INFO" prefix="[BIND 205-100]" key="BIND_100_925" tag="" content="Finished micro-architecture generation."/>
	<Message severity="INFO" prefix="[HLS 200-111]" key="HLS_111_966" tag="" content=" Elapsed time: 0.08 seconds; current allocated memory: 141.242 MB."/>
	<Message severity="INFO" prefix="[HLS 200-10]" key="HLS_10_1483" tag="" content="----------------------------------------------------------------"/>
	<Message severity="INFO" prefix="[HLS 200-10]" key="HLS_10_1484" tag="" content="-- Generating RTL for module &apos;uplane_packetiser&apos;"/>
	<Message severity="INFO" prefix="[HLS 200-10]" key="HLS_10_1485" tag="" content="----------------------------------------------------------------"/>
	<Message severity="INFO" prefix="[RTGEN 206-500]" key="PREPROC_IO_COMP_CONFLICT_1950" tag="" content="Setting interface mode on port &apos;uplane_packetiser/Ethernet_header_V&apos; to &apos;axis&apos;."/>
	<Message severity="INFO" prefix="[RTGEN 206-500]" key="PREPROC_IO_COMP_CONFLICT_1950" tag="" content="Setting interface mode on port &apos;uplane_packetiser/eCPRI_header_V&apos; to &apos;axis&apos;."/>
	<Message severity="INFO" prefix="[RTGEN 206-500]" key="PREPROC_IO_COMP_CONFLICT_1950" tag="" content="Setting interface mode on port &apos;uplane_packetiser/application_header_V&apos; to &apos;axis&apos;."/>
	<Message severity="INFO" prefix="[RTGEN 206-500]" key="PREPROC_IO_COMP_CONFLICT_1950" tag="" content="Setting interface mode on port &apos;uplane_packetiser/section_header_V&apos; to &apos;axis&apos;."/>
	<Message severity="INFO" prefix="[RTGEN 206-500]" key="PREPROC_IO_COMP_CONFLICT_1950" tag="" content="Setting interface mode on port &apos;uplane_packetiser/IQ_data_V_data_V&apos; to &apos;axis&apos;."/>
	<Message severity="INFO" prefix="[RTGEN 206-500]" key="PREPROC_IO_COMP_CONFLICT_1950" tag="" content="Setting interface mode on port &apos;uplane_packetiser/eth_data_V_data_V&apos; to &apos;axis&apos;."/>
	<Message severity="INFO" prefix="[RTGEN 206-500]" key="PREPROC_IO_COMP_CONFLICT_1950" tag="" content="Setting interface mode on port &apos;uplane_packetiser/eth_data_V_keep_V&apos; to &apos;axis&apos;."/>
	<Message severity="INFO" prefix="[RTGEN 206-500]" key="PREPROC_IO_COMP_CONFLICT_1950" tag="" content="Setting interface mode on port &apos;uplane_packetiser/eth_data_V_last_V&apos; to &apos;axis&apos;."/>
	<Message severity="INFO" prefix="[RTGEN 206-500]" key="PREPROC_IO_COMP_CONFLICT_1950" tag="" content="Setting interface mode on port &apos;uplane_packetiser/state_out&apos; to &apos;ap_none&apos;."/>
	<Message severity="WARNING" prefix="[RTGEN 206-101]" key="RTGEN_101_871" tag="" content="Port &apos;state_out&apos; with mode &apos;ap_none&apos; may require an associated data valid signal to correctly communicate with other blocks or a test bench; automatic C/RTL co-simulation may not be able to verify such a port."/>
	<Message severity="INFO" prefix="[RTGEN 206-500]" key="PREPROC_IO_COMP_CONFLICT_1950" tag="" content="Setting interface mode on port &apos;uplane_packetiser/symbol_number_V&apos; to &apos;ap_none&apos;."/>
	<Message severity="WARNING" prefix="[RTGEN 206-101]" key="RTGEN_101_871" tag="" content="Port &apos;symbol_number_V&apos; with mode &apos;ap_none&apos; may require an associated data valid signal to correctly communicate with other blocks or a test bench; automatic C/RTL co-simulation may not be able to verify such a port."/>
	<Message severity="INFO" prefix="[RTGEN 206-500]" key="PREPROC_IO_COMP_CONFLICT_1950" tag="" content="Setting interface mode on port &apos;uplane_packetiser/Total_PRB_count_V&apos; to &apos;ap_none&apos;."/>
	<Message severity="WARNING" prefix="[RTGEN 206-101]" key="RTGEN_101_871" tag="" content="Port &apos;Total_PRB_count_V&apos; with mode &apos;ap_none&apos; may require an associated data valid signal to correctly communicate with other blocks or a test bench; automatic C/RTL co-simulation may not be able to verify such a port."/>
	<Message severity="INFO" prefix="[RTGEN 206-500]" key="PREPROC_IO_COMP_CONFLICT_1950" tag="" content="Setting interface mode on function &apos;uplane_packetiser&apos; to &apos;ap_ctrl_none&apos;."/>
	<Message severity="INFO" prefix="[RTGEN 206-100]" key="RTGEN_100_856" tag="" content="Finished creating RTL model for &apos;uplane_packetiser&apos;."/>
	<Message severity="INFO" prefix="[HLS 200-111]" key="HLS_111_966" tag="" content=" Elapsed time: 0.13 seconds; current allocated memory: 142.809 MB."/>
	<Message severity="INFO" prefix="[HLS 200-111]" key="HLS_111_965" tag="" content="Finished generating all RTL models Time (s): cpu = 00:00:16 ; elapsed = 00:00:20 . Memory (MB): peak = 882.941 ; gain = 192.664 ; free physical = 2310 ; free virtual = 50323"/>
	<Message severity="INFO" prefix="[VHDL 208-304]" key="VHDL_304_1066" tag="" content="Generating VHDL RTL for uplane_packetiser."/>
	<Message severity="INFO" prefix="[VLOG 209-307]" key="VLOG_307_1067" tag="" content="Generating Verilog RTL for uplane_packetiser."/>
</Messages>
