<annotationInfo>
<item  id="47" filename="uplane_packetiser/uplane_packetizer.cpp" linenumber="52" name="zext_ln52" contextFuncName="uplane_packetiser" moduleName="uplane_packetiser" rtlName="state_out" latency="0" BRAM="-1" DSP="-1" FF="-1" LUT="-1" fileDirectory="/home/sai/Desktop/Looping_Hardware-design/hls_src/U_plane_src"><\/item>
<item  id="57" filename="uplane_packetiser/uplane_packetizer.cpp" linenumber="267" name="icmp_ln879" contextFuncName="uplane_packetiser" moduleName="uplane_packetiser" rtlName="icmp_ln879_fu_875_p2" latency="0" BRAM="-1" DSP="-1" FF="0" LUT="13" fileDirectory="/home/sai/Desktop/Looping_Hardware-design/hls_src/U_plane_src"><\/item>
<item  id="64" filename="uplane_packetiser/oran_header.h" linenumber="93" name="tmp_numPrbu_V_1_load" contextFuncName="operator=" moduleName="uplane_packetiser" rtlName="section_Prbu_V" latency="0" BRAM="-1" DSP="-1" FF="-1" LUT="-1" fileDirectory="/home/sai/Desktop/Looping_Hardware-design/hls_src/U_plane_src"><\/item>
<item  id="65" filename="uplane_packetiser/uplane_packetizer.cpp" linenumber="292" name="p_Result_54" contextFuncName="uplane_packetiser" moduleName="uplane_packetiser" rtlName="p_Result_54_reg_1401" latency="0" BRAM="-1" DSP="-1" FF="-1" LUT="-1" fileDirectory="/home/sai/Desktop/Looping_Hardware-design/hls_src/U_plane_src"><\/item>
<item  id="66" filename="uplane_packetiser/uplane_packetizer.cpp" linenumber="293" name="p_Result_55" contextFuncName="uplane_packetiser" moduleName="uplane_packetiser" rtlName="p_Result_55_reg_1406" latency="0" BRAM="-1" DSP="-1" FF="-1" LUT="-1" fileDirectory="/home/sai/Desktop/Looping_Hardware-design/hls_src/U_plane_src"><\/item>
<item  id="67" filename="uplane_packetiser/uplane_packetizer.cpp" linenumber="296" name="trunc_ln647_7" contextFuncName="uplane_packetiser" moduleName="uplane_packetiser" rtlName="trunc_ln647_7_fu_881_p1" latency="0" BRAM="-1" DSP="-1" FF="-1" LUT="-1" fileDirectory="/home/sai/Desktop/Looping_Hardware-design/hls_src/U_plane_src"><\/item>
<item  id="68" filename="uplane_packetiser/uplane_packetizer.cpp" linenumber="297" name="p_Result_56" contextFuncName="uplane_packetiser" moduleName="uplane_packetiser" rtlName="p_Result_56_reg_1416" latency="0" BRAM="-1" DSP="-1" FF="-1" LUT="-1" fileDirectory="/home/sai/Desktop/Looping_Hardware-design/hls_src/U_plane_src"><\/item>
<item  id="69" filename="uplane_packetiser/uplane_packetizer.cpp" linenumber="300" name="tmp_9" contextFuncName="uplane_packetiser" moduleName="uplane_packetiser" rtlName="tmp_9_reg_1421" latency="0" BRAM="-1" DSP="-1" FF="-1" LUT="-1" fileDirectory="/home/sai/Desktop/Looping_Hardware-design/hls_src/U_plane_src"><\/item>
<item  id="70" filename="uplane_packetiser/uplane_packetizer.cpp" linenumber="300" name="tmp_10" contextFuncName="uplane_packetiser" moduleName="uplane_packetiser" rtlName="grp_fu_583_p4" latency="0" BRAM="-1" DSP="-1" FF="-1" LUT="-1" fileDirectory="/home/sai/Desktop/Looping_Hardware-design/hls_src/U_plane_src"><\/item>
<item  id="71" filename="uplane_packetiser/uplane_packetizer.cpp" linenumber="300" name="tmp_11" contextFuncName="uplane_packetiser" moduleName="uplane_packetiser" rtlName="tmp_11_fu_1237_p7" latency="0" BRAM="-1" DSP="-1" FF="-1" LUT="-1" fileDirectory="/home/sai/Desktop/Looping_Hardware-design/hls_src/U_plane_src"><\/item>
<item  id="72" filename="uplane_packetiser/uplane_packetizer.cpp" linenumber="300" name="p_Result_60" contextFuncName="uplane_packetiser" moduleName="uplane_packetiser" rtlName="p_Result_60_fu_1247_p5" latency="0" BRAM="-1" DSP="-1" FF="-1" LUT="-1" fileDirectory="/home/sai/Desktop/Looping_Hardware-design/hls_src/U_plane_src"><\/item>
<item  id="74" filename="uplane_packetiser/uplane_packetizer.cpp" linenumber="303" name="zext_ln209_1" contextFuncName="uplane_packetiser" moduleName="uplane_packetiser" rtlName="zext_ln209_1_fu_885_p1" latency="0" BRAM="-1" DSP="-1" FF="-1" LUT="-1" fileDirectory="/home/sai/Desktop/Looping_Hardware-design/hls_src/U_plane_src"><\/item>
<item  id="75" filename="uplane_packetiser/uplane_packetizer.cpp" linenumber="303" name="add_ln209_1" contextFuncName="uplane_packetiser" moduleName="uplane_packetiser" rtlName="add_ln209_1_fu_889_p2" latency="0" BRAM="-1" DSP="-1" FF="0" LUT="19" fileDirectory="/home/sai/Desktop/Looping_Hardware-design/hls_src/U_plane_src"><\/item>
<item  id="85" filename="uplane_packetiser/uplane_packetizer.cpp" linenumber="269" name="icmp_ln879_1" contextFuncName="uplane_packetiser" moduleName="uplane_packetiser" rtlName="icmp_ln879_1_fu_905_p2" latency="0" BRAM="-1" DSP="-1" FF="0" LUT="9" fileDirectory="/home/sai/Desktop/Looping_Hardware-design/hls_src/U_plane_src"><\/item>
<item  id="99" filename="uplane_packetiser/uplane_packetizer.cpp" linenumber="214" name="p_Result_39" contextFuncName="uplane_packetiser" moduleName="uplane_packetiser" rtlName="reg_791" latency="0" BRAM="-1" DSP="-1" FF="-1" LUT="-1" fileDirectory="/home/sai/Desktop/Looping_Hardware-design/hls_src/U_plane_src"><\/item>
<item  id="100" filename="uplane_packetiser/uplane_packetizer.cpp" linenumber="215" name="p_Result_40" contextFuncName="uplane_packetiser" moduleName="uplane_packetiser" rtlName="reg_795" latency="0" BRAM="-1" DSP="-1" FF="-1" LUT="-1" fileDirectory="/home/sai/Desktop/Looping_Hardware-design/hls_src/U_plane_src"><\/item>
<item  id="101" filename="uplane_packetiser/uplane_packetizer.cpp" linenumber="216" name="p_Result_41" contextFuncName="uplane_packetiser" moduleName="uplane_packetiser" rtlName="reg_799" latency="0" BRAM="-1" DSP="-1" FF="-1" LUT="-1" fileDirectory="/home/sai/Desktop/Looping_Hardware-design/hls_src/U_plane_src"><\/item>
<item  id="102" filename="uplane_packetiser/uplane_packetizer.cpp" linenumber="217" name="p_Result_42" contextFuncName="uplane_packetiser" moduleName="uplane_packetiser" rtlName="reg_803" latency="0" BRAM="-1" DSP="-1" FF="-1" LUT="-1" fileDirectory="/home/sai/Desktop/Looping_Hardware-design/hls_src/U_plane_src"><\/item>
<item  id="103" filename="uplane_packetiser/uplane_packetizer.cpp" linenumber="218" name="p_Result_43" contextFuncName="uplane_packetiser" moduleName="uplane_packetiser" rtlName="reg_807" latency="0" BRAM="-1" DSP="-1" FF="-1" LUT="-1" fileDirectory="/home/sai/Desktop/Looping_Hardware-design/hls_src/U_plane_src"><\/item>
<item  id="104" filename="uplane_packetiser/uplane_packetizer.cpp" linenumber="219" name="p_Result_44" contextFuncName="uplane_packetiser" moduleName="uplane_packetiser" rtlName="reg_811" latency="0" BRAM="-1" DSP="-1" FF="-1" LUT="-1" fileDirectory="/home/sai/Desktop/Looping_Hardware-design/hls_src/U_plane_src"><\/item>
<item  id="105" filename="uplane_packetiser/uplane_packetizer.cpp" linenumber="220" name="p_Result_45" contextFuncName="uplane_packetiser" moduleName="uplane_packetiser" rtlName="reg_815" latency="0" BRAM="-1" DSP="-1" FF="-1" LUT="-1" fileDirectory="/home/sai/Desktop/Looping_Hardware-design/hls_src/U_plane_src"><\/item>
<item  id="106" filename="uplane_packetiser/uplane_packetizer.cpp" linenumber="221" name="p_Result_46" contextFuncName="uplane_packetiser" moduleName="uplane_packetiser" rtlName="reg_819" latency="0" BRAM="-1" DSP="-1" FF="-1" LUT="-1" fileDirectory="/home/sai/Desktop/Looping_Hardware-design/hls_src/U_plane_src"><\/item>
<item  id="107" filename="uplane_packetiser/uplane_packetizer.cpp" linenumber="222" name="p_Result_47" contextFuncName="uplane_packetiser" moduleName="uplane_packetiser" rtlName="reg_823" latency="0" BRAM="-1" DSP="-1" FF="-1" LUT="-1" fileDirectory="/home/sai/Desktop/Looping_Hardware-design/hls_src/U_plane_src"><\/item>
<item  id="108" filename="uplane_packetiser/uplane_packetizer.cpp" linenumber="223" name="p_Result_48" contextFuncName="uplane_packetiser" moduleName="uplane_packetiser" rtlName="reg_827" latency="0" BRAM="-1" DSP="-1" FF="-1" LUT="-1" fileDirectory="/home/sai/Desktop/Looping_Hardware-design/hls_src/U_plane_src"><\/item>
<item  id="109" filename="uplane_packetiser/uplane_packetizer.cpp" linenumber="224" name="p_Result_49" contextFuncName="uplane_packetiser" moduleName="uplane_packetiser" rtlName="reg_831" latency="0" BRAM="-1" DSP="-1" FF="-1" LUT="-1" fileDirectory="/home/sai/Desktop/Looping_Hardware-design/hls_src/U_plane_src"><\/item>
<item  id="110" filename="uplane_packetiser/uplane_packetizer.cpp" linenumber="225" name="p_Result_50" contextFuncName="uplane_packetiser" moduleName="uplane_packetiser" rtlName="reg_835" latency="0" BRAM="-1" DSP="-1" FF="-1" LUT="-1" fileDirectory="/home/sai/Desktop/Looping_Hardware-design/hls_src/U_plane_src"><\/item>
<item  id="111" filename="uplane_packetiser/uplane_packetizer.cpp" linenumber="226" name="p_Result_51" contextFuncName="uplane_packetiser" moduleName="uplane_packetiser" rtlName="reg_839" latency="0" BRAM="-1" DSP="-1" FF="-1" LUT="-1" fileDirectory="/home/sai/Desktop/Looping_Hardware-design/hls_src/U_plane_src"><\/item>
<item  id="112" filename="uplane_packetiser/uplane_packetizer.cpp" linenumber="227" name="p_Result_52" contextFuncName="uplane_packetiser" moduleName="uplane_packetiser" rtlName="reg_843" latency="0" BRAM="-1" DSP="-1" FF="-1" LUT="-1" fileDirectory="/home/sai/Desktop/Looping_Hardware-design/hls_src/U_plane_src"><\/item>
<item  id="113" filename="uplane_packetiser/uplane_packetizer.cpp" linenumber="228" name="p_Result_53" contextFuncName="uplane_packetiser" moduleName="uplane_packetiser" rtlName="reg_847" latency="0" BRAM="-1" DSP="-1" FF="-1" LUT="-1" fileDirectory="/home/sai/Desktop/Looping_Hardware-design/hls_src/U_plane_src"><\/item>
<item  id="114" filename="uplane_packetiser/uplane_packetizer.cpp" linenumber="229" name="trunc_ln647_5" contextFuncName="uplane_packetiser" moduleName="uplane_packetiser" rtlName="trunc_ln647_5_fu_917_p1" latency="0" BRAM="-1" DSP="-1" FF="-1" LUT="-1" fileDirectory="/home/sai/Desktop/Looping_Hardware-design/hls_src/U_plane_src"><\/item>
<item  id="115" filename="uplane_packetiser/uplane_packetizer.cpp" linenumber="229" name="p_Result_59" contextFuncName="uplane_packetiser" moduleName="uplane_packetiser" rtlName="p_Result_59_fu_1260_p17" latency="0" BRAM="-1" DSP="-1" FF="-1" LUT="-1" fileDirectory="/home/sai/Desktop/Looping_Hardware-design/hls_src/U_plane_src"><\/item>
<item  id="116" filename="uplane_packetiser/uplane_packetizer.cpp" linenumber="231" name="add_ln231" contextFuncName="uplane_packetiser" moduleName="uplane_packetiser" rtlName="add_ln231_fu_921_p2" latency="0" BRAM="-1" DSP="-1" FF="0" LUT="39" fileDirectory="/home/sai/Desktop/Looping_Hardware-design/hls_src/U_plane_src"><\/item>
<item  id="117" filename="uplane_packetiser/uplane_packetizer.cpp" linenumber="232" name="icmp_ln232" contextFuncName="uplane_packetiser" moduleName="uplane_packetiser" rtlName="icmp_ln232_fu_929_p2" latency="0" BRAM="-1" DSP="-1" FF="0" LUT="20" fileDirectory="/home/sai/Desktop/Looping_Hardware-design/hls_src/U_plane_src"><\/item>
<item  id="120" filename="uplane_packetiser/uplane_packetizer.cpp" linenumber="243" name="add_ln700_1" contextFuncName="uplane_packetiser" moduleName="uplane_packetiser" rtlName="add_ln700_1_fu_767_p2" latency="0" BRAM="-1" DSP="-1" FF="0" LUT="15" fileDirectory="/home/sai/Desktop/Looping_Hardware-design/hls_src/U_plane_src"><\/item>
<item  id="122" filename="uplane_packetiser/uplane_packetizer.cpp" linenumber="244" name="icmp_ln887" contextFuncName="uplane_packetiser" moduleName="uplane_packetiser" rtlName="icmp_ln887_fu_939_p2" latency="0" BRAM="-1" DSP="-1" FF="0" LUT="11" fileDirectory="/home/sai/Desktop/Looping_Hardware-design/hls_src/U_plane_src"><\/item>
<item  id="136" filename="uplane_packetiser/uplane_packetizer.cpp" linenumber="239" name="add_ln700" contextFuncName="uplane_packetiser" moduleName="uplane_packetiser" rtlName="add_ln700_fu_773_p2" latency="0" BRAM="-1" DSP="-1" FF="0" LUT="15" fileDirectory="/home/sai/Desktop/Looping_Hardware-design/hls_src/U_plane_src"><\/item>
<item  id="140" filename="uplane_packetiser/uplane_packetizer.cpp" linenumber="187" name="p_Result_19" contextFuncName="uplane_packetiser" moduleName="uplane_packetiser" rtlName="reg_791" latency="0" BRAM="-1" DSP="-1" FF="-1" LUT="-1" fileDirectory="/home/sai/Desktop/Looping_Hardware-design/hls_src/U_plane_src"><\/item>
<item  id="141" filename="uplane_packetiser/uplane_packetizer.cpp" linenumber="188" name="p_Result_20" contextFuncName="uplane_packetiser" moduleName="uplane_packetiser" rtlName="reg_795" latency="0" BRAM="-1" DSP="-1" FF="-1" LUT="-1" fileDirectory="/home/sai/Desktop/Looping_Hardware-design/hls_src/U_plane_src"><\/item>
<item  id="142" filename="uplane_packetiser/uplane_packetizer.cpp" linenumber="189" name="p_Result_21" contextFuncName="uplane_packetiser" moduleName="uplane_packetiser" rtlName="reg_799" latency="0" BRAM="-1" DSP="-1" FF="-1" LUT="-1" fileDirectory="/home/sai/Desktop/Looping_Hardware-design/hls_src/U_plane_src"><\/item>
<item  id="143" filename="uplane_packetiser/uplane_packetizer.cpp" linenumber="190" name="p_Result_23" contextFuncName="uplane_packetiser" moduleName="uplane_packetiser" rtlName="reg_803" latency="0" BRAM="-1" DSP="-1" FF="-1" LUT="-1" fileDirectory="/home/sai/Desktop/Looping_Hardware-design/hls_src/U_plane_src"><\/item>
<item  id="144" filename="uplane_packetiser/uplane_packetizer.cpp" linenumber="191" name="p_Result_25" contextFuncName="uplane_packetiser" moduleName="uplane_packetiser" rtlName="reg_807" latency="0" BRAM="-1" DSP="-1" FF="-1" LUT="-1" fileDirectory="/home/sai/Desktop/Looping_Hardware-design/hls_src/U_plane_src"><\/item>
<item  id="145" filename="uplane_packetiser/uplane_packetizer.cpp" linenumber="192" name="p_Result_26" contextFuncName="uplane_packetiser" moduleName="uplane_packetiser" rtlName="reg_811" latency="0" BRAM="-1" DSP="-1" FF="-1" LUT="-1" fileDirectory="/home/sai/Desktop/Looping_Hardware-design/hls_src/U_plane_src"><\/item>
<item  id="146" filename="uplane_packetiser/uplane_packetizer.cpp" linenumber="193" name="p_Result_27" contextFuncName="uplane_packetiser" moduleName="uplane_packetiser" rtlName="reg_815" latency="0" BRAM="-1" DSP="-1" FF="-1" LUT="-1" fileDirectory="/home/sai/Desktop/Looping_Hardware-design/hls_src/U_plane_src"><\/item>
<item  id="147" filename="uplane_packetiser/uplane_packetizer.cpp" linenumber="194" name="p_Result_29" contextFuncName="uplane_packetiser" moduleName="uplane_packetiser" rtlName="reg_819" latency="0" BRAM="-1" DSP="-1" FF="-1" LUT="-1" fileDirectory="/home/sai/Desktop/Looping_Hardware-design/hls_src/U_plane_src"><\/item>
<item  id="148" filename="uplane_packetiser/uplane_packetizer.cpp" linenumber="195" name="p_Result_31" contextFuncName="uplane_packetiser" moduleName="uplane_packetiser" rtlName="reg_823" latency="0" BRAM="-1" DSP="-1" FF="-1" LUT="-1" fileDirectory="/home/sai/Desktop/Looping_Hardware-design/hls_src/U_plane_src"><\/item>
<item  id="149" filename="uplane_packetiser/uplane_packetizer.cpp" linenumber="196" name="p_Result_32" contextFuncName="uplane_packetiser" moduleName="uplane_packetiser" rtlName="reg_827" latency="0" BRAM="-1" DSP="-1" FF="-1" LUT="-1" fileDirectory="/home/sai/Desktop/Looping_Hardware-design/hls_src/U_plane_src"><\/item>
<item  id="150" filename="uplane_packetiser/uplane_packetizer.cpp" linenumber="197" name="p_Result_33" contextFuncName="uplane_packetiser" moduleName="uplane_packetiser" rtlName="reg_831" latency="0" BRAM="-1" DSP="-1" FF="-1" LUT="-1" fileDirectory="/home/sai/Desktop/Looping_Hardware-design/hls_src/U_plane_src"><\/item>
<item  id="151" filename="uplane_packetiser/uplane_packetizer.cpp" linenumber="198" name="p_Result_34" contextFuncName="uplane_packetiser" moduleName="uplane_packetiser" rtlName="reg_835" latency="0" BRAM="-1" DSP="-1" FF="-1" LUT="-1" fileDirectory="/home/sai/Desktop/Looping_Hardware-design/hls_src/U_plane_src"><\/item>
<item  id="152" filename="uplane_packetiser/uplane_packetizer.cpp" linenumber="199" name="p_Result_35" contextFuncName="uplane_packetiser" moduleName="uplane_packetiser" rtlName="reg_839" latency="0" BRAM="-1" DSP="-1" FF="-1" LUT="-1" fileDirectory="/home/sai/Desktop/Looping_Hardware-design/hls_src/U_plane_src"><\/item>
<item  id="153" filename="uplane_packetiser/uplane_packetizer.cpp" linenumber="200" name="p_Result_37" contextFuncName="uplane_packetiser" moduleName="uplane_packetiser" rtlName="reg_843" latency="0" BRAM="-1" DSP="-1" FF="-1" LUT="-1" fileDirectory="/home/sai/Desktop/Looping_Hardware-design/hls_src/U_plane_src"><\/item>
<item  id="154" filename="uplane_packetiser/uplane_packetizer.cpp" linenumber="201" name="p_Result_38" contextFuncName="uplane_packetiser" moduleName="uplane_packetiser" rtlName="reg_847" latency="0" BRAM="-1" DSP="-1" FF="-1" LUT="-1" fileDirectory="/home/sai/Desktop/Looping_Hardware-design/hls_src/U_plane_src"><\/item>
<item  id="155" filename="uplane_packetiser/uplane_packetizer.cpp" linenumber="202" name="trunc_ln647_4" contextFuncName="uplane_packetiser" moduleName="uplane_packetiser" rtlName="trunc_ln647_4_fu_951_p1" latency="0" BRAM="-1" DSP="-1" FF="-1" LUT="-1" fileDirectory="/home/sai/Desktop/Looping_Hardware-design/hls_src/U_plane_src"><\/item>
<item  id="156" filename="uplane_packetiser/uplane_packetizer.cpp" linenumber="202" name="p_Result_58" contextFuncName="uplane_packetiser" moduleName="uplane_packetiser" rtlName="p_Result_58_fu_1296_p17" latency="0" BRAM="-1" DSP="-1" FF="-1" LUT="-1" fileDirectory="/home/sai/Desktop/Looping_Hardware-design/hls_src/U_plane_src"><\/item>
<item  id="162" filename="uplane_packetiser/uplane_packetizer.cpp" linenumber="160" name="p_Result_5" contextFuncName="uplane_packetiser" moduleName="uplane_packetiser" rtlName="reg_791" latency="0" BRAM="-1" DSP="-1" FF="-1" LUT="-1" fileDirectory="/home/sai/Desktop/Looping_Hardware-design/hls_src/U_plane_src"><\/item>
<item  id="163" filename="uplane_packetiser/uplane_packetizer.cpp" linenumber="161" name="p_Result_7" contextFuncName="uplane_packetiser" moduleName="uplane_packetiser" rtlName="reg_795" latency="0" BRAM="-1" DSP="-1" FF="-1" LUT="-1" fileDirectory="/home/sai/Desktop/Looping_Hardware-design/hls_src/U_plane_src"><\/item>
<item  id="164" filename="uplane_packetiser/uplane_packetizer.cpp" linenumber="162" name="p_Result_9" contextFuncName="uplane_packetiser" moduleName="uplane_packetiser" rtlName="reg_799" latency="0" BRAM="-1" DSP="-1" FF="-1" LUT="-1" fileDirectory="/home/sai/Desktop/Looping_Hardware-design/hls_src/U_plane_src"><\/item>
<item  id="165" filename="uplane_packetiser/uplane_packetizer.cpp" linenumber="163" name="p_Result_4" contextFuncName="uplane_packetiser" moduleName="uplane_packetiser" rtlName="reg_803" latency="0" BRAM="-1" DSP="-1" FF="-1" LUT="-1" fileDirectory="/home/sai/Desktop/Looping_Hardware-design/hls_src/U_plane_src"><\/item>
<item  id="166" filename="uplane_packetiser/uplane_packetizer.cpp" linenumber="164" name="p_Result_3" contextFuncName="uplane_packetiser" moduleName="uplane_packetiser" rtlName="reg_807" latency="0" BRAM="-1" DSP="-1" FF="-1" LUT="-1" fileDirectory="/home/sai/Desktop/Looping_Hardware-design/hls_src/U_plane_src"><\/item>
<item  id="167" filename="uplane_packetiser/uplane_packetizer.cpp" linenumber="165" name="p_Result_8" contextFuncName="uplane_packetiser" moduleName="uplane_packetiser" rtlName="reg_811" latency="0" BRAM="-1" DSP="-1" FF="-1" LUT="-1" fileDirectory="/home/sai/Desktop/Looping_Hardware-design/hls_src/U_plane_src"><\/item>
<item  id="168" filename="uplane_packetiser/uplane_packetizer.cpp" linenumber="166" name="p_Result_10" contextFuncName="uplane_packetiser" moduleName="uplane_packetiser" rtlName="reg_815" latency="0" BRAM="-1" DSP="-1" FF="-1" LUT="-1" fileDirectory="/home/sai/Desktop/Looping_Hardware-design/hls_src/U_plane_src"><\/item>
<item  id="169" filename="uplane_packetiser/uplane_packetizer.cpp" linenumber="167" name="p_Result_11" contextFuncName="uplane_packetiser" moduleName="uplane_packetiser" rtlName="reg_819" latency="0" BRAM="-1" DSP="-1" FF="-1" LUT="-1" fileDirectory="/home/sai/Desktop/Looping_Hardware-design/hls_src/U_plane_src"><\/item>
<item  id="170" filename="uplane_packetiser/uplane_packetizer.cpp" linenumber="168" name="p_Result_12" contextFuncName="uplane_packetiser" moduleName="uplane_packetiser" rtlName="reg_823" latency="0" BRAM="-1" DSP="-1" FF="-1" LUT="-1" fileDirectory="/home/sai/Desktop/Looping_Hardware-design/hls_src/U_plane_src"><\/item>
<item  id="171" filename="uplane_packetiser/uplane_packetizer.cpp" linenumber="169" name="p_Result_13" contextFuncName="uplane_packetiser" moduleName="uplane_packetiser" rtlName="reg_827" latency="0" BRAM="-1" DSP="-1" FF="-1" LUT="-1" fileDirectory="/home/sai/Desktop/Looping_Hardware-design/hls_src/U_plane_src"><\/item>
<item  id="172" filename="uplane_packetiser/uplane_packetizer.cpp" linenumber="170" name="p_Result_14" contextFuncName="uplane_packetiser" moduleName="uplane_packetiser" rtlName="reg_831" latency="0" BRAM="-1" DSP="-1" FF="-1" LUT="-1" fileDirectory="/home/sai/Desktop/Looping_Hardware-design/hls_src/U_plane_src"><\/item>
<item  id="173" filename="uplane_packetiser/uplane_packetizer.cpp" linenumber="171" name="p_Result_15" contextFuncName="uplane_packetiser" moduleName="uplane_packetiser" rtlName="reg_835" latency="0" BRAM="-1" DSP="-1" FF="-1" LUT="-1" fileDirectory="/home/sai/Desktop/Looping_Hardware-design/hls_src/U_plane_src"><\/item>
<item  id="174" filename="uplane_packetiser/uplane_packetizer.cpp" linenumber="172" name="p_Result_16" contextFuncName="uplane_packetiser" moduleName="uplane_packetiser" rtlName="reg_839" latency="0" BRAM="-1" DSP="-1" FF="-1" LUT="-1" fileDirectory="/home/sai/Desktop/Looping_Hardware-design/hls_src/U_plane_src"><\/item>
<item  id="175" filename="uplane_packetiser/uplane_packetizer.cpp" linenumber="173" name="p_Result_17" contextFuncName="uplane_packetiser" moduleName="uplane_packetiser" rtlName="reg_843" latency="0" BRAM="-1" DSP="-1" FF="-1" LUT="-1" fileDirectory="/home/sai/Desktop/Looping_Hardware-design/hls_src/U_plane_src"><\/item>
<item  id="176" filename="uplane_packetiser/uplane_packetizer.cpp" linenumber="174" name="p_Result_18" contextFuncName="uplane_packetiser" moduleName="uplane_packetiser" rtlName="reg_847" latency="0" BRAM="-1" DSP="-1" FF="-1" LUT="-1" fileDirectory="/home/sai/Desktop/Looping_Hardware-design/hls_src/U_plane_src"><\/item>
<item  id="177" filename="uplane_packetiser/uplane_packetizer.cpp" linenumber="175" name="trunc_ln647_3" contextFuncName="uplane_packetiser" moduleName="uplane_packetiser" rtlName="trunc_ln647_3_fu_961_p1" latency="0" BRAM="-1" DSP="-1" FF="-1" LUT="-1" fileDirectory="/home/sai/Desktop/Looping_Hardware-design/hls_src/U_plane_src"><\/item>
<item  id="178" filename="uplane_packetiser/uplane_packetizer.cpp" linenumber="175" name="p_Result_57" contextFuncName="uplane_packetiser" moduleName="uplane_packetiser" rtlName="p_Result_57_fu_1332_p17" latency="0" BRAM="-1" DSP="-1" FF="-1" LUT="-1" fileDirectory="/home/sai/Desktop/Looping_Hardware-design/hls_src/U_plane_src"><\/item>
<item  id="184" filename="uplane_packetiser/uplane_packetizer.cpp" linenumber="110" name="p_Result_6" contextFuncName="uplane_packetiser" moduleName="uplane_packetiser" rtlName="p_Result_6_fu_975_p4" latency="0" BRAM="-1" DSP="-1" FF="-1" LUT="-1" fileDirectory="/home/sai/Desktop/Looping_Hardware-design/hls_src/U_plane_src"><\/item>
<item  id="185" filename="uplane_packetiser/uplane_packetizer.cpp" linenumber="111" name="trunc_ln647" contextFuncName="uplane_packetiser" moduleName="uplane_packetiser" rtlName="trunc_ln647_fu_985_p1" latency="0" BRAM="-1" DSP="-1" FF="-1" LUT="-1" fileDirectory="/home/sai/Desktop/Looping_Hardware-design/hls_src/U_plane_src"><\/item>
<item  id="187" filename="uplane_packetiser/uplane_packetizer.cpp" linenumber="112" name="p_Result_s_18" contextFuncName="uplane_packetiser" moduleName="uplane_packetiser" rtlName="p_Result_s_18_fu_993_p4" latency="0" BRAM="-1" DSP="-1" FF="-1" LUT="-1" fileDirectory="/home/sai/Desktop/Looping_Hardware-design/hls_src/U_plane_src"><\/item>
<item  id="188" filename="uplane_packetiser/uplane_packetizer.cpp" linenumber="113" name="trunc_ln647_1" contextFuncName="uplane_packetiser" moduleName="uplane_packetiser" rtlName="trunc_ln647_1_fu_1003_p1" latency="0" BRAM="-1" DSP="-1" FF="-1" LUT="-1" fileDirectory="/home/sai/Desktop/Looping_Hardware-design/hls_src/U_plane_src"><\/item>
<item  id="190" filename="uplane_packetiser/uplane_packetizer.cpp" linenumber="114" name="p_Result_2" contextFuncName="uplane_packetiser" moduleName="uplane_packetiser" rtlName="p_Result_2_fu_1011_p4" latency="0" BRAM="-1" DSP="-1" FF="-1" LUT="-1" fileDirectory="/home/sai/Desktop/Looping_Hardware-design/hls_src/U_plane_src"><\/item>
<item  id="191" filename="uplane_packetiser/uplane_packetizer.cpp" linenumber="115" name="trunc_ln647_2" contextFuncName="uplane_packetiser" moduleName="uplane_packetiser" rtlName="trunc_ln647_2_fu_1021_p1" latency="0" BRAM="-1" DSP="-1" FF="-1" LUT="-1" fileDirectory="/home/sai/Desktop/Looping_Hardware-design/hls_src/U_plane_src"><\/item>
<item  id="192" filename="uplane_packetiser/uplane_packetizer.cpp" linenumber="115" name="tmp_6" contextFuncName="uplane_packetiser" moduleName="uplane_packetiser" rtlName="tmp_6_fu_1025_p7" latency="0" BRAM="-1" DSP="-1" FF="-1" LUT="-1" fileDirectory="/home/sai/Desktop/Looping_Hardware-design/hls_src/U_plane_src"><\/item>
<item  id="193" filename="uplane_packetiser/uplane_packetizer.cpp" linenumber="115" name="p_Result_1" contextFuncName="uplane_packetiser" moduleName="uplane_packetiser" rtlName="p_Result_1_fu_1041_p5" latency="0" BRAM="-1" DSP="-1" FF="-1" LUT="-1" fileDirectory="/home/sai/Desktop/Looping_Hardware-design/hls_src/U_plane_src"><\/item>
<item  id="198" filename="uplane_packetiser/uplane_packetizer.cpp" linenumber="124" name="p_Result_22" contextFuncName="uplane_packetiser" moduleName="uplane_packetiser" rtlName="p_Result_22_fu_1057_p4" latency="0" BRAM="-1" DSP="-1" FF="-1" LUT="-1" fileDirectory="/home/sai/Desktop/Looping_Hardware-design/hls_src/U_plane_src"><\/item>
<item  id="200" filename="uplane_packetiser/oran_header.h" linenumber="93" name="tmp_numPrbu_V_load_n" contextFuncName="operator=" moduleName="uplane_packetiser" rtlName="section_Prbu_V" latency="0" BRAM="-1" DSP="-1" FF="-1" LUT="-1" fileDirectory="/home/sai/Desktop/Looping_Hardware-design/hls_src/U_plane_src"><\/item>
<item  id="201" filename="uplane_packetiser/uplane_packetizer.cpp" linenumber="132" name="p_Result_28" contextFuncName="uplane_packetiser" moduleName="uplane_packetiser" rtlName="p_Result_54_reg_1401" latency="0" BRAM="-1" DSP="-1" FF="-1" LUT="-1" fileDirectory="/home/sai/Desktop/Looping_Hardware-design/hls_src/U_plane_src"><\/item>
<item  id="202" filename="uplane_packetiser/uplane_packetizer.cpp" linenumber="133" name="p_Result_30" contextFuncName="uplane_packetiser" moduleName="uplane_packetiser" rtlName="p_Result_55_reg_1406" latency="0" BRAM="-1" DSP="-1" FF="-1" LUT="-1" fileDirectory="/home/sai/Desktop/Looping_Hardware-design/hls_src/U_plane_src"><\/item>
<item  id="203" filename="uplane_packetiser/uplane_packetizer.cpp" linenumber="136" name="trunc_ln647_6" contextFuncName="uplane_packetiser" moduleName="uplane_packetiser" rtlName="trunc_ln647_6_fu_1067_p1" latency="0" BRAM="-1" DSP="-1" FF="-1" LUT="-1" fileDirectory="/home/sai/Desktop/Looping_Hardware-design/hls_src/U_plane_src"><\/item>
<item  id="204" filename="uplane_packetiser/uplane_packetizer.cpp" linenumber="137" name="p_Result_36" contextFuncName="uplane_packetiser" moduleName="uplane_packetiser" rtlName="p_Result_56_reg_1416" latency="0" BRAM="-1" DSP="-1" FF="-1" LUT="-1" fileDirectory="/home/sai/Desktop/Looping_Hardware-design/hls_src/U_plane_src"><\/item>
<item  id="205" filename="uplane_packetiser/uplane_packetizer.cpp" linenumber="140" name="tmp_7" contextFuncName="uplane_packetiser" moduleName="uplane_packetiser" rtlName="tmp_9_reg_1421" latency="0" BRAM="-1" DSP="-1" FF="-1" LUT="-1" fileDirectory="/home/sai/Desktop/Looping_Hardware-design/hls_src/U_plane_src"><\/item>
<item  id="206" filename="uplane_packetiser/uplane_packetizer.cpp" linenumber="140" name="tmp_8" contextFuncName="uplane_packetiser" moduleName="uplane_packetiser" rtlName="tmp_8_fu_1071_p4" latency="0" BRAM="-1" DSP="-1" FF="-1" LUT="-1" fileDirectory="/home/sai/Desktop/Looping_Hardware-design/hls_src/U_plane_src"><\/item>
<item  id="207" filename="uplane_packetiser/uplane_packetizer.cpp" linenumber="140" name="trunc_ln414_1" contextFuncName="uplane_packetiser" moduleName="uplane_packetiser" rtlName="trunc_ln414_1_fu_1081_p1" latency="0" BRAM="-1" DSP="-1" FF="-1" LUT="-1" fileDirectory="/home/sai/Desktop/Looping_Hardware-design/hls_src/U_plane_src"><\/item>
<item  id="208" filename="uplane_packetiser/uplane_packetizer.cpp" linenumber="140" name="tmp_s" contextFuncName="uplane_packetiser" moduleName="uplane_packetiser" rtlName="grp_fu_583_p4" latency="0" BRAM="-1" DSP="-1" FF="-1" LUT="-1" fileDirectory="/home/sai/Desktop/Looping_Hardware-design/hls_src/U_plane_src"><\/item>
<item  id="209" filename="uplane_packetiser/uplane_packetizer.cpp" linenumber="140" name="p_Result_24" contextFuncName="uplane_packetiser" moduleName="uplane_packetiser" rtlName="p_Result_24_fu_1085_p16" latency="0" BRAM="-1" DSP="-1" FF="-1" LUT="-1" fileDirectory="/home/sai/Desktop/Looping_Hardware-design/hls_src/U_plane_src"><\/item>
<item  id="210" filename="uplane_packetiser/uplane_packetizer.cpp" linenumber="143" name="trunc_ln" contextFuncName="uplane_packetiser" moduleName="uplane_packetiser" rtlName="trunc_ln_reg_1476" latency="0" BRAM="-1" DSP="-1" FF="-1" LUT="-1" fileDirectory="/home/sai/Desktop/Looping_Hardware-design/hls_src/U_plane_src"><\/item>
<item  id="214" filename="uplane_packetiser/uplane_packetizer.cpp" linenumber="147" name="zext_ln209" contextFuncName="uplane_packetiser" moduleName="uplane_packetiser" rtlName="zext_ln209_fu_1135_p1" latency="0" BRAM="-1" DSP="-1" FF="-1" LUT="-1" fileDirectory="/home/sai/Desktop/Looping_Hardware-design/hls_src/U_plane_src"><\/item>
<item  id="215" filename="uplane_packetiser/uplane_packetizer.cpp" linenumber="147" name="add_ln209" contextFuncName="uplane_packetiser" moduleName="uplane_packetiser" rtlName="add_ln209_fu_1139_p2" latency="0" BRAM="-1" DSP="-1" FF="0" LUT="19" fileDirectory="/home/sai/Desktop/Looping_Hardware-design/hls_src/U_plane_src"><\/item>
<item  id="227" filename="uplane_packetiser/oran_header.h" linenumber="75" name="tmp_payload_size_V_l" contextFuncName="operator=" moduleName="uplane_packetiser" rtlName="ecpri_header_payload" latency="0" BRAM="-1" DSP="-1" FF="-1" LUT="-1" fileDirectory="/home/sai/Desktop/Looping_Hardware-design/hls_src/U_plane_src"><\/item>
<item  id="228" filename="uplane_packetiser/oran_header.h" linenumber="75" name="tmp_pcid1_V_load_new" contextFuncName="operator=" moduleName="uplane_packetiser" rtlName="ecpri_header_pcid1_V" latency="0" BRAM="-1" DSP="-1" FF="-1" LUT="-1" fileDirectory="/home/sai/Desktop/Looping_Hardware-design/hls_src/U_plane_src"><\/item>
<item  id="229" filename="uplane_packetiser/oran_header.h" linenumber="75" name="tmp_seqid_V_load_new" contextFuncName="operator=" moduleName="uplane_packetiser" rtlName="ecpri_header_seqid_V" latency="0" BRAM="-1" DSP="-1" FF="-1" LUT="-1" fileDirectory="/home/sai/Desktop/Looping_Hardware-design/hls_src/U_plane_src"><\/item>
<item  id="233" filename="uplane_packetiser/uplane_packetizer.cpp" linenumber="98" name="trunc_ln414" contextFuncName="uplane_packetiser" moduleName="uplane_packetiser" rtlName="trunc_ln414_fu_1205_p1" latency="0" BRAM="-1" DSP="-1" FF="-1" LUT="-1" fileDirectory="/home/sai/Desktop/Looping_Hardware-design/hls_src/U_plane_src"><\/item>
<item  id="234" filename="uplane_packetiser/uplane_packetizer.cpp" linenumber="98" name="tmp_5" contextFuncName="uplane_packetiser" moduleName="uplane_packetiser" rtlName="tmp_5_fu_1368_p3" latency="0" BRAM="-1" DSP="-1" FF="-1" LUT="-1" fileDirectory="/home/sai/Desktop/Looping_Hardware-design/hls_src/U_plane_src"><\/item>
<item  id="235" filename="uplane_packetiser/uplane_packetizer.cpp" linenumber="98" name="p_Result_s" contextFuncName="uplane_packetiser" moduleName="uplane_packetiser" rtlName="p_Result_s_fu_1375_p5" latency="0" BRAM="-1" DSP="-1" FF="-1" LUT="-1" fileDirectory="/home/sai/Desktop/Looping_Hardware-design/hls_src/U_plane_src"><\/item>
</annotationInfo>
