<profile>

<section name = "Vivado HLS Report for 'uplane_packetiser'" level="0">
<item name = "Date">Wed Dec 14 18:59:00 2022
</item>
<item name = "Version">2019.1 (Build 2552052 on Fri May 24 15:28:33 MDT 2019)</item>
<item name = "Project">uplane_packetiser</item>
<item name = "Solution">solution1</item>
<item name = "Product family">zynquplus</item>
<item name = "Target device">xczu19eg-ffvd1760-3-e</item>
</section>

<section name = "Performance Estimates" level="0">
<item name = "Timing (ns)">
<section name = "" level="1">
<item name = "Summary"><table name="" hasTotal="0">
<keys size="4">Clock, Target, Estimated, Uncertainty</keys>
<column name="ap_clk">3.20, 2.102, 0.40</column>
</table>
</item>
</section>
</item>
<item name = "Latency (clock cycles)">
<section name = "" level="1">
<item name = "Summary"><table name="" hasTotal="0">
<keys size="6">, min, max, min, max, Type</keys>
<column name="">1, 1, 1, 1, function</column>
</table>
</item>
<item name = "Detail">
<section name = "" level="1">
<item name = "Instance"><table name="" hasTotal="0">
<keys size="7">Instance, Module, min, max, min, max, Type</keys>
</table>
</item>
<item name = "Loop"><table name="" hasTotal="0">
<keys size="8">Loop Name, min, max, Latency, achieved, target, Count, Pipelined</keys>
</table>
</item>
</section>
</item>
</section>
</item>
</section>

<section name = "Utilization Estimates" level="0">
<item name = "Summary"><table name="" hasTotal="1">
<keys size="6">Name, BRAM_18K, DSP48E, FF, LUT, URAM</keys>
<column name="DSP">-, -, -, -, -</column>
<column name="Expression">-, -, 0, 184, -</column>
<column name="FIFO">-, -, -, -, -</column>
<column name="Instance">-, -, -, -, -</column>
<column name="Memory">-, -, -, -, -</column>
<column name="Multiplexer">-, -, -, 334, -</column>
<column name="Register">-, -, 492, -, -</column>
<specialColumn name="Available">1968, 1968, 1045440, 522720, 128</specialColumn>
<specialColumn name="Utilization (%)">0, 0, ~0, ~0, 0</specialColumn>
</table>
</item>
<item name = "Detail">
<section name = "" level="1">
<item name = "Instance"><table name="" hasTotal="1">
<keys size="7">Instance, Module, BRAM_18K, DSP48E, FF, LUT, URAM</keys>
</table>
</item>
<item name = "DSP48E"><table name="" hasTotal="0">
<keys size="3">Instance, Module, Expression</keys>
</table>
</item>
<item name = "Memory"><table name="" hasTotal="1">
<keys size="10">Memory, Module, BRAM_18K, FF, LUT, URAM, Words, Bits, Banks, W*Bits*Banks</keys>
</table>
</item>
<item name = "FIFO"><table name="" hasTotal="1">
<keys size="8">Name, BRAM_18K, FF, LUT, URAM, Depth, Bits, Size:D*B</keys>
</table>
</item>
<item name = "Expression"><table name="" hasTotal="1">
<keys size="7">Variable Name, Operation, DSP48E, FF, LUT, Bitwidth P0, Bitwidth P1</keys>
<column name="add_ln209_1_fu_889_p2">+, 0, 0, 19, 12, 12</column>
<column name="add_ln209_fu_1139_p2">+, 0, 0, 19, 12, 12</column>
<column name="add_ln231_fu_921_p2">+, 0, 0, 39, 1, 32</column>
<column name="add_ln700_1_fu_767_p2">+, 0, 0, 15, 8, 1</column>
<column name="add_ln700_fu_773_p2">+, 0, 0, 15, 8, 1</column>
<column name="ap_condition_146">and, 0, 0, 2, 1, 1</column>
<column name="ap_condition_230">and, 0, 0, 2, 1, 1</column>
<column name="ap_condition_446">and, 0, 0, 2, 1, 1</column>
<column name="ap_predicate_op120_read_state1">and, 0, 0, 2, 1, 1</column>
<column name="ap_predicate_op13_read_state1">and, 0, 0, 2, 1, 1</column>
<column name="ap_predicate_op201_write_state2">and, 0, 0, 2, 1, 1</column>
<column name="ap_predicate_op203_write_state2">and, 0, 0, 2, 1, 1</column>
<column name="ap_predicate_op204_write_state2">and, 0, 0, 2, 1, 1</column>
<column name="ap_predicate_op205_write_state2">and, 0, 0, 2, 1, 1</column>
<column name="tmp_nbreadreq_fu_248_p3">and, 0, 0, 2, 1, 0</column>
<column name="icmp_ln232_fu_929_p2">icmp, 0, 0, 20, 32, 5</column>
<column name="icmp_ln879_1_fu_905_p2">icmp, 0, 0, 9, 4, 3</column>
<column name="icmp_ln879_fu_875_p2">icmp, 0, 0, 13, 12, 9</column>
<column name="icmp_ln887_fu_939_p2">icmp, 0, 0, 11, 8, 8</column>
<column name="ap_block_state1_pp0_stage0_iter0">or, 0, 0, 2, 1, 1</column>
<column name="ap_block_state2_io">or, 0, 0, 2, 1, 1</column>
</table>
</item>
<item name = "Multiplexer"><table name="" hasTotal="1">
<keys size="5">Name, LUT, Input Size, Bits, Total Bits</keys>
<column name="Ethernet_header_V_TDATA_blk_n">9, 2, 1, 2</column>
<column name="IQ_data_V_data_V_TDATA_blk_n">9, 2, 1, 2</column>
<column name="PRB_count_V">15, 3, 12, 36</column>
<column name="Total_PRB_count_V">15, 3, 12, 36</column>
<column name="ap_phi_mux_PRB_fragmentation_fl_1_phi_fu_439_p26">21, 4, 1, 4</column>
<column name="ap_phi_mux_PRB_fragmentation_fl_phi_fu_330_p4">15, 3, 1, 3</column>
<column name="ap_phi_mux_PRB_fragmentation_ne_phi_fu_484_p26">15, 3, 32, 96</column>
<column name="ap_phi_mux_count_payload_V_flag_phi_fu_352_p26">15, 3, 1, 3</column>
<column name="ap_phi_mux_count_payload_V_new_s_phi_fu_397_p26">21, 4, 8, 32</column>
<column name="ap_phi_mux_storemerge_phi_fu_341_p4">15, 3, 4, 12</column>
<column name="ap_phi_reg_pp0_iter1_tmp_data_V_7_reg_523">15, 3, 128, 384</column>
<column name="application_header_V_TDATA_blk_n">9, 2, 1, 2</column>
<column name="eCPRI_header_V_TDATA_blk_n">9, 2, 1, 2</column>
<column name="eth_data_TDATA">44, 9, 128, 1152</column>
<column name="eth_data_TDATA_blk_n">9, 2, 1, 2</column>
<column name="eth_data_TKEEP">21, 4, 16, 64</column>
<column name="eth_data_TLAST">15, 3, 1, 3</column>
<column name="oran_ctrl_state">44, 9, 4, 36</column>
<column name="section_Prbu_V">9, 2, 8, 16</column>
<column name="section_header_V_TDATA_blk_n">9, 2, 1, 2</column>
</table>
</item>
<item name = "Register"><table name="" hasTotal="1">
<keys size="5">Name, FF, LUT, Bits, Const Bits</keys>
<column name="App_skip">1, 0, 1, 0</column>
<column name="App_skip_load_reg_1467">1, 0, 1, 0</column>
<column name="PRB_count_V">12, 0, 12, 0</column>
<column name="PRB_fragmentation">32, 0, 32, 0</column>
<column name="add_ln209_1_reg_1431">12, 0, 12, 0</column>
<column name="add_ln209_reg_1481">12, 0, 12, 0</column>
<column name="ap_CS_iter0_fsm">1, 0, 1, 0</column>
<column name="ap_CS_iter1_fsm">1, 0, 1, 0</column>
<column name="ap_phi_reg_pp0_iter1_tmp_data_V_7_reg_523">128, 0, 128, 0</column>
<column name="count_payload_V">8, 0, 8, 0</column>
<column name="ecpri_header_payload">16, 0, 16, 0</column>
<column name="ecpri_header_pcid1_V">16, 0, 16, 0</column>
<column name="ecpri_header_seqid_V">16, 0, 16, 0</column>
<column name="icmp_ln232_reg_1444">1, 0, 1, 0</column>
<column name="icmp_ln879_reg_1393">1, 0, 1, 0</column>
<column name="icmp_ln887_reg_1448">1, 0, 1, 0</column>
<column name="oran_ctrl_state">4, 0, 4, 0</column>
<column name="oran_ctrl_state_load_reg_1388">4, 0, 4, 0</column>
<column name="p_Result_54_reg_1401">8, 0, 8, 0</column>
<column name="p_Result_55_reg_1406">2, 0, 2, 0</column>
<column name="p_Result_56_reg_1416">8, 0, 8, 0</column>
<column name="reg_791">8, 0, 8, 0</column>
<column name="reg_795">8, 0, 8, 0</column>
<column name="reg_799">8, 0, 8, 0</column>
<column name="reg_803">8, 0, 8, 0</column>
<column name="reg_807">8, 0, 8, 0</column>
<column name="reg_811">8, 0, 8, 0</column>
<column name="reg_815">8, 0, 8, 0</column>
<column name="reg_819">8, 0, 8, 0</column>
<column name="reg_823">8, 0, 8, 0</column>
<column name="reg_827">8, 0, 8, 0</column>
<column name="reg_831">8, 0, 8, 0</column>
<column name="reg_835">8, 0, 8, 0</column>
<column name="reg_839">8, 0, 8, 0</column>
<column name="reg_843">8, 0, 8, 0</column>
<column name="reg_847">8, 0, 8, 0</column>
<column name="section_Prbu_V">8, 0, 8, 0</column>
<column name="symbolID_V">4, 0, 4, 0</column>
<column name="tmp_10_reg_1426">2, 0, 2, 0</column>
<column name="tmp_9_reg_1421">24, 0, 24, 0</column>
<column name="tmp_reg_1397">1, 0, 1, 0</column>
<column name="trunc_ln414_reg_1486">16, 0, 16, 0</column>
<column name="trunc_ln647_3_reg_1457">8, 0, 8, 0</column>
<column name="trunc_ln647_4_reg_1452">8, 0, 8, 0</column>
<column name="trunc_ln647_5_reg_1439">8, 0, 8, 0</column>
<column name="trunc_ln647_7_reg_1411">4, 0, 4, 0</column>
<column name="trunc_ln_reg_1476">4, 0, 4, 0</column>
</table>
</item>
</section>
</item>
</section>

<section name = "Interface" level="0">
<item name = "Summary"><table name="" hasTotal="0">
<keys size="6">RTL Ports, Dir, Bits, Protocol, Source Object, C Type</keys>
<column name="ap_clk">in, 1, ap_ctrl_none, uplane_packetiser, return value</column>
<column name="ap_rst_n">in, 1, ap_ctrl_none, uplane_packetiser, return value</column>
<column name="Ethernet_header_V_TDATA">in, 112, axis, Ethernet_header_V, pointer</column>
<column name="Ethernet_header_V_TVALID">in, 1, axis, Ethernet_header_V, pointer</column>
<column name="Ethernet_header_V_TREADY">out, 1, axis, Ethernet_header_V, pointer</column>
<column name="eCPRI_header_V_TDATA">in, 64, axis, eCPRI_header_V, pointer</column>
<column name="eCPRI_header_V_TVALID">in, 1, axis, eCPRI_header_V, pointer</column>
<column name="eCPRI_header_V_TREADY">out, 1, axis, eCPRI_header_V, pointer</column>
<column name="application_header_V_TDATA">in, 32, axis, application_header_V, pointer</column>
<column name="application_header_V_TVALID">in, 1, axis, application_header_V, pointer</column>
<column name="application_header_V_TREADY">out, 1, axis, application_header_V, pointer</column>
<column name="section_header_V_TDATA">in, 48, axis, section_header_V, pointer</column>
<column name="section_header_V_TVALID">in, 1, axis, section_header_V, pointer</column>
<column name="section_header_V_TREADY">out, 1, axis, section_header_V, pointer</column>
<column name="IQ_data_V_data_V_TDATA">in, 128, axis, IQ_data_V_data_V, pointer</column>
<column name="IQ_data_V_data_V_TVALID">in, 1, axis, IQ_data_V_data_V, pointer</column>
<column name="IQ_data_V_data_V_TREADY">out, 1, axis, IQ_data_V_data_V, pointer</column>
<column name="eth_data_TDATA">out, 128, axis, eth_data_V_data_V, pointer</column>
<column name="eth_data_TREADY">in, 1, axis, eth_data_V_data_V, pointer</column>
<column name="eth_data_TVALID">out, 1, axis, eth_data_V_last_V, pointer</column>
<column name="eth_data_TLAST">out, 1, axis, eth_data_V_last_V, pointer</column>
<column name="eth_data_TKEEP">out, 16, axis, eth_data_V_keep_V, pointer</column>
<column name="state_out">out, 8, ap_none, state_out, pointer</column>
<column name="symbol_number_V">out, 4, ap_none, symbol_number_V, pointer</column>
<column name="Total_PRB_count_V">out, 12, ap_none, Total_PRB_count_V, pointer</column>
</table>
</item>
</section>
</profile>
