<profile>

<section name = "Vivado HLS Report for 'epacket_gen'" level="0">
<item name = "Date">Tue Mar  9 11:03:06 2021
</item>
<item name = "Version">2019.1 (Build 2552052 on Fri May 24 15:28:33 MDT 2019)</item>
<item name = "Project">Packet_gen</item>
<item name = "Solution">solution1</item>
<item name = "Product family">zynquplus</item>
<item name = "Target device">xczu19eg-ffvd1760-3-e</item>
</section>

<section name = "Performance Estimates" level="0">
<item name = "Timing (ns)">
<section name = "" level="1">
<item name = "Summary"><table name="" hasTotal="0">
<keys size="4">Clock, Target, Estimated, Uncertainty</keys>
<column name="ap_clk">3.20, 2.102, 0.40</column>
</table>
</item>
</section>
</item>
<item name = "Latency (clock cycles)">
<section name = "" level="1">
<item name = "Summary"><table name="" hasTotal="0">
<keys size="6">, min, max, min, max, Type</keys>
<column name="">1, 1, 1, 1, function</column>
</table>
</item>
<item name = "Detail">
<section name = "" level="1">
<item name = "Instance"><table name="" hasTotal="0">
<keys size="7">Instance, Module, min, max, min, max, Type</keys>
</table>
</item>
<item name = "Loop"><table name="" hasTotal="0">
<keys size="8">Loop Name, min, max, Latency, achieved, target, Count, Pipelined</keys>
</table>
</item>
</section>
</item>
</section>
</item>
</section>

<section name = "Utilization Estimates" level="0">
<item name = "Summary"><table name="" hasTotal="1">
<keys size="6">Name, BRAM_18K, DSP48E, FF, LUT, URAM</keys>
<column name="DSP">-, -, -, -, -</column>
<column name="Expression">-, -, 0, 109, -</column>
<column name="FIFO">-, -, -, -, -</column>
<column name="Instance">-, -, -, -, -</column>
<column name="Memory">-, -, -, -, -</column>
<column name="Multiplexer">-, -, -, 87, -</column>
<column name="Register">-, -, 288, -, -</column>
<specialColumn name="Available">1968, 1968, 1045440, 522720, 128</specialColumn>
<specialColumn name="Utilization (%)">0, 0, ~0, ~0, 0</specialColumn>
</table>
</item>
<item name = "Detail">
<section name = "" level="1">
<item name = "Instance"><table name="" hasTotal="1">
<keys size="7">Instance, Module, BRAM_18K, DSP48E, FF, LUT, URAM</keys>
</table>
</item>
<item name = "DSP48E"><table name="" hasTotal="0">
<keys size="3">Instance, Module, Expression</keys>
</table>
</item>
<item name = "Memory"><table name="" hasTotal="1">
<keys size="10">Memory, Module, BRAM_18K, FF, LUT, URAM, Words, Bits, Banks, W*Bits*Banks</keys>
</table>
</item>
<item name = "FIFO"><table name="" hasTotal="1">
<keys size="8">Name, BRAM_18K, FF, LUT, URAM, Depth, Bits, Size:D*B</keys>
</table>
</item>
<item name = "Expression"><table name="" hasTotal="1">
<keys size="7">Variable Name, Operation, DSP48E, FF, LUT, Bitwidth P0, Bitwidth P1</keys>
<column name="add_ln700_fu_93_p2">+, 0, 0, 23, 16, 1</column>
<column name="ret_V_fu_72_p2">+, 0, 0, 24, 17, 2</column>
<column name="dout_V_data_V_1_load_A">and, 0, 0, 2, 1, 1</column>
<column name="dout_V_data_V_1_load_B">and, 0, 0, 2, 1, 1</column>
<column name="dout_V_last_V_1_load_A">and, 0, 0, 2, 1, 1</column>
<column name="dout_V_last_V_1_load_B">and, 0, 0, 2, 1, 1</column>
<column name="dout_V_data_V_1_state_cmp_full">icmp, 0, 0, 8, 2, 1</column>
<column name="dout_V_last_V_1_state_cmp_full">icmp, 0, 0, 8, 2, 1</column>
<column name="tmp_last_V_fu_86_p2">icmp, 0, 0, 20, 17, 17</column>
<column name="ap_block_state2_pp0_stage0_iter1">or, 0, 0, 2, 1, 1</column>
<column name="select_ln21_fu_99_p3">select, 0, 0, 16, 1, 1</column>
</table>
</item>
<item name = "Multiplexer"><table name="" hasTotal="1">
<keys size="5">Name, LUT, Input Size, Bits, Total Bits</keys>
<column name="ap_NS_iter1_fsm">15, 3, 2, 6</column>
<column name="dout_TDATA_blk_n">9, 2, 1, 2</column>
<column name="dout_V_data_V_1_data_out">9, 2, 128, 256</column>
<column name="dout_V_data_V_1_state">15, 3, 2, 6</column>
<column name="dout_V_keep_V_1_state">15, 3, 2, 6</column>
<column name="dout_V_last_V_1_data_out">9, 2, 1, 2</column>
<column name="dout_V_last_V_1_state">15, 3, 2, 6</column>
</table>
</item>
<item name = "Register"><table name="" hasTotal="1">
<keys size="5">Name, FF, LUT, Bits, Const Bits</keys>
<column name="ap_CS_iter0_fsm">1, 0, 1, 0</column>
<column name="ap_CS_iter1_fsm">2, 0, 2, 0</column>
<column name="dout_V_data_V_1_payload_A">128, 0, 128, 0</column>
<column name="dout_V_data_V_1_payload_B">128, 0, 128, 0</column>
<column name="dout_V_data_V_1_sel_rd">1, 0, 1, 0</column>
<column name="dout_V_data_V_1_sel_wr">1, 0, 1, 0</column>
<column name="dout_V_data_V_1_state">2, 0, 2, 0</column>
<column name="dout_V_keep_V_1_sel_rd">1, 0, 1, 0</column>
<column name="dout_V_keep_V_1_state">2, 0, 2, 0</column>
<column name="dout_V_last_V_1_payload_A">1, 0, 1, 0</column>
<column name="dout_V_last_V_1_payload_B">1, 0, 1, 0</column>
<column name="dout_V_last_V_1_sel_rd">1, 0, 1, 0</column>
<column name="dout_V_last_V_1_sel_wr">1, 0, 1, 0</column>
<column name="dout_V_last_V_1_state">2, 0, 2, 0</column>
<column name="message_V">16, 0, 16, 0</column>
</table>
</item>
</section>
</item>
</section>

<section name = "Interface" level="0">
<item name = "Summary"><table name="" hasTotal="0">
<keys size="6">RTL Ports, Dir, Bits, Protocol, Source Object, C Type</keys>
<column name="ap_clk">in, 1, ap_ctrl_hs, epacket_gen, return value</column>
<column name="ap_rst_n">in, 1, ap_ctrl_hs, epacket_gen, return value</column>
<column name="ap_start">in, 1, ap_ctrl_hs, epacket_gen, return value</column>
<column name="ap_done">out, 1, ap_ctrl_hs, epacket_gen, return value</column>
<column name="ap_idle">out, 1, ap_ctrl_hs, epacket_gen, return value</column>
<column name="ap_ready">out, 1, ap_ctrl_hs, epacket_gen, return value</column>
<column name="dout_TREADY">in, 1, axis, dout_V_last_V, pointer</column>
<column name="dout_TVALID">out, 1, axis, dout_V_last_V, pointer</column>
<column name="dout_TLAST">out, 1, axis, dout_V_last_V, pointer</column>
<column name="dout_TDATA">out, 128, axis, dout_V_data_V, pointer</column>
<column name="dout_TKEEP">out, 16, axis, dout_V_keep_V, pointer</column>
<column name="count_V">in, 16, ap_none, count_V, scalar</column>
</table>
</item>
</section>
</profile>
