<stg><name>eCpri_header_config</name>


<trans_list>

<trans id="63" from="1" to="2">
<condition id="-1">
<or_exp><and_exp></and_exp></or_exp>
</condition>
</trans>
</trans_list>



<state_list>

<state id="1" st_id="1">

<operation id="3" st_id="1" stage="1" lat="1">
<core>NULL</core>
<MemPortIdVec></MemPortIdVec>
<condition id="-1">
<or_exp><and_exp></and_exp></or_exp>
</condition>

<Node id="21" bw="2" op_0_bw="2">
<![CDATA[
codeRepl:12  %data_src_state_load = load i2* @data_src_state, align 1

]]></Node>
<StgValue><ssdm name="data_src_state_load"/></StgValue>
</operation>

<operation id="4" st_id="1" stage="1" lat="1">
<core>NULL</core>
<MemPortIdVec></MemPortIdVec>
<condition id="-1">
<or_exp><and_exp></and_exp></or_exp>
</condition>

<Node id="24" bw="32" op_0_bw="32">
<![CDATA[
codeRepl:15  %count_load = load i32* @count, align 4

]]></Node>
<StgValue><ssdm name="count_load"/></StgValue>
</operation>

<operation id="5" st_id="1" stage="1" lat="1">
<core>NULL</core>
<MemPortIdVec></MemPortIdVec>
<condition id="-1">
<or_exp><and_exp></and_exp></or_exp>
</condition>

<Node id="27" bw="0" op_0_bw="2" op_1_bw="0" op_2_bw="2" op_3_bw="0" op_4_bw="2" op_5_bw="0" op_6_bw="2" op_7_bw="0" op_8_bw="2" op_9_bw="0">
<![CDATA[
codeRepl:18  switch i2 %data_src_state_load, label %._crit_edge483 [
    i2 0, label %0
    i2 1, label %2
    i2 -2, label %5
    i2 -1, label %6
  ]

]]></Node>
<StgValue><ssdm name="switch_ln38"/></StgValue>
</operation>

<operation id="6" st_id="1" stage="1" lat="1">
<core>NULL</core>
<MemPortIdVec></MemPortIdVec>
<condition id="-1">
<or_exp><and_exp><literal name="data_src_state_load" val="-1"/>
</and_exp></or_exp>
</condition>

<Node id="30" bw="0" op_0_bw="2" op_1_bw="2" op_2_bw="2">
<![CDATA[
:1  store i2 1, i2* @data_src_state, align 1

]]></Node>
<StgValue><ssdm name="store_ln101"/></StgValue>
</operation>

<operation id="7" st_id="1" stage="1" lat="1">
<core>NULL</core>
<MemPortIdVec></MemPortIdVec>
<condition id="-1">
<or_exp><and_exp><literal name="data_src_state_load" val="-1"/>
</and_exp></or_exp>
</condition>

<Node id="31" bw="0" op_0_bw="0">
<![CDATA[
:2  br label %._crit_edge483

]]></Node>
<StgValue><ssdm name="br_ln102"/></StgValue>
</operation>

<operation id="8" st_id="1" stage="1" lat="1">
<core>NULL</core>
<MemPortIdVec></MemPortIdVec>
<condition id="-1">
<or_exp><and_exp><literal name="data_src_state_load" val="-2"/>
</and_exp></or_exp>
</condition>

<Node id="36" bw="0" op_0_bw="2" op_1_bw="2" op_2_bw="2">
<![CDATA[
:3  store i2 -1, i2* @data_src_state, align 1

]]></Node>
<StgValue><ssdm name="store_ln95"/></StgValue>
</operation>

<operation id="9" st_id="1" stage="1" lat="1">
<core>NULL</core>
<MemPortIdVec></MemPortIdVec>
<condition id="-1">
<or_exp><and_exp><literal name="data_src_state_load" val="-2"/>
</and_exp></or_exp>
</condition>

<Node id="37" bw="0" op_0_bw="0">
<![CDATA[
:4  br label %._crit_edge483

]]></Node>
<StgValue><ssdm name="br_ln96"/></StgValue>
</operation>

<operation id="10" st_id="1" stage="1" lat="1">
<core>AddSub</core>
<MemPortIdVec></MemPortIdVec>
<condition id="-1">
<or_exp><and_exp><literal name="data_src_state_load" val="1"/>
</and_exp></or_exp>
</condition>

<Node id="39" bw="32" op_0_bw="32" op_1_bw="32">
<![CDATA[
:0  %add_ln52 = add nsw i32 %count_load, 1

]]></Node>
<StgValue><ssdm name="add_ln52"/></StgValue>
</operation>

<operation id="11" st_id="1" stage="1" lat="1">
<core>Cmp</core>
<MemPortIdVec></MemPortIdVec>
<condition id="-1">
<or_exp><and_exp><literal name="data_src_state_load" val="1"/>
</and_exp></or_exp>
</condition>

<Node id="40" bw="1" op_0_bw="32" op_1_bw="32">
<![CDATA[
:1  %icmp_ln879 = icmp eq i32 %add_ln52, 10

]]></Node>
<StgValue><ssdm name="icmp_ln879"/></StgValue>
</operation>

<operation id="12" st_id="1" stage="1" lat="1">
<core>NULL</core>
<MemPortIdVec></MemPortIdVec>
<condition id="-1">
<or_exp><and_exp><literal name="data_src_state_load" val="1"/>
</and_exp></or_exp>
</condition>

<Node id="41" bw="0" op_0_bw="1" op_1_bw="0" op_2_bw="0">
<![CDATA[
:2  br i1 %icmp_ln879, label %3, label %4

]]></Node>
<StgValue><ssdm name="br_ln53"/></StgValue>
</operation>

<operation id="13" st_id="1" stage="1" lat="1">
<core>NULL</core>
<MemPortIdVec></MemPortIdVec>
<condition id="-1">
<or_exp><and_exp><literal name="data_src_state_load" val="1"/>
<literal name="icmp_ln879" val="0"/>
</and_exp></or_exp>
</condition>

<Node id="46" bw="0" op_0_bw="2" op_1_bw="2" op_2_bw="2">
<![CDATA[
:3  store i2 1, i2* @data_src_state, align 1

]]></Node>
<StgValue><ssdm name="store_ln79"/></StgValue>
</operation>

<operation id="14" st_id="1" stage="1" lat="1">
<core>NULL</core>
<MemPortIdVec></MemPortIdVec>
<condition id="-1">
<or_exp><and_exp><literal name="data_src_state_load" val="1"/>
<literal name="icmp_ln879" val="0"/>
</and_exp></or_exp>
</condition>

<Node id="47" bw="0" op_0_bw="0">
<![CDATA[
:4  br label %._crit_edge483

]]></Node>
<StgValue><ssdm name="br_ln81"/></StgValue>
</operation>

<operation id="15" st_id="1" stage="1" lat="1">
<core>NULL</core>
<MemPortIdVec></MemPortIdVec>
<condition id="-1">
<or_exp><and_exp><literal name="data_src_state_load" val="1"/>
<literal name="icmp_ln879" val="1"/>
</and_exp></or_exp>
</condition>

<Node id="49" bw="0" op_0_bw="2" op_1_bw="2" op_2_bw="2">
<![CDATA[
:0  store i2 -2, i2* @data_src_state, align 1

]]></Node>
<StgValue><ssdm name="store_ln57"/></StgValue>
</operation>

<operation id="16" st_id="1" stage="1" lat="1">
<core>NULL</core>
<MemPortIdVec></MemPortIdVec>
<condition id="-1">
<or_exp><and_exp><literal name="data_src_state_load" val="1"/>
<literal name="icmp_ln879" val="1"/>
</and_exp></or_exp>
</condition>

<Node id="50" bw="0" op_0_bw="0">
<![CDATA[
:1  br label %._crit_edge483

]]></Node>
<StgValue><ssdm name="br_ln59"/></StgValue>
</operation>

<operation id="17" st_id="1" stage="1" lat="1">
<core>AXI4Stream</core>
<MemPortIdVec></MemPortIdVec>
<condition id="-1">
<or_exp><and_exp><literal name="data_src_state_load" val="0"/>
</and_exp></or_exp>
</condition>

<Node id="52" bw="1" op_0_bw="1" op_1_bw="16" op_2_bw="32">
<![CDATA[
:0  %tmp = call i1 @_ssdm_op_NbReadReq.axis.i16P(i16* %eCPRI_PCID_config_V_PCID_conf_V, i32 1)

]]></Node>
<StgValue><ssdm name="tmp"/></StgValue>
</operation>

<operation id="18" st_id="1" stage="1" lat="1">
<core>NULL</core>
<MemPortIdVec></MemPortIdVec>
<condition id="-1">
<or_exp><and_exp><literal name="data_src_state_load" val="0"/>
</and_exp></or_exp>
</condition>

<Node id="53" bw="0" op_0_bw="1" op_1_bw="0" op_2_bw="0">
<![CDATA[
:1  br i1 %tmp, label %1, label %._crit_edge483

]]></Node>
<StgValue><ssdm name="br_ln41"/></StgValue>
</operation>

<operation id="19" st_id="1" stage="1" lat="1">
<core>AXI4Stream</core>
<MemPortIdVec></MemPortIdVec>
<condition id="-1">
<or_exp><and_exp><literal name="data_src_state_load" val="0"/>
<literal name="tmp" val="1"/>
</and_exp></or_exp>
</condition>

<Node id="55" bw="16" op_0_bw="16" op_1_bw="16" op_2_bw="1">
<![CDATA[
:0  %tmp_PCID_conf_V = call i16 @_ssdm_op_Read.axis.volatile.i16P(i16* %eCPRI_PCID_config_V_PCID_conf_V)

]]></Node>
<StgValue><ssdm name="tmp_PCID_conf_V"/></StgValue>
</operation>

<operation id="20" st_id="1" stage="1" lat="1">
<core>NULL</core>
<MemPortIdVec></MemPortIdVec>
<condition id="-1">
<or_exp><and_exp><literal name="data_src_state_load" val="0"/>
<literal name="tmp" val="1"/>
</and_exp></or_exp>
</condition>

<Node id="58" bw="0" op_0_bw="2" op_1_bw="2" op_2_bw="2">
<![CDATA[
:3  store i2 1, i2* @data_src_state, align 1

]]></Node>
<StgValue><ssdm name="store_ln47"/></StgValue>
</operation>

<operation id="21" st_id="1" stage="1" lat="1">
<core>NULL</core>
<MemPortIdVec></MemPortIdVec>
<condition id="-1">
<or_exp><and_exp><literal name="data_src_state_load" val="0"/>
<literal name="tmp" val="1"/>
</and_exp></or_exp>
</condition>

<Node id="59" bw="0" op_0_bw="0">
<![CDATA[
:4  br label %._crit_edge483

]]></Node>
<StgValue><ssdm name="br_ln48"/></StgValue>
</operation>

<operation id="22" st_id="1" stage="1" lat="1">
<core>NULL</core>
<MemPortIdVec></MemPortIdVec>
<condition id="-1">
<or_exp><and_exp></and_exp></or_exp>
</condition>

<Node id="61" bw="1" op_0_bw="1" op_1_bw="0" op_2_bw="1" op_3_bw="0" op_4_bw="1" op_5_bw="0" op_6_bw="1" op_7_bw="0" op_8_bw="1" op_9_bw="0" op_10_bw="1" op_11_bw="0" op_12_bw="1" op_13_bw="0">
<![CDATA[
._crit_edge483:0  %count_flag_1 = phi i1 [ false, %codeRepl ], [ true, %6 ], [ false, %5 ], [ true, %3 ], [ true, %4 ], [ true, %1 ], [ false, %0 ]

]]></Node>
<StgValue><ssdm name="count_flag_1"/></StgValue>
</operation>

<operation id="23" st_id="1" stage="1" lat="1">
<core>NULL</core>
<MemPortIdVec></MemPortIdVec>
<condition id="-1">
<or_exp><and_exp></and_exp></or_exp>
</condition>

<Node id="62" bw="32" op_0_bw="32" op_1_bw="0" op_2_bw="32" op_3_bw="0" op_4_bw="32" op_5_bw="0" op_6_bw="32" op_7_bw="0" op_8_bw="32" op_9_bw="0" op_10_bw="32" op_11_bw="0" op_12_bw="32" op_13_bw="0">
<![CDATA[
._crit_edge483:1  %count_new_1 = phi i32 [ undef, %codeRepl ], [ 0, %6 ], [ undef, %5 ], [ 0, %3 ], [ %add_ln52, %4 ], [ 0, %1 ], [ 0, %0 ]

]]></Node>
<StgValue><ssdm name="count_new_1"/></StgValue>
</operation>

<operation id="24" st_id="1" stage="1" lat="1">
<core>NULL</core>
<MemPortIdVec></MemPortIdVec>
<condition id="-1">
<or_exp><and_exp></and_exp></or_exp>
</condition>

<Node id="63" bw="0" op_0_bw="1" op_1_bw="0" op_2_bw="0">
<![CDATA[
._crit_edge483:2  br i1 %count_flag_1, label %mergeST, label %._crit_edge483.new

]]></Node>
<StgValue><ssdm name="br_ln0"/></StgValue>
</operation>

<operation id="25" st_id="1" stage="1" lat="1">
<core>NULL</core>
<MemPortIdVec></MemPortIdVec>
<condition id="-1">
<or_exp><and_exp><literal name="count_flag_1" val="1"/>
</and_exp></or_exp>
</condition>

<Node id="65" bw="0" op_0_bw="32" op_1_bw="32" op_2_bw="32">
<![CDATA[
mergeST:0  store i32 %count_new_1, i32* @count, align 4

]]></Node>
<StgValue><ssdm name="store_ln43"/></StgValue>
</operation>
</state>

<state id="2" st_id="2">

<operation id="26" st_id="2" stage="1" lat="1">
<core>NULL</core>
<MemPortIdVec></MemPortIdVec>
<condition id="-1">
<or_exp><and_exp></and_exp></or_exp>
</condition>

<Node id="9" bw="0" op_0_bw="0" op_1_bw="16">
<![CDATA[
codeRepl:0  call void (...)* @_ssdm_op_SpecBitsMap(i16* %eCPRI_PCID_config_V_PCID_conf_V), !map !94

]]></Node>
<StgValue><ssdm name="specbitsmap_ln0"/></StgValue>
</operation>

<operation id="27" st_id="2" stage="1" lat="1">
<core>NULL</core>
<MemPortIdVec></MemPortIdVec>
<condition id="-1">
<or_exp><and_exp></and_exp></or_exp>
</condition>

<Node id="10" bw="0" op_0_bw="0" op_1_bw="64">
<![CDATA[
codeRepl:1  call void (...)* @_ssdm_op_SpecBitsMap(i64* %eCPRI_data_out_V_data_V), !map !98

]]></Node>
<StgValue><ssdm name="specbitsmap_ln0"/></StgValue>
</operation>

<operation id="28" st_id="2" stage="1" lat="1">
<core>NULL</core>
<MemPortIdVec></MemPortIdVec>
<condition id="-1">
<or_exp><and_exp></and_exp></or_exp>
</condition>

<Node id="11" bw="0" op_0_bw="0" op_1_bw="8">
<![CDATA[
codeRepl:2  call void (...)* @_ssdm_op_SpecBitsMap(i8* %state_out), !map !102

]]></Node>
<StgValue><ssdm name="specbitsmap_ln0"/></StgValue>
</operation>

<operation id="29" st_id="2" stage="1" lat="1">
<core>NULL</core>
<MemPortIdVec></MemPortIdVec>
<condition id="-1">
<or_exp><and_exp></and_exp></or_exp>
</condition>

<Node id="12" bw="0" op_0_bw="0" op_1_bw="16">
<![CDATA[
codeRepl:3  call void (...)* @_ssdm_op_SpecBitsMap(i16* %PAYLOAD_VALUE), !map !106

]]></Node>
<StgValue><ssdm name="specbitsmap_ln0"/></StgValue>
</operation>

<operation id="30" st_id="2" stage="1" lat="1">
<core>NULL</core>
<MemPortIdVec></MemPortIdVec>
<condition id="-1">
<or_exp><and_exp></and_exp></or_exp>
</condition>

<Node id="13" bw="0" op_0_bw="0" op_1_bw="0">
<![CDATA[
codeRepl:4  call void (...)* @_ssdm_op_SpecTopModule([20 x i8]* @eCpri_header_config_s) nounwind

]]></Node>
<StgValue><ssdm name="spectopmodule_ln0"/></StgValue>
</operation>

<operation id="31" st_id="2" stage="1" lat="1">
<core>NULL</core>
<MemPortIdVec></MemPortIdVec>
<condition id="-1">
<or_exp><and_exp></and_exp></or_exp>
</condition>

<Node id="14" bw="0" op_0_bw="0" op_1_bw="64" op_2_bw="0" op_3_bw="32" op_4_bw="32" op_5_bw="0" op_6_bw="32" op_7_bw="32" op_8_bw="0" op_9_bw="0" op_10_bw="0" op_11_bw="32" op_12_bw="32" op_13_bw="32" op_14_bw="32" op_15_bw="0" op_16_bw="0">
<![CDATA[
codeRepl:5  call void (...)* @_ssdm_op_SpecInterface(i64* %eCPRI_data_out_V_data_V, [5 x i8]* @p_str2, i32 0, i32 0, [1 x i8]* @p_str, i32 0, i32 0, [1 x i8]* @p_str, [1 x i8]* @p_str, [1 x i8]* @p_str, i32 0, i32 0, i32 0, i32 0, [1 x i8]* @p_str, [1 x i8]* @p_str) nounwind

]]></Node>
<StgValue><ssdm name="specinterface_ln11"/></StgValue>
</operation>

<operation id="32" st_id="2" stage="1" lat="1">
<core>NULL</core>
<MemPortIdVec></MemPortIdVec>
<condition id="-1">
<or_exp><and_exp></and_exp></or_exp>
</condition>

<Node id="15" bw="0" op_0_bw="0" op_1_bw="16" op_2_bw="0" op_3_bw="32" op_4_bw="32" op_5_bw="0" op_6_bw="32" op_7_bw="32" op_8_bw="0" op_9_bw="0" op_10_bw="0" op_11_bw="32" op_12_bw="32" op_13_bw="32" op_14_bw="32" op_15_bw="0" op_16_bw="0">
<![CDATA[
codeRepl:6  call void (...)* @_ssdm_op_SpecInterface(i16* %eCPRI_PCID_config_V_PCID_conf_V, [5 x i8]* @p_str2, i32 1, i32 1, [5 x i8]* @p_str3, i32 0, i32 0, [1 x i8]* @p_str, [1 x i8]* @p_str, [1 x i8]* @p_str, i32 0, i32 0, i32 0, i32 0, [1 x i8]* @p_str, [1 x i8]* @p_str) nounwind

]]></Node>
<StgValue><ssdm name="specinterface_ln13"/></StgValue>
</operation>

<operation id="33" st_id="2" stage="1" lat="1">
<core>NULL</core>
<MemPortIdVec></MemPortIdVec>
<condition id="-1">
<or_exp><and_exp></and_exp></or_exp>
</condition>

<Node id="16" bw="0" op_0_bw="0" op_1_bw="32" op_2_bw="0" op_3_bw="32" op_4_bw="32" op_5_bw="0" op_6_bw="32" op_7_bw="32" op_8_bw="0" op_9_bw="0" op_10_bw="0" op_11_bw="32" op_12_bw="32" op_13_bw="32" op_14_bw="32" op_15_bw="0" op_16_bw="0">
<![CDATA[
codeRepl:7  call void (...)* @_ssdm_op_SpecInterface(i32 0, [13 x i8]* @p_str4, i32 0, i32 0, [1 x i8]* @p_str, i32 0, i32 0, [1 x i8]* @p_str, [1 x i8]* @p_str, [1 x i8]* @p_str, i32 0, i32 0, i32 0, i32 0, [1 x i8]* @p_str, [1 x i8]* @p_str) nounwind

]]></Node>
<StgValue><ssdm name="specinterface_ln15"/></StgValue>
</operation>

<operation id="34" st_id="2" stage="1" lat="1">
<core>NULL</core>
<MemPortIdVec></MemPortIdVec>
<condition id="-1">
<or_exp><and_exp></and_exp></or_exp>
</condition>

<Node id="17" bw="0" op_0_bw="0" op_1_bw="8" op_2_bw="0" op_3_bw="32" op_4_bw="32" op_5_bw="0" op_6_bw="32" op_7_bw="32" op_8_bw="0" op_9_bw="0" op_10_bw="0" op_11_bw="32" op_12_bw="32" op_13_bw="32" op_14_bw="32" op_15_bw="0" op_16_bw="0">
<![CDATA[
codeRepl:8  call void (...)* @_ssdm_op_SpecInterface(i8* %state_out, [8 x i8]* @p_str5, i32 0, i32 0, [1 x i8]* @p_str, i32 0, i32 0, [1 x i8]* @p_str, [1 x i8]* @p_str, [1 x i8]* @p_str, i32 0, i32 0, i32 0, i32 0, [1 x i8]* @p_str, [1 x i8]* @p_str) nounwind

]]></Node>
<StgValue><ssdm name="specinterface_ln16"/></StgValue>
</operation>

<operation id="35" st_id="2" stage="1" lat="1">
<core>NULL</core>
<MemPortIdVec></MemPortIdVec>
<condition id="-1">
<or_exp><and_exp></and_exp></or_exp>
</condition>

<Node id="18" bw="0" op_0_bw="0" op_1_bw="16" op_2_bw="0" op_3_bw="32" op_4_bw="32" op_5_bw="0" op_6_bw="32" op_7_bw="32" op_8_bw="0" op_9_bw="0" op_10_bw="0" op_11_bw="32" op_12_bw="32" op_13_bw="32" op_14_bw="32" op_15_bw="0" op_16_bw="0">
<![CDATA[
codeRepl:9  call void (...)* @_ssdm_op_SpecInterface(i16* %PAYLOAD_VALUE, [8 x i8]* @p_str5, i32 0, i32 0, [1 x i8]* @p_str, i32 0, i32 0, [1 x i8]* @p_str, [1 x i8]* @p_str, [1 x i8]* @p_str, i32 0, i32 0, i32 0, i32 0, [1 x i8]* @p_str, [1 x i8]* @p_str) nounwind

]]></Node>
<StgValue><ssdm name="specinterface_ln17"/></StgValue>
</operation>

<operation id="36" st_id="2" stage="1" lat="1">
<core>NULL</core>
<MemPortIdVec></MemPortIdVec>
<condition id="-1">
<or_exp><and_exp></and_exp></or_exp>
</condition>

<Node id="19" bw="0" op_0_bw="0" op_1_bw="32" op_2_bw="32" op_3_bw="32" op_4_bw="32" op_5_bw="0">
<![CDATA[
codeRepl:10  call void (...)* @_ssdm_op_SpecPipeline(i32 1, i32 1, i32 1, i32 0, [1 x i8]* @p_str) nounwind

]]></Node>
<StgValue><ssdm name="specpipeline_ln18"/></StgValue>
</operation>

<operation id="37" st_id="2" stage="1" lat="1">
<core>NULL</core>
<MemPortIdVec></MemPortIdVec>
<condition id="-1">
<or_exp><and_exp></and_exp></or_exp>
</condition>

<Node id="20" bw="0" op_0_bw="0" op_1_bw="2" op_2_bw="32" op_3_bw="0">
<![CDATA[
codeRepl:11  call void (...)* @_ssdm_op_SpecReset(i2* @data_src_state, i32 1, [1 x i8]* @p_str) nounwind

]]></Node>
<StgValue><ssdm name="specreset_ln34"/></StgValue>
</operation>

<operation id="38" st_id="2" stage="1" lat="1">
<core>NULL</core>
<MemPortIdVec></MemPortIdVec>
<condition id="-1">
<or_exp><and_exp></and_exp></or_exp>
</condition>

<Node id="22" bw="8" op_0_bw="2">
<![CDATA[
codeRepl:13  %zext_ln36 = zext i2 %data_src_state_load to i8

]]></Node>
<StgValue><ssdm name="zext_ln36"/></StgValue>
</operation>

<operation id="39" st_id="2" stage="1" lat="1">
<core>NULL</core>
<MemPortIdVec></MemPortIdVec>
<condition id="-1">
<or_exp><and_exp></and_exp></or_exp>
</condition>

<Node id="23" bw="0" op_0_bw="0" op_1_bw="8" op_2_bw="8">
<![CDATA[
codeRepl:14  call void @_ssdm_op_Write.ap_none.i8P(i8* %state_out, i8 %zext_ln36)

]]></Node>
<StgValue><ssdm name="write_ln36"/></StgValue>
</operation>

<operation id="40" st_id="2" stage="1" lat="1">
<core>NULL</core>
<MemPortIdVec></MemPortIdVec>
<condition id="-1">
<or_exp><and_exp></and_exp></or_exp>
</condition>

<Node id="25" bw="16" op_0_bw="16">
<![CDATA[
codeRepl:16  %pcid_config_value_V_s = load i16* @pcid_config_value_V, align 2

]]></Node>
<StgValue><ssdm name="pcid_config_value_V_s"/></StgValue>
</operation>

<operation id="41" st_id="2" stage="1" lat="1">
<core>NULL</core>
<MemPortIdVec></MemPortIdVec>
<condition id="-1">
<or_exp><and_exp></and_exp></or_exp>
</condition>

<Node id="26" bw="16" op_0_bw="16">
<![CDATA[
codeRepl:17  %start_pcid_config_va_1 = load i16* @start_pcid_config_va, align 2

]]></Node>
<StgValue><ssdm name="start_pcid_config_va_1"/></StgValue>
</operation>

<operation id="42" st_id="2" stage="1" lat="1">
<core>NULL</core>
<MemPortIdVec></MemPortIdVec>
<condition id="-1">
<or_exp><and_exp><literal name="data_src_state_load" val="-1"/>
</and_exp></or_exp>
</condition>

<Node id="29" bw="0" op_0_bw="16" op_1_bw="16" op_2_bw="16">
<![CDATA[
:0  store i16 %start_pcid_config_va_1, i16* @pcid_config_value_V, align 2

]]></Node>
<StgValue><ssdm name="store_ln100"/></StgValue>
</operation>

<operation id="43" st_id="2" stage="1" lat="1">
<core>NULL</core>
<MemPortIdVec></MemPortIdVec>
<condition id="-1">
<or_exp><and_exp><literal name="data_src_state_load" val="-2"/>
</and_exp></or_exp>
</condition>

<Node id="33" bw="0" op_0_bw="0" op_1_bw="16" op_2_bw="16">
<![CDATA[
:0  call void @_ssdm_op_Write.ap_none.i16P(i16* %PAYLOAD_VALUE, i16 144)

]]></Node>
<StgValue><ssdm name="write_ln84"/></StgValue>
</operation>

<operation id="44" st_id="2" stage="1" lat="1">
<core>NULL</core>
<MemPortIdVec></MemPortIdVec>
<condition id="-1">
<or_exp><and_exp><literal name="data_src_state_load" val="-2"/>
</and_exp></or_exp>
</condition>

<Node id="34" bw="64" op_0_bw="64" op_1_bw="16" op_2_bw="16" op_3_bw="32">
<![CDATA[
:1  %p_Result_1 = call i64 @_ssdm_op_BitConcatenate.i64.i16.i16.i32(i16 256, i16 %pcid_config_value_V_s, i32 9437185)

]]></Node>
<StgValue><ssdm name="p_Result_1"/></StgValue>
</operation>

<operation id="45" st_id="2" stage="1" lat="1">
<core>AXI4Stream</core>
<MemPortIdVec></MemPortIdVec>
<condition id="-1">
<or_exp><and_exp><literal name="data_src_state_load" val="-2"/>
</and_exp></or_exp>
</condition>

<Node id="35" bw="0" op_0_bw="0" op_1_bw="64" op_2_bw="64">
<![CDATA[
:2  call void @_ssdm_op_Write.axis.volatile.i64P(i64* %eCPRI_data_out_V_data_V, i64 %p_Result_1)

]]></Node>
<StgValue><ssdm name="write_ln93"/></StgValue>
</operation>

<operation id="46" st_id="2" stage="1" lat="1">
<core>NULL</core>
<MemPortIdVec></MemPortIdVec>
<condition id="-1">
<or_exp><and_exp><literal name="data_src_state_load" val="1"/>
<literal name="icmp_ln879" val="0"/>
</and_exp></or_exp>
</condition>

<Node id="43" bw="0" op_0_bw="0" op_1_bw="16" op_2_bw="16">
<![CDATA[
:0  call void @_ssdm_op_Write.ap_none.i16P(i16* %PAYLOAD_VALUE, i16 1440)

]]></Node>
<StgValue><ssdm name="write_ln68"/></StgValue>
</operation>

<operation id="47" st_id="2" stage="1" lat="1">
<core>NULL</core>
<MemPortIdVec></MemPortIdVec>
<condition id="-1">
<or_exp><and_exp><literal name="data_src_state_load" val="1"/>
<literal name="icmp_ln879" val="0"/>
</and_exp></or_exp>
</condition>

<Node id="44" bw="64" op_0_bw="64" op_1_bw="16" op_2_bw="16" op_3_bw="32">
<![CDATA[
:1  %p_Result_s = call i64 @_ssdm_op_BitConcatenate.i64.i16.i16.i32(i16 256, i16 %pcid_config_value_V_s, i32 94371841)

]]></Node>
<StgValue><ssdm name="p_Result_s"/></StgValue>
</operation>

<operation id="48" st_id="2" stage="1" lat="1">
<core>AXI4Stream</core>
<MemPortIdVec></MemPortIdVec>
<condition id="-1">
<or_exp><and_exp><literal name="data_src_state_load" val="1"/>
<literal name="icmp_ln879" val="0"/>
</and_exp></or_exp>
</condition>

<Node id="45" bw="0" op_0_bw="0" op_1_bw="64" op_2_bw="64">
<![CDATA[
:2  call void @_ssdm_op_Write.axis.volatile.i64P(i64* %eCPRI_data_out_V_data_V, i64 %p_Result_s)

]]></Node>
<StgValue><ssdm name="write_ln78"/></StgValue>
</operation>

<operation id="49" st_id="2" stage="1" lat="1">
<core>NULL</core>
<MemPortIdVec></MemPortIdVec>
<condition id="-1">
<or_exp><and_exp><literal name="data_src_state_load" val="0"/>
<literal name="tmp" val="1"/>
</and_exp></or_exp>
</condition>

<Node id="56" bw="0" op_0_bw="16" op_1_bw="16" op_2_bw="16">
<![CDATA[
:1  store i16 %tmp_PCID_conf_V, i16* @pcid_config_value_V, align 2

]]></Node>
<StgValue><ssdm name="store_ln45"/></StgValue>
</operation>

<operation id="50" st_id="2" stage="1" lat="1">
<core>NULL</core>
<MemPortIdVec></MemPortIdVec>
<condition id="-1">
<or_exp><and_exp><literal name="data_src_state_load" val="0"/>
<literal name="tmp" val="1"/>
</and_exp></or_exp>
</condition>

<Node id="57" bw="0" op_0_bw="16" op_1_bw="16" op_2_bw="16">
<![CDATA[
:2  store i16 %tmp_PCID_conf_V, i16* @start_pcid_config_va, align 2

]]></Node>
<StgValue><ssdm name="store_ln46"/></StgValue>
</operation>

<operation id="51" st_id="2" stage="1" lat="1">
<core>NULL</core>
<MemPortIdVec></MemPortIdVec>
<condition id="-1">
<or_exp><and_exp><literal name="count_flag_1" val="1"/>
</and_exp></or_exp>
</condition>

<Node id="66" bw="0" op_0_bw="0">
<![CDATA[
mergeST:1  br label %._crit_edge483.new

]]></Node>
<StgValue><ssdm name="br_ln0"/></StgValue>
</operation>

<operation id="52" st_id="2" stage="1" lat="1">
<core>NULL</core>
<MemPortIdVec></MemPortIdVec>
<condition id="-1">
<or_exp><and_exp></and_exp></or_exp>
</condition>

<Node id="68" bw="0">
<![CDATA[
._crit_edge483.new:0  ret void

]]></Node>
<StgValue><ssdm name="ret_ln104"/></StgValue>
</operation>
</state>
</state_list>


<ports>
<port id="64" name="eCPRI_PCID_config_V_PCID_conf_V" dir="0" iftype="0">
<core>NULL</core><StgValue><ssdm name="eCPRI_PCID_config_V_PCID_conf_V"/></StgValue>
</port>
<port id="65" name="eCPRI_data_out_V_data_V" dir="1" iftype="0">
<core>NULL</core><StgValue><ssdm name="eCPRI_data_out_V_data_V"/></StgValue>
</port>
<port id="66" name="state_out" dir="1" iftype="0">
<core>NULL</core><StgValue><ssdm name="state_out"/></StgValue>
</port>
<port id="67" name="PAYLOAD_VALUE" dir="1" iftype="0">
<core>NULL</core><StgValue><ssdm name="PAYLOAD_VALUE"/></StgValue>
</port>
<port id="68" name="data_src_state" dir="2" iftype="0">
<core>NULL</core><StgValue><ssdm name="data_src_state"/></StgValue>
</port>
<port id="69" name="count" dir="2" iftype="0">
<core>NULL</core><StgValue><ssdm name="count"/></StgValue>
</port>
<port id="70" name="pcid_config_value_V" dir="2" iftype="0">
<core>NULL</core><StgValue><ssdm name="pcid_config_value_V"/></StgValue>
</port>
<port id="71" name="start_pcid_config_va" dir="2" iftype="0">
<core>NULL</core><StgValue><ssdm name="start_pcid_config_va"/></StgValue>
</port>
</ports>


<dataflows>
<dataflow id="72" from="data_src_state" to="data_src_state_load" fromId="68" toId="3">
</dataflow>
<dataflow id="73" from="count" to="count_load" fromId="69" toId="4">
</dataflow>
<dataflow id="74" from="data_src_state_load" to="switch_ln38" fromId="3" toId="5">
</dataflow>
<dataflow id="76" from="StgValue_75" to="switch_ln38" fromId="75" toId="5">
</dataflow>
<dataflow id="78" from="StgValue_77" to="switch_ln38" fromId="77" toId="5">
</dataflow>
<dataflow id="80" from="StgValue_79" to="switch_ln38" fromId="79" toId="5">
</dataflow>
<dataflow id="82" from="StgValue_81" to="switch_ln38" fromId="81" toId="5">
</dataflow>
<dataflow id="83" from="StgValue_77" to="store_ln101" fromId="77" toId="6">
</dataflow>
<dataflow id="84" from="data_src_state" to="store_ln101" fromId="68" toId="6">
</dataflow>
<dataflow id="85" from="StgValue_81" to="store_ln95" fromId="81" toId="8">
</dataflow>
<dataflow id="86" from="data_src_state" to="store_ln95" fromId="68" toId="8">
</dataflow>
<dataflow id="87" from="count_load" to="add_ln52" fromId="4" toId="10">
</dataflow>
<dataflow id="89" from="StgValue_88" to="add_ln52" fromId="88" toId="10">
</dataflow>
<dataflow id="90" from="add_ln52" to="icmp_ln879" fromId="10" toId="11">
</dataflow>
<dataflow id="92" from="StgValue_91" to="icmp_ln879" fromId="91" toId="11">
</dataflow>
<dataflow id="93" from="icmp_ln879" to="br_ln53" fromId="11" toId="12">
</dataflow>
<dataflow id="94" from="StgValue_77" to="store_ln79" fromId="77" toId="13">
</dataflow>
<dataflow id="95" from="data_src_state" to="store_ln79" fromId="68" toId="13">
</dataflow>
<dataflow id="96" from="StgValue_79" to="store_ln57" fromId="79" toId="15">
</dataflow>
<dataflow id="97" from="data_src_state" to="store_ln57" fromId="68" toId="15">
</dataflow>
<dataflow id="99" from="_ssdm_op_NbReadReq.axis.i16P" to="tmp" fromId="98" toId="17">
</dataflow>
<dataflow id="100" from="eCPRI_PCID_config_V_PCID_conf_V" to="tmp" fromId="64" toId="17">
</dataflow>
<dataflow id="101" from="StgValue_88" to="tmp" fromId="88" toId="17">
</dataflow>
<dataflow id="102" from="tmp" to="br_ln41" fromId="17" toId="18">
</dataflow>
<dataflow id="104" from="_ssdm_op_Read.axis.volatile.i16P" to="tmp_PCID_conf_V" fromId="103" toId="19">
</dataflow>
<dataflow id="105" from="eCPRI_PCID_config_V_PCID_conf_V" to="tmp_PCID_conf_V" fromId="64" toId="19">
</dataflow>
<dataflow id="106" from="StgValue_77" to="store_ln47" fromId="77" toId="20">
</dataflow>
<dataflow id="107" from="data_src_state" to="store_ln47" fromId="68" toId="20">
</dataflow>
<dataflow id="109" from="StgValue_108" to="count_flag_1" fromId="108" toId="22">
<condition id="-1">
<or_exp></or_exp>
</condition>
</dataflow>
<dataflow id="110" from="switch_ln38" to="count_flag_1" fromId="5" toId="22">
</dataflow>
<dataflow id="112" from="StgValue_111" to="count_flag_1" fromId="111" toId="22">
<condition id="-1">
<or_exp><and_exp><literal name="data_src_state_load" val="-1"/>
</and_exp></or_exp>
</condition>
</dataflow>
<dataflow id="113" from="br_ln102" to="count_flag_1" fromId="7" toId="22">
</dataflow>
<dataflow id="114" from="StgValue_108" to="count_flag_1" fromId="108" toId="22">
<condition id="-1">
<or_exp><and_exp><literal name="data_src_state_load" val="-2"/>
</and_exp></or_exp>
</condition>
</dataflow>
<dataflow id="115" from="br_ln96" to="count_flag_1" fromId="9" toId="22">
</dataflow>
<dataflow id="116" from="StgValue_111" to="count_flag_1" fromId="111" toId="22">
<condition id="-1">
<or_exp><and_exp><literal name="data_src_state_load" val="1"/>
<literal name="icmp_ln879" val="1"/>
</and_exp></or_exp>
</condition>
</dataflow>
<dataflow id="117" from="br_ln59" to="count_flag_1" fromId="16" toId="22">
</dataflow>
<dataflow id="118" from="StgValue_111" to="count_flag_1" fromId="111" toId="22">
<condition id="-1">
<or_exp><and_exp><literal name="data_src_state_load" val="1"/>
<literal name="icmp_ln879" val="0"/>
</and_exp></or_exp>
</condition>
</dataflow>
<dataflow id="119" from="br_ln81" to="count_flag_1" fromId="14" toId="22">
</dataflow>
<dataflow id="120" from="StgValue_111" to="count_flag_1" fromId="111" toId="22">
<condition id="-1">
<or_exp><and_exp><literal name="data_src_state_load" val="0"/>
<literal name="tmp" val="1"/>
</and_exp></or_exp>
</condition>
</dataflow>
<dataflow id="121" from="br_ln48" to="count_flag_1" fromId="21" toId="22">
</dataflow>
<dataflow id="122" from="StgValue_108" to="count_flag_1" fromId="108" toId="22">
<condition id="-1">
<or_exp><and_exp><literal name="data_src_state_load" val="0"/>
<literal name="tmp" val="0"/>
</and_exp></or_exp>
</condition>
</dataflow>
<dataflow id="123" from="br_ln41" to="count_flag_1" fromId="18" toId="22">
</dataflow>
<dataflow id="125" from="StgValue_124" to="count_new_1" fromId="124" toId="23">
<condition id="-1">
<or_exp></or_exp>
</condition>
</dataflow>
<dataflow id="126" from="switch_ln38" to="count_new_1" fromId="5" toId="23">
</dataflow>
<dataflow id="128" from="StgValue_127" to="count_new_1" fromId="127" toId="23">
<condition id="-1">
<or_exp><and_exp><literal name="data_src_state_load" val="-1"/>
</and_exp></or_exp>
</condition>
</dataflow>
<dataflow id="129" from="br_ln102" to="count_new_1" fromId="7" toId="23">
</dataflow>
<dataflow id="130" from="StgValue_124" to="count_new_1" fromId="124" toId="23">
<condition id="-1">
<or_exp><and_exp><literal name="data_src_state_load" val="-2"/>
</and_exp></or_exp>
</condition>
</dataflow>
<dataflow id="131" from="br_ln96" to="count_new_1" fromId="9" toId="23">
</dataflow>
<dataflow id="132" from="StgValue_127" to="count_new_1" fromId="127" toId="23">
<condition id="-1">
<or_exp><and_exp><literal name="data_src_state_load" val="1"/>
<literal name="icmp_ln879" val="1"/>
</and_exp></or_exp>
</condition>
</dataflow>
<dataflow id="133" from="br_ln59" to="count_new_1" fromId="16" toId="23">
</dataflow>
<dataflow id="134" from="add_ln52" to="count_new_1" fromId="10" toId="23">
<condition id="-1">
<or_exp><and_exp><literal name="data_src_state_load" val="1"/>
<literal name="icmp_ln879" val="0"/>
</and_exp></or_exp>
</condition>
</dataflow>
<dataflow id="135" from="br_ln81" to="count_new_1" fromId="14" toId="23">
</dataflow>
<dataflow id="136" from="StgValue_127" to="count_new_1" fromId="127" toId="23">
<condition id="-1">
<or_exp><and_exp><literal name="data_src_state_load" val="0"/>
<literal name="tmp" val="1"/>
</and_exp></or_exp>
</condition>
</dataflow>
<dataflow id="137" from="br_ln48" to="count_new_1" fromId="21" toId="23">
</dataflow>
<dataflow id="138" from="StgValue_127" to="count_new_1" fromId="127" toId="23">
<condition id="-1">
<or_exp><and_exp><literal name="data_src_state_load" val="0"/>
<literal name="tmp" val="0"/>
</and_exp></or_exp>
</condition>
</dataflow>
<dataflow id="139" from="br_ln41" to="count_new_1" fromId="18" toId="23">
</dataflow>
<dataflow id="140" from="count_flag_1" to="br_ln0" fromId="22" toId="24">
</dataflow>
<dataflow id="141" from="count_new_1" to="store_ln43" fromId="23" toId="25">
</dataflow>
<dataflow id="142" from="count" to="store_ln43" fromId="69" toId="25">
</dataflow>
<dataflow id="144" from="_ssdm_op_SpecBitsMap" to="specbitsmap_ln0" fromId="143" toId="26">
</dataflow>
<dataflow id="145" from="eCPRI_PCID_config_V_PCID_conf_V" to="specbitsmap_ln0" fromId="64" toId="26">
</dataflow>
<dataflow id="146" from="_ssdm_op_SpecBitsMap" to="specbitsmap_ln0" fromId="143" toId="27">
</dataflow>
<dataflow id="147" from="eCPRI_data_out_V_data_V" to="specbitsmap_ln0" fromId="65" toId="27">
</dataflow>
<dataflow id="148" from="_ssdm_op_SpecBitsMap" to="specbitsmap_ln0" fromId="143" toId="28">
</dataflow>
<dataflow id="149" from="state_out" to="specbitsmap_ln0" fromId="66" toId="28">
</dataflow>
<dataflow id="150" from="_ssdm_op_SpecBitsMap" to="specbitsmap_ln0" fromId="143" toId="29">
</dataflow>
<dataflow id="151" from="PAYLOAD_VALUE" to="specbitsmap_ln0" fromId="67" toId="29">
</dataflow>
<dataflow id="153" from="_ssdm_op_SpecTopModule" to="spectopmodule_ln0" fromId="152" toId="30">
</dataflow>
<dataflow id="155" from="eCpri_header_config_s" to="spectopmodule_ln0" fromId="154" toId="30">
</dataflow>
<dataflow id="157" from="_ssdm_op_SpecInterface" to="specinterface_ln11" fromId="156" toId="31">
</dataflow>
<dataflow id="158" from="eCPRI_data_out_V_data_V" to="specinterface_ln11" fromId="65" toId="31">
</dataflow>
<dataflow id="160" from="p_str2" to="specinterface_ln11" fromId="159" toId="31">
</dataflow>
<dataflow id="161" from="StgValue_127" to="specinterface_ln11" fromId="127" toId="31">
</dataflow>
<dataflow id="162" from="StgValue_127" to="specinterface_ln11" fromId="127" toId="31">
</dataflow>
<dataflow id="164" from="p_str" to="specinterface_ln11" fromId="163" toId="31">
</dataflow>
<dataflow id="165" from="StgValue_127" to="specinterface_ln11" fromId="127" toId="31">
</dataflow>
<dataflow id="166" from="StgValue_127" to="specinterface_ln11" fromId="127" toId="31">
</dataflow>
<dataflow id="167" from="p_str" to="specinterface_ln11" fromId="163" toId="31">
</dataflow>
<dataflow id="168" from="p_str" to="specinterface_ln11" fromId="163" toId="31">
</dataflow>
<dataflow id="169" from="p_str" to="specinterface_ln11" fromId="163" toId="31">
</dataflow>
<dataflow id="170" from="StgValue_127" to="specinterface_ln11" fromId="127" toId="31">
</dataflow>
<dataflow id="171" from="StgValue_127" to="specinterface_ln11" fromId="127" toId="31">
</dataflow>
<dataflow id="172" from="StgValue_127" to="specinterface_ln11" fromId="127" toId="31">
</dataflow>
<dataflow id="173" from="StgValue_127" to="specinterface_ln11" fromId="127" toId="31">
</dataflow>
<dataflow id="174" from="p_str" to="specinterface_ln11" fromId="163" toId="31">
</dataflow>
<dataflow id="175" from="p_str" to="specinterface_ln11" fromId="163" toId="31">
</dataflow>
<dataflow id="176" from="_ssdm_op_SpecInterface" to="specinterface_ln13" fromId="156" toId="32">
</dataflow>
<dataflow id="177" from="eCPRI_PCID_config_V_PCID_conf_V" to="specinterface_ln13" fromId="64" toId="32">
</dataflow>
<dataflow id="178" from="p_str2" to="specinterface_ln13" fromId="159" toId="32">
</dataflow>
<dataflow id="179" from="StgValue_88" to="specinterface_ln13" fromId="88" toId="32">
</dataflow>
<dataflow id="180" from="StgValue_88" to="specinterface_ln13" fromId="88" toId="32">
</dataflow>
<dataflow id="182" from="p_str3" to="specinterface_ln13" fromId="181" toId="32">
</dataflow>
<dataflow id="183" from="StgValue_127" to="specinterface_ln13" fromId="127" toId="32">
</dataflow>
<dataflow id="184" from="StgValue_127" to="specinterface_ln13" fromId="127" toId="32">
</dataflow>
<dataflow id="185" from="p_str" to="specinterface_ln13" fromId="163" toId="32">
</dataflow>
<dataflow id="186" from="p_str" to="specinterface_ln13" fromId="163" toId="32">
</dataflow>
<dataflow id="187" from="p_str" to="specinterface_ln13" fromId="163" toId="32">
</dataflow>
<dataflow id="188" from="StgValue_127" to="specinterface_ln13" fromId="127" toId="32">
</dataflow>
<dataflow id="189" from="StgValue_127" to="specinterface_ln13" fromId="127" toId="32">
</dataflow>
<dataflow id="190" from="StgValue_127" to="specinterface_ln13" fromId="127" toId="32">
</dataflow>
<dataflow id="191" from="StgValue_127" to="specinterface_ln13" fromId="127" toId="32">
</dataflow>
<dataflow id="192" from="p_str" to="specinterface_ln13" fromId="163" toId="32">
</dataflow>
<dataflow id="193" from="p_str" to="specinterface_ln13" fromId="163" toId="32">
</dataflow>
<dataflow id="194" from="_ssdm_op_SpecInterface" to="specinterface_ln15" fromId="156" toId="33">
</dataflow>
<dataflow id="195" from="StgValue_127" to="specinterface_ln15" fromId="127" toId="33">
</dataflow>
<dataflow id="197" from="p_str4" to="specinterface_ln15" fromId="196" toId="33">
</dataflow>
<dataflow id="198" from="StgValue_127" to="specinterface_ln15" fromId="127" toId="33">
</dataflow>
<dataflow id="199" from="StgValue_127" to="specinterface_ln15" fromId="127" toId="33">
</dataflow>
<dataflow id="200" from="p_str" to="specinterface_ln15" fromId="163" toId="33">
</dataflow>
<dataflow id="201" from="StgValue_127" to="specinterface_ln15" fromId="127" toId="33">
</dataflow>
<dataflow id="202" from="StgValue_127" to="specinterface_ln15" fromId="127" toId="33">
</dataflow>
<dataflow id="203" from="p_str" to="specinterface_ln15" fromId="163" toId="33">
</dataflow>
<dataflow id="204" from="p_str" to="specinterface_ln15" fromId="163" toId="33">
</dataflow>
<dataflow id="205" from="p_str" to="specinterface_ln15" fromId="163" toId="33">
</dataflow>
<dataflow id="206" from="StgValue_127" to="specinterface_ln15" fromId="127" toId="33">
</dataflow>
<dataflow id="207" from="StgValue_127" to="specinterface_ln15" fromId="127" toId="33">
</dataflow>
<dataflow id="208" from="StgValue_127" to="specinterface_ln15" fromId="127" toId="33">
</dataflow>
<dataflow id="209" from="StgValue_127" to="specinterface_ln15" fromId="127" toId="33">
</dataflow>
<dataflow id="210" from="p_str" to="specinterface_ln15" fromId="163" toId="33">
</dataflow>
<dataflow id="211" from="p_str" to="specinterface_ln15" fromId="163" toId="33">
</dataflow>
<dataflow id="212" from="_ssdm_op_SpecInterface" to="specinterface_ln16" fromId="156" toId="34">
</dataflow>
<dataflow id="213" from="state_out" to="specinterface_ln16" fromId="66" toId="34">
</dataflow>
<dataflow id="215" from="p_str5" to="specinterface_ln16" fromId="214" toId="34">
</dataflow>
<dataflow id="216" from="StgValue_127" to="specinterface_ln16" fromId="127" toId="34">
</dataflow>
<dataflow id="217" from="StgValue_127" to="specinterface_ln16" fromId="127" toId="34">
</dataflow>
<dataflow id="218" from="p_str" to="specinterface_ln16" fromId="163" toId="34">
</dataflow>
<dataflow id="219" from="StgValue_127" to="specinterface_ln16" fromId="127" toId="34">
</dataflow>
<dataflow id="220" from="StgValue_127" to="specinterface_ln16" fromId="127" toId="34">
</dataflow>
<dataflow id="221" from="p_str" to="specinterface_ln16" fromId="163" toId="34">
</dataflow>
<dataflow id="222" from="p_str" to="specinterface_ln16" fromId="163" toId="34">
</dataflow>
<dataflow id="223" from="p_str" to="specinterface_ln16" fromId="163" toId="34">
</dataflow>
<dataflow id="224" from="StgValue_127" to="specinterface_ln16" fromId="127" toId="34">
</dataflow>
<dataflow id="225" from="StgValue_127" to="specinterface_ln16" fromId="127" toId="34">
</dataflow>
<dataflow id="226" from="StgValue_127" to="specinterface_ln16" fromId="127" toId="34">
</dataflow>
<dataflow id="227" from="StgValue_127" to="specinterface_ln16" fromId="127" toId="34">
</dataflow>
<dataflow id="228" from="p_str" to="specinterface_ln16" fromId="163" toId="34">
</dataflow>
<dataflow id="229" from="p_str" to="specinterface_ln16" fromId="163" toId="34">
</dataflow>
<dataflow id="230" from="_ssdm_op_SpecInterface" to="specinterface_ln17" fromId="156" toId="35">
</dataflow>
<dataflow id="231" from="PAYLOAD_VALUE" to="specinterface_ln17" fromId="67" toId="35">
</dataflow>
<dataflow id="232" from="p_str5" to="specinterface_ln17" fromId="214" toId="35">
</dataflow>
<dataflow id="233" from="StgValue_127" to="specinterface_ln17" fromId="127" toId="35">
</dataflow>
<dataflow id="234" from="StgValue_127" to="specinterface_ln17" fromId="127" toId="35">
</dataflow>
<dataflow id="235" from="p_str" to="specinterface_ln17" fromId="163" toId="35">
</dataflow>
<dataflow id="236" from="StgValue_127" to="specinterface_ln17" fromId="127" toId="35">
</dataflow>
<dataflow id="237" from="StgValue_127" to="specinterface_ln17" fromId="127" toId="35">
</dataflow>
<dataflow id="238" from="p_str" to="specinterface_ln17" fromId="163" toId="35">
</dataflow>
<dataflow id="239" from="p_str" to="specinterface_ln17" fromId="163" toId="35">
</dataflow>
<dataflow id="240" from="p_str" to="specinterface_ln17" fromId="163" toId="35">
</dataflow>
<dataflow id="241" from="StgValue_127" to="specinterface_ln17" fromId="127" toId="35">
</dataflow>
<dataflow id="242" from="StgValue_127" to="specinterface_ln17" fromId="127" toId="35">
</dataflow>
<dataflow id="243" from="StgValue_127" to="specinterface_ln17" fromId="127" toId="35">
</dataflow>
<dataflow id="244" from="StgValue_127" to="specinterface_ln17" fromId="127" toId="35">
</dataflow>
<dataflow id="245" from="p_str" to="specinterface_ln17" fromId="163" toId="35">
</dataflow>
<dataflow id="246" from="p_str" to="specinterface_ln17" fromId="163" toId="35">
</dataflow>
<dataflow id="248" from="_ssdm_op_SpecPipeline" to="specpipeline_ln18" fromId="247" toId="36">
</dataflow>
<dataflow id="249" from="StgValue_88" to="specpipeline_ln18" fromId="88" toId="36">
</dataflow>
<dataflow id="250" from="StgValue_88" to="specpipeline_ln18" fromId="88" toId="36">
</dataflow>
<dataflow id="251" from="StgValue_88" to="specpipeline_ln18" fromId="88" toId="36">
</dataflow>
<dataflow id="252" from="StgValue_127" to="specpipeline_ln18" fromId="127" toId="36">
</dataflow>
<dataflow id="253" from="p_str" to="specpipeline_ln18" fromId="163" toId="36">
</dataflow>
<dataflow id="255" from="_ssdm_op_SpecReset" to="specreset_ln34" fromId="254" toId="37">
</dataflow>
<dataflow id="256" from="data_src_state" to="specreset_ln34" fromId="68" toId="37">
</dataflow>
<dataflow id="257" from="StgValue_88" to="specreset_ln34" fromId="88" toId="37">
</dataflow>
<dataflow id="258" from="p_str" to="specreset_ln34" fromId="163" toId="37">
</dataflow>
<dataflow id="259" from="data_src_state_load" to="zext_ln36" fromId="3" toId="38">
</dataflow>
<dataflow id="261" from="_ssdm_op_Write.ap_none.i8P" to="write_ln36" fromId="260" toId="39">
</dataflow>
<dataflow id="262" from="state_out" to="write_ln36" fromId="66" toId="39">
</dataflow>
<dataflow id="263" from="zext_ln36" to="write_ln36" fromId="38" toId="39">
</dataflow>
<dataflow id="264" from="pcid_config_value_V" to="pcid_config_value_V_s" fromId="70" toId="40">
</dataflow>
<dataflow id="265" from="start_pcid_config_va" to="start_pcid_config_va_1" fromId="71" toId="41">
</dataflow>
<dataflow id="266" from="start_pcid_config_va_1" to="store_ln100" fromId="41" toId="42">
</dataflow>
<dataflow id="267" from="pcid_config_value_V" to="store_ln100" fromId="70" toId="42">
</dataflow>
<dataflow id="269" from="_ssdm_op_Write.ap_none.i16P" to="write_ln84" fromId="268" toId="43">
</dataflow>
<dataflow id="270" from="PAYLOAD_VALUE" to="write_ln84" fromId="67" toId="43">
</dataflow>
<dataflow id="272" from="StgValue_271" to="write_ln84" fromId="271" toId="43">
</dataflow>
<dataflow id="274" from="_ssdm_op_BitConcatenate.i64.i16.i16.i32" to="p_Result_1" fromId="273" toId="44">
</dataflow>
<dataflow id="276" from="StgValue_275" to="p_Result_1" fromId="275" toId="44">
</dataflow>
<dataflow id="277" from="pcid_config_value_V_s" to="p_Result_1" fromId="40" toId="44">
</dataflow>
<dataflow id="279" from="StgValue_278" to="p_Result_1" fromId="278" toId="44">
</dataflow>
<dataflow id="281" from="_ssdm_op_Write.axis.volatile.i64P" to="write_ln93" fromId="280" toId="45">
</dataflow>
<dataflow id="282" from="eCPRI_data_out_V_data_V" to="write_ln93" fromId="65" toId="45">
</dataflow>
<dataflow id="283" from="p_Result_1" to="write_ln93" fromId="44" toId="45">
</dataflow>
<dataflow id="284" from="_ssdm_op_Write.ap_none.i16P" to="write_ln68" fromId="268" toId="46">
</dataflow>
<dataflow id="285" from="PAYLOAD_VALUE" to="write_ln68" fromId="67" toId="46">
</dataflow>
<dataflow id="287" from="StgValue_286" to="write_ln68" fromId="286" toId="46">
</dataflow>
<dataflow id="288" from="_ssdm_op_BitConcatenate.i64.i16.i16.i32" to="p_Result_s" fromId="273" toId="47">
</dataflow>
<dataflow id="289" from="StgValue_275" to="p_Result_s" fromId="275" toId="47">
</dataflow>
<dataflow id="290" from="pcid_config_value_V_s" to="p_Result_s" fromId="40" toId="47">
</dataflow>
<dataflow id="292" from="StgValue_291" to="p_Result_s" fromId="291" toId="47">
</dataflow>
<dataflow id="293" from="_ssdm_op_Write.axis.volatile.i64P" to="write_ln78" fromId="280" toId="48">
</dataflow>
<dataflow id="294" from="eCPRI_data_out_V_data_V" to="write_ln78" fromId="65" toId="48">
</dataflow>
<dataflow id="295" from="p_Result_s" to="write_ln78" fromId="47" toId="48">
</dataflow>
<dataflow id="296" from="tmp_PCID_conf_V" to="store_ln45" fromId="19" toId="49">
</dataflow>
<dataflow id="297" from="pcid_config_value_V" to="store_ln45" fromId="70" toId="49">
</dataflow>
<dataflow id="298" from="tmp_PCID_conf_V" to="store_ln46" fromId="19" toId="50">
</dataflow>
<dataflow id="299" from="start_pcid_config_va" to="store_ln46" fromId="71" toId="50">
</dataflow>
<dataflow id="300" from="data_src_state_load" to="StgValue_1" fromId="3" toId="1">
</dataflow>
<dataflow id="301" from="icmp_ln879" to="StgValue_1" fromId="11" toId="1">
</dataflow>
<dataflow id="302" from="tmp" to="StgValue_1" fromId="17" toId="1">
</dataflow>
<dataflow id="303" from="count_flag_1" to="StgValue_1" fromId="22" toId="1">
</dataflow>
<dataflow id="304" from="data_src_state_load" to="StgValue_2" fromId="3" toId="2">
</dataflow>
<dataflow id="305" from="icmp_ln879" to="StgValue_2" fromId="11" toId="2">
</dataflow>
<dataflow id="306" from="tmp" to="StgValue_2" fromId="17" toId="2">
</dataflow>
<dataflow id="307" from="count_flag_1" to="StgValue_2" fromId="22" toId="2">
</dataflow>
</dataflows>


</stg>
