<stg><name>eCpri_header_config</name>


<trans_list>

<trans id="63" from="1" to="2">
<condition id="-1">
<or_exp><and_exp></and_exp></or_exp>
</condition>
</trans>
</trans_list>



<state_list>

<state id="1" st_id="1">

<operation id="3" st_id="1" stage="1" lat="1">
<core>NULL</core>
<MemPortIdVec></MemPortIdVec>
<condition id="-1">
<or_exp><and_exp></and_exp></or_exp>
</condition>

<Node id="21" bw="2" op_0_bw="2">
<![CDATA[
codeRepl:12  %data_src_state_load = load i2* @data_src_state, align 1

]]></Node>
<StgValue><ssdm name="data_src_state_load"/></StgValue>
</operation>

<operation id="4" st_id="1" stage="1" lat="1">
<core>NULL</core>
<MemPortIdVec></MemPortIdVec>
<condition id="-1">
<or_exp><and_exp></and_exp></or_exp>
</condition>

<Node id="24" bw="32" op_0_bw="32">
<![CDATA[
codeRepl:15  %count_load = load i32* @count, align 4

]]></Node>
<StgValue><ssdm name="count_load"/></StgValue>
</operation>

<operation id="5" st_id="1" stage="1" lat="1">
<core>NULL</core>
<MemPortIdVec></MemPortIdVec>
<condition id="-1">
<or_exp><and_exp></and_exp></or_exp>
</condition>

<Node id="27" bw="0" op_0_bw="2" op_1_bw="0" op_2_bw="2" op_3_bw="0" op_4_bw="2" op_5_bw="0" op_6_bw="2" op_7_bw="0" op_8_bw="2" op_9_bw="0">
<![CDATA[
codeRepl:18  switch i2 %data_src_state_load, label %._crit_edge483 [
    i2 0, label %0
    i2 1, label %2
    i2 -2, label %5
    i2 -1, label %6
  ]

]]></Node>
<StgValue><ssdm name="switch_ln38"/></StgValue>
</operation>

<operation id="6" st_id="1" stage="1" lat="1">
<core>NULL</core>
<MemPortIdVec></MemPortIdVec>
<condition id="-1">
<or_exp><and_exp><literal name="data_src_state_load" val="-1"/>
</and_exp></or_exp>
</condition>

<Node id="30" bw="0" op_0_bw="2" op_1_bw="2" op_2_bw="2">
<![CDATA[
:1  store i2 1, i2* @data_src_state, align 1

]]></Node>
<StgValue><ssdm name="store_ln101"/></StgValue>
</operation>

<operation id="7" st_id="1" stage="1" lat="1">
<core>NULL</core>
<MemPortIdVec></MemPortIdVec>
<condition id="-1">
<or_exp><and_exp><literal name="data_src_state_load" val="-1"/>
</and_exp></or_exp>
</condition>

<Node id="31" bw="0" op_0_bw="0">
<![CDATA[
:2  br label %._crit_edge483

]]></Node>
<StgValue><ssdm name="br_ln102"/></StgValue>
</operation>

<operation id="8" st_id="1" stage="1" lat="1">
<core>NULL</core>
<MemPortIdVec></MemPortIdVec>
<condition id="-1">
<or_exp><and_exp><literal name="data_src_state_load" val="-2"/>
</and_exp></or_exp>
</condition>

<Node id="36" bw="0" op_0_bw="2" op_1_bw="2" op_2_bw="2">
<![CDATA[
:3  store i2 -1, i2* @data_src_state, align 1

]]></Node>
<StgValue><ssdm name="store_ln95"/></StgValue>
</operation>

<operation id="9" st_id="1" stage="1" lat="1">
<core>NULL</core>
<MemPortIdVec></MemPortIdVec>
<condition id="-1">
<or_exp><and_exp><literal name="data_src_state_load" val="-2"/>
</and_exp></or_exp>
</condition>

<Node id="37" bw="0" op_0_bw="0">
<![CDATA[
:4  br label %._crit_edge483

]]></Node>
<StgValue><ssdm name="br_ln96"/></StgValue>
</operation>

<operation id="10" st_id="1" stage="1" lat="1">
<core>AddSub</core>
<MemPortIdVec></MemPortIdVec>
<condition id="-1">
<or_exp><and_exp><literal name="data_src_state_load" val="1"/>
</and_exp></or_exp>
</condition>

<Node id="39" bw="32" op_0_bw="32" op_1_bw="32">
<![CDATA[
:0  %add_ln52 = add nsw i32 %count_load, 1

]]></Node>
<StgValue><ssdm name="add_ln52"/></StgValue>
</operation>

<operation id="11" st_id="1" stage="1" lat="1">
<core>Cmp</core>
<MemPortIdVec></MemPortIdVec>
<condition id="-1">
<or_exp><and_exp><literal name="data_src_state_load" val="1"/>
</and_exp></or_exp>
</condition>

<Node id="40" bw="1" op_0_bw="32" op_1_bw="32">
<![CDATA[
:1  %icmp_ln879 = icmp eq i32 %add_ln52, 10

]]></Node>
<StgValue><ssdm name="icmp_ln879"/></StgValue>
</operation>

<operation id="12" st_id="1" stage="1" lat="1">
<core>NULL</core>
<MemPortIdVec></MemPortIdVec>
<condition id="-1">
<or_exp><and_exp><literal name="data_src_state_load" val="1"/>
</and_exp></or_exp>
</condition>

<Node id="41" bw="0" op_0_bw="1" op_1_bw="0" op_2_bw="0">
<![CDATA[
:2  br i1 %icmp_ln879, label %3, label %4

]]></Node>
<StgValue><ssdm name="br_ln53"/></StgValue>
</operation>

<operation id="13" st_id="1" stage="1" lat="1">
<core>NULL</core>
<MemPortIdVec></MemPortIdVec>
<condition id="-1">
<or_exp><and_exp><literal name="data_src_state_load" val="1"/>
<literal name="icmp_ln879" val="0"/>
</and_exp></or_exp>
</condition>

<Node id="46" bw="0" op_0_bw="2" op_1_bw="2" op_2_bw="2">
<![CDATA[
:3  store i2 1, i2* @data_src_state, align 1

]]></Node>
<StgValue><ssdm name="store_ln79"/></StgValue>
</operation>

<operation id="14" st_id="1" stage="1" lat="1">
<core>NULL</core>
<MemPortIdVec></MemPortIdVec>
<condition id="-1">
<or_exp><and_exp><literal name="data_src_state_load" val="1"/>
<literal name="icmp_ln879" val="0"/>
</and_exp></or_exp>
</condition>

<Node id="47" bw="0" op_0_bw="0">
<![CDATA[
:4  br label %._crit_edge483

]]></Node>
<StgValue><ssdm name="br_ln81"/></StgValue>
</operation>

<operation id="15" st_id="1" stage="1" lat="1">
<core>NULL</core>
<MemPortIdVec></MemPortIdVec>
<condition id="-1">
<or_exp><and_exp><literal name="data_src_state_load" val="1"/>
<literal name="icmp_ln879" val="1"/>
</and_exp></or_exp>
</condition>

<Node id="49" bw="0" op_0_bw="2" op_1_bw="2" op_2_bw="2">
<![CDATA[
:0  store i2 -2, i2* @data_src_state, align 1

]]></Node>
<StgValue><ssdm name="store_ln57"/></StgValue>
</operation>

<operation id="16" st_id="1" stage="1" lat="1">
<core>NULL</core>
<MemPortIdVec></MemPortIdVec>
<condition id="-1">
<or_exp><and_exp><literal name="data_src_state_load" val="1"/>
<literal name="icmp_ln879" val="1"/>
</and_exp></or_exp>
</condition>

<Node id="50" bw="0" op_0_bw="0">
<![CDATA[
:1  br label %._crit_edge483

]]></Node>
<StgValue><ssdm name="br_ln59"/></StgValue>
</operation>

<operation id="17" st_id="1" stage="1" lat="1">
<core>AXI4Stream</core>
<MemPortIdVec></MemPortIdVec>
<condition id="-1">
<or_exp><and_exp><literal name="data_src_state_load" val="0"/>
</and_exp></or_exp>
</condition>

<Node id="52" bw="1" op_0_bw="1" op_1_bw="16" op_2_bw="32">
<![CDATA[
:0  %tmp = call i1 @_ssdm_op_NbReadReq.axis.i16P(i16* %eCPRI_PCID_config_V_PCID_conf_V, i32 1)

]]></Node>
<StgValue><ssdm name="tmp"/></StgValue>
</operation>

<operation id="18" st_id="1" stage="1" lat="1">
<core>NULL</core>
<MemPortIdVec></MemPortIdVec>
<condition id="-1">
<or_exp><and_exp><literal name="data_src_state_load" val="0"/>
</and_exp></or_exp>
</condition>

<Node id="53" bw="0" op_0_bw="1" op_1_bw="0" op_2_bw="0">
<![CDATA[
:1  br i1 %tmp, label %1, label %._crit_edge483

]]></Node>
<StgValue><ssdm name="br_ln41"/></StgValue>
</operation>

<operation id="19" st_id="1" stage="1" lat="1">
<core>AXI4Stream</core>
<MemPortIdVec></MemPortIdVec>
<condition id="-1">
<or_exp><and_exp><literal name="data_src_state_load" val="0"/>
<literal name="tmp" val="1"/>
</and_exp></or_exp>
</condition>

<Node id="55" bw="16" op_0_bw="16" op_1_bw="16" op_2_bw="1">
<![CDATA[
:0  %tmp_PCID_conf_V = call i16 @_ssdm_op_Read.axis.volatile.i16P(i16* %eCPRI_PCID_config_V_PCID_conf_V)

]]></Node>
<StgValue><ssdm name="tmp_PCID_conf_V"/></StgValue>
</operation>

<operation id="20" st_id="1" stage="1" lat="1">
<core>NULL</core>
<MemPortIdVec></MemPortIdVec>
<condition id="-1">
<or_exp><and_exp><literal name="data_src_state_load" val="0"/>
<literal name="tmp" val="1"/>
</and_exp></or_exp>
</condition>

<Node id="58" bw="0" op_0_bw="2" op_1_bw="2" op_2_bw="2">
<![CDATA[
:3  store i2 1, i2* @data_src_state, align 1

]]></Node>
<StgValue><ssdm name="store_ln47"/></StgValue>
</operation>

<operation id="21" st_id="1" stage="1" lat="1">
<core>NULL</core>
<MemPortIdVec></MemPortIdVec>
<condition id="-1">
<or_exp><and_exp><literal name="data_src_state_load" val="0"/>
<literal name="tmp" val="1"/>
</and_exp></or_exp>
</condition>

<Node id="59" bw="0" op_0_bw="0">
<![CDATA[
:4  br label %._crit_edge483

]]></Node>
<StgValue><ssdm name="br_ln48"/></StgValue>
</operation>

<operation id="22" st_id="1" stage="1" lat="1">
<core>NULL</core>
<MemPortIdVec></MemPortIdVec>
<condition id="-1">
<or_exp><and_exp></and_exp></or_exp>
</condition>

<Node id="61" bw="1" op_0_bw="1" op_1_bw="0" op_2_bw="1" op_3_bw="0" op_4_bw="1" op_5_bw="0" op_6_bw="1" op_7_bw="0" op_8_bw="1" op_9_bw="0" op_10_bw="1" op_11_bw="0" op_12_bw="1" op_13_bw="0">
<![CDATA[
._crit_edge483:0  %count_flag_1 = phi i1 [ false, %codeRepl ], [ true, %6 ], [ false, %5 ], [ true, %3 ], [ true, %4 ], [ true, %1 ], [ false, %0 ]

]]></Node>
<StgValue><ssdm name="count_flag_1"/></StgValue>
</operation>

<operation id="23" st_id="1" stage="1" lat="1">
<core>NULL</core>
<MemPortIdVec></MemPortIdVec>
<condition id="-1">
<or_exp><and_exp></and_exp></or_exp>
</condition>

<Node id="62" bw="32" op_0_bw="32" op_1_bw="0" op_2_bw="32" op_3_bw="0" op_4_bw="32" op_5_bw="0" op_6_bw="32" op_7_bw="0" op_8_bw="32" op_9_bw="0" op_10_bw="32" op_11_bw="0" op_12_bw="32" op_13_bw="0">
<![CDATA[
._crit_edge483:1  %count_new_1 = phi i32 [ undef, %codeRepl ], [ 0, %6 ], [ undef, %5 ], [ 0, %3 ], [ %add_ln52, %4 ], [ 0, %1 ], [ 0, %0 ]

]]></Node>
<StgValue><ssdm name="count_new_1"/></StgValue>
</operation>

<operation id="24" st_id="1" stage="1" lat="1">
<core>NULL</core>
<MemPortIdVec></MemPortIdVec>
<condition id="-1">
<or_exp><and_exp></and_exp></or_exp>
</condition>

<Node id="63" bw="0" op_0_bw="1" op_1_bw="0" op_2_bw="0">
<![CDATA[
._crit_edge483:2  br i1 %count_flag_1, label %mergeST, label %._crit_edge483.new

]]></Node>
<StgValue><ssdm name="br_ln0"/></StgValue>
</operation>

<operation id="25" st_id="1" stage="1" lat="1">
<core>NULL</core>
<MemPortIdVec></MemPortIdVec>
<condition id="-1">
<or_exp><and_exp><literal name="count_flag_1" val="1"/>
</and_exp></or_exp>
</condition>

<Node id="65" bw="0" op_0_bw="32" op_1_bw="32" op_2_bw="32">
<![CDATA[
mergeST:0  store i32 %count_new_1, i32* @count, align 4

]]></Node>
<StgValue><ssdm name="store_ln43"/></StgValue>
</operation>
</state>

<state id="2" st_id="2">

<operation id="26" st_id="2" stage="1" lat="1">
<core>NULL</core>
<MemPortIdVec></MemPortIdVec>
<condition id="-1">
<or_exp><and_exp></and_exp></or_exp>
</condition>

<Node id="9" bw="0" op_0_bw="0" op_1_bw="16">
<![CDATA[
codeRepl:0  call void (...)* @_ssdm_op_SpecBitsMap(i16* %eCPRI_PCID_config_V_PCID_conf_V), !map !94

]]></Node>
<StgValue><ssdm name="specbitsmap_ln0"/></StgValue>
</operation>

<operation id="27" st_id="2" stage="1" lat="1">
<core>NULL</core>
<MemPortIdVec></MemPortIdVec>
<condition id="-1">
<or_exp><and_exp></and_exp></or_exp>
</condition>

<Node id="10" bw="0" op_0_bw="0" op_1_bw="64">
<![CDATA[
codeRepl:1  call void (...)* @_ssdm_op_SpecBitsMap(i64* %eCPRI_data_out_V_data_V), !map !98

]]></Node>
<StgValue><ssdm name="specbitsmap_ln0"/></StgValue>
</operation>

<operation id="28" st_id="2" stage="1" lat="1">
<core>NULL</core>
<MemPortIdVec></MemPortIdVec>
<condition id="-1">
<or_exp><and_exp></and_exp></or_exp>
</condition>

<Node id="11" bw="0" op_0_bw="0" op_1_bw="8">
<![CDATA[
codeRepl:2  call void (...)* @_ssdm_op_SpecBitsMap(i8* %state_out), !map !102

]]></Node>
<StgValue><ssdm name="specbitsmap_ln0"/></StgValue>
</operation>

<operation id="29" st_id="2" stage="1" lat="1">
<core>NULL</core>
<MemPortIdVec></MemPortIdVec>
<condition id="-1">
<or_exp><and_exp></and_exp></or_exp>
</condition>

<Node id="12" bw="0" op_0_bw="0" op_1_bw="16">
<![CDATA[
codeRepl:3  call void (...)* @_ssdm_op_SpecBitsMap(i16* %PAYLOAD_VALUE), !map !106

]]></Node>
<StgValue><ssdm name="specbitsmap_ln0"/></StgValue>
</operation>

<operation id="30" st_id="2" stage="1" lat="1">
<core>NULL</core>
<MemPortIdVec></MemPortIdVec>
<condition id="-1">
<or_exp><and_exp></and_exp></or_exp>
</condition>

<Node id="13" bw="0" op_0_bw="0" op_1_bw="0">
<![CDATA[
codeRepl:4  call void (...)* @_ssdm_op_SpecTopModule([20 x i8]* @eCpri_header_config_s) nounwind

]]></Node>
<StgValue><ssdm name="spectopmodule_ln0"/></StgValue>
</operation>

<operation id="31" st_id="2" stage="1" lat="1">
<core>NULL</core>
<MemPortIdVec></MemPortIdVec>
<condition id="-1">
<or_exp><and_exp></and_exp></or_exp>
</condition>

<Node id="14" bw="0" op_0_bw="0" op_1_bw="64" op_2_bw="0" op_3_bw="32" op_4_bw="32" op_5_bw="0" op_6_bw="32" op_7_bw="32" op_8_bw="0" op_9_bw="0" op_10_bw="0" op_11_bw="32" op_12_bw="32" op_13_bw="32" op_14_bw="32" op_15_bw="0" op_16_bw="0">
<![CDATA[
codeRepl:5  call void (...)* @_ssdm_op_SpecInterface(i64* %eCPRI_data_out_V_data_V, [5 x i8]* @p_str2, i32 0, i32 0, [1 x i8]* @p_str, i32 0, i32 0, [1 x i8]* @p_str, [1 x i8]* @p_str, [1 x i8]* @p_str, i32 0, i32 0, i32 0, i32 0, [1 x i8]* @p_str, [1 x i8]* @p_str) nounwind

]]></Node>
<StgValue><ssdm name="specinterface_ln11"/></StgValue>
</operation>

<operation id="32" st_id="2" stage="1" lat="1">
<core>NULL</core>
<MemPortIdVec></MemPortIdVec>
<condition id="-1">
<or_exp><and_exp></and_exp></or_exp>
</condition>

<Node id="15" bw="0" op_0_bw="0" op_1_bw="16" op_2_bw="0" op_3_bw="32" op_4_bw="32" op_5_bw="0" op_6_bw="32" op_7_bw="32" op_8_bw="0" op_9_bw="0" op_10_bw="0" op_11_bw="32" op_12_bw="32" op_13_bw="32" op_14_bw="32" op_15_bw="0" op_16_bw="0">
<![CDATA[
codeRepl:6  call void (...)* @_ssdm_op_SpecInterface(i16* %eCPRI_PCID_config_V_PCID_conf_V, [5 x i8]* @p_str2, i32 1, i32 1, [5 x i8]* @p_str3, i32 0, i32 0, [1 x i8]* @p_str, [1 x i8]* @p_str, [1 x i8]* @p_str, i32 0, i32 0, i32 0, i32 0, [1 x i8]* @p_str, [1 x i8]* @p_str) nounwind

]]></Node>
<StgValue><ssdm name="specinterface_ln13"/></StgValue>
</operation>

<operation id="33" st_id="2" stage="1" lat="1">
<core>NULL</core>
<MemPortIdVec></MemPortIdVec>
<condition id="-1">
<or_exp><and_exp></and_exp></or_exp>
</condition>

<Node id="16" bw="0" op_0_bw="0" op_1_bw="32" op_2_bw="0" op_3_bw="32" op_4_bw="32" op_5_bw="0" op_6_bw="32" op_7_bw="32" op_8_bw="0" op_9_bw="0" op_10_bw="0" op_11_bw="32" op_12_bw="32" op_13_bw="32" op_14_bw="32" op_15_bw="0" op_16_bw="0">
<![CDATA[
codeRepl:7  call void (...)* @_ssdm_op_SpecInterface(i32 0, [13 x i8]* @p_str4, i32 0, i32 0, [1 x i8]* @p_str, i32 0, i32 0, [1 x i8]* @p_str, [1 x i8]* @p_str, [1 x i8]* @p_str, i32 0, i32 0, i32 0, i32 0, [1 x i8]* @p_str, [1 x i8]* @p_str) nounwind

]]></Node>
<StgValue><ssdm name="specinterface_ln15"/></StgValue>
</operation>

<operation id="34" st_id="2" stage="1" lat="1">
<core>NULL</core>
<MemPortIdVec></MemPortIdVec>
<condition id="-1">
<or_exp><and_exp></and_exp></or_exp>
</condition>

<Node id="17" bw="0" op_0_bw="0" op_1_bw="8" op_2_bw="0" op_3_bw="32" op_4_bw="32" op_5_bw="0" op_6_bw="32" op_7_bw="32" op_8_bw="0" op_9_bw="0" op_10_bw="0" op_11_bw="32" op_12_bw="32" op_13_bw="32" op_14_bw="32" op_15_bw="0" op_16_bw="0">
<![CDATA[
codeRepl:8  call void (...)* @_ssdm_op_SpecInterface(i8* %state_out, [8 x i8]* @p_str5, i32 0, i32 0, [1 x i8]* @p_str, i32 0, i32 0, [1 x i8]* @p_str, [1 x i8]* @p_str, [1 x i8]* @p_str, i32 0, i32 0, i32 0, i32 0, [1 x i8]* @p_str, [1 x i8]* @p_str) nounwind

]]></Node>
<StgValue><ssdm name="specinterface_ln16"/></StgValue>
</operation>

<operation id="35" st_id="2" stage="1" lat="1">
<core>NULL</core>
<MemPortIdVec></MemPortIdVec>
<condition id="-1">
<or_exp><and_exp></and_exp></or_exp>
</condition>

<Node id="18" bw="0" op_0_bw="0" op_1_bw="16" op_2_bw="0" op_3_bw="32" op_4_bw="32" op_5_bw="0" op_6_bw="32" op_7_bw="32" op_8_bw="0" op_9_bw="0" op_10_bw="0" op_11_bw="32" op_12_bw="32" op_13_bw="32" op_14_bw="32" op_15_bw="0" op_16_bw="0">
<![CDATA[
codeRepl:9  call void (...)* @_ssdm_op_SpecInterface(i16* %PAYLOAD_VALUE, [8 x i8]* @p_str5, i32 0, i32 0, [1 x i8]* @p_str, i32 0, i32 0, [1 x i8]* @p_str, [1 x i8]* @p_str, [1 x i8]* @p_str, i32 0, i32 0, i32 0, i32 0, [1 x i8]* @p_str, [1 x i8]* @p_str) nounwind

]]></Node>
<StgValue><ssdm name="specinterface_ln17"/></StgValue>
</operation>

<operation id="36" st_id="2" stage="1" lat="1">
<core>NULL</core>
<MemPortIdVec></MemPortIdVec>
<condition id="-1">
<or_exp><and_exp></and_exp></or_exp>
</condition>

<Node id="19" bw="0" op_0_bw="0" op_1_bw="32" op_2_bw="32" op_3_bw="32" op_4_bw="32" op_5_bw="0">
<![CDATA[
codeRepl:10  call void (...)* @_ssdm_op_SpecPipeline(i32 1, i32 1, i32 1, i32 0, [1 x i8]* @p_str) nounwind

]]></Node>
<StgValue><ssdm name="specpipeline_ln18"/></StgValue>
</operation>

<operation id="37" st_id="2" stage="1" lat="1">
<core>NULL</core>
<MemPortIdVec></MemPortIdVec>
<condition id="-1">
<or_exp><and_exp></and_exp></or_exp>
</condition>

<Node id="20" bw="0" op_0_bw="0" op_1_bw="2" op_2_bw="32" op_3_bw="0">
<![CDATA[
codeRepl:11  call void (...)* @_ssdm_op_SpecReset(i2* @data_src_state, i32 1, [1 x i8]* @p_str) nounwind

]]></Node>
<StgValue><ssdm name="specreset_ln34"/></StgValue>
</operation>

<operation id="38" st_id="2" stage="1" lat="1">
<core>NULL</core>
<MemPortIdVec></MemPortIdVec>
<condition id="-1">
<or_exp><and_exp></and_exp></or_exp>
</condition>

<Node id="22" bw="8" op_0_bw="2">
<![CDATA[
codeRepl:13  %zext_ln36 = zext i2 %data_src_state_load to i8

]]></Node>
<StgValue><ssdm name="zext_ln36"/></StgValue>
</operation>

<operation id="39" st_id="2" stage="1" lat="1">
<core>NULL</core>
<MemPortIdVec></MemPortIdVec>
<condition id="-1">
<or_exp><and_exp></and_exp></or_exp>
</condition>

<Node id="23" bw="0" op_0_bw="0" op_1_bw="8" op_2_bw="8">
<![CDATA[
codeRepl:14  call void @_ssdm_op_Write.ap_none.i8P(i8* %state_out, i8 %zext_ln36)

]]></Node>
<StgValue><ssdm name="write_ln36"/></StgValue>
</operation>

<operation id="40" st_id="2" stage="1" lat="1">
<core>NULL</core>
<MemPortIdVec></MemPortIdVec>
<condition id="-1">
<or_exp><and_exp></and_exp></or_exp>
</condition>

<Node id="25" bw="16" op_0_bw="16">
<![CDATA[
codeRepl:16  %pcid_config_value_V_s = load i16* @pcid_config_value_V, align 2

]]></Node>
<StgValue><ssdm name="pcid_config_value_V_s"/></StgValue>
</operation>

<operation id="41" st_id="2" stage="1" lat="1">
<core>NULL</core>
<MemPortIdVec></MemPortIdVec>
<condition id="-1">
<or_exp><and_exp></and_exp></or_exp>
</condition>

<Node id="26" bw="16" op_0_bw="16">
<![CDATA[
codeRepl:17  %start_pcid_config_va_1 = load i16* @start_pcid_config_va, align 2

]]></Node>
<StgValue><ssdm name="start_pcid_config_va_1"/></StgValue>
</operation>

<operation id="42" st_id="2" stage="1" lat="1">
<core>NULL</core>
<MemPortIdVec></MemPortIdVec>
<condition id="-1">
<or_exp><and_exp><literal name="data_src_state_load" val="-1"/>
</and_exp></or_exp>
</condition>

<Node id="29" bw="0" op_0_bw="16" op_1_bw="16" op_2_bw="16">
<![CDATA[
:0  store i16 %start_pcid_config_va_1, i16* @pcid_config_value_V, align 2

]]></Node>
<StgValue><ssdm name="store_ln100"/></StgValue>
</operation>

<operation id="43" st_id="2" stage="1" lat="1">
<core>NULL</core>
<MemPortIdVec></MemPortIdVec>
<condition id="-1">
<or_exp><and_exp><literal name="data_src_state_load" val="-2"/>
</and_exp></or_exp>
</condition>

<Node id="33" bw="0" op_0_bw="0" op_1_bw="16" op_2_bw="16">
<![CDATA[
:0  call void @_ssdm_op_Write.ap_none.i16P(i16* %PAYLOAD_VALUE, i16 144)

]]></Node>
<StgValue><ssdm name="write_ln84"/></StgValue>
</operation>

<operation id="44" st_id="2" stage="1" lat="1">
<core>NULL</core>
<MemPortIdVec></MemPortIdVec>
<condition id="-1">
<or_exp><and_exp><literal name="data_src_state_load" val="-2"/>
</and_exp></or_exp>
</condition>

<Node id="34" bw="64" op_0_bw="64" op_1_bw="16" op_2_bw="16" op_3_bw="32">
<![CDATA[
:1  %p_Result_1 = call i64 @_ssdm_op_BitConcatenate.i64.i16.i16.i32(i16 256, i16 %pcid_config_value_V_s, i32 9437185)

]]></Node>
<StgValue><ssdm name="p_Result_1"/></StgValue>
</operation>

<operation id="45" st_id="2" stage="1" lat="1">
<core>AXI4Stream</core>
<MemPortIdVec></MemPortIdVec>
<condition id="-1">
<or_exp><and_exp><literal name="data_src_state_load" val="-2"/>
</and_exp></or_exp>
</condition>

<Node id="35" bw="0" op_0_bw="0" op_1_bw="64" op_2_bw="64">
<![CDATA[
:2  call void @_ssdm_op_Write.axis.volatile.i64P(i64* %eCPRI_data_out_V_data_V, i64 %p_Result_1)

]]></Node>
<StgValue><ssdm name="write_ln93"/></StgValue>
</operation>

<operation id="46" st_id="2" stage="1" lat="1">
<core>NULL</core>
<MemPortIdVec></MemPortIdVec>
<condition id="-1">
<or_exp><and_exp><literal name="data_src_state_load" val="1"/>
<literal name="icmp_ln879" val="0"/>
</and_exp></or_exp>
</condition>

<Node id="43" bw="0" op_0_bw="0" op_1_bw="16" op_2_bw="16">
<![CDATA[
:0  call void @_ssdm_op_Write.ap_none.i16P(i16* %PAYLOAD_VALUE, i16 1440)

]]></Node>
<StgValue><ssdm name="write_ln68"/></StgValue>
</operation>

<operation id="47" st_id="2" stage="1" lat="1">
<core>NULL</core>
<MemPortIdVec></MemPortIdVec>
<condition id="-1">
<or_exp><and_exp><literal name="data_src_state_load" val="1"/>
<literal name="icmp_ln879" val="0"/>
</and_exp></or_exp>
</condition>

<Node id="44" bw="64" op_0_bw="64" op_1_bw="16" op_2_bw="16" op_3_bw="32">
<![CDATA[
:1  %p_Result_s = call i64 @_ssdm_op_BitConcatenate.i64.i16.i16.i32(i16 256, i16 %pcid_config_value_V_s, i32 94371841)

]]></Node>
<StgValue><ssdm name="p_Result_s"/></StgValue>
</operation>

<operation id="48" st_id="2" stage="1" lat="1">
<core>AXI4Stream</core>
<MemPortIdVec></MemPortIdVec>
<condition id="-1">
<or_exp><and_exp><literal name="data_src_state_load" val="1"/>
<literal name="icmp_ln879" val="0"/>
</and_exp></or_exp>
</condition>

<Node id="45" bw="0" op_0_bw="0" op_1_bw="64" op_2_bw="64">
<![CDATA[
:2  call void @_ssdm_op_Write.axis.volatile.i64P(i64* %eCPRI_data_out_V_data_V, i64 %p_Result_s)

]]></Node>
<StgValue><ssdm name="write_ln78"/></StgValue>
</operation>

<operation id="49" st_id="2" stage="1" lat="1">
<core>NULL</core>
<MemPortIdVec></MemPortIdVec>
<condition id="-1">
<or_exp><and_exp><literal name="data_src_state_load" val="0"/>
<literal name="tmp" val="1"/>
</and_exp></or_exp>
</condition>

<Node id="56" bw="0" op_0_bw="16" op_1_bw="16" op_2_bw="16">
<![CDATA[
:1  store i16 %tmp_PCID_conf_V, i16* @pcid_config_value_V, align 2

]]></Node>
<StgValue><ssdm name="store_ln45"/></StgValue>
</operation>

<operation id="50" st_id="2" stage="1" lat="1">
<core>NULL</core>
<MemPortIdVec></MemPortIdVec>
<condition id="-1">
<or_exp><and_exp><literal name="data_src_state_load" val="0"/>
<literal name="tmp" val="1"/>
</and_exp></or_exp>
</condition>

<Node id="57" bw="0" op_0_bw="16" op_1_bw="16" op_2_bw="16">
<![CDATA[
:2  store i16 %tmp_PCID_conf_V, i16* @start_pcid_config_va, align 2

]]></Node>
<StgValue><ssdm name="store_ln46"/></StgValue>
</operation>

<operation id="51" st_id="2" stage="1" lat="1">
<core>NULL</core>
<MemPortIdVec></MemPortIdVec>
<condition id="-1">
<or_exp><and_exp><literal name="count_flag_1" val="1"/>
</and_exp></or_exp>
</condition>

<Node id="66" bw="0" op_0_bw="0">
<![CDATA[
mergeST:1  br label %._crit_edge483.new

]]></Node>
<StgValue><ssdm name="br_ln0"/></StgValue>
</operation>

<operation id="52" st_id="2" stage="1" lat="1">
<core>NULL</core>
<MemPortIdVec></MemPortIdVec>
<condition id="-1">
<or_exp><and_exp></and_exp></or_exp>
</condition>

<Node id="68" bw="0">
<![CDATA[
._crit_edge483.new:0  ret void

]]></Node>
<StgValue><ssdm name="ret_ln104"/></StgValue>
</operation>
</state>
</state_list>


<ports>
</ports>


<dataflows>
</dataflows>


</stg>
