{
  "Top": "Userplane_L1_Data_Gen",
  "RtlTop": "Userplane_L1_Data_Gen",
  "RtlPrefix": "",
  "SourceLanguage": "cpp",
  "ResetStyle": "control",
  "GenerateBdFiles": "1",
  "HostMachineBits": "64",
  "Target": {
    "Family": "zynquplus",
    "Device": "xczu9eg",
    "Package": "-ffvb1156",
    "Speed": "-2-e"
  },
  "HlsSolution": {"Config": [
      "config_export -format=ip_catalog",
      "config_export -rtl=verilog"
    ]},
  "Args": {
    "L1_data_out": {
      "index": "0",
      "type": {
        "kinds": ["struct"],
        "dataType": "l1_data_axis",
        "portRef": "TDATA",
        "structImpl": "interface",
        "dataPack": true,
        "fields": {
          "payload": {
            "order": "0",
            "dataType": "ap_uint"
          },
          "dst_module": {
            "order": "1",
            "dataType": "ap_uint"
          }
        }
      }
    },
    "st_out": {
      "index": "1",
      "type": {
        "dataType": "ap_uint",
        "dataWidth": "4",
        "interfaceRef": "st_out_V"
      }
    },
    "symbol_number": {
      "index": "2",
      "type": {
        "dataType": "ap_uint",
        "dataWidth": "6",
        "interfaceRef": "symbol_number_V"
      }
    }
  },
  "Return": {
    
  },
  "ClockInfo": {
    "ClockName": "ap_clk",
    "ClockPeriod": "10",
    "IsCombLogic": "0",
    "II": "1",
    "Latency": "2",
    "Uncertainty": "1.25"
  },
  "Xdc": {"OocClocks": ["create_clock -name ap_clk -period 10.000 [get_ports ap_clk]"]},
  "Ipx": {
    "Vendor": "xilinx.com",
    "Library": "hls",
    "Name": "Userplane_L1_Data_Gen",
    "Version": "1.0",
    "DisplayName": "Userplane_l1_data_gen",
    "Revision": "",
    "Description": "An IP generated by Vivado HLS",
    "Taxonomy": "\/VIVADO_HLS_IP",
    "AutoFamilySupport": ""
  },
  "Files": {
    "CSource": ["..\/UP_L1_datagen.cpp"],
    "Vhdl": ["impl\/vhdl\/Userplane_L1_Data_Gen.vhd"],
    "Verilog": ["impl\/verilog\/Userplane_L1_Data_Gen.v"],
    "Misc": ["impl\/misc\/logo.png"],
    "DesignXml": "\/home\/aswin\/Desktop\/Vivado_hls_projects\/12_Dummy_L1_to_UPLANE\/solution1\/.autopilot\/db\/Userplane_L1_Data_Gen.design.xml",
    "DebugDir": "\/home\/aswin\/Desktop\/Vivado_hls_projects\/12_Dummy_L1_to_UPLANE\/solution1\/.debug",
    "ProtoInst": ["\/home\/aswin\/Desktop\/Vivado_hls_projects\/12_Dummy_L1_to_UPLANE\/solution1\/.debug\/Userplane_L1_Data_Gen.protoinst"]
  },
  "SubcoreInfo": {
    "HasXpmMemory": false,
    "HasClockedDsp": false,
    "IP": []
  },
  "Interfaces": {
    "ap_clk": {
      "type": "clock",
      "ctype": {"CLK": {"Type": "bool"}},
      "bundle_name": "ap_clk",
      "bundle_role": "default",
      "buses": "L1_data_out_V",
      "reset": "ap_rst_n"
    },
    "ap_rst_n": {
      "type": "reset",
      "polarity": "ACTIVE_LOW",
      "ctype": {"RST": {"Type": "bool"}},
      "bundle_name": "ap_rst_n",
      "bundle_role": "default"
    },
    "L1_data_out_V": {
      "type": "axi4stream",
      "mode": "master",
      "port_prefix": "L1_data_out_V",
      "has_tready": "1",
      "ctype": {
        "TDATA": {
          "Type": "struct",
          "Width": "64",
          "Fields": {
            "payload": {
              "Type": "integer unsigned",
              "Width": "54"
            },
            "dst_module": {
              "Type": "integer unsigned",
              "Width": "10"
            }
          }
        },
        "TVALID": {"Type": "bool"},
        "TREADY": {"Type": "bool"}
      },
      "port_width": {"TDATA": "64"}
    },
    "st_out_V": {
      "type": "data",
      "dir": "out",
      "width": "4",
      "ctype": {"DATA": {
          "Type": "integer unsigned",
          "Width": "4"
        }},
      "bundle_name": "st_out_V",
      "bundle_role": "default"
    },
    "symbol_number_V": {
      "type": "data",
      "dir": "out",
      "width": "6",
      "ctype": {"DATA": {
          "Type": "integer unsigned",
          "Width": "6"
        }},
      "bundle_name": "symbol_number_V",
      "bundle_role": "default"
    }
  },
  "RtlPorts": {
    "ap_clk": {
      "dir": "in",
      "width": "1"
    },
    "ap_rst_n": {
      "dir": "in",
      "width": "1"
    },
    "L1_data_out_V_TDATA": {
      "dir": "out",
      "width": "64"
    },
    "L1_data_out_V_TVALID": {
      "dir": "out",
      "width": "1"
    },
    "L1_data_out_V_TREADY": {
      "dir": "in",
      "width": "1"
    },
    "st_out_V": {
      "dir": "out",
      "width": "4"
    },
    "symbol_number_V": {
      "dir": "out",
      "width": "6"
    }
  },
  "ModuleInfo": {
    "Hierarchy": {"ModuleName": "Userplane_L1_Data_Gen"},
    "Info": {"Userplane_L1_Data_Gen": {
        "FunctionProtocol": "ap_ctrl_none",
        "isTaskLevelControl": "1",
        "isPipelined": "1",
        "isCombinational": "0",
        "isOneStateSeq": "0"
      }},
    "Metrics": {"Userplane_L1_Data_Gen": {
        "Latency": {
          "LatencyBest": "2",
          "LatencyAvg": "2",
          "LatencyWorst": "2",
          "PipelineII": "1",
          "PipelineDepth": "3",
          "PipelineType": "function"
        },
        "Timing": {
          "Target": "10.00",
          "Uncertainty": "1.25",
          "Estimate": "3.281"
        },
        "Area": {
          "FF": "165",
          "LUT": "317",
          "BRAM_18K": "0",
          "DSP48E": "0",
          "URAM": "0"
        }
      }}
  },
  "Sdx": {
    "Target": "none",
    "ProfileOption": "0",
    "ProfileType": "none",
    "XO": "",
    "KernelName": "Userplane_L1_Data_Gen",
    "EnableXoSwEmu": "1"
  },
  "GenData": {
    "DataVersion": "0.2",
    "Time": "2021-03-18 10:34:01 IST",
    "ToolName": "vivado_hls",
    "ToolVersion": "2019.1"
  }
}
