<profile>

<RTLDesignHierarchy>
<TopModule>
<ModuleName>L1_data_Uplane</ModuleName>
</TopModule>
</RTLDesignHierarchy>

<ModuleInformation>
<Module>
<Name>L1_data_Uplane</Name>
<PerformanceEstimates>
<SummaryOfTimingAnalysis>
<TargetClockPeriod>10.00</TargetClockPeriod>
<ClockUncertainty>1.25</ClockUncertainty>
<TargetInitiationInterval>1</TargetInitiationInterval>
<EstimatedClockPeriod>0.965</EstimatedClockPeriod>
</SummaryOfTimingAnalysis>
<SummaryOfOverallLatency>
<Best-caseLatency>3</Best-caseLatency>
<Average-caseLatency>3</Average-caseLatency>
<Worst-caseLatency>3</Worst-caseLatency>
<PipelineInitiationInterval>3</PipelineInitiationInterval>
<PipelineDepth>4</PipelineDepth>
<PipelineType>function</PipelineType>
</SummaryOfOverallLatency>
</PerformanceEstimates>
<AreaEstimates>
<Resources>
<FF>12</FF>
<LUT>285</LUT>
<BRAM_18K>0</BRAM_18K>
<DSP48E>0</DSP48E>
<URAM>0</URAM>
</Resources>
</AreaEstimates>
<InterfaceSummary>
<RtlPorts>
<name>ap_clk</name>
<Object>L1_data_Uplane</Object>
<Type>return value</Type>
<Scope></Scope>
<IOProtocol>ap_ctrl_none</IOProtocol>
<IOConfig></IOConfig>
<Dir>in</Dir>
<Bits>1</Bits>
<Attribute>control</Attribute>
</RtlPorts>
<RtlPorts>
<name>ap_rst_n</name>
<Object>L1_data_Uplane</Object>
<Type>return value</Type>
<Scope></Scope>
<IOProtocol>ap_ctrl_none</IOProtocol>
<IOConfig></IOConfig>
<Dir>in</Dir>
<Bits>1</Bits>
<Attribute>control</Attribute>
</RtlPorts>
<RtlPorts>
<name>app_out_V_V_TDATA</name>
<Object>app_out_V_V</Object>
<Type>pointer</Type>
<Scope></Scope>
<IOProtocol>axis</IOProtocol>
<IOConfig></IOConfig>
<Dir>out</Dir>
<Bits>32</Bits>
<Attribute>data</Attribute>
<CType>int</CType>
</RtlPorts>
<RtlPorts>
<name>app_out_V_V_TVALID</name>
<Object>app_out_V_V</Object>
<Type>pointer</Type>
<Scope></Scope>
<IOProtocol>axis</IOProtocol>
<IOConfig></IOConfig>
<Dir>out</Dir>
<Bits>1</Bits>
<Attribute>control</Attribute>
<CType>int</CType>
</RtlPorts>
<RtlPorts>
<name>app_out_V_V_TREADY</name>
<Object>app_out_V_V</Object>
<Type>pointer</Type>
<Scope></Scope>
<IOProtocol>axis</IOProtocol>
<IOConfig></IOConfig>
<Dir>in</Dir>
<Bits>1</Bits>
<Attribute>control</Attribute>
<CType>int</CType>
</RtlPorts>
<RtlPorts>
<name>sec_out_V_V_TDATA</name>
<Object>sec_out_V_V</Object>
<Type>pointer</Type>
<Scope></Scope>
<IOProtocol>axis</IOProtocol>
<IOConfig></IOConfig>
<Dir>out</Dir>
<Bits>48</Bits>
<Attribute>data</Attribute>
<CType>int</CType>
</RtlPorts>
<RtlPorts>
<name>sec_out_V_V_TVALID</name>
<Object>sec_out_V_V</Object>
<Type>pointer</Type>
<Scope></Scope>
<IOProtocol>axis</IOProtocol>
<IOConfig></IOConfig>
<Dir>out</Dir>
<Bits>1</Bits>
<Attribute>control</Attribute>
<CType>int</CType>
</RtlPorts>
<RtlPorts>
<name>sec_out_V_V_TREADY</name>
<Object>sec_out_V_V</Object>
<Type>pointer</Type>
<Scope></Scope>
<IOProtocol>axis</IOProtocol>
<IOConfig></IOConfig>
<Dir>in</Dir>
<Bits>1</Bits>
<Attribute>control</Attribute>
<CType>int</CType>
</RtlPorts>
<RtlPorts>
<name>L1_state_out</name>
<Object>L1_state_out</Object>
<Type>pointer</Type>
<Scope></Scope>
<IOProtocol>ap_none</IOProtocol>
<IOConfig></IOConfig>
<Dir>out</Dir>
<Bits>8</Bits>
<Attribute>data</Attribute>
<CType>int</CType>
</RtlPorts>
</InterfaceSummary>
</Module>
</ModuleInformation>

</profile>
