<profile>

<section name = "Vivado HLS Report for 'L1_data_Uplane'" level="0">
<item name = "Date">Wed Mar 17 11:27:32 2021
</item>
<item name = "Version">2019.1 (Build 2552052 on Fri May 24 15:28:33 MDT 2019)</item>
<item name = "Project">L1datagen_Uplane</item>
<item name = "Solution">solution1</item>
<item name = "Product family">zynquplus</item>
<item name = "Target device">xczu19eg-ffvd1760-3-e</item>
</section>

<section name = "Performance Estimates" level="0">
<item name = "Timing (ns)">
<section name = "" level="1">
<item name = "Summary"><table name="" hasTotal="0">
<keys size="4">Clock, Target, Estimated, Uncertainty</keys>
<column name="ap_clk">10.00, 0.965, 1.25</column>
</table>
</item>
</section>
</item>
<item name = "Latency (clock cycles)">
<section name = "" level="1">
<item name = "Summary"><table name="" hasTotal="0">
<keys size="6">, min, max, min, max, Type</keys>
<column name="">3, 3, 3, 3, function</column>
</table>
</item>
<item name = "Detail">
<section name = "" level="1">
<item name = "Instance"><table name="" hasTotal="0">
<keys size="7">Instance, Module, min, max, min, max, Type</keys>
</table>
</item>
<item name = "Loop"><table name="" hasTotal="0">
<keys size="8">Loop Name, min, max, Latency, achieved, target, Count, Pipelined</keys>
</table>
</item>
</section>
</item>
</section>
</item>
</section>

<section name = "Utilization Estimates" level="0">
<item name = "Summary"><table name="" hasTotal="1">
<keys size="6">Name, BRAM_18K, DSP48E, FF, LUT, URAM</keys>
<column name="DSP">-, -, -, -, -</column>
<column name="Expression">-, -, 0, 72, -</column>
<column name="FIFO">-, -, -, -, -</column>
<column name="Instance">-, -, -, -, -</column>
<column name="Memory">-, -, -, -, -</column>
<column name="Multiplexer">-, -, -, 213, -</column>
<column name="Register">-, -, 12, -, -</column>
<specialColumn name="Available">1968, 1968, 1045440, 522720, 128</specialColumn>
<specialColumn name="Utilization (%)">0, 0, ~0, ~0, 0</specialColumn>
</table>
</item>
<item name = "Detail">
<section name = "" level="1">
<item name = "Instance"><table name="" hasTotal="1">
<keys size="7">Instance, Module, BRAM_18K, DSP48E, FF, LUT, URAM</keys>
</table>
</item>
<item name = "DSP48E"><table name="" hasTotal="0">
<keys size="3">Instance, Module, Expression</keys>
</table>
</item>
<item name = "Memory"><table name="" hasTotal="1">
<keys size="10">Memory, Module, BRAM_18K, FF, LUT, URAM, Words, Bits, Banks, W*Bits*Banks</keys>
</table>
</item>
<item name = "FIFO"><table name="" hasTotal="1">
<keys size="8">Name, BRAM_18K, FF, LUT, URAM, Depth, Bits, Size:D*B</keys>
</table>
</item>
<item name = "Expression"><table name="" hasTotal="1">
<keys size="7">Variable Name, Operation, DSP48E, FF, LUT, Bitwidth P0, Bitwidth P1</keys>
<column name="ap_block_pp0_stage0_11001">and, 0, 0, 2, 1, 1</column>
<column name="ap_block_pp0_stage1_11001">and, 0, 0, 2, 1, 1</column>
<column name="ap_block_pp0_stage2_11001">and, 0, 0, 2, 1, 1</column>
<column name="ap_condition_517">and, 0, 0, 2, 1, 1</column>
<column name="ap_condition_521">and, 0, 0, 2, 1, 1</column>
<column name="ap_condition_525">and, 0, 0, 2, 1, 1</column>
<column name="ap_condition_529">and, 0, 0, 2, 1, 1</column>
<column name="ap_condition_533">and, 0, 0, 2, 1, 1</column>
<column name="ap_condition_537">and, 0, 0, 2, 1, 1</column>
<column name="ap_condition_541">and, 0, 0, 2, 1, 1</column>
<column name="ap_condition_545">and, 0, 0, 2, 1, 1</column>
<column name="ap_condition_549">and, 0, 0, 2, 1, 1</column>
<column name="ap_condition_553">and, 0, 0, 2, 1, 1</column>
<column name="ap_condition_557">and, 0, 0, 2, 1, 1</column>
<column name="ap_condition_561">and, 0, 0, 2, 1, 1</column>
<column name="ap_condition_565">and, 0, 0, 2, 1, 1</column>
<column name="ap_condition_569">and, 0, 0, 2, 1, 1</column>
<column name="ap_condition_572">and, 0, 0, 2, 1, 1</column>
<column name="ap_condition_575">and, 0, 0, 2, 1, 1</column>
<column name="ap_condition_578">and, 0, 0, 2, 1, 1</column>
<column name="ap_condition_581">and, 0, 0, 2, 1, 1</column>
<column name="ap_condition_584">and, 0, 0, 2, 1, 1</column>
<column name="ap_condition_587">and, 0, 0, 2, 1, 1</column>
<column name="ap_condition_590">and, 0, 0, 2, 1, 1</column>
<column name="ap_condition_593">and, 0, 0, 2, 1, 1</column>
<column name="ap_condition_596">and, 0, 0, 2, 1, 1</column>
<column name="ap_condition_599">and, 0, 0, 2, 1, 1</column>
<column name="ap_condition_602">and, 0, 0, 2, 1, 1</column>
<column name="ap_condition_605">and, 0, 0, 2, 1, 1</column>
<column name="ap_condition_608">and, 0, 0, 2, 1, 1</column>
<column name="ap_condition_612">and, 0, 0, 2, 1, 1</column>
<column name="ap_condition_615">and, 0, 0, 2, 1, 1</column>
<column name="ap_block_state2_io">or, 0, 0, 2, 1, 1</column>
<column name="ap_block_state3_io">or, 0, 0, 2, 1, 1</column>
<column name="ap_block_state4_io">or, 0, 0, 2, 1, 1</column>
<column name="ap_enable_pp0">xor, 0, 0, 2, 1, 2</column>
</table>
</item>
<item name = "Multiplexer"><table name="" hasTotal="1">
<keys size="5">Name, LUT, Input Size, Bits, Total Bits</keys>
<column name="ap_NS_fsm">21, 4, 1, 4</column>
<column name="app_out_V_V_TDATA">62, 15, 32, 480</column>
<column name="app_out_V_V_TDATA_blk_n">9, 2, 1, 2</column>
<column name="data_src_state">62, 15, 4, 60</column>
<column name="sec_out_V_V_TDATA">50, 11, 48, 528</column>
<column name="sec_out_V_V_TDATA_blk_n">9, 2, 1, 2</column>
</table>
</item>
<item name = "Register"><table name="" hasTotal="1">
<keys size="5">Name, FF, LUT, Bits, Const Bits</keys>
<column name="ap_CS_fsm">3, 0, 3, 0</column>
<column name="ap_enable_reg_pp0_iter1">1, 0, 1, 0</column>
<column name="data_src_state">4, 0, 4, 0</column>
<column name="data_src_state_load_reg_259">4, 0, 4, 0</column>
</table>
</item>
</section>
</item>
</section>

<section name = "Interface" level="0">
<item name = "Summary"><table name="" hasTotal="0">
<keys size="6">RTL Ports, Dir, Bits, Protocol, Source Object, C Type</keys>
<column name="ap_clk">in, 1, ap_ctrl_none, L1_data_Uplane, return value</column>
<column name="ap_rst_n">in, 1, ap_ctrl_none, L1_data_Uplane, return value</column>
<column name="app_out_V_V_TDATA">out, 32, axis, app_out_V_V, pointer</column>
<column name="app_out_V_V_TVALID">out, 1, axis, app_out_V_V, pointer</column>
<column name="app_out_V_V_TREADY">in, 1, axis, app_out_V_V, pointer</column>
<column name="sec_out_V_V_TDATA">out, 48, axis, sec_out_V_V, pointer</column>
<column name="sec_out_V_V_TVALID">out, 1, axis, sec_out_V_V, pointer</column>
<column name="sec_out_V_V_TREADY">in, 1, axis, sec_out_V_V, pointer</column>
<column name="L1_state_out">out, 8, ap_none, L1_state_out, pointer</column>
</table>
</item>
</section>
</profile>
