<stg><name>Userplane_L1_Data_Gen</name>


<trans_list>

<trans id="85" from="1" to="2">
<condition id="-1">
<or_exp><and_exp></and_exp></or_exp>
</condition>
</trans>

<trans id="86" from="2" to="3">
<condition id="-1">
<or_exp><and_exp></and_exp></or_exp>
</condition>
</trans>
</trans_list>



<state_list>

<state id="1" st_id="1">

<operation id="4" st_id="1" stage="1" lat="1">
<core>NULL</core>
<MemPortIdVec></MemPortIdVec>
<condition id="-1">
<or_exp><and_exp></and_exp></or_exp>
</condition>

<Node id="17" bw="2" op_0_bw="2">
<![CDATA[
codeRepl:10  %data_src_state_load = load i2* @data_src_state, align 1

]]></Node>
<StgValue><ssdm name="data_src_state_load"/></StgValue>
</operation>

<operation id="5" st_id="1" stage="1" lat="1">
<core>NULL</core>
<MemPortIdVec></MemPortIdVec>
<condition id="-1">
<or_exp><and_exp></and_exp></or_exp>
</condition>

<Node id="20" bw="6" op_0_bw="6">
<![CDATA[
codeRepl:13  %t_V = load i6* @sym_count_V, align 1

]]></Node>
<StgValue><ssdm name="t_V"/></StgValue>
</operation>

<operation id="6" st_id="1" stage="1" lat="1">
<core>NULL</core>
<MemPortIdVec></MemPortIdVec>
<condition id="-1">
<or_exp><and_exp></and_exp></or_exp>
</condition>

<Node id="21" bw="0" op_0_bw="2" op_1_bw="0" op_2_bw="2" op_3_bw="0" op_4_bw="2" op_5_bw="0" op_6_bw="2" op_7_bw="0">
<![CDATA[
codeRepl:14  switch i2 %data_src_state_load, label %._crit_edge513 [
    i2 0, label %0
    i2 1, label %1
    i2 -2, label %4
  ]

]]></Node>
<StgValue><ssdm name="switch_ln30"/></StgValue>
</operation>

<operation id="7" st_id="1" stage="1" lat="1">
<core>NULL</core>
<MemPortIdVec></MemPortIdVec>
<condition id="-1">
<or_exp><and_exp><literal name="data_src_state_load" val="-2"/>
</and_exp></or_exp>
</condition>

<Node id="23" bw="0" op_0_bw="0">
<![CDATA[
:0  br label %._crit_edge513

]]></Node>
<StgValue><ssdm name="br_ln86"/></StgValue>
</operation>

<operation id="8" st_id="1" stage="1" lat="1">
<core>NULL</core>
<MemPortIdVec></MemPortIdVec>
<condition id="-1">
<or_exp><and_exp><literal name="data_src_state_load" val="1"/>
</and_exp></or_exp>
</condition>

<Node id="25" bw="4" op_0_bw="4">
<![CDATA[
:0  %sec_count_V = load i4* @section_count_V, align 1

]]></Node>
<StgValue><ssdm name="sec_count_V"/></StgValue>
</operation>

<operation id="9" st_id="1" stage="1" lat="1">
<core>NULL</core>
<MemPortIdVec></MemPortIdVec>
<condition id="-1">
<or_exp><and_exp><literal name="data_src_state_load" val="1"/>
</and_exp></or_exp>
</condition>

<Node id="26" bw="2" op_0_bw="4">
<![CDATA[
:1  %trunc_ln215 = trunc i4 %sec_count_V to i2

]]></Node>
<StgValue><ssdm name="trunc_ln215"/></StgValue>
</operation>

<operation id="10" st_id="1" stage="1" lat="1">
<core>Cmp</core>
<MemPortIdVec></MemPortIdVec>
<condition id="-1">
<or_exp><and_exp><literal name="data_src_state_load" val="1"/>
</and_exp></or_exp>
</condition>

<Node id="39" bw="1" op_0_bw="4" op_1_bw="4">
<![CDATA[
:14  %icmp_ln879 = icmp eq i4 %sec_count_V, 2

]]></Node>
<StgValue><ssdm name="icmp_ln879"/></StgValue>
</operation>

<operation id="11" st_id="1" stage="1" lat="1">
<core>NULL</core>
<MemPortIdVec></MemPortIdVec>
<condition id="-1">
<or_exp><and_exp><literal name="data_src_state_load" val="1"/>
</and_exp></or_exp>
</condition>

<Node id="40" bw="0" op_0_bw="1" op_1_bw="0" op_2_bw="0">
<![CDATA[
:15  br i1 %icmp_ln879, label %._crit_edge514, label %2

]]></Node>
<StgValue><ssdm name="br_ln63"/></StgValue>
</operation>

<operation id="12" st_id="1" stage="1" lat="1">
<core>AddSub</core>
<MemPortIdVec></MemPortIdVec>
<condition id="-1">
<or_exp><and_exp><literal name="data_src_state_load" val="1"/>
<literal name="icmp_ln879" val="0"/>
</and_exp></or_exp>
</condition>

<Node id="42" bw="4" op_0_bw="4" op_1_bw="4">
<![CDATA[
:0  %add_ln700_1 = add i4 %sec_count_V, 1

]]></Node>
<StgValue><ssdm name="add_ln700_1"/></StgValue>
</operation>

<operation id="13" st_id="1" stage="1" lat="1">
<core>NULL</core>
<MemPortIdVec></MemPortIdVec>
<condition id="-1">
<or_exp><and_exp><literal name="data_src_state_load" val="1"/>
<literal name="icmp_ln879" val="0"/>
</and_exp></or_exp>
</condition>

<Node id="43" bw="0" op_0_bw="4" op_1_bw="4" op_2_bw="4">
<![CDATA[
:1  store i4 %add_ln700_1, i4* @section_count_V, align 1

]]></Node>
<StgValue><ssdm name="store_ln75"/></StgValue>
</operation>

<operation id="14" st_id="1" stage="1" lat="1">
<core>NULL</core>
<MemPortIdVec></MemPortIdVec>
<condition id="-1">
<or_exp><and_exp><literal name="data_src_state_load" val="1"/>
<literal name="icmp_ln879" val="0"/>
</and_exp></or_exp>
</condition>

<Node id="44" bw="0" op_0_bw="0">
<![CDATA[
:2  br label %3

]]></Node>
<StgValue><ssdm name="br_ln0"/></StgValue>
</operation>

<operation id="15" st_id="1" stage="1" lat="1">
<core>NULL</core>
<MemPortIdVec></MemPortIdVec>
<condition id="-1">
<or_exp><and_exp><literal name="data_src_state_load" val="1"/>
<literal name="icmp_ln879" val="1"/>
</and_exp></or_exp>
</condition>

<Node id="46" bw="0" op_0_bw="4" op_1_bw="4" op_2_bw="4">
<![CDATA[
._crit_edge514:0  store i4 0, i4* @section_count_V, align 1

]]></Node>
<StgValue><ssdm name="store_ln65"/></StgValue>
</operation>

<operation id="16" st_id="1" stage="1" lat="1">
<core>AddSub</core>
<MemPortIdVec></MemPortIdVec>
<condition id="-1">
<or_exp><and_exp><literal name="data_src_state_load" val="1"/>
<literal name="icmp_ln879" val="1"/>
</and_exp></or_exp>
</condition>

<Node id="47" bw="6" op_0_bw="6" op_1_bw="6">
<![CDATA[
._crit_edge514:1  %add_ln700 = add i6 %t_V, 1

]]></Node>
<StgValue><ssdm name="add_ln700"/></StgValue>
</operation>

<operation id="17" st_id="1" stage="1" lat="1">
<core>Cmp</core>
<MemPortIdVec></MemPortIdVec>
<condition id="-1">
<or_exp><and_exp><literal name="data_src_state_load" val="1"/>
<literal name="icmp_ln879" val="1"/>
</and_exp></or_exp>
</condition>

<Node id="48" bw="1" op_0_bw="6" op_1_bw="6">
<![CDATA[
._crit_edge514:2  %icmp_ln879_1 = icmp eq i6 %add_ln700, 15

]]></Node>
<StgValue><ssdm name="icmp_ln879_1"/></StgValue>
</operation>

<operation id="18" st_id="1" stage="1" lat="1">
<core>Sel</core>
<MemPortIdVec></MemPortIdVec>
<condition id="-1">
<or_exp><and_exp><literal name="data_src_state_load" val="1"/>
<literal name="icmp_ln879" val="1"/>
</and_exp></or_exp>
</condition>

<Node id="49" bw="2" op_0_bw="1" op_1_bw="2" op_2_bw="2">
<![CDATA[
._crit_edge514:3  %select_ln68 = select i1 %icmp_ln879_1, i2 -2, i2 0

]]></Node>
<StgValue><ssdm name="select_ln68"/></StgValue>
</operation>

<operation id="19" st_id="1" stage="1" lat="1">
<core>Sel</core>
<MemPortIdVec></MemPortIdVec>
<condition id="-1">
<or_exp><and_exp><literal name="data_src_state_load" val="1"/>
<literal name="icmp_ln879" val="1"/>
</and_exp></or_exp>
</condition>

<Node id="50" bw="6" op_0_bw="1" op_1_bw="6" op_2_bw="6">
<![CDATA[
._crit_edge514:4  %select_ln68_1 = select i1 %icmp_ln879_1, i6 0, i6 %add_ln700

]]></Node>
<StgValue><ssdm name="select_ln68_1"/></StgValue>
</operation>

<operation id="20" st_id="1" stage="1" lat="1">
<core>NULL</core>
<MemPortIdVec></MemPortIdVec>
<condition id="-1">
<or_exp><and_exp><literal name="data_src_state_load" val="1"/>
<literal name="icmp_ln879" val="1"/>
</and_exp></or_exp>
</condition>

<Node id="51" bw="0" op_0_bw="0">
<![CDATA[
._crit_edge514:5  br label %3

]]></Node>
<StgValue><ssdm name="br_ln74"/></StgValue>
</operation>

<operation id="21" st_id="1" stage="1" lat="1">
<core>NULL</core>
<MemPortIdVec></MemPortIdVec>
<condition id="-1">
<or_exp><and_exp><literal name="data_src_state_load" val="1"/>
</and_exp></or_exp>
</condition>

<Node id="53" bw="2" op_0_bw="2" op_1_bw="0" op_2_bw="2" op_3_bw="0">
<![CDATA[
:0  %data_src_state_new_1 = phi i2 [ %select_ln68, %._crit_edge514 ], [ 1, %2 ]

]]></Node>
<StgValue><ssdm name="data_src_state_new_1"/></StgValue>
</operation>

<operation id="22" st_id="1" stage="1" lat="1">
<core>NULL</core>
<MemPortIdVec></MemPortIdVec>
<condition id="-1">
<or_exp><and_exp><literal name="data_src_state_load" val="1"/>
</and_exp></or_exp>
</condition>

<Node id="54" bw="1" op_0_bw="1" op_1_bw="0" op_2_bw="1" op_3_bw="0">
<![CDATA[
:1  %sym_count_V_flag_1 = phi i1 [ true, %._crit_edge514 ], [ false, %2 ]

]]></Node>
<StgValue><ssdm name="sym_count_V_flag_1"/></StgValue>
</operation>

<operation id="23" st_id="1" stage="1" lat="1">
<core>NULL</core>
<MemPortIdVec></MemPortIdVec>
<condition id="-1">
<or_exp><and_exp><literal name="data_src_state_load" val="1"/>
</and_exp></or_exp>
</condition>

<Node id="55" bw="6" op_0_bw="6" op_1_bw="0" op_2_bw="6" op_3_bw="0">
<![CDATA[
:2  %sym_count_V_new_1 = phi i6 [ %select_ln68_1, %._crit_edge514 ], [ undef, %2 ]

]]></Node>
<StgValue><ssdm name="sym_count_V_new_1"/></StgValue>
</operation>

<operation id="24" st_id="1" stage="1" lat="1">
<core>NULL</core>
<MemPortIdVec></MemPortIdVec>
<condition id="-1">
<or_exp><and_exp><literal name="data_src_state_load" val="1"/>
</and_exp></or_exp>
</condition>

<Node id="58" bw="0" op_0_bw="0">
<![CDATA[
:5  br label %._crit_edge513

]]></Node>
<StgValue><ssdm name="br_ln81"/></StgValue>
</operation>

<operation id="25" st_id="1" stage="1" lat="1">
<core>NULL</core>
<MemPortIdVec></MemPortIdVec>
<condition id="-1">
<or_exp><and_exp><literal name="data_src_state_load" val="0"/>
</and_exp></or_exp>
</condition>

<Node id="63" bw="0" op_0_bw="0">
<![CDATA[
:3  br label %._crit_edge513

]]></Node>
<StgValue><ssdm name="br_ln47"/></StgValue>
</operation>

<operation id="26" st_id="1" stage="1" lat="1">
<core>NULL</core>
<MemPortIdVec></MemPortIdVec>
<condition id="-1">
<or_exp><and_exp></and_exp></or_exp>
</condition>

<Node id="65" bw="1" op_0_bw="1" op_1_bw="0" op_2_bw="1" op_3_bw="0" op_4_bw="1" op_5_bw="0" op_6_bw="1" op_7_bw="0">
<![CDATA[
._crit_edge513:0  %data_src_state_flag_2 = phi i1 [ false, %codeRepl ], [ true, %4 ], [ true, %3 ], [ true, %0 ]

]]></Node>
<StgValue><ssdm name="data_src_state_flag_2"/></StgValue>
</operation>

<operation id="27" st_id="1" stage="1" lat="1">
<core>NULL</core>
<MemPortIdVec></MemPortIdVec>
<condition id="-1">
<or_exp><and_exp></and_exp></or_exp>
</condition>

<Node id="66" bw="2" op_0_bw="2" op_1_bw="0" op_2_bw="2" op_3_bw="0" op_4_bw="2" op_5_bw="0" op_6_bw="2" op_7_bw="0">
<![CDATA[
._crit_edge513:1  %data_src_state_new_2 = phi i2 [ undef, %codeRepl ], [ 0, %4 ], [ %data_src_state_new_1, %3 ], [ 1, %0 ]

]]></Node>
<StgValue><ssdm name="data_src_state_new_2"/></StgValue>
</operation>

<operation id="28" st_id="1" stage="1" lat="1">
<core>NULL</core>
<MemPortIdVec></MemPortIdVec>
<condition id="-1">
<or_exp><and_exp></and_exp></or_exp>
</condition>

<Node id="67" bw="1" op_0_bw="1" op_1_bw="0" op_2_bw="1" op_3_bw="0" op_4_bw="1" op_5_bw="0" op_6_bw="1" op_7_bw="0">
<![CDATA[
._crit_edge513:2  %sym_count_V_flag_2 = phi i1 [ false, %codeRepl ], [ true, %4 ], [ %sym_count_V_flag_1, %3 ], [ false, %0 ]

]]></Node>
<StgValue><ssdm name="sym_count_V_flag_2"/></StgValue>
</operation>

<operation id="29" st_id="1" stage="1" lat="1">
<core>NULL</core>
<MemPortIdVec></MemPortIdVec>
<condition id="-1">
<or_exp><and_exp></and_exp></or_exp>
</condition>

<Node id="68" bw="6" op_0_bw="6" op_1_bw="0" op_2_bw="6" op_3_bw="0" op_4_bw="6" op_5_bw="0" op_6_bw="6" op_7_bw="0">
<![CDATA[
._crit_edge513:3  %sym_count_V_new_2 = phi i6 [ undef, %codeRepl ], [ 1, %4 ], [ %sym_count_V_new_1, %3 ], [ undef, %0 ]

]]></Node>
<StgValue><ssdm name="sym_count_V_new_2"/></StgValue>
</operation>

<operation id="30" st_id="1" stage="1" lat="1">
<core>NULL</core>
<MemPortIdVec></MemPortIdVec>
<condition id="-1">
<or_exp><and_exp></and_exp></or_exp>
</condition>

<Node id="69" bw="0" op_0_bw="1" op_1_bw="0" op_2_bw="0">
<![CDATA[
._crit_edge513:4  br i1 %sym_count_V_flag_2, label %mergeST39, label %._crit_edge513.new40

]]></Node>
<StgValue><ssdm name="br_ln0"/></StgValue>
</operation>

<operation id="31" st_id="1" stage="1" lat="1">
<core>NULL</core>
<MemPortIdVec></MemPortIdVec>
<condition id="-1">
<or_exp><and_exp><literal name="sym_count_V_flag_2" val="1"/>
</and_exp></or_exp>
</condition>

<Node id="71" bw="0" op_0_bw="6" op_1_bw="6" op_2_bw="6">
<![CDATA[
mergeST39:0  store i6 %sym_count_V_new_2, i6* @sym_count_V, align 1

]]></Node>
<StgValue><ssdm name="store_ln66"/></StgValue>
</operation>

<operation id="32" st_id="1" stage="1" lat="1">
<core>NULL</core>
<MemPortIdVec></MemPortIdVec>
<condition id="-1">
<or_exp><and_exp></and_exp></or_exp>
</condition>

<Node id="74" bw="0" op_0_bw="1" op_1_bw="0" op_2_bw="0">
<![CDATA[
._crit_edge513.new40:0  br i1 %data_src_state_flag_2, label %mergeST, label %._crit_edge513.new

]]></Node>
<StgValue><ssdm name="br_ln0"/></StgValue>
</operation>

<operation id="33" st_id="1" stage="1" lat="1">
<core>NULL</core>
<MemPortIdVec></MemPortIdVec>
<condition id="-1">
<or_exp><and_exp><literal name="data_src_state_flag_2" val="1"/>
</and_exp></or_exp>
</condition>

<Node id="76" bw="0" op_0_bw="2" op_1_bw="2" op_2_bw="2">
<![CDATA[
mergeST:0  store i2 %data_src_state_new_2, i2* @data_src_state, align 1

]]></Node>
<StgValue><ssdm name="store_ln45"/></StgValue>
</operation>
</state>

<state id="2" st_id="2">

<operation id="34" st_id="2" stage="1" lat="1">
<core>Cmp</core>
<MemPortIdVec></MemPortIdVec>
<condition id="-1">
<or_exp><and_exp><literal name="data_src_state_load" val="1"/>
</and_exp></or_exp>
</condition>

<Node id="27" bw="1" op_0_bw="2" op_1_bw="2">
<![CDATA[
:2  %icmp_ln10 = icmp eq i2 %trunc_ln215, 0

]]></Node>
<StgValue><ssdm name="icmp_ln10"/></StgValue>
</operation>

<operation id="35" st_id="2" stage="1" lat="1">
<core>Cmp</core>
<MemPortIdVec></MemPortIdVec>
<condition id="-1">
<or_exp><and_exp><literal name="data_src_state_load" val="1"/>
</and_exp></or_exp>
</condition>

<Node id="28" bw="1" op_0_bw="2" op_1_bw="2">
<![CDATA[
:3  %icmp_ln10_1 = icmp eq i2 %trunc_ln215, 1

]]></Node>
<StgValue><ssdm name="icmp_ln10_1"/></StgValue>
</operation>

<operation id="36" st_id="2" stage="1" lat="1">
<core>Sel</core>
<MemPortIdVec></MemPortIdVec>
<condition id="-1">
<or_exp><and_exp><literal name="data_src_state_load" val="1"/>
</and_exp></or_exp>
</condition>

<Node id="29" bw="9" op_0_bw="1" op_1_bw="9" op_2_bw="9">
<![CDATA[
:4  %select_ln215 = select i1 %icmp_ln10_1, i9 -220, i9 -221

]]></Node>
<StgValue><ssdm name="select_ln215"/></StgValue>
</operation>

<operation id="37" st_id="2" stage="1" lat="1">
<core>LogicGate</core>
<MemPortIdVec></MemPortIdVec>
<condition id="-1">
<or_exp><and_exp><literal name="data_src_state_load" val="1"/>
</and_exp></or_exp>
</condition>

<Node id="30" bw="1" op_0_bw="1" op_1_bw="1">
<![CDATA[
:5  %or_ln215 = or i1 %icmp_ln10_1, %icmp_ln10

]]></Node>
<StgValue><ssdm name="or_ln215"/></StgValue>
</operation>

<operation id="38" st_id="2" stage="1" lat="1">
<core>Sel</core>
<MemPortIdVec></MemPortIdVec>
<condition id="-1">
<or_exp><and_exp><literal name="data_src_state_load" val="1"/>
</and_exp></or_exp>
</condition>

<Node id="31" bw="9" op_0_bw="1" op_1_bw="9" op_2_bw="9">
<![CDATA[
:6  %select_ln215_1 = select i1 %or_ln215, i9 %select_ln215, i9 -219

]]></Node>
<StgValue><ssdm name="select_ln215_1"/></StgValue>
</operation>

<operation id="39" st_id="2" stage="1" lat="1">
<core>NULL</core>
<MemPortIdVec></MemPortIdVec>
<condition id="-1">
<or_exp><and_exp><literal name="data_src_state_load" val="1"/>
</and_exp></or_exp>
</condition>

<Node id="32" bw="12" op_0_bw="9">
<![CDATA[
:7  %zext_ln215 = zext i9 %select_ln215_1 to i12

]]></Node>
<StgValue><ssdm name="zext_ln215"/></StgValue>
</operation>

<operation id="40" st_id="2" stage="1" lat="1">
<core>Sel</core>
<MemPortIdVec></MemPortIdVec>
<condition id="-1">
<or_exp><and_exp><literal name="data_src_state_load" val="1"/>
</and_exp></or_exp>
</condition>

<Node id="33" bw="6" op_0_bw="1" op_1_bw="6" op_2_bw="6">
<![CDATA[
:8  %select_ln215_2 = select i1 %icmp_ln10_1, i6 -31, i6 0

]]></Node>
<StgValue><ssdm name="select_ln215_2"/></StgValue>
</operation>

<operation id="41" st_id="2" stage="1" lat="1">
<core>Sel</core>
<MemPortIdVec></MemPortIdVec>
<condition id="-1">
<or_exp><and_exp><literal name="data_src_state_load" val="1"/>
</and_exp></or_exp>
</condition>

<Node id="34" bw="6" op_0_bw="1" op_1_bw="6" op_2_bw="6">
<![CDATA[
:9  %select_ln215_3 = select i1 %or_ln215, i6 %select_ln215_2, i6 -7

]]></Node>
<StgValue><ssdm name="select_ln215_3"/></StgValue>
</operation>

<operation id="42" st_id="2" stage="1" lat="1">
<core>NULL</core>
<MemPortIdVec></MemPortIdVec>
<condition id="-1">
<or_exp><and_exp><literal name="data_src_state_load" val="1"/>
</and_exp></or_exp>
</condition>

<Node id="35" bw="10" op_0_bw="6">
<![CDATA[
:10  %zext_ln215_1 = zext i6 %select_ln215_3 to i10

]]></Node>
<StgValue><ssdm name="zext_ln215_1"/></StgValue>
</operation>

<operation id="43" st_id="2" stage="1" lat="1">
<core>Sel</core>
<MemPortIdVec></MemPortIdVec>
<condition id="-1">
<or_exp><and_exp><literal name="data_src_state_load" val="1"/>
</and_exp></or_exp>
</condition>

<Node id="36" bw="7" op_0_bw="1" op_1_bw="7" op_2_bw="7">
<![CDATA[
:11  %select_ln215_4 = select i1 %icmp_ln10_1, i7 24, i7 35

]]></Node>
<StgValue><ssdm name="select_ln215_4"/></StgValue>
</operation>

<operation id="44" st_id="2" stage="1" lat="1">
<core>Sel</core>
<MemPortIdVec></MemPortIdVec>
<condition id="-1">
<or_exp><and_exp><literal name="data_src_state_load" val="1"/>
</and_exp></or_exp>
</condition>

<Node id="37" bw="7" op_0_bw="1" op_1_bw="7" op_2_bw="7">
<![CDATA[
:12  %select_ln215_5 = select i1 %or_ln215, i7 %select_ln215_4, i7 -42

]]></Node>
<StgValue><ssdm name="select_ln215_5"/></StgValue>
</operation>

<operation id="45" st_id="2" stage="1" lat="1">
<core>NULL</core>
<MemPortIdVec></MemPortIdVec>
<condition id="-1">
<or_exp><and_exp><literal name="data_src_state_load" val="1"/>
</and_exp></or_exp>
</condition>

<Node id="38" bw="8" op_0_bw="7">
<![CDATA[
:13  %sext_ln215 = sext i7 %select_ln215_5 to i8

]]></Node>
<StgValue><ssdm name="sext_ln215"/></StgValue>
</operation>

<operation id="46" st_id="2" stage="1" lat="1">
<core>NULL</core>
<MemPortIdVec></MemPortIdVec>
<condition id="-1">
<or_exp><and_exp><literal name="data_src_state_load" val="1"/>
</and_exp></or_exp>
</condition>

<Node id="56" bw="64" op_0_bw="64" op_1_bw="12" op_2_bw="12" op_3_bw="2" op_4_bw="10" op_5_bw="8" op_6_bw="20">
<![CDATA[
:3  %tmp_1 = call i64 @_ssdm_op_BitConcatenate.i64.i12.i12.i2.i10.i8.i20(i12 69, i12 %zext_ln215, i2 0, i10 %zext_ln215_1, i8 %sext_ln215, i20 0)

]]></Node>
<StgValue><ssdm name="tmp_1"/></StgValue>
</operation>

<operation id="47" st_id="2" stage="2" lat="2">
<core>AXI4Stream</core>
<MemPortIdVec></MemPortIdVec>
<condition id="-1">
<or_exp><and_exp><literal name="data_src_state_load" val="1"/>
</and_exp></or_exp>
</condition>

<Node id="57" bw="0" op_0_bw="0" op_1_bw="64" op_2_bw="64">
<![CDATA[
:4  call void @_ssdm_op_Write.axis.volatile.i64P(i64* %L1_data_out_V, i64 %tmp_1)

]]></Node>
<StgValue><ssdm name="write_ln80"/></StgValue>
</operation>

<operation id="48" st_id="2" stage="1" lat="1">
<core>NULL</core>
<MemPortIdVec></MemPortIdVec>
<condition id="-1">
<or_exp><and_exp><literal name="data_src_state_load" val="0"/>
</and_exp></or_exp>
</condition>

<Node id="61" bw="64" op_0_bw="64" op_1_bw="38" op_2_bw="6" op_3_bw="20">
<![CDATA[
:1  %tmp = call i64 @_ssdm_op_BitConcatenate.i64.i38.i6.i20(i38 4601157057, i6 %t_V, i20 0)

]]></Node>
<StgValue><ssdm name="tmp"/></StgValue>
</operation>

<operation id="49" st_id="2" stage="2" lat="2">
<core>AXI4Stream</core>
<MemPortIdVec></MemPortIdVec>
<condition id="-1">
<or_exp><and_exp><literal name="data_src_state_load" val="0"/>
</and_exp></or_exp>
</condition>

<Node id="62" bw="0" op_0_bw="0" op_1_bw="64" op_2_bw="64">
<![CDATA[
:2  call void @_ssdm_op_Write.axis.volatile.i64P(i64* %L1_data_out_V, i64 %tmp)

]]></Node>
<StgValue><ssdm name="write_ln44"/></StgValue>
</operation>
</state>

<state id="3" st_id="3">

<operation id="50" st_id="3" stage="1" lat="1">
<core>NULL</core>
<MemPortIdVec></MemPortIdVec>
<condition id="-1">
<or_exp><and_exp></and_exp></or_exp>
</condition>

<Node id="7" bw="0" op_0_bw="0" op_1_bw="64">
<![CDATA[
codeRepl:0  call void (...)* @_ssdm_op_SpecBitsMap(i64* %L1_data_out_V), !map !68

]]></Node>
<StgValue><ssdm name="specbitsmap_ln0"/></StgValue>
</operation>

<operation id="51" st_id="3" stage="1" lat="1">
<core>NULL</core>
<MemPortIdVec></MemPortIdVec>
<condition id="-1">
<or_exp><and_exp></and_exp></or_exp>
</condition>

<Node id="8" bw="0" op_0_bw="0" op_1_bw="4">
<![CDATA[
codeRepl:1  call void (...)* @_ssdm_op_SpecBitsMap(i4* %st_out_V), !map !75

]]></Node>
<StgValue><ssdm name="specbitsmap_ln0"/></StgValue>
</operation>

<operation id="52" st_id="3" stage="1" lat="1">
<core>NULL</core>
<MemPortIdVec></MemPortIdVec>
<condition id="-1">
<or_exp><and_exp></and_exp></or_exp>
</condition>

<Node id="9" bw="0" op_0_bw="0" op_1_bw="6">
<![CDATA[
codeRepl:2  call void (...)* @_ssdm_op_SpecBitsMap(i6* %symbol_number_V), !map !79

]]></Node>
<StgValue><ssdm name="specbitsmap_ln0"/></StgValue>
</operation>

<operation id="53" st_id="3" stage="1" lat="1">
<core>NULL</core>
<MemPortIdVec></MemPortIdVec>
<condition id="-1">
<or_exp><and_exp></and_exp></or_exp>
</condition>

<Node id="10" bw="0" op_0_bw="0" op_1_bw="0">
<![CDATA[
codeRepl:3  call void (...)* @_ssdm_op_SpecTopModule([22 x i8]* @Userplane_L1_Data_Ge) nounwind

]]></Node>
<StgValue><ssdm name="spectopmodule_ln0"/></StgValue>
</operation>

<operation id="54" st_id="3" stage="1" lat="1">
<core>NULL</core>
<MemPortIdVec></MemPortIdVec>
<condition id="-1">
<or_exp><and_exp></and_exp></or_exp>
</condition>

<Node id="11" bw="0" op_0_bw="0" op_1_bw="32" op_2_bw="32" op_3_bw="32" op_4_bw="32" op_5_bw="0">
<![CDATA[
codeRepl:4  call void (...)* @_ssdm_op_SpecPipeline(i32 1, i32 1, i32 1, i32 0, [1 x i8]* @p_str) nounwind

]]></Node>
<StgValue><ssdm name="specpipeline_ln5"/></StgValue>
</operation>

<operation id="55" st_id="3" stage="1" lat="1">
<core>NULL</core>
<MemPortIdVec></MemPortIdVec>
<condition id="-1">
<or_exp><and_exp></and_exp></or_exp>
</condition>

<Node id="12" bw="0" op_0_bw="0" op_1_bw="64" op_2_bw="0" op_3_bw="32" op_4_bw="32" op_5_bw="0" op_6_bw="32" op_7_bw="32" op_8_bw="0" op_9_bw="0" op_10_bw="0" op_11_bw="32" op_12_bw="32" op_13_bw="32" op_14_bw="32" op_15_bw="0" op_16_bw="0">
<![CDATA[
codeRepl:5  call void (...)* @_ssdm_op_SpecInterface(i64* %L1_data_out_V, [5 x i8]* @p_str2, i32 1, i32 1, [5 x i8]* @p_str3, i32 0, i32 0, [1 x i8]* @p_str, [1 x i8]* @p_str, [1 x i8]* @p_str, i32 0, i32 0, i32 0, i32 0, [1 x i8]* @p_str, [1 x i8]* @p_str) nounwind

]]></Node>
<StgValue><ssdm name="specinterface_ln7"/></StgValue>
</operation>

<operation id="56" st_id="3" stage="1" lat="1">
<core>NULL</core>
<MemPortIdVec></MemPortIdVec>
<condition id="-1">
<or_exp><and_exp></and_exp></or_exp>
</condition>

<Node id="13" bw="0" op_0_bw="0" op_1_bw="32" op_2_bw="0" op_3_bw="32" op_4_bw="32" op_5_bw="0" op_6_bw="32" op_7_bw="32" op_8_bw="0" op_9_bw="0" op_10_bw="0" op_11_bw="32" op_12_bw="32" op_13_bw="32" op_14_bw="32" op_15_bw="0" op_16_bw="0">
<![CDATA[
codeRepl:6  call void (...)* @_ssdm_op_SpecInterface(i32 0, [13 x i8]* @p_str4, i32 0, i32 0, [1 x i8]* @p_str, i32 0, i32 0, [1 x i8]* @p_str, [1 x i8]* @p_str, [1 x i8]* @p_str, i32 0, i32 0, i32 0, i32 0, [1 x i8]* @p_str, [1 x i8]* @p_str) nounwind

]]></Node>
<StgValue><ssdm name="specinterface_ln8"/></StgValue>
</operation>

<operation id="57" st_id="3" stage="1" lat="1">
<core>NULL</core>
<MemPortIdVec></MemPortIdVec>
<condition id="-1">
<or_exp><and_exp></and_exp></or_exp>
</condition>

<Node id="14" bw="0" op_0_bw="0" op_1_bw="6" op_2_bw="0" op_3_bw="32" op_4_bw="32" op_5_bw="0" op_6_bw="32" op_7_bw="32" op_8_bw="0" op_9_bw="0" op_10_bw="0" op_11_bw="32" op_12_bw="32" op_13_bw="32" op_14_bw="32" op_15_bw="0" op_16_bw="0">
<![CDATA[
codeRepl:7  call void (...)* @_ssdm_op_SpecInterface(i6* %symbol_number_V, [8 x i8]* @p_str5, i32 0, i32 0, [1 x i8]* @p_str, i32 0, i32 0, [1 x i8]* @p_str, [1 x i8]* @p_str, [1 x i8]* @p_str, i32 0, i32 0, i32 0, i32 0, [1 x i8]* @p_str, [1 x i8]* @p_str) nounwind

]]></Node>
<StgValue><ssdm name="specinterface_ln9"/></StgValue>
</operation>

<operation id="58" st_id="3" stage="1" lat="1">
<core>NULL</core>
<MemPortIdVec></MemPortIdVec>
<condition id="-1">
<or_exp><and_exp></and_exp></or_exp>
</condition>

<Node id="15" bw="0" op_0_bw="0" op_1_bw="4" op_2_bw="0" op_3_bw="32" op_4_bw="32" op_5_bw="0" op_6_bw="32" op_7_bw="32" op_8_bw="0" op_9_bw="0" op_10_bw="0" op_11_bw="32" op_12_bw="32" op_13_bw="32" op_14_bw="32" op_15_bw="0" op_16_bw="0">
<![CDATA[
codeRepl:8  call void (...)* @_ssdm_op_SpecInterface(i4* %st_out_V, [8 x i8]* @p_str5, i32 0, i32 0, [1 x i8]* @p_str, i32 0, i32 0, [1 x i8]* @p_str, [1 x i8]* @p_str, [1 x i8]* @p_str, i32 0, i32 0, i32 0, i32 0, [1 x i8]* @p_str, [1 x i8]* @p_str) nounwind

]]></Node>
<StgValue><ssdm name="specinterface_ln10"/></StgValue>
</operation>

<operation id="59" st_id="3" stage="1" lat="1">
<core>NULL</core>
<MemPortIdVec></MemPortIdVec>
<condition id="-1">
<or_exp><and_exp></and_exp></or_exp>
</condition>

<Node id="16" bw="0" op_0_bw="0" op_1_bw="2" op_2_bw="32" op_3_bw="0">
<![CDATA[
codeRepl:9  call void (...)* @_ssdm_op_SpecReset(i2* @data_src_state, i32 1, [1 x i8]* @p_str) nounwind

]]></Node>
<StgValue><ssdm name="specreset_ln15"/></StgValue>
</operation>

<operation id="60" st_id="3" stage="1" lat="1">
<core>NULL</core>
<MemPortIdVec></MemPortIdVec>
<condition id="-1">
<or_exp><and_exp></and_exp></or_exp>
</condition>

<Node id="18" bw="4" op_0_bw="2">
<![CDATA[
codeRepl:11  %zext_ln301 = zext i2 %data_src_state_load to i4

]]></Node>
<StgValue><ssdm name="zext_ln301"/></StgValue>
</operation>

<operation id="61" st_id="3" stage="1" lat="1">
<core>NULL</core>
<MemPortIdVec></MemPortIdVec>
<condition id="-1">
<or_exp><and_exp></and_exp></or_exp>
</condition>

<Node id="19" bw="0" op_0_bw="0" op_1_bw="4" op_2_bw="4">
<![CDATA[
codeRepl:12  call void @_ssdm_op_Write.ap_none.i4P(i4* %st_out_V, i4 %zext_ln301)

]]></Node>
<StgValue><ssdm name="write_ln28"/></StgValue>
</operation>

<operation id="62" st_id="3" stage="1" lat="2">
<core>AXI4Stream</core>
<MemPortIdVec></MemPortIdVec>
<condition id="-1">
<or_exp><and_exp><literal name="data_src_state_load" val="1"/>
</and_exp></or_exp>
</condition>

<Node id="57" bw="0" op_0_bw="0" op_1_bw="64" op_2_bw="64">
<![CDATA[
:4  call void @_ssdm_op_Write.axis.volatile.i64P(i64* %L1_data_out_V, i64 %tmp_1)

]]></Node>
<StgValue><ssdm name="write_ln80"/></StgValue>
</operation>

<operation id="63" st_id="3" stage="1" lat="1">
<core>NULL</core>
<MemPortIdVec></MemPortIdVec>
<condition id="-1">
<or_exp><and_exp><literal name="data_src_state_load" val="0"/>
</and_exp></or_exp>
</condition>

<Node id="60" bw="0" op_0_bw="0" op_1_bw="6" op_2_bw="6">
<![CDATA[
:0  call void @_ssdm_op_Write.ap_none.i6P(i6* %symbol_number_V, i6 %t_V)

]]></Node>
<StgValue><ssdm name="write_ln43"/></StgValue>
</operation>

<operation id="64" st_id="3" stage="1" lat="2">
<core>AXI4Stream</core>
<MemPortIdVec></MemPortIdVec>
<condition id="-1">
<or_exp><and_exp><literal name="data_src_state_load" val="0"/>
</and_exp></or_exp>
</condition>

<Node id="62" bw="0" op_0_bw="0" op_1_bw="64" op_2_bw="64">
<![CDATA[
:2  call void @_ssdm_op_Write.axis.volatile.i64P(i64* %L1_data_out_V, i64 %tmp)

]]></Node>
<StgValue><ssdm name="write_ln44"/></StgValue>
</operation>

<operation id="65" st_id="3" stage="1" lat="1">
<core>NULL</core>
<MemPortIdVec></MemPortIdVec>
<condition id="-1">
<or_exp><and_exp><literal name="sym_count_V_flag_2" val="1"/>
</and_exp></or_exp>
</condition>

<Node id="72" bw="0" op_0_bw="0">
<![CDATA[
mergeST39:1  br label %._crit_edge513.new40

]]></Node>
<StgValue><ssdm name="br_ln0"/></StgValue>
</operation>

<operation id="66" st_id="3" stage="1" lat="1">
<core>NULL</core>
<MemPortIdVec></MemPortIdVec>
<condition id="-1">
<or_exp><and_exp><literal name="data_src_state_flag_2" val="1"/>
</and_exp></or_exp>
</condition>

<Node id="77" bw="0" op_0_bw="0">
<![CDATA[
mergeST:1  br label %._crit_edge513.new

]]></Node>
<StgValue><ssdm name="br_ln0"/></StgValue>
</operation>

<operation id="67" st_id="3" stage="1" lat="1">
<core>NULL</core>
<MemPortIdVec></MemPortIdVec>
<condition id="-1">
<or_exp><and_exp></and_exp></or_exp>
</condition>

<Node id="79" bw="0">
<![CDATA[
._crit_edge513.new:0  ret void

]]></Node>
<StgValue><ssdm name="ret_ln88"/></StgValue>
</operation>
</state>
</state_list>


<ports>
<port id="87" name="L1_data_out_V" dir="1" iftype="0">
<core>NULL</core><StgValue><ssdm name="L1_data_out_V"/></StgValue>
</port>
<port id="88" name="st_out_V" dir="1" iftype="0">
<core>NULL</core><StgValue><ssdm name="st_out_V"/></StgValue>
</port>
<port id="89" name="symbol_number_V" dir="1" iftype="0">
<core>NULL</core><StgValue><ssdm name="symbol_number_V"/></StgValue>
</port>
<port id="90" name="data_src_state" dir="2" iftype="0">
<core>NULL</core><StgValue><ssdm name="data_src_state"/></StgValue>
</port>
<port id="91" name="sym_count_V" dir="2" iftype="0">
<core>NULL</core><StgValue><ssdm name="sym_count_V"/></StgValue>
</port>
<port id="92" name="section_count_V" dir="2" iftype="0">
<core>NULL</core><StgValue><ssdm name="section_count_V"/></StgValue>
</port>
</ports>


<dataflows>
<dataflow id="93" from="data_src_state" to="data_src_state_load" fromId="90" toId="4">
</dataflow>
<dataflow id="94" from="sym_count_V" to="t_V" fromId="91" toId="5">
</dataflow>
<dataflow id="95" from="data_src_state_load" to="switch_ln30" fromId="4" toId="6">
</dataflow>
<dataflow id="97" from="StgValue_96" to="switch_ln30" fromId="96" toId="6">
</dataflow>
<dataflow id="99" from="StgValue_98" to="switch_ln30" fromId="98" toId="6">
</dataflow>
<dataflow id="101" from="StgValue_100" to="switch_ln30" fromId="100" toId="6">
</dataflow>
<dataflow id="102" from="section_count_V" to="sec_count_V" fromId="92" toId="8">
</dataflow>
<dataflow id="103" from="sec_count_V" to="trunc_ln215" fromId="8" toId="9">
</dataflow>
<dataflow id="104" from="sec_count_V" to="icmp_ln879" fromId="8" toId="10">
</dataflow>
<dataflow id="106" from="StgValue_105" to="icmp_ln879" fromId="105" toId="10">
</dataflow>
<dataflow id="107" from="icmp_ln879" to="br_ln63" fromId="10" toId="11">
</dataflow>
<dataflow id="108" from="sec_count_V" to="add_ln700_1" fromId="8" toId="12">
</dataflow>
<dataflow id="110" from="StgValue_109" to="add_ln700_1" fromId="109" toId="12">
</dataflow>
<dataflow id="111" from="add_ln700_1" to="store_ln75" fromId="12" toId="13">
</dataflow>
<dataflow id="112" from="section_count_V" to="store_ln75" fromId="92" toId="13">
</dataflow>
<dataflow id="114" from="StgValue_113" to="store_ln65" fromId="113" toId="15">
</dataflow>
<dataflow id="115" from="section_count_V" to="store_ln65" fromId="92" toId="15">
</dataflow>
<dataflow id="116" from="t_V" to="add_ln700" fromId="5" toId="16">
</dataflow>
<dataflow id="118" from="StgValue_117" to="add_ln700" fromId="117" toId="16">
</dataflow>
<dataflow id="119" from="add_ln700" to="icmp_ln879_1" fromId="16" toId="17">
</dataflow>
<dataflow id="121" from="StgValue_120" to="icmp_ln879_1" fromId="120" toId="17">
</dataflow>
<dataflow id="122" from="icmp_ln879_1" to="select_ln68" fromId="17" toId="18">
</dataflow>
<dataflow id="123" from="StgValue_100" to="select_ln68" fromId="100" toId="18">
</dataflow>
<dataflow id="124" from="StgValue_96" to="select_ln68" fromId="96" toId="18">
</dataflow>
<dataflow id="125" from="icmp_ln879_1" to="select_ln68_1" fromId="17" toId="19">
</dataflow>
<dataflow id="127" from="StgValue_126" to="select_ln68_1" fromId="126" toId="19">
</dataflow>
<dataflow id="128" from="add_ln700" to="select_ln68_1" fromId="16" toId="19">
</dataflow>
<dataflow id="129" from="select_ln68" to="data_src_state_new_1" fromId="18" toId="21">
<condition id="-1">
<or_exp><and_exp><literal name="data_src_state_load" val="1"/>
<literal name="icmp_ln879" val="1"/>
</and_exp></or_exp>
</condition>
</dataflow>
<dataflow id="130" from="br_ln74" to="data_src_state_new_1" fromId="20" toId="21">
</dataflow>
<dataflow id="131" from="StgValue_98" to="data_src_state_new_1" fromId="98" toId="21">
<condition id="-1">
<or_exp><and_exp><literal name="data_src_state_load" val="1"/>
<literal name="icmp_ln879" val="0"/>
</and_exp></or_exp>
</condition>
</dataflow>
<dataflow id="132" from="br_ln0" to="data_src_state_new_1" fromId="14" toId="21">
</dataflow>
<dataflow id="134" from="StgValue_133" to="sym_count_V_flag_1" fromId="133" toId="22">
<condition id="-1">
<or_exp><and_exp><literal name="data_src_state_load" val="1"/>
<literal name="icmp_ln879" val="1"/>
</and_exp></or_exp>
</condition>
</dataflow>
<dataflow id="135" from="br_ln74" to="sym_count_V_flag_1" fromId="20" toId="22">
</dataflow>
<dataflow id="137" from="StgValue_136" to="sym_count_V_flag_1" fromId="136" toId="22">
<condition id="-1">
<or_exp><and_exp><literal name="data_src_state_load" val="1"/>
<literal name="icmp_ln879" val="0"/>
</and_exp></or_exp>
</condition>
</dataflow>
<dataflow id="138" from="br_ln0" to="sym_count_V_flag_1" fromId="14" toId="22">
</dataflow>
<dataflow id="139" from="select_ln68_1" to="sym_count_V_new_1" fromId="19" toId="23">
<condition id="-1">
<or_exp><and_exp><literal name="data_src_state_load" val="1"/>
<literal name="icmp_ln879" val="1"/>
</and_exp></or_exp>
</condition>
</dataflow>
<dataflow id="140" from="br_ln74" to="sym_count_V_new_1" fromId="20" toId="23">
</dataflow>
<dataflow id="142" from="StgValue_141" to="sym_count_V_new_1" fromId="141" toId="23">
<condition id="-1">
<or_exp><and_exp><literal name="data_src_state_load" val="1"/>
<literal name="icmp_ln879" val="0"/>
</and_exp></or_exp>
</condition>
</dataflow>
<dataflow id="143" from="br_ln0" to="sym_count_V_new_1" fromId="14" toId="23">
</dataflow>
<dataflow id="144" from="StgValue_136" to="data_src_state_flag_2" fromId="136" toId="26">
<condition id="-1">
<or_exp><and_exp><literal name="data_src_state_load" val="-1"/>
</and_exp></or_exp>
</condition>
</dataflow>
<dataflow id="145" from="switch_ln30" to="data_src_state_flag_2" fromId="6" toId="26">
</dataflow>
<dataflow id="146" from="StgValue_133" to="data_src_state_flag_2" fromId="133" toId="26">
<condition id="-1">
<or_exp><and_exp><literal name="data_src_state_load" val="-2"/>
</and_exp></or_exp>
</condition>
</dataflow>
<dataflow id="147" from="br_ln86" to="data_src_state_flag_2" fromId="7" toId="26">
</dataflow>
<dataflow id="148" from="StgValue_133" to="data_src_state_flag_2" fromId="133" toId="26">
<condition id="-1">
<or_exp><and_exp><literal name="data_src_state_load" val="1"/>
</and_exp></or_exp>
</condition>
</dataflow>
<dataflow id="149" from="br_ln81" to="data_src_state_flag_2" fromId="24" toId="26">
</dataflow>
<dataflow id="150" from="StgValue_133" to="data_src_state_flag_2" fromId="133" toId="26">
<condition id="-1">
<or_exp><and_exp><literal name="data_src_state_load" val="0"/>
</and_exp></or_exp>
</condition>
</dataflow>
<dataflow id="151" from="br_ln47" to="data_src_state_flag_2" fromId="25" toId="26">
</dataflow>
<dataflow id="153" from="StgValue_152" to="data_src_state_new_2" fromId="152" toId="27">
<condition id="-1">
<or_exp><and_exp><literal name="data_src_state_load" val="-1"/>
</and_exp></or_exp>
</condition>
</dataflow>
<dataflow id="154" from="switch_ln30" to="data_src_state_new_2" fromId="6" toId="27">
</dataflow>
<dataflow id="155" from="StgValue_96" to="data_src_state_new_2" fromId="96" toId="27">
<condition id="-1">
<or_exp><and_exp><literal name="data_src_state_load" val="-2"/>
</and_exp></or_exp>
</condition>
</dataflow>
<dataflow id="156" from="br_ln86" to="data_src_state_new_2" fromId="7" toId="27">
</dataflow>
<dataflow id="157" from="data_src_state_new_1" to="data_src_state_new_2" fromId="21" toId="27">
<condition id="-1">
<or_exp><and_exp><literal name="data_src_state_load" val="1"/>
</and_exp></or_exp>
</condition>
</dataflow>
<dataflow id="158" from="br_ln81" to="data_src_state_new_2" fromId="24" toId="27">
</dataflow>
<dataflow id="159" from="StgValue_98" to="data_src_state_new_2" fromId="98" toId="27">
<condition id="-1">
<or_exp><and_exp><literal name="data_src_state_load" val="0"/>
</and_exp></or_exp>
</condition>
</dataflow>
<dataflow id="160" from="br_ln47" to="data_src_state_new_2" fromId="25" toId="27">
</dataflow>
<dataflow id="161" from="StgValue_136" to="sym_count_V_flag_2" fromId="136" toId="28">
<condition id="-1">
<or_exp><and_exp><literal name="data_src_state_load" val="-1"/>
</and_exp></or_exp>
</condition>
</dataflow>
<dataflow id="162" from="switch_ln30" to="sym_count_V_flag_2" fromId="6" toId="28">
</dataflow>
<dataflow id="163" from="StgValue_133" to="sym_count_V_flag_2" fromId="133" toId="28">
<condition id="-1">
<or_exp><and_exp><literal name="data_src_state_load" val="-2"/>
</and_exp></or_exp>
</condition>
</dataflow>
<dataflow id="164" from="br_ln86" to="sym_count_V_flag_2" fromId="7" toId="28">
</dataflow>
<dataflow id="165" from="sym_count_V_flag_1" to="sym_count_V_flag_2" fromId="22" toId="28">
<condition id="-1">
<or_exp><and_exp><literal name="data_src_state_load" val="1"/>
</and_exp></or_exp>
</condition>
</dataflow>
<dataflow id="166" from="br_ln81" to="sym_count_V_flag_2" fromId="24" toId="28">
</dataflow>
<dataflow id="167" from="StgValue_136" to="sym_count_V_flag_2" fromId="136" toId="28">
<condition id="-1">
<or_exp><and_exp><literal name="data_src_state_load" val="0"/>
</and_exp></or_exp>
</condition>
</dataflow>
<dataflow id="168" from="br_ln47" to="sym_count_V_flag_2" fromId="25" toId="28">
</dataflow>
<dataflow id="169" from="StgValue_141" to="sym_count_V_new_2" fromId="141" toId="29">
<condition id="-1">
<or_exp><and_exp><literal name="data_src_state_load" val="-1"/>
</and_exp></or_exp>
</condition>
</dataflow>
<dataflow id="170" from="switch_ln30" to="sym_count_V_new_2" fromId="6" toId="29">
</dataflow>
<dataflow id="171" from="StgValue_117" to="sym_count_V_new_2" fromId="117" toId="29">
<condition id="-1">
<or_exp><and_exp><literal name="data_src_state_load" val="-2"/>
</and_exp></or_exp>
</condition>
</dataflow>
<dataflow id="172" from="br_ln86" to="sym_count_V_new_2" fromId="7" toId="29">
</dataflow>
<dataflow id="173" from="sym_count_V_new_1" to="sym_count_V_new_2" fromId="23" toId="29">
<condition id="-1">
<or_exp><and_exp><literal name="data_src_state_load" val="1"/>
</and_exp></or_exp>
</condition>
</dataflow>
<dataflow id="174" from="br_ln81" to="sym_count_V_new_2" fromId="24" toId="29">
</dataflow>
<dataflow id="175" from="StgValue_141" to="sym_count_V_new_2" fromId="141" toId="29">
<condition id="-1">
<or_exp><and_exp><literal name="data_src_state_load" val="0"/>
</and_exp></or_exp>
</condition>
</dataflow>
<dataflow id="176" from="br_ln47" to="sym_count_V_new_2" fromId="25" toId="29">
</dataflow>
<dataflow id="177" from="sym_count_V_flag_2" to="br_ln0" fromId="28" toId="30">
</dataflow>
<dataflow id="178" from="sym_count_V_new_2" to="store_ln66" fromId="29" toId="31">
</dataflow>
<dataflow id="179" from="sym_count_V" to="store_ln66" fromId="91" toId="31">
</dataflow>
<dataflow id="180" from="data_src_state_flag_2" to="br_ln0" fromId="26" toId="32">
</dataflow>
<dataflow id="181" from="data_src_state_new_2" to="store_ln45" fromId="27" toId="33">
</dataflow>
<dataflow id="182" from="data_src_state" to="store_ln45" fromId="90" toId="33">
</dataflow>
<dataflow id="183" from="trunc_ln215" to="icmp_ln10" fromId="9" toId="34">
</dataflow>
<dataflow id="184" from="StgValue_96" to="icmp_ln10" fromId="96" toId="34">
</dataflow>
<dataflow id="185" from="trunc_ln215" to="icmp_ln10_1" fromId="9" toId="35">
</dataflow>
<dataflow id="186" from="StgValue_98" to="icmp_ln10_1" fromId="98" toId="35">
</dataflow>
<dataflow id="187" from="icmp_ln10_1" to="select_ln215" fromId="35" toId="36">
</dataflow>
<dataflow id="189" from="StgValue_188" to="select_ln215" fromId="188" toId="36">
</dataflow>
<dataflow id="191" from="StgValue_190" to="select_ln215" fromId="190" toId="36">
</dataflow>
<dataflow id="192" from="icmp_ln10_1" to="or_ln215" fromId="35" toId="37">
</dataflow>
<dataflow id="193" from="icmp_ln10" to="or_ln215" fromId="34" toId="37">
</dataflow>
<dataflow id="194" from="or_ln215" to="select_ln215_1" fromId="37" toId="38">
</dataflow>
<dataflow id="195" from="select_ln215" to="select_ln215_1" fromId="36" toId="38">
</dataflow>
<dataflow id="197" from="StgValue_196" to="select_ln215_1" fromId="196" toId="38">
</dataflow>
<dataflow id="198" from="select_ln215_1" to="zext_ln215" fromId="38" toId="39">
</dataflow>
<dataflow id="199" from="icmp_ln10_1" to="select_ln215_2" fromId="35" toId="40">
</dataflow>
<dataflow id="201" from="StgValue_200" to="select_ln215_2" fromId="200" toId="40">
</dataflow>
<dataflow id="202" from="StgValue_126" to="select_ln215_2" fromId="126" toId="40">
</dataflow>
<dataflow id="203" from="or_ln215" to="select_ln215_3" fromId="37" toId="41">
</dataflow>
<dataflow id="204" from="select_ln215_2" to="select_ln215_3" fromId="40" toId="41">
</dataflow>
<dataflow id="206" from="StgValue_205" to="select_ln215_3" fromId="205" toId="41">
</dataflow>
<dataflow id="207" from="select_ln215_3" to="zext_ln215_1" fromId="41" toId="42">
</dataflow>
<dataflow id="208" from="icmp_ln10_1" to="select_ln215_4" fromId="35" toId="43">
</dataflow>
<dataflow id="210" from="StgValue_209" to="select_ln215_4" fromId="209" toId="43">
</dataflow>
<dataflow id="212" from="StgValue_211" to="select_ln215_4" fromId="211" toId="43">
</dataflow>
<dataflow id="213" from="or_ln215" to="select_ln215_5" fromId="37" toId="44">
</dataflow>
<dataflow id="214" from="select_ln215_4" to="select_ln215_5" fromId="43" toId="44">
</dataflow>
<dataflow id="216" from="StgValue_215" to="select_ln215_5" fromId="215" toId="44">
</dataflow>
<dataflow id="217" from="select_ln215_5" to="sext_ln215" fromId="44" toId="45">
</dataflow>
<dataflow id="219" from="_ssdm_op_BitConcatenate.i64.i12.i12.i2.i10.i8.i20" to="tmp_1" fromId="218" toId="46">
</dataflow>
<dataflow id="221" from="StgValue_220" to="tmp_1" fromId="220" toId="46">
</dataflow>
<dataflow id="222" from="zext_ln215" to="tmp_1" fromId="39" toId="46">
</dataflow>
<dataflow id="223" from="StgValue_96" to="tmp_1" fromId="96" toId="46">
</dataflow>
<dataflow id="224" from="zext_ln215_1" to="tmp_1" fromId="42" toId="46">
</dataflow>
<dataflow id="225" from="sext_ln215" to="tmp_1" fromId="45" toId="46">
</dataflow>
<dataflow id="227" from="StgValue_226" to="tmp_1" fromId="226" toId="46">
</dataflow>
<dataflow id="229" from="_ssdm_op_Write.axis.volatile.i64P" to="write_ln80" fromId="228" toId="47">
</dataflow>
<dataflow id="230" from="L1_data_out_V" to="write_ln80" fromId="87" toId="47">
</dataflow>
<dataflow id="231" from="tmp_1" to="write_ln80" fromId="46" toId="47">
</dataflow>
<dataflow id="233" from="_ssdm_op_BitConcatenate.i64.i38.i6.i20" to="tmp" fromId="232" toId="48">
</dataflow>
<dataflow id="235" from="StgValue_234" to="tmp" fromId="234" toId="48">
</dataflow>
<dataflow id="236" from="t_V" to="tmp" fromId="5" toId="48">
</dataflow>
<dataflow id="237" from="StgValue_226" to="tmp" fromId="226" toId="48">
</dataflow>
<dataflow id="238" from="_ssdm_op_Write.axis.volatile.i64P" to="write_ln44" fromId="228" toId="49">
</dataflow>
<dataflow id="239" from="L1_data_out_V" to="write_ln44" fromId="87" toId="49">
</dataflow>
<dataflow id="240" from="tmp" to="write_ln44" fromId="48" toId="49">
</dataflow>
<dataflow id="242" from="_ssdm_op_SpecBitsMap" to="specbitsmap_ln0" fromId="241" toId="50">
</dataflow>
<dataflow id="243" from="L1_data_out_V" to="specbitsmap_ln0" fromId="87" toId="50">
</dataflow>
<dataflow id="244" from="_ssdm_op_SpecBitsMap" to="specbitsmap_ln0" fromId="241" toId="51">
</dataflow>
<dataflow id="245" from="st_out_V" to="specbitsmap_ln0" fromId="88" toId="51">
</dataflow>
<dataflow id="246" from="_ssdm_op_SpecBitsMap" to="specbitsmap_ln0" fromId="241" toId="52">
</dataflow>
<dataflow id="247" from="symbol_number_V" to="specbitsmap_ln0" fromId="89" toId="52">
</dataflow>
<dataflow id="249" from="_ssdm_op_SpecTopModule" to="spectopmodule_ln0" fromId="248" toId="53">
</dataflow>
<dataflow id="251" from="Userplane_L1_Data_Ge" to="spectopmodule_ln0" fromId="250" toId="53">
</dataflow>
<dataflow id="253" from="_ssdm_op_SpecPipeline" to="specpipeline_ln5" fromId="252" toId="54">
</dataflow>
<dataflow id="255" from="StgValue_254" to="specpipeline_ln5" fromId="254" toId="54">
</dataflow>
<dataflow id="256" from="StgValue_254" to="specpipeline_ln5" fromId="254" toId="54">
</dataflow>
<dataflow id="257" from="StgValue_254" to="specpipeline_ln5" fromId="254" toId="54">
</dataflow>
<dataflow id="259" from="StgValue_258" to="specpipeline_ln5" fromId="258" toId="54">
</dataflow>
<dataflow id="261" from="p_str" to="specpipeline_ln5" fromId="260" toId="54">
</dataflow>
<dataflow id="263" from="_ssdm_op_SpecInterface" to="specinterface_ln7" fromId="262" toId="55">
</dataflow>
<dataflow id="264" from="L1_data_out_V" to="specinterface_ln7" fromId="87" toId="55">
</dataflow>
<dataflow id="266" from="p_str2" to="specinterface_ln7" fromId="265" toId="55">
</dataflow>
<dataflow id="267" from="StgValue_254" to="specinterface_ln7" fromId="254" toId="55">
</dataflow>
<dataflow id="268" from="StgValue_254" to="specinterface_ln7" fromId="254" toId="55">
</dataflow>
<dataflow id="270" from="p_str3" to="specinterface_ln7" fromId="269" toId="55">
</dataflow>
<dataflow id="271" from="StgValue_258" to="specinterface_ln7" fromId="258" toId="55">
</dataflow>
<dataflow id="272" from="StgValue_258" to="specinterface_ln7" fromId="258" toId="55">
</dataflow>
<dataflow id="273" from="p_str" to="specinterface_ln7" fromId="260" toId="55">
</dataflow>
<dataflow id="274" from="p_str" to="specinterface_ln7" fromId="260" toId="55">
</dataflow>
<dataflow id="275" from="p_str" to="specinterface_ln7" fromId="260" toId="55">
</dataflow>
<dataflow id="276" from="StgValue_258" to="specinterface_ln7" fromId="258" toId="55">
</dataflow>
<dataflow id="277" from="StgValue_258" to="specinterface_ln7" fromId="258" toId="55">
</dataflow>
<dataflow id="278" from="StgValue_258" to="specinterface_ln7" fromId="258" toId="55">
</dataflow>
<dataflow id="279" from="StgValue_258" to="specinterface_ln7" fromId="258" toId="55">
</dataflow>
<dataflow id="280" from="p_str" to="specinterface_ln7" fromId="260" toId="55">
</dataflow>
<dataflow id="281" from="p_str" to="specinterface_ln7" fromId="260" toId="55">
</dataflow>
<dataflow id="282" from="_ssdm_op_SpecInterface" to="specinterface_ln8" fromId="262" toId="56">
</dataflow>
<dataflow id="283" from="StgValue_258" to="specinterface_ln8" fromId="258" toId="56">
</dataflow>
<dataflow id="285" from="p_str4" to="specinterface_ln8" fromId="284" toId="56">
</dataflow>
<dataflow id="286" from="StgValue_258" to="specinterface_ln8" fromId="258" toId="56">
</dataflow>
<dataflow id="287" from="StgValue_258" to="specinterface_ln8" fromId="258" toId="56">
</dataflow>
<dataflow id="288" from="p_str" to="specinterface_ln8" fromId="260" toId="56">
</dataflow>
<dataflow id="289" from="StgValue_258" to="specinterface_ln8" fromId="258" toId="56">
</dataflow>
<dataflow id="290" from="StgValue_258" to="specinterface_ln8" fromId="258" toId="56">
</dataflow>
<dataflow id="291" from="p_str" to="specinterface_ln8" fromId="260" toId="56">
</dataflow>
<dataflow id="292" from="p_str" to="specinterface_ln8" fromId="260" toId="56">
</dataflow>
<dataflow id="293" from="p_str" to="specinterface_ln8" fromId="260" toId="56">
</dataflow>
<dataflow id="294" from="StgValue_258" to="specinterface_ln8" fromId="258" toId="56">
</dataflow>
<dataflow id="295" from="StgValue_258" to="specinterface_ln8" fromId="258" toId="56">
</dataflow>
<dataflow id="296" from="StgValue_258" to="specinterface_ln8" fromId="258" toId="56">
</dataflow>
<dataflow id="297" from="StgValue_258" to="specinterface_ln8" fromId="258" toId="56">
</dataflow>
<dataflow id="298" from="p_str" to="specinterface_ln8" fromId="260" toId="56">
</dataflow>
<dataflow id="299" from="p_str" to="specinterface_ln8" fromId="260" toId="56">
</dataflow>
<dataflow id="300" from="_ssdm_op_SpecInterface" to="specinterface_ln9" fromId="262" toId="57">
</dataflow>
<dataflow id="301" from="symbol_number_V" to="specinterface_ln9" fromId="89" toId="57">
</dataflow>
<dataflow id="303" from="p_str5" to="specinterface_ln9" fromId="302" toId="57">
</dataflow>
<dataflow id="304" from="StgValue_258" to="specinterface_ln9" fromId="258" toId="57">
</dataflow>
<dataflow id="305" from="StgValue_258" to="specinterface_ln9" fromId="258" toId="57">
</dataflow>
<dataflow id="306" from="p_str" to="specinterface_ln9" fromId="260" toId="57">
</dataflow>
<dataflow id="307" from="StgValue_258" to="specinterface_ln9" fromId="258" toId="57">
</dataflow>
<dataflow id="308" from="StgValue_258" to="specinterface_ln9" fromId="258" toId="57">
</dataflow>
<dataflow id="309" from="p_str" to="specinterface_ln9" fromId="260" toId="57">
</dataflow>
<dataflow id="310" from="p_str" to="specinterface_ln9" fromId="260" toId="57">
</dataflow>
<dataflow id="311" from="p_str" to="specinterface_ln9" fromId="260" toId="57">
</dataflow>
<dataflow id="312" from="StgValue_258" to="specinterface_ln9" fromId="258" toId="57">
</dataflow>
<dataflow id="313" from="StgValue_258" to="specinterface_ln9" fromId="258" toId="57">
</dataflow>
<dataflow id="314" from="StgValue_258" to="specinterface_ln9" fromId="258" toId="57">
</dataflow>
<dataflow id="315" from="StgValue_258" to="specinterface_ln9" fromId="258" toId="57">
</dataflow>
<dataflow id="316" from="p_str" to="specinterface_ln9" fromId="260" toId="57">
</dataflow>
<dataflow id="317" from="p_str" to="specinterface_ln9" fromId="260" toId="57">
</dataflow>
<dataflow id="318" from="_ssdm_op_SpecInterface" to="specinterface_ln10" fromId="262" toId="58">
</dataflow>
<dataflow id="319" from="st_out_V" to="specinterface_ln10" fromId="88" toId="58">
</dataflow>
<dataflow id="320" from="p_str5" to="specinterface_ln10" fromId="302" toId="58">
</dataflow>
<dataflow id="321" from="StgValue_258" to="specinterface_ln10" fromId="258" toId="58">
</dataflow>
<dataflow id="322" from="StgValue_258" to="specinterface_ln10" fromId="258" toId="58">
</dataflow>
<dataflow id="323" from="p_str" to="specinterface_ln10" fromId="260" toId="58">
</dataflow>
<dataflow id="324" from="StgValue_258" to="specinterface_ln10" fromId="258" toId="58">
</dataflow>
<dataflow id="325" from="StgValue_258" to="specinterface_ln10" fromId="258" toId="58">
</dataflow>
<dataflow id="326" from="p_str" to="specinterface_ln10" fromId="260" toId="58">
</dataflow>
<dataflow id="327" from="p_str" to="specinterface_ln10" fromId="260" toId="58">
</dataflow>
<dataflow id="328" from="p_str" to="specinterface_ln10" fromId="260" toId="58">
</dataflow>
<dataflow id="329" from="StgValue_258" to="specinterface_ln10" fromId="258" toId="58">
</dataflow>
<dataflow id="330" from="StgValue_258" to="specinterface_ln10" fromId="258" toId="58">
</dataflow>
<dataflow id="331" from="StgValue_258" to="specinterface_ln10" fromId="258" toId="58">
</dataflow>
<dataflow id="332" from="StgValue_258" to="specinterface_ln10" fromId="258" toId="58">
</dataflow>
<dataflow id="333" from="p_str" to="specinterface_ln10" fromId="260" toId="58">
</dataflow>
<dataflow id="334" from="p_str" to="specinterface_ln10" fromId="260" toId="58">
</dataflow>
<dataflow id="336" from="_ssdm_op_SpecReset" to="specreset_ln15" fromId="335" toId="59">
</dataflow>
<dataflow id="337" from="data_src_state" to="specreset_ln15" fromId="90" toId="59">
</dataflow>
<dataflow id="338" from="StgValue_254" to="specreset_ln15" fromId="254" toId="59">
</dataflow>
<dataflow id="339" from="p_str" to="specreset_ln15" fromId="260" toId="59">
</dataflow>
<dataflow id="340" from="data_src_state_load" to="zext_ln301" fromId="4" toId="60">
</dataflow>
<dataflow id="342" from="_ssdm_op_Write.ap_none.i4P" to="write_ln28" fromId="341" toId="61">
</dataflow>
<dataflow id="343" from="st_out_V" to="write_ln28" fromId="88" toId="61">
</dataflow>
<dataflow id="344" from="zext_ln301" to="write_ln28" fromId="60" toId="61">
</dataflow>
<dataflow id="345" from="_ssdm_op_Write.axis.volatile.i64P" to="write_ln80" fromId="228" toId="62">
</dataflow>
<dataflow id="346" from="L1_data_out_V" to="write_ln80" fromId="87" toId="62">
</dataflow>
<dataflow id="347" from="tmp_1" to="write_ln80" fromId="46" toId="62">
</dataflow>
<dataflow id="349" from="_ssdm_op_Write.ap_none.i6P" to="write_ln43" fromId="348" toId="63">
</dataflow>
<dataflow id="350" from="symbol_number_V" to="write_ln43" fromId="89" toId="63">
</dataflow>
<dataflow id="351" from="t_V" to="write_ln43" fromId="5" toId="63">
</dataflow>
<dataflow id="352" from="_ssdm_op_Write.axis.volatile.i64P" to="write_ln44" fromId="228" toId="64">
</dataflow>
<dataflow id="353" from="L1_data_out_V" to="write_ln44" fromId="87" toId="64">
</dataflow>
<dataflow id="354" from="tmp" to="write_ln44" fromId="48" toId="64">
</dataflow>
<dataflow id="355" from="data_src_state_load" to="StgValue_1" fromId="4" toId="1">
</dataflow>
<dataflow id="356" from="icmp_ln879" to="StgValue_1" fromId="10" toId="1">
</dataflow>
<dataflow id="357" from="sym_count_V_flag_2" to="StgValue_1" fromId="28" toId="1">
</dataflow>
<dataflow id="358" from="data_src_state_flag_2" to="StgValue_1" fromId="26" toId="1">
</dataflow>
<dataflow id="359" from="data_src_state_load" to="StgValue_2" fromId="4" toId="2">
</dataflow>
<dataflow id="360" from="data_src_state_load" to="StgValue_3" fromId="4" toId="3">
</dataflow>
<dataflow id="361" from="sym_count_V_flag_2" to="StgValue_3" fromId="28" toId="3">
</dataflow>
<dataflow id="362" from="data_src_state_flag_2" to="StgValue_3" fromId="26" toId="3">
</dataflow>
</dataflows>


</stg>
