<profile>

<section name = "Vivado HLS Report for 'Userplane_L1_Data_Gen'" level="0">
<item name = "Date">Thu Mar 18 10:34:00 2021
</item>
<item name = "Version">2019.1 (Build 2552052 on Fri May 24 15:28:33 MDT 2019)</item>
<item name = "Project">12_Dummy_L1_to_UPLANE</item>
<item name = "Solution">solution1</item>
<item name = "Product family">zynquplus</item>
<item name = "Target device">xczu9eg-ffvb1156-2-e</item>
</section>

<section name = "Performance Estimates" level="0">
<item name = "Timing (ns)">
<section name = "" level="1">
<item name = "Summary"><table name="" hasTotal="0">
<keys size="4">Clock, Target, Estimated, Uncertainty</keys>
<column name="ap_clk">10.00, 3.281, 1.25</column>
</table>
</item>
</section>
</item>
<item name = "Latency (clock cycles)">
<section name = "" level="1">
<item name = "Summary"><table name="" hasTotal="0">
<keys size="6">, min, max, min, max, Type</keys>
<column name="">2, 2, 1, 1, function</column>
</table>
</item>
<item name = "Detail">
<section name = "" level="1">
<item name = "Instance"><table name="" hasTotal="0">
<keys size="7">Instance, Module, min, max, min, max, Type</keys>
</table>
</item>
<item name = "Loop"><table name="" hasTotal="0">
<keys size="8">Loop Name, min, max, Latency, achieved, target, Count, Pipelined</keys>
</table>
</item>
</section>
</item>
</section>
</item>
</section>

<section name = "Utilization Estimates" level="0">
<item name = "Summary"><table name="" hasTotal="1">
<keys size="6">Name, BRAM_18K, DSP48E, FF, LUT, URAM</keys>
<column name="DSP">-, -, -, -, -</column>
<column name="Expression">-, -, 0, 149, -</column>
<column name="FIFO">-, -, -, -, -</column>
<column name="Instance">-, -, -, -, -</column>
<column name="Memory">-, -, -, -, -</column>
<column name="Multiplexer">-, -, -, 168, -</column>
<column name="Register">-, -, 165, -, -</column>
<specialColumn name="Available">1824, 2520, 548160, 274080, 0</specialColumn>
<specialColumn name="Utilization (%)">0, 0, ~0, ~0, 0</specialColumn>
</table>
</item>
<item name = "Detail">
<section name = "" level="1">
<item name = "Instance"><table name="" hasTotal="1">
<keys size="7">Instance, Module, BRAM_18K, DSP48E, FF, LUT, URAM</keys>
</table>
</item>
<item name = "DSP48E"><table name="" hasTotal="0">
<keys size="3">Instance, Module, Expression</keys>
</table>
</item>
<item name = "Memory"><table name="" hasTotal="1">
<keys size="10">Memory, Module, BRAM_18K, FF, LUT, URAM, Words, Bits, Banks, W*Bits*Banks</keys>
</table>
</item>
<item name = "FIFO"><table name="" hasTotal="1">
<keys size="8">Name, BRAM_18K, FF, LUT, URAM, Depth, Bits, Size:D*B</keys>
</table>
</item>
<item name = "Expression"><table name="" hasTotal="1">
<keys size="7">Variable Name, Operation, DSP48E, FF, LUT, Bitwidth P0, Bitwidth P1</keys>
<column name="add_ln700_1_fu_240_p2">+, 0, 0, 12, 4, 1</column>
<column name="add_ln700_fu_258_p2">+, 0, 0, 15, 6, 1</column>
<column name="L1_data_out_V_1_load_A">and, 0, 0, 2, 1, 1</column>
<column name="L1_data_out_V_1_load_B">and, 0, 0, 2, 1, 1</column>
<column name="ap_block_pp0_stage0_01001">and, 0, 0, 2, 1, 1</column>
<column name="ap_condition_184">and, 0, 0, 2, 1, 1</column>
<column name="ap_condition_208">and, 0, 0, 2, 1, 1</column>
<column name="ap_condition_210">and, 0, 0, 2, 1, 1</column>
<column name="ap_condition_233">and, 0, 0, 2, 1, 1</column>
<column name="L1_data_out_V_1_state_cmp_full">icmp, 0, 0, 8, 2, 1</column>
<column name="icmp_ln10_1_fu_305_p2">icmp, 0, 0, 8, 2, 1</column>
<column name="icmp_ln10_fu_300_p2">icmp, 0, 0, 8, 2, 1</column>
<column name="icmp_ln879_1_fu_264_p2">icmp, 0, 0, 11, 6, 4</column>
<column name="icmp_ln879_fu_234_p2">icmp, 0, 0, 9, 4, 2</column>
<column name="ap_block_pp0_stage0_11001">or, 0, 0, 2, 1, 1</column>
<column name="ap_block_state2_io">or, 0, 0, 2, 1, 1</column>
<column name="ap_block_state3_io">or, 0, 0, 2, 1, 1</column>
<column name="ap_block_state3_pp0_stage0_iter2">or, 0, 0, 2, 1, 1</column>
<column name="or_ln215_fu_318_p2">or, 0, 0, 2, 1, 1</column>
<column name="select_ln215_1_fu_324_p3">select, 0, 0, 9, 1, 9</column>
<column name="select_ln215_2_fu_336_p3">select, 0, 0, 6, 1, 6</column>
<column name="select_ln215_3_fu_344_p3">select, 0, 0, 6, 1, 6</column>
<column name="select_ln215_4_fu_356_p3">select, 0, 0, 6, 1, 5</column>
<column name="select_ln215_5_fu_364_p3">select, 0, 0, 7, 1, 7</column>
<column name="select_ln215_fu_310_p3">select, 0, 0, 9, 1, 9</column>
<column name="select_ln68_1_fu_279_p3">select, 0, 0, 6, 1, 1</column>
<column name="select_ln68_fu_270_p3">select, 0, 0, 3, 1, 3</column>
<column name="ap_enable_pp0">xor, 0, 0, 2, 1, 2</column>
</table>
</item>
<item name = "Multiplexer"><table name="" hasTotal="1">
<keys size="5">Name, LUT, Input Size, Bits, Total Bits</keys>
<column name="L1_data_out_V_1_data_in">15, 3, 64, 192</column>
<column name="L1_data_out_V_1_data_out">9, 2, 64, 128</column>
<column name="L1_data_out_V_1_state">15, 3, 2, 6</column>
<column name="L1_data_out_V_TDATA_blk_n">9, 2, 1, 2</column>
<column name="ap_phi_mux_data_src_state_flag_2_phi_fu_151_p8">15, 3, 1, 3</column>
<column name="ap_phi_mux_data_src_state_new_1_phi_fu_120_p4">15, 3, 2, 6</column>
<column name="ap_phi_mux_data_src_state_new_2_phi_fu_169_p8">21, 4, 2, 8</column>
<column name="ap_phi_mux_sym_count_V_flag_1_phi_fu_130_p4">15, 3, 1, 3</column>
<column name="ap_phi_mux_sym_count_V_flag_2_phi_fu_186_p8">21, 4, 1, 4</column>
<column name="ap_phi_mux_sym_count_V_new_1_phi_fu_141_p4">9, 2, 6, 12</column>
<column name="ap_phi_mux_sym_count_V_new_2_phi_fu_204_p8">15, 3, 6, 18</column>
<column name="section_count_V">9, 2, 4, 8</column>
</table>
</item>
<item name = "Register"><table name="" hasTotal="1">
<keys size="5">Name, FF, LUT, Bits, Const Bits</keys>
<column name="L1_data_out_V_1_payload_A">64, 0, 64, 0</column>
<column name="L1_data_out_V_1_payload_B">64, 0, 64, 0</column>
<column name="L1_data_out_V_1_sel_rd">1, 0, 1, 0</column>
<column name="L1_data_out_V_1_sel_wr">1, 0, 1, 0</column>
<column name="L1_data_out_V_1_state">2, 0, 2, 0</column>
<column name="ap_CS_fsm">1, 0, 1, 0</column>
<column name="ap_enable_reg_pp0_iter1">1, 0, 1, 0</column>
<column name="ap_enable_reg_pp0_iter2">1, 0, 1, 0</column>
<column name="data_src_state">2, 0, 2, 0</column>
<column name="data_src_state_load_reg_407">2, 0, 2, 0</column>
<column name="data_src_state_load_reg_407_pp0_iter1_reg">2, 0, 2, 0</column>
<column name="section_count_V">4, 0, 4, 0</column>
<column name="sym_count_V">6, 0, 6, 0</column>
<column name="t_V_reg_412">6, 0, 6, 0</column>
<column name="t_V_reg_412_pp0_iter1_reg">6, 0, 6, 0</column>
<column name="trunc_ln215_reg_418">2, 0, 2, 0</column>
</table>
</item>
</section>
</item>
</section>

<section name = "Interface" level="0">
<item name = "Summary"><table name="" hasTotal="0">
<keys size="6">RTL Ports, Dir, Bits, Protocol, Source Object, C Type</keys>
<column name="ap_clk">in, 1, ap_ctrl_none, Userplane_L1_Data_Gen, return value</column>
<column name="ap_rst_n">in, 1, ap_ctrl_none, Userplane_L1_Data_Gen, return value</column>
<column name="L1_data_out_V_TDATA">out, 64, axis, L1_data_out_V, pointer</column>
<column name="L1_data_out_V_TVALID">out, 1, axis, L1_data_out_V, pointer</column>
<column name="L1_data_out_V_TREADY">in, 1, axis, L1_data_out_V, pointer</column>
<column name="st_out_V">out, 4, ap_none, st_out_V, pointer</column>
<column name="symbol_number_V">out, 6, ap_none, symbol_number_V, pointer</column>
</table>
</item>
</section>
</profile>
