<stg><name>BfW_Coeff_Gen</name>


<trans_list>

<trans id="26" from="1" to="2">
<condition id="-1">
<or_exp><and_exp></and_exp></or_exp>
</condition>
</trans>

<trans id="33" from="2" to="4">
<condition id="-1">
<or_exp><and_exp><literal name="icmp_ln9" val="1"/>
</and_exp></or_exp>
</condition>
</trans>

<trans id="34" from="2" to="3">
<condition id="-1">
<or_exp><and_exp><literal name="icmp_ln9" val="0"/>
</and_exp></or_exp>
</condition>
</trans>

<trans id="32" from="3" to="2">
<condition id="-1">
<or_exp><and_exp></and_exp></or_exp>
</condition>
</trans>
</trans_list>



<state_list>

<state id="1" st_id="1">

<operation id="5" st_id="1" stage="1" lat="1">
<core>NULL</core>
<MemPortIdVec></MemPortIdVec>
<condition id="-1">
<or_exp><and_exp></and_exp></or_exp>
</condition>

<Node id="3" bw="0" op_0_bw="0" op_1_bw="128">
<![CDATA[
:0  call void (...)* @_ssdm_op_SpecBitsMap(i128* %bfw_coeff_V_V), !map !22

]]></Node>
<StgValue><ssdm name="specbitsmap_ln0"/></StgValue>
</operation>

<operation id="6" st_id="1" stage="1" lat="1">
<core>NULL</core>
<MemPortIdVec></MemPortIdVec>
<condition id="-1">
<or_exp><and_exp></and_exp></or_exp>
</condition>

<Node id="4" bw="0" op_0_bw="0" op_1_bw="0">
<![CDATA[
:1  call void (...)* @_ssdm_op_SpecTopModule([14 x i8]* @BfW_Coeff_Gen_str) nounwind

]]></Node>
<StgValue><ssdm name="spectopmodule_ln0"/></StgValue>
</operation>

<operation id="7" st_id="1" stage="1" lat="1">
<core>NULL</core>
<MemPortIdVec></MemPortIdVec>
<condition id="-1">
<or_exp><and_exp></and_exp></or_exp>
</condition>

<Node id="5" bw="0" op_0_bw="0" op_1_bw="32" op_2_bw="0" op_3_bw="32" op_4_bw="32" op_5_bw="0" op_6_bw="32" op_7_bw="32" op_8_bw="0" op_9_bw="0" op_10_bw="0" op_11_bw="32" op_12_bw="32" op_13_bw="32" op_14_bw="32" op_15_bw="0" op_16_bw="0">
<![CDATA[
:2  call void (...)* @_ssdm_op_SpecInterface(i32 0, [13 x i8]* @p_str, i32 0, i32 0, [1 x i8]* @p_str1, i32 0, i32 0, [1 x i8]* @p_str1, [1 x i8]* @p_str1, [1 x i8]* @p_str1, i32 0, i32 0, i32 0, i32 0, [1 x i8]* @p_str1, [1 x i8]* @p_str1) nounwind

]]></Node>
<StgValue><ssdm name="specinterface_ln5"/></StgValue>
</operation>

<operation id="8" st_id="1" stage="1" lat="1">
<core>NULL</core>
<MemPortIdVec></MemPortIdVec>
<condition id="-1">
<or_exp><and_exp></and_exp></or_exp>
</condition>

<Node id="6" bw="0" op_0_bw="0" op_1_bw="128" op_2_bw="0" op_3_bw="32" op_4_bw="32" op_5_bw="0" op_6_bw="32" op_7_bw="32" op_8_bw="0" op_9_bw="0" op_10_bw="0" op_11_bw="32" op_12_bw="32" op_13_bw="32" op_14_bw="32" op_15_bw="0" op_16_bw="0">
<![CDATA[
:3  call void (...)* @_ssdm_op_SpecInterface(i128* %bfw_coeff_V_V, [5 x i8]* @p_str2, i32 0, i32 0, [1 x i8]* @p_str1, i32 0, i32 0, [1 x i8]* @p_str1, [1 x i8]* @p_str1, [1 x i8]* @p_str1, i32 0, i32 0, i32 0, i32 0, [1 x i8]* @p_str1, [1 x i8]* @p_str1) nounwind

]]></Node>
<StgValue><ssdm name="specinterface_ln6"/></StgValue>
</operation>

<operation id="9" st_id="1" stage="1" lat="1">
<core>NULL</core>
<MemPortIdVec></MemPortIdVec>
<condition id="-1">
<or_exp><and_exp></and_exp></or_exp>
</condition>

<Node id="7" bw="0" op_0_bw="0" op_1_bw="128" op_2_bw="0" op_3_bw="0" op_4_bw="0" op_5_bw="32" op_6_bw="0" op_7_bw="0" op_8_bw="0" op_9_bw="0" op_10_bw="0">
<![CDATA[
:4  call void (...)* @_ssdm_op_SpecMemCore([8192 x i128]* @coeff, [1 x i8]* @p_str1, [12 x i8]* @p_str1004, [1 x i8]* @p_str1, i32 -1, [1 x i8]* @p_str1, [1 x i8]* @p_str1, [1 x i8]* @p_str1, [1 x i8]* @p_str1, [1 x i8]* @p_str1)

]]></Node>
<StgValue><ssdm name="specmemcore_ln8"/></StgValue>
</operation>

<operation id="10" st_id="1" stage="1" lat="1">
<core>NULL</core>
<MemPortIdVec></MemPortIdVec>
<condition id="-1">
<or_exp><and_exp></and_exp></or_exp>
</condition>

<Node id="8" bw="0" op_0_bw="0">
<![CDATA[
:5  br label %1

]]></Node>
<StgValue><ssdm name="br_ln9"/></StgValue>
</operation>
</state>

<state id="2" st_id="2">

<operation id="11" st_id="2" stage="1" lat="1">
<core>NULL</core>
<MemPortIdVec></MemPortIdVec>
<condition id="-1">
<or_exp><and_exp></and_exp></or_exp>
</condition>

<Node id="10" bw="14" op_0_bw="14" op_1_bw="0" op_2_bw="14" op_3_bw="0">
<![CDATA[
:0  %j_0 = phi i14 [ 0, %0 ], [ %j, %hls_label_0 ]

]]></Node>
<StgValue><ssdm name="j_0"/></StgValue>
</operation>

<operation id="12" st_id="2" stage="1" lat="1">
<core>Cmp</core>
<MemPortIdVec></MemPortIdVec>
<condition id="-1">
<or_exp><and_exp></and_exp></or_exp>
</condition>

<Node id="11" bw="1" op_0_bw="14" op_1_bw="14">
<![CDATA[
:1  %icmp_ln9 = icmp eq i14 %j_0, -8192

]]></Node>
<StgValue><ssdm name="icmp_ln9"/></StgValue>
</operation>

<operation id="13" st_id="2" stage="1" lat="1">
<core>NULL</core>
<MemPortIdVec></MemPortIdVec>
<condition id="-1">
<or_exp><and_exp></and_exp></or_exp>
</condition>

<Node id="12" bw="32" op_0_bw="32" op_1_bw="64" op_2_bw="64" op_3_bw="64">
<![CDATA[
:2  %empty = call i32 (...)* @_ssdm_op_SpecLoopTripCount(i64 8192, i64 8192, i64 8192)

]]></Node>
<StgValue><ssdm name="empty"/></StgValue>
</operation>

<operation id="14" st_id="2" stage="1" lat="1">
<core>AddSub</core>
<MemPortIdVec></MemPortIdVec>
<condition id="-1">
<or_exp><and_exp></and_exp></or_exp>
</condition>

<Node id="13" bw="14" op_0_bw="14" op_1_bw="14">
<![CDATA[
:3  %j = add i14 %j_0, 1

]]></Node>
<StgValue><ssdm name="j"/></StgValue>
</operation>

<operation id="15" st_id="2" stage="1" lat="1">
<core>NULL</core>
<MemPortIdVec></MemPortIdVec>
<condition id="-1">
<or_exp><and_exp></and_exp></or_exp>
</condition>

<Node id="14" bw="0" op_0_bw="1" op_1_bw="0" op_2_bw="0">
<![CDATA[
:4  br i1 %icmp_ln9, label %2, label %hls_label_0

]]></Node>
<StgValue><ssdm name="br_ln9"/></StgValue>
</operation>

<operation id="16" st_id="2" stage="1" lat="1">
<core>NULL</core>
<MemPortIdVec></MemPortIdVec>
<condition id="-1">
<or_exp><and_exp><literal name="icmp_ln9" val="0"/>
</and_exp></or_exp>
</condition>

<Node id="18" bw="64" op_0_bw="14">
<![CDATA[
hls_label_0:2  %zext_ln11 = zext i14 %j_0 to i64

]]></Node>
<StgValue><ssdm name="zext_ln11"/></StgValue>
</operation>

<operation id="17" st_id="2" stage="1" lat="1">
<core>NULL</core>
<MemPortIdVec></MemPortIdVec>
<condition id="-1">
<or_exp><and_exp><literal name="icmp_ln9" val="0"/>
</and_exp></or_exp>
</condition>

<Node id="19" bw="13" op_0_bw="128" op_1_bw="64" op_2_bw="64">
<![CDATA[
hls_label_0:3  %coeff_addr = getelementptr [8192 x i128]* @coeff, i64 0, i64 %zext_ln11

]]></Node>
<StgValue><ssdm name="coeff_addr"/></StgValue>
</operation>

<operation id="18" st_id="2" stage="2" lat="2">
<core>RAM_1P_BRAM</core>
<MemPortIdVec>0 </MemPortIdVec>
<condition id="-1">
<or_exp><and_exp><literal name="icmp_ln9" val="0"/>
</and_exp></or_exp>
</condition>

<Node id="20" bw="128" op_0_bw="13">
<![CDATA[
hls_label_0:4  %tmp_V = load i128* %coeff_addr, align 16

]]></Node>
<StgValue><ssdm name="tmp_V"/></StgValue>
</operation>
</state>

<state id="3" st_id="3">

<operation id="19" st_id="3" stage="1" lat="1">
<core>NULL</core>
<MemPortIdVec></MemPortIdVec>
<condition id="-1">
<or_exp><and_exp><literal name="icmp_ln9" val="0"/>
</and_exp></or_exp>
</condition>

<Node id="16" bw="32" op_0_bw="32" op_1_bw="0">
<![CDATA[
hls_label_0:0  %tmp = call i32 (...)* @_ssdm_op_SpecRegionBegin([12 x i8]* @p_str1005)

]]></Node>
<StgValue><ssdm name="tmp"/></StgValue>
</operation>

<operation id="20" st_id="3" stage="1" lat="1">
<core>NULL</core>
<MemPortIdVec></MemPortIdVec>
<condition id="-1">
<or_exp><and_exp><literal name="icmp_ln9" val="0"/>
</and_exp></or_exp>
</condition>

<Node id="17" bw="0" op_0_bw="0" op_1_bw="32" op_2_bw="32" op_3_bw="32" op_4_bw="32" op_5_bw="0">
<![CDATA[
hls_label_0:1  call void (...)* @_ssdm_op_SpecPipeline(i32 -1, i32 1, i32 1, i32 0, [1 x i8]* @p_str1) nounwind

]]></Node>
<StgValue><ssdm name="specpipeline_ln10"/></StgValue>
</operation>

<operation id="21" st_id="3" stage="1" lat="2">
<core>RAM_1P_BRAM</core>
<MemPortIdVec>0 </MemPortIdVec>
<condition id="-1">
<or_exp><and_exp><literal name="icmp_ln9" val="0"/>
</and_exp></or_exp>
</condition>

<Node id="20" bw="128" op_0_bw="13">
<![CDATA[
hls_label_0:4  %tmp_V = load i128* %coeff_addr, align 16

]]></Node>
<StgValue><ssdm name="tmp_V"/></StgValue>
</operation>

<operation id="22" st_id="3" stage="1" lat="1">
<core>AXI4Stream</core>
<MemPortIdVec></MemPortIdVec>
<condition id="-1">
<or_exp><and_exp><literal name="icmp_ln9" val="0"/>
</and_exp></or_exp>
</condition>

<Node id="21" bw="0" op_0_bw="0" op_1_bw="128" op_2_bw="128">
<![CDATA[
hls_label_0:5  call void @_ssdm_op_Write.axis.volatile.i128P(i128* %bfw_coeff_V_V, i128 %tmp_V)

]]></Node>
<StgValue><ssdm name="write_ln11"/></StgValue>
</operation>

<operation id="23" st_id="3" stage="1" lat="1">
<core>NULL</core>
<MemPortIdVec></MemPortIdVec>
<condition id="-1">
<or_exp><and_exp><literal name="icmp_ln9" val="0"/>
</and_exp></or_exp>
</condition>

<Node id="22" bw="32" op_0_bw="32" op_1_bw="0" op_2_bw="32">
<![CDATA[
hls_label_0:6  %empty_2 = call i32 (...)* @_ssdm_op_SpecRegionEnd([12 x i8]* @p_str1005, i32 %tmp)

]]></Node>
<StgValue><ssdm name="empty_2"/></StgValue>
</operation>

<operation id="24" st_id="3" stage="1" lat="1">
<core>NULL</core>
<MemPortIdVec></MemPortIdVec>
<condition id="-1">
<or_exp><and_exp><literal name="icmp_ln9" val="0"/>
</and_exp></or_exp>
</condition>

<Node id="23" bw="0" op_0_bw="0">
<![CDATA[
hls_label_0:7  br label %1

]]></Node>
<StgValue><ssdm name="br_ln9"/></StgValue>
</operation>
</state>

<state id="4" st_id="4">

<operation id="25" st_id="4" stage="1" lat="1">
<core>NULL</core>
<MemPortIdVec></MemPortIdVec>
<condition id="-1">
<or_exp><and_exp></and_exp></or_exp>
</condition>

<Node id="25" bw="0">
<![CDATA[
:0  ret void

]]></Node>
<StgValue><ssdm name="ret_ln15"/></StgValue>
</operation>
</state>
</state_list>


<ports>
<port id="35" name="bfw_coeff_V_V" dir="1" iftype="0">
<core>NULL</core><StgValue><ssdm name="bfw_coeff_V_V"/></StgValue>
</port>
<port id="36" name="coeff" dir="0" iftype="1">
<core>RAM_1P_BRAM</core><StgValue><ssdm name="coeff"/><MemPortTyVec>1 </MemPortTyVec>
</StgValue>
</port>
</ports>


<dataflows>
<dataflow id="38" from="_ssdm_op_SpecBitsMap" to="specbitsmap_ln0" fromId="37" toId="5">
</dataflow>
<dataflow id="39" from="bfw_coeff_V_V" to="specbitsmap_ln0" fromId="35" toId="5">
</dataflow>
<dataflow id="41" from="_ssdm_op_SpecTopModule" to="spectopmodule_ln0" fromId="40" toId="6">
</dataflow>
<dataflow id="43" from="BfW_Coeff_Gen_str" to="spectopmodule_ln0" fromId="42" toId="6">
</dataflow>
<dataflow id="45" from="_ssdm_op_SpecInterface" to="specinterface_ln5" fromId="44" toId="7">
</dataflow>
<dataflow id="47" from="StgValue_46" to="specinterface_ln5" fromId="46" toId="7">
</dataflow>
<dataflow id="49" from="p_str" to="specinterface_ln5" fromId="48" toId="7">
</dataflow>
<dataflow id="50" from="StgValue_46" to="specinterface_ln5" fromId="46" toId="7">
</dataflow>
<dataflow id="51" from="StgValue_46" to="specinterface_ln5" fromId="46" toId="7">
</dataflow>
<dataflow id="53" from="p_str1" to="specinterface_ln5" fromId="52" toId="7">
</dataflow>
<dataflow id="54" from="StgValue_46" to="specinterface_ln5" fromId="46" toId="7">
</dataflow>
<dataflow id="55" from="StgValue_46" to="specinterface_ln5" fromId="46" toId="7">
</dataflow>
<dataflow id="56" from="p_str1" to="specinterface_ln5" fromId="52" toId="7">
</dataflow>
<dataflow id="57" from="p_str1" to="specinterface_ln5" fromId="52" toId="7">
</dataflow>
<dataflow id="58" from="p_str1" to="specinterface_ln5" fromId="52" toId="7">
</dataflow>
<dataflow id="59" from="StgValue_46" to="specinterface_ln5" fromId="46" toId="7">
</dataflow>
<dataflow id="60" from="StgValue_46" to="specinterface_ln5" fromId="46" toId="7">
</dataflow>
<dataflow id="61" from="StgValue_46" to="specinterface_ln5" fromId="46" toId="7">
</dataflow>
<dataflow id="62" from="StgValue_46" to="specinterface_ln5" fromId="46" toId="7">
</dataflow>
<dataflow id="63" from="p_str1" to="specinterface_ln5" fromId="52" toId="7">
</dataflow>
<dataflow id="64" from="p_str1" to="specinterface_ln5" fromId="52" toId="7">
</dataflow>
<dataflow id="65" from="_ssdm_op_SpecInterface" to="specinterface_ln6" fromId="44" toId="8">
</dataflow>
<dataflow id="66" from="bfw_coeff_V_V" to="specinterface_ln6" fromId="35" toId="8">
</dataflow>
<dataflow id="68" from="p_str2" to="specinterface_ln6" fromId="67" toId="8">
</dataflow>
<dataflow id="69" from="StgValue_46" to="specinterface_ln6" fromId="46" toId="8">
</dataflow>
<dataflow id="70" from="StgValue_46" to="specinterface_ln6" fromId="46" toId="8">
</dataflow>
<dataflow id="71" from="p_str1" to="specinterface_ln6" fromId="52" toId="8">
</dataflow>
<dataflow id="72" from="StgValue_46" to="specinterface_ln6" fromId="46" toId="8">
</dataflow>
<dataflow id="73" from="StgValue_46" to="specinterface_ln6" fromId="46" toId="8">
</dataflow>
<dataflow id="74" from="p_str1" to="specinterface_ln6" fromId="52" toId="8">
</dataflow>
<dataflow id="75" from="p_str1" to="specinterface_ln6" fromId="52" toId="8">
</dataflow>
<dataflow id="76" from="p_str1" to="specinterface_ln6" fromId="52" toId="8">
</dataflow>
<dataflow id="77" from="StgValue_46" to="specinterface_ln6" fromId="46" toId="8">
</dataflow>
<dataflow id="78" from="StgValue_46" to="specinterface_ln6" fromId="46" toId="8">
</dataflow>
<dataflow id="79" from="StgValue_46" to="specinterface_ln6" fromId="46" toId="8">
</dataflow>
<dataflow id="80" from="StgValue_46" to="specinterface_ln6" fromId="46" toId="8">
</dataflow>
<dataflow id="81" from="p_str1" to="specinterface_ln6" fromId="52" toId="8">
</dataflow>
<dataflow id="82" from="p_str1" to="specinterface_ln6" fromId="52" toId="8">
</dataflow>
<dataflow id="84" from="_ssdm_op_SpecMemCore" to="specmemcore_ln8" fromId="83" toId="9">
</dataflow>
<dataflow id="85" from="coeff" to="specmemcore_ln8" fromId="36" toId="9">
</dataflow>
<dataflow id="86" from="p_str1" to="specmemcore_ln8" fromId="52" toId="9">
</dataflow>
<dataflow id="88" from="p_str1004" to="specmemcore_ln8" fromId="87" toId="9">
</dataflow>
<dataflow id="89" from="p_str1" to="specmemcore_ln8" fromId="52" toId="9">
</dataflow>
<dataflow id="91" from="StgValue_90" to="specmemcore_ln8" fromId="90" toId="9">
</dataflow>
<dataflow id="92" from="p_str1" to="specmemcore_ln8" fromId="52" toId="9">
</dataflow>
<dataflow id="93" from="p_str1" to="specmemcore_ln8" fromId="52" toId="9">
</dataflow>
<dataflow id="94" from="p_str1" to="specmemcore_ln8" fromId="52" toId="9">
</dataflow>
<dataflow id="95" from="p_str1" to="specmemcore_ln8" fromId="52" toId="9">
</dataflow>
<dataflow id="96" from="p_str1" to="specmemcore_ln8" fromId="52" toId="9">
</dataflow>
<dataflow id="98" from="StgValue_97" to="j_0" fromId="97" toId="11">
<condition id="-1">
<or_exp><and_exp></and_exp></or_exp>
</condition>
</dataflow>
<dataflow id="99" from="br_ln9" to="j_0" fromId="10" toId="11">
</dataflow>
<dataflow id="100" from="j" to="j_0" fromId="14" toId="11">
<BackEdge/>
<condition id="-1">
<or_exp><and_exp><literal name="icmp_ln9" val="0"/>
</and_exp></or_exp>
</condition>
</dataflow>
<dataflow id="101" from="br_ln9" to="j_0" fromId="24" toId="11">
<BackEdge/>
</dataflow>
<dataflow id="102" from="j_0" to="icmp_ln9" fromId="11" toId="12">
</dataflow>
<dataflow id="104" from="StgValue_103" to="icmp_ln9" fromId="103" toId="12">
</dataflow>
<dataflow id="106" from="_ssdm_op_SpecLoopTripCount" to="empty" fromId="105" toId="13">
</dataflow>
<dataflow id="108" from="StgValue_107" to="empty" fromId="107" toId="13">
</dataflow>
<dataflow id="109" from="StgValue_107" to="empty" fromId="107" toId="13">
</dataflow>
<dataflow id="110" from="StgValue_107" to="empty" fromId="107" toId="13">
</dataflow>
<dataflow id="111" from="j_0" to="j" fromId="11" toId="14">
</dataflow>
<dataflow id="113" from="StgValue_112" to="j" fromId="112" toId="14">
</dataflow>
<dataflow id="114" from="icmp_ln9" to="br_ln9" fromId="12" toId="15">
</dataflow>
<dataflow id="115" from="j_0" to="zext_ln11" fromId="11" toId="16">
</dataflow>
<dataflow id="116" from="coeff" to="coeff_addr" fromId="36" toId="17">
</dataflow>
<dataflow id="118" from="StgValue_117" to="coeff_addr" fromId="117" toId="17">
</dataflow>
<dataflow id="119" from="zext_ln11" to="coeff_addr" fromId="16" toId="17">
</dataflow>
<dataflow id="120" from="coeff_addr" to="tmp_V" fromId="17" toId="18">
</dataflow>
<dataflow id="122" from="_ssdm_op_SpecRegionBegin" to="tmp" fromId="121" toId="19">
</dataflow>
<dataflow id="124" from="p_str1005" to="tmp" fromId="123" toId="19">
</dataflow>
<dataflow id="126" from="_ssdm_op_SpecPipeline" to="specpipeline_ln10" fromId="125" toId="20">
</dataflow>
<dataflow id="127" from="StgValue_90" to="specpipeline_ln10" fromId="90" toId="20">
</dataflow>
<dataflow id="129" from="StgValue_128" to="specpipeline_ln10" fromId="128" toId="20">
</dataflow>
<dataflow id="130" from="StgValue_128" to="specpipeline_ln10" fromId="128" toId="20">
</dataflow>
<dataflow id="131" from="StgValue_46" to="specpipeline_ln10" fromId="46" toId="20">
</dataflow>
<dataflow id="132" from="p_str1" to="specpipeline_ln10" fromId="52" toId="20">
</dataflow>
<dataflow id="133" from="coeff_addr" to="tmp_V" fromId="17" toId="21">
</dataflow>
<dataflow id="135" from="_ssdm_op_Write.axis.volatile.i128P" to="write_ln11" fromId="134" toId="22">
</dataflow>
<dataflow id="136" from="bfw_coeff_V_V" to="write_ln11" fromId="35" toId="22">
</dataflow>
<dataflow id="137" from="tmp_V" to="write_ln11" fromId="21" toId="22">
</dataflow>
<dataflow id="139" from="_ssdm_op_SpecRegionEnd" to="empty_2" fromId="138" toId="23">
</dataflow>
<dataflow id="140" from="p_str1005" to="empty_2" fromId="123" toId="23">
</dataflow>
<dataflow id="141" from="tmp" to="empty_2" fromId="19" toId="23">
</dataflow>
<dataflow id="142" from="icmp_ln9" to="StgValue_2" fromId="12" toId="2">
</dataflow>
<dataflow id="143" from="icmp_ln9" to="StgValue_3" fromId="12" toId="3">
</dataflow>
</dataflows>


</stg>
