<InterfaceSummary>
<RtlPorts>
<name>L1_axis_V</name>
<CType>
<TypeName>struct</TypeName>
<TypeWidth>64</TypeWidth>
<PhysicalWidth>64</PhysicalWidth>
<Fields>
<Field>
<FieldName>payload</FieldName>
<FieldType>
<TypeName>ap_uint 54</TypeName>
<TypeWidth>54</TypeWidth>
<PhysicalWidth>54</PhysicalWidth>
</FieldType>
</Field>
<Field>
<FieldName>dst_module</FieldName>
<FieldType>
<TypeName>ap_uint 10</TypeName>
<TypeWidth>10</TypeWidth>
<PhysicalWidth>10</PhysicalWidth>
</FieldType>
</Field>
</Fields>
</CType>
<CFractionWidth>0</CFractionWidth>
<InvalidType>1</InvalidType>
</RtlPorts>
<RtlPorts>
<name>application_header_V</name>
<CType>
<TypeName>struct</TypeName>
<TypeWidth>64</TypeWidth>
<PhysicalWidth>64</PhysicalWidth>
<Fields>
<Field>
<FieldName>dataDirection</FieldName>
<FieldType>
<TypeName>ap_uint 1</TypeName>
<TypeWidth>1</TypeWidth>
<PhysicalWidth>1</PhysicalWidth>
</FieldType>
</Field>
<Field>
<FieldName>payloadVersion</FieldName>
<FieldType>
<TypeName>ap_uint 3</TypeName>
<TypeWidth>3</TypeWidth>
<PhysicalWidth>3</PhysicalWidth>
</FieldType>
</Field>
<Field>
<FieldName>filterIndex</FieldName>
<FieldType>
<TypeName>ap_uint 4</TypeName>
<TypeWidth>4</TypeWidth>
<PhysicalWidth>4</PhysicalWidth>
</FieldType>
</Field>
<Field>
<FieldName>frameId</FieldName>
<FieldType>
<TypeName>ap_uint 8</TypeName>
<TypeWidth>8</TypeWidth>
<PhysicalWidth>8</PhysicalWidth>
</FieldType>
</Field>
<Field>
<FieldName>subframeId</FieldName>
<FieldType>
<TypeName>ap_uint 4</TypeName>
<TypeWidth>4</TypeWidth>
<PhysicalWidth>4</PhysicalWidth>
</FieldType>
</Field>
<Field>
<FieldName>slotID</FieldName>
<FieldType>
<TypeName>ap_uint 6</TypeName>
<TypeWidth>6</TypeWidth>
<PhysicalWidth>6</PhysicalWidth>
</FieldType>
</Field>
<Field>
<FieldName>startsymbolId</FieldName>
<FieldType>
<TypeName>ap_uint 6</TypeName>
<TypeWidth>6</TypeWidth>
<PhysicalWidth>6</PhysicalWidth>
</FieldType>
</Field>
<Field>
<FieldName>numSections</FieldName>
<FieldType>
<TypeName>ap_uint 8</TypeName>
<TypeWidth>8</TypeWidth>
<PhysicalWidth>8</PhysicalWidth>
</FieldType>
</Field>
<Field>
<FieldName>sectionType</FieldName>
<FieldType>
<TypeName>ap_uint 8</TypeName>
<TypeWidth>8</TypeWidth>
<PhysicalWidth>8</PhysicalWidth>
</FieldType>
</Field>
<Field>
<FieldName>udCompHdr</FieldName>
<FieldType>
<TypeName>ap_uint 8</TypeName>
<TypeWidth>8</TypeWidth>
<PhysicalWidth>8</PhysicalWidth>
</FieldType>
</Field>
<Field>
<FieldName>reserved</FieldName>
<FieldType>
<TypeName>ap_uint 8</TypeName>
<TypeWidth>8</TypeWidth>
<PhysicalWidth>8</PhysicalWidth>
</FieldType>
</Field>
</Fields>
</CType>
<CFractionWidth>0</CFractionWidth>
<InvalidType>1</InvalidType>
</RtlPorts>
<RtlPorts>
<name>section_header_V</name>
<CType>
<TypeName>struct</TypeName>
<TypeWidth>64</TypeWidth>
<PhysicalWidth>64</PhysicalWidth>
<Fields>
<Field>
<FieldName>sectionID</FieldName>
<FieldType>
<TypeName>ap_uint 12</TypeName>
<TypeWidth>12</TypeWidth>
<PhysicalWidth>12</PhysicalWidth>
</FieldType>
</Field>
<Field>
<FieldName>rb</FieldName>
<FieldType>
<TypeName>ap_uint 1</TypeName>
<TypeWidth>1</TypeWidth>
<PhysicalWidth>1</PhysicalWidth>
</FieldType>
</Field>
<Field>
<FieldName>symInc</FieldName>
<FieldType>
<TypeName>ap_uint 1</TypeName>
<TypeWidth>1</TypeWidth>
<PhysicalWidth>1</PhysicalWidth>
</FieldType>
</Field>
<Field>
<FieldName>startPrbu</FieldName>
<FieldType>
<TypeName>ap_uint 10</TypeName>
<TypeWidth>10</TypeWidth>
<PhysicalWidth>10</PhysicalWidth>
</FieldType>
</Field>
<Field>
<FieldName>numPrbu</FieldName>
<FieldType>
<TypeName>ap_uint 8</TypeName>
<TypeWidth>8</TypeWidth>
<PhysicalWidth>8</PhysicalWidth>
</FieldType>
</Field>
<Field>
<FieldName>reMask</FieldName>
<FieldType>
<TypeName>ap_uint 12</TypeName>
<TypeWidth>12</TypeWidth>
<PhysicalWidth>12</PhysicalWidth>
</FieldType>
</Field>
<Field>
<FieldName>numSymbol</FieldName>
<FieldType>
<TypeName>ap_uint 4</TypeName>
<TypeWidth>4</TypeWidth>
<PhysicalWidth>4</PhysicalWidth>
</FieldType>
</Field>
<Field>
<FieldName>beamID</FieldName>
<FieldType>
<TypeName>ap_uint 15</TypeName>
<TypeWidth>15</TypeWidth>
<PhysicalWidth>15</PhysicalWidth>
</FieldType>
</Field>
<Field>
<FieldName>ef</FieldName>
<FieldType>
<TypeName>ap_uint 1</TypeName>
<TypeWidth>1</TypeWidth>
<PhysicalWidth>1</PhysicalWidth>
</FieldType>
</Field>
</Fields>
</CType>
<CFractionWidth>0</CFractionWidth>
<InvalidType>1</InvalidType>
</RtlPorts>
<RtlPorts>
<name>extension_header_V</name>
<CType>
<TypeName>struct</TypeName>
<TypeWidth>72</TypeWidth>
<PhysicalWidth>72</PhysicalWidth>
<Fields>
<Field>
<FieldName>ef</FieldName>
<FieldType>
<TypeName>ap_uint 1</TypeName>
<TypeWidth>1</TypeWidth>
<PhysicalWidth>1</PhysicalWidth>
</FieldType>
</Field>
<Field>
<FieldName>extType</FieldName>
<FieldType>
<TypeName>ap_uint 7</TypeName>
<TypeWidth>7</TypeWidth>
<PhysicalWidth>7</PhysicalWidth>
</FieldType>
</Field>
<Field>
<FieldName>extLen</FieldName>
<FieldType>
<TypeName>ap_uint 16</TypeName>
<TypeWidth>16</TypeWidth>
<PhysicalWidth>16</PhysicalWidth>
</FieldType>
</Field>
<Field>
<FieldName>disablebfW</FieldName>
<FieldType>
<TypeName>ap_uint 1</TypeName>
<TypeWidth>1</TypeWidth>
<PhysicalWidth>1</PhysicalWidth>
</FieldType>
</Field>
<Field>
<FieldName>RAD</FieldName>
<FieldType>
<TypeName>ap_uint 1</TypeName>
<TypeWidth>1</TypeWidth>
<PhysicalWidth>1</PhysicalWidth>
</FieldType>
</Field>
<Field>
<FieldName>reserved</FieldName>
<FieldType>
<TypeName>ap_uint 6</TypeName>
<TypeWidth>6</TypeWidth>
<PhysicalWidth>6</PhysicalWidth>
</FieldType>
</Field>
<Field>
<FieldName>numBundPRB</FieldName>
<FieldType>
<TypeName>ap_uint 8</TypeName>
<TypeWidth>8</TypeWidth>
<PhysicalWidth>8</PhysicalWidth>
</FieldType>
</Field>
<Field>
<FieldName>bfWCompHdr</FieldName>
<FieldType>
<TypeName>ap_uint 8</TypeName>
<TypeWidth>8</TypeWidth>
<PhysicalWidth>8</PhysicalWidth>
</FieldType>
</Field>
<Field>
<FieldName>bfWCompParam</FieldName>
<FieldType>
<TypeName>ap_uint 8</TypeName>
<TypeWidth>8</TypeWidth>
<PhysicalWidth>8</PhysicalWidth>
</FieldType>
</Field>
<Field>
<FieldName>reserved_comp</FieldName>
<FieldType>
<TypeName>ap_uint 1</TypeName>
<TypeWidth>1</TypeWidth>
<PhysicalWidth>1</PhysicalWidth>
</FieldType>
</Field>
<Field>
<FieldName>beamID</FieldName>
<FieldType>
<TypeName>ap_uint 15</TypeName>
<TypeWidth>15</TypeWidth>
<PhysicalWidth>15</PhysicalWidth>
</FieldType>
</Field>
</Fields>
</CType>
<CFractionWidth>0</CFractionWidth>
<InvalidType>1</InvalidType>
</RtlPorts>
<RtlPorts>
<name>mux_config_V_V</name>
<CType>
<TypeName>ap_uint 96</TypeName>
<TypeWidth>96</TypeWidth>
<PhysicalWidth>96</PhysicalWidth>
</CType>
<CFractionWidth>0</CFractionWidth>
<InvalidType>0</InvalidType>
</RtlPorts>
<RtlPorts>
<name>numBeams_V_V</name>
<CType>
<TypeName>ap_uint 3</TypeName>
<TypeWidth>3</TypeWidth>
<PhysicalWidth>8</PhysicalWidth>
</CType>
<CFractionWidth>0</CFractionWidth>
<InvalidType>0</InvalidType>
</RtlPorts>
<RtlPorts>
<name>l1toc_stateout_V</name>
<CType>
<TypeName>ap_uint 8</TypeName>
<TypeWidth>8</TypeWidth>
<PhysicalWidth>8</PhysicalWidth>
</CType>
<CFractionWidth>0</CFractionWidth>
<InvalidType>0</InvalidType>
</RtlPorts>
<RtlPorts>
<name>rtcid_V_V</name>
<CType>
<TypeName>ap_uint 16</TypeName>
<TypeWidth>16</TypeWidth>
<PhysicalWidth>16</PhysicalWidth>
</CType>
<CFractionWidth>0</CFractionWidth>
<InvalidType>0</InvalidType>
</RtlPorts>
<RtlPorts>
<name>CDATA_COUNTER_V</name>
<CType>
<TypeName>ap_uint 8</TypeName>
<TypeWidth>8</TypeWidth>
<PhysicalWidth>8</PhysicalWidth>
</CType>
<CFractionWidth>0</CFractionWidth>
<InvalidType>0</InvalidType>
</RtlPorts>
</InterfaceSummary>

