<annotationInfo>
<item  id="62" filename="L1toORAN/L1toORAN_main.cpp" linenumber="46" name="zext_ln209" contextFuncName="L1toORAN" moduleName="L1toORAN" rtlName="l1toc_stateout_V" latency="0" BRAM="-1" DSP="-1" FF="-1" LUT="-1" fileDirectory="/home/ssaraswathy/Documents/ORAN_Uplane/Uplane_without_Compression/Hardware_design_TX/Looping_1layer_Test/Looping_Hardware-design/hls_src"><\/item>
<item  id="69" filename="L1toORAN/L1toORAN_main.cpp" linenumber="56" name="p_Result_s" contextFuncName="L1toORAN" moduleName="L1toORAN" rtlName="p_Result_s_fu_349_p4" latency="0" BRAM="-1" DSP="-1" FF="-1" LUT="-1" fileDirectory="/home/ssaraswathy/Documents/ORAN_Uplane/Uplane_without_Compression/Hardware_design_TX/Looping_1layer_Test/Looping_Hardware-design/hls_src"><\/item>
<item  id="70" filename="L1toORAN/L1toORAN_main.cpp" linenumber="56" name="icmp_ln879" contextFuncName="L1toORAN" moduleName="L1toORAN" rtlName="icmp_ln879_fu_359_p2" latency="0" BRAM="-1" DSP="-1" FF="0" LUT="11" fileDirectory="/home/ssaraswathy/Documents/ORAN_Uplane/Uplane_without_Compression/Hardware_design_TX/Looping_1layer_Test/Looping_Hardware-design/hls_src"><\/item>
<item  id="73" filename="L1toORAN/L1toORAN_main.cpp" linenumber="57" name="section_type_V" contextFuncName="L1toORAN" moduleName="L1toORAN" rtlName="section_type_V_fu_365_p4" latency="0" BRAM="-1" DSP="-1" FF="-1" LUT="-1" fileDirectory="/home/ssaraswathy/Documents/ORAN_Uplane/Uplane_without_Compression/Hardware_design_TX/Looping_1layer_Test/Looping_Hardware-design/hls_src"><\/item>
<item  id="74" filename="L1toORAN/L1toORAN_main.cpp" linenumber="58" name="p_Result_2" contextFuncName="L1toORAN" moduleName="L1toORAN" rtlName="p_Result_2_reg_1184" latency="0" BRAM="-1" DSP="-1" FF="-1" LUT="-1" fileDirectory="/home/ssaraswathy/Documents/ORAN_Uplane/Uplane_without_Compression/Hardware_design_TX/Looping_1layer_Test/Looping_Hardware-design/hls_src"><\/item>
<item  id="76" filename="L1toORAN/L1toORAN_main.cpp" linenumber="59" name="tmp_1" contextFuncName="L1toORAN" moduleName="L1toORAN" rtlName="tmp_1_reg_1189" latency="0" BRAM="-1" DSP="-1" FF="-1" LUT="-1" fileDirectory="/home/ssaraswathy/Documents/ORAN_Uplane/Uplane_without_Compression/Hardware_design_TX/Looping_1layer_Test/Looping_Hardware-design/hls_src"><\/item>
<item  id="78" filename="L1toORAN/L1toORAN_main.cpp" linenumber="60" name="tmp_2" contextFuncName="L1toORAN" moduleName="L1toORAN" rtlName="tmp_2_reg_1221" latency="0" BRAM="-1" DSP="-1" FF="-1" LUT="-1" fileDirectory="/home/ssaraswathy/Documents/ORAN_Uplane/Uplane_without_Compression/Hardware_design_TX/Looping_1layer_Test/Looping_Hardware-design/hls_src"><\/item>
<item  id="82" filename="L1toORAN/L1toORAN_main.cpp" linenumber="177" name="p_Result_5" contextFuncName="L1toORAN" moduleName="L1toORAN" rtlName="p_Result_5_fu_821_p4" latency="0" BRAM="-1" DSP="-1" FF="-1" LUT="-1" fileDirectory="/home/ssaraswathy/Documents/ORAN_Uplane/Uplane_without_Compression/Hardware_design_TX/Looping_1layer_Test/Looping_Hardware-design/hls_src"><\/item>
<item  id="84" filename="L1toORAN/L1toORAN_main.cpp" linenumber="178" name="p_Result_6" contextFuncName="L1toORAN" moduleName="L1toORAN" rtlName="p_Result_6_fu_834_p4" latency="0" BRAM="-1" DSP="-1" FF="-1" LUT="-1" fileDirectory="/home/ssaraswathy/Documents/ORAN_Uplane/Uplane_without_Compression/Hardware_design_TX/Looping_1layer_Test/Looping_Hardware-design/hls_src"><\/item>
<item  id="85" filename="L1toORAN/L1toORAN_main.cpp" linenumber="179" name="p_Result_7" contextFuncName="L1toORAN" moduleName="L1toORAN" rtlName="p_Result_7_fu_843_p4" latency="0" BRAM="-1" DSP="-1" FF="-1" LUT="-1" fileDirectory="/home/ssaraswathy/Documents/ORAN_Uplane/Uplane_without_Compression/Hardware_design_TX/Looping_1layer_Test/Looping_Hardware-design/hls_src"><\/item>
<item  id="86" filename="L1toORAN/L1toORAN_main.cpp" linenumber="180" name="p_Result_8" contextFuncName="L1toORAN" moduleName="L1toORAN" rtlName="p_Result_8_fu_852_p4" latency="0" BRAM="-1" DSP="-1" FF="-1" LUT="-1" fileDirectory="/home/ssaraswathy/Documents/ORAN_Uplane/Uplane_without_Compression/Hardware_design_TX/Looping_1layer_Test/Looping_Hardware-design/hls_src"><\/item>
<item  id="87" filename="L1toORAN/L1toORAN_main.cpp" linenumber="180" name="tmp_4" contextFuncName="L1toORAN" moduleName="L1toORAN" rtlName="tmp_4_fu_861_p5" latency="0" BRAM="-1" DSP="-1" FF="-1" LUT="-1" fileDirectory="/home/ssaraswathy/Documents/ORAN_Uplane/Uplane_without_Compression/Hardware_design_TX/Looping_1layer_Test/Looping_Hardware-design/hls_src"><\/item>
<item  id="90" filename="L1toORAN/L1toORAN_main.cpp" linenumber="188" name="p_Result_s_139" contextFuncName="L1toORAN" moduleName="L1toORAN" rtlName="p_Result_s_139_fu_873_p5" latency="0" BRAM="-1" DSP="-1" FF="-1" LUT="-1" fileDirectory="/home/ssaraswathy/Documents/ORAN_Uplane/Uplane_without_Compression/Hardware_design_TX/Looping_1layer_Test/Looping_Hardware-design/hls_src"><\/item>
<item  id="93" filename="L1toORAN/L1toORAN_main.cpp" linenumber="189" name="add_ln700" contextFuncName="L1toORAN" moduleName="L1toORAN" rtlName="add_ln700_fu_895_p2" latency="0" BRAM="-1" DSP="-1" FF="-1" LUT="-1" fileDirectory="/home/ssaraswathy/Documents/ORAN_Uplane/Uplane_without_Compression/Hardware_design_TX/Looping_1layer_Test/Looping_Hardware-design/hls_src"><\/item>
<item  id="98" filename="L1toORAN/L1toORAN_main.cpp" linenumber="180" name="p_Result_21" contextFuncName="L1toORAN" moduleName="L1toORAN" rtlName="p_Result_21_fu_908_p5" latency="0" BRAM="-1" DSP="-1" FF="-1" LUT="-1" fileDirectory="/home/ssaraswathy/Documents/ORAN_Uplane/Uplane_without_Compression/Hardware_design_TX/Looping_1layer_Test/Looping_Hardware-design/hls_src"><\/item>
<item  id="105" filename="L1toORAN/L1toORAN_main.cpp" linenumber="125" name="icmp_ln125" contextFuncName="L1toORAN" moduleName="L1toORAN" rtlName="icmp_ln125_fu_404_p2" latency="0" BRAM="-1" DSP="-1" FF="0" LUT="11" fileDirectory="/home/ssaraswathy/Documents/ORAN_Uplane/Uplane_without_Compression/Hardware_design_TX/Looping_1layer_Test/Looping_Hardware-design/hls_src"><\/item>
<item  id="110" filename="L1toORAN/L1toORAN_main.cpp" linenumber="147" name="tmp_8" contextFuncName="L1toORAN" moduleName="L1toORAN" rtlName="extn_hdr_ef_V" latency="0" BRAM="-1" DSP="-1" FF="-1" LUT="-1" fileDirectory="/home/ssaraswathy/Documents/ORAN_Uplane/Uplane_without_Compression/Hardware_design_TX/Looping_1layer_Test/Looping_Hardware-design/hls_src"><\/item>
<item  id="112" filename="L1toORAN/L1toORAN_main.cpp" linenumber="148" name="p_Result_18" contextFuncName="L1toORAN" moduleName="L1toORAN" rtlName="extn_hdr_extLen_V" latency="0" BRAM="-1" DSP="-1" FF="-1" LUT="-1" fileDirectory="/home/ssaraswathy/Documents/ORAN_Uplane/Uplane_without_Compression/Hardware_design_TX/Looping_1layer_Test/Looping_Hardware-design/hls_src"><\/item>
<item  id="114" filename="L1toORAN/L1toORAN_main.cpp" linenumber="149" name="tmp_9" contextFuncName="L1toORAN" moduleName="L1toORAN" rtlName="extn_hdr_disablebfW_s" latency="0" BRAM="-1" DSP="-1" FF="-1" LUT="-1" fileDirectory="/home/ssaraswathy/Documents/ORAN_Uplane/Uplane_without_Compression/Hardware_design_TX/Looping_1layer_Test/Looping_Hardware-design/hls_src"><\/item>
<item  id="116" filename="L1toORAN/L1toORAN_main.cpp" linenumber="150" name="tmp_10" contextFuncName="L1toORAN" moduleName="L1toORAN" rtlName="extn_hdr_RAD_V" latency="0" BRAM="-1" DSP="-1" FF="-1" LUT="-1" fileDirectory="/home/ssaraswathy/Documents/ORAN_Uplane/Uplane_without_Compression/Hardware_design_TX/Looping_1layer_Test/Looping_Hardware-design/hls_src"><\/item>
<item  id="118" filename="L1toORAN/L1toORAN_main.cpp" linenumber="152" name="p_Result_19" contextFuncName="L1toORAN" moduleName="L1toORAN" rtlName="p_Result_19_reg_1203" latency="0" BRAM="-1" DSP="-1" FF="-1" LUT="-1" fileDirectory="/home/ssaraswathy/Documents/ORAN_Uplane/Uplane_without_Compression/Hardware_design_TX/Looping_1layer_Test/Looping_Hardware-design/hls_src"><\/item>
<item  id="120" filename="L1toORAN/L1toORAN_main.cpp" linenumber="153" name="p_Result_20" contextFuncName="L1toORAN" moduleName="L1toORAN" rtlName="extn_hdr_bfWCompHdr_s" latency="0" BRAM="-1" DSP="-1" FF="-1" LUT="-1" fileDirectory="/home/ssaraswathy/Documents/ORAN_Uplane/Uplane_without_Compression/Hardware_design_TX/Looping_1layer_Test/Looping_Hardware-design/hls_src"><\/item>
<item  id="123" filename="L1toORAN/L1toORAN_main.cpp" linenumber="155" name="icmp_ln899" contextFuncName="L1toORAN" moduleName="L1toORAN" rtlName="icmp_ln899_fu_424_p2" latency="0" BRAM="-1" DSP="-1" FF="0" LUT="11" fileDirectory="/home/ssaraswathy/Documents/ORAN_Uplane/Uplane_without_Compression/Hardware_design_TX/Looping_1layer_Test/Looping_Hardware-design/hls_src"><\/item>
<item  id="127" filename="L1toORAN/L1toORAN_main.cpp" linenumber="156" name="icmp_ln895" contextFuncName="L1toORAN" moduleName="L1toORAN" rtlName="icmp_ln895_fu_551_p2" latency="0" BRAM="-1" DSP="-1" FF="0" LUT="8" fileDirectory="/home/ssaraswathy/Documents/ORAN_Uplane/Uplane_without_Compression/Hardware_design_TX/Looping_1layer_Test/Looping_Hardware-design/hls_src"><\/item>
<item  id="128" filename="L1toORAN/L1toORAN_main.cpp" linenumber="160" name="ret_V" contextFuncName="L1toORAN" moduleName="L1toORAN" rtlName="L1toORAN_udiv_8ns_8ns_3_12_1_U1" latency="11" BRAM="-1" DSP="-1" FF="-1" LUT="-1" fileDirectory="/home/ssaraswathy/Documents/ORAN_Uplane/Uplane_without_Compression/Hardware_design_TX/Looping_1layer_Test/Looping_Hardware-design/hls_src"><\/item>
<item  id="129" filename="L1toORAN/L1toORAN_main.cpp" linenumber="157" name="trunc_ln301" contextFuncName="L1toORAN" moduleName="L1toORAN" rtlName="trunc_ln301_fu_557_p1" latency="0" BRAM="-1" DSP="-1" FF="-1" LUT="-1" fileDirectory="/home/ssaraswathy/Documents/ORAN_Uplane/Uplane_without_Compression/Hardware_design_TX/Looping_1layer_Test/Looping_Hardware-design/hls_src"><\/item>
<item  id="130" filename="L1toORAN/L1toORAN_main.cpp" linenumber="157" name="add_ln301" contextFuncName="L1toORAN" moduleName="L1toORAN" rtlName="add_ln301_fu_561_p2" latency="0" BRAM="-1" DSP="-1" FF="0" LUT="11" fileDirectory="/home/ssaraswathy/Documents/ORAN_Uplane/Uplane_without_Compression/Hardware_design_TX/Looping_1layer_Test/Looping_Hardware-design/hls_src"><\/item>
<item  id="131" filename="L1toORAN/L1toORAN_main.cpp" linenumber="156" name="select_ln895" contextFuncName="L1toORAN" moduleName="L1toORAN" rtlName="select_ln895_fu_567_p3" latency="0" BRAM="-1" DSP="-1" FF="0" LUT="3" fileDirectory="/home/ssaraswathy/Documents/ORAN_Uplane/Uplane_without_Compression/Hardware_design_TX/Looping_1layer_Test/Looping_Hardware-design/hls_src"><\/item>
<item  id="137" filename="L1toORAN/L1toORAN_main.cpp" linenumber="129" name="tmp_bfWCompParam_V" contextFuncName="L1toORAN" moduleName="L1toORAN" rtlName="grp_fu_340_p4" latency="0" BRAM="-1" DSP="-1" FF="-1" LUT="-1" fileDirectory="/home/ssaraswathy/Documents/ORAN_Uplane/Uplane_without_Compression/Hardware_design_TX/Looping_1layer_Test/Looping_Hardware-design/hls_src"><\/item>
<item  id="138" filename="L1toORAN/L1toORAN_main.cpp" linenumber="130" name="tmp_beamID_V_1" contextFuncName="L1toORAN" moduleName="L1toORAN" rtlName="tmp_beamID_V_1_fu_927_p4" latency="0" BRAM="-1" DSP="-1" FF="-1" LUT="-1" fileDirectory="/home/ssaraswathy/Documents/ORAN_Uplane/Uplane_without_Compression/Hardware_design_TX/Looping_1layer_Test/Looping_Hardware-design/hls_src"><\/item>
<item  id="145" filename="L1toORAN/L1toORAN_main.cpp" linenumber="132" name="tmp_3_2" contextFuncName="L1toORAN" moduleName="L1toORAN" rtlName="extension_header_V_TDATA" latency="0" BRAM="-1" DSP="-1" FF="-1" LUT="-1" fileDirectory="/home/ssaraswathy/Documents/ORAN_Uplane/Uplane_without_Compression/Hardware_design_TX/Looping_1layer_Test/Looping_Hardware-design/hls_src"><\/item>
<item  id="152" filename="L1toORAN/L1toORAN_main.cpp" linenumber="139" name="icmp_ln139" contextFuncName="L1toORAN" moduleName="L1toORAN" rtlName="icmp_ln139_fu_595_p2" latency="0" BRAM="-1" DSP="-1" FF="0" LUT="9" fileDirectory="/home/ssaraswathy/Documents/ORAN_Uplane/Uplane_without_Compression/Hardware_design_TX/Looping_1layer_Test/Looping_Hardware-design/hls_src"><\/item>
<item  id="153" filename="L1toORAN/L1toORAN_main.cpp" linenumber="139" name="icmp_ln891" contextFuncName="L1toORAN" moduleName="L1toORAN" rtlName="icmp_ln891_fu_601_p2" latency="0" BRAM="-1" DSP="-1" FF="0" LUT="9" fileDirectory="/home/ssaraswathy/Documents/ORAN_Uplane/Uplane_without_Compression/Hardware_design_TX/Looping_1layer_Test/Looping_Hardware-design/hls_src"><\/item>
<item  id="154" filename="L1toORAN/L1toORAN_main.cpp" linenumber="139" name="or_ln139" contextFuncName="L1toORAN" moduleName="L1toORAN" rtlName="or_ln139_fu_607_p2" latency="0" BRAM="-1" DSP="-1" FF="0" LUT="2" fileDirectory="/home/ssaraswathy/Documents/ORAN_Uplane/Uplane_without_Compression/Hardware_design_TX/Looping_1layer_Test/Looping_Hardware-design/hls_src"><\/item>
<item  id="157" filename="L1toORAN/L1toORAN_main.cpp" linenumber="140" name="zext_ln163" contextFuncName="L1toORAN" moduleName="L1toORAN" rtlName="numBeams_V_V_TDATA" latency="0" BRAM="-1" DSP="-1" FF="-1" LUT="-1" fileDirectory="/home/ssaraswathy/Documents/ORAN_Uplane/Uplane_without_Compression/Hardware_design_TX/Looping_1layer_Test/Looping_Hardware-design/hls_src"><\/item>
<item  id="167" filename="L1toORAN/L1toORAN_main.cpp" linenumber="93" name="icmp_ln93" contextFuncName="L1toORAN" moduleName="L1toORAN" rtlName="grp_fu_328_p2" latency="0" BRAM="-1" DSP="-1" FF="0" LUT="11" fileDirectory="/home/ssaraswathy/Documents/ORAN_Uplane/Uplane_without_Compression/Hardware_design_TX/Looping_1layer_Test/Looping_Hardware-design/hls_src"><\/item>
<item  id="172" filename="L1toORAN/L1toORAN_main.cpp" linenumber="105" name="p_Result_13" contextFuncName="L1toORAN" moduleName="L1toORAN" rtlName="section_hdr_sectionI" latency="0" BRAM="-1" DSP="-1" FF="-1" LUT="-1" fileDirectory="/home/ssaraswathy/Documents/ORAN_Uplane/Uplane_without_Compression/Hardware_design_TX/Looping_1layer_Test/Looping_Hardware-design/hls_src"><\/item>
<item  id="174" filename="L1toORAN/L1toORAN_main.cpp" linenumber="106" name="tmp_6" contextFuncName="L1toORAN" moduleName="L1toORAN" rtlName="section_hdr_rb_V" latency="0" BRAM="-1" DSP="-1" FF="-1" LUT="-1" fileDirectory="/home/ssaraswathy/Documents/ORAN_Uplane/Uplane_without_Compression/Hardware_design_TX/Looping_1layer_Test/Looping_Hardware-design/hls_src"><\/item>
<item  id="176" filename="L1toORAN/L1toORAN_main.cpp" linenumber="107" name="tmp_7" contextFuncName="L1toORAN" moduleName="L1toORAN" rtlName="section_hdr_symInc_V" latency="0" BRAM="-1" DSP="-1" FF="-1" LUT="-1" fileDirectory="/home/ssaraswathy/Documents/ORAN_Uplane/Uplane_without_Compression/Hardware_design_TX/Looping_1layer_Test/Looping_Hardware-design/hls_src"><\/item>
<item  id="178" filename="L1toORAN/L1toORAN_main.cpp" linenumber="108" name="p_Result_14" contextFuncName="L1toORAN" moduleName="L1toORAN" rtlName="section_hdr_startPrb" latency="0" BRAM="-1" DSP="-1" FF="-1" LUT="-1" fileDirectory="/home/ssaraswathy/Documents/ORAN_Uplane/Uplane_without_Compression/Hardware_design_TX/Looping_1layer_Test/Looping_Hardware-design/hls_src"><\/item>
<item  id="180" filename="L1toORAN/L1toORAN_main.cpp" linenumber="109" name="p_Result_15" contextFuncName="L1toORAN" moduleName="L1toORAN" rtlName="value_V" latency="0" BRAM="-1" DSP="-1" FF="-1" LUT="-1" fileDirectory="/home/ssaraswathy/Documents/ORAN_Uplane/Uplane_without_Compression/Hardware_design_TX/Looping_1layer_Test/Looping_Hardware-design/hls_src"><\/item>
<item  id="182" filename="L1toORAN/L1toORAN_main.cpp" linenumber="110" name="p_Result_16" contextFuncName="L1toORAN" moduleName="L1toORAN" rtlName="section_hdr_reMask_V" latency="0" BRAM="-1" DSP="-1" FF="-1" LUT="-1" fileDirectory="/home/ssaraswathy/Documents/ORAN_Uplane/Uplane_without_Compression/Hardware_design_TX/Looping_1layer_Test/Looping_Hardware-design/hls_src"><\/item>
<item  id="185" filename="L1toORAN/L1toORAN_main.cpp" linenumber="112" name="p_Result_17" contextFuncName="L1toORAN" moduleName="L1toORAN" rtlName="prb_bit_V" latency="0" BRAM="-1" DSP="-1" FF="-1" LUT="-1" fileDirectory="/home/ssaraswathy/Documents/ORAN_Uplane/Uplane_without_Compression/Hardware_design_TX/Looping_1layer_Test/Looping_Hardware-design/hls_src"><\/item>
<item  id="189" filename="L1toORAN/L1toORAN_main.cpp" linenumber="96" name="tmp_numSymbol_V" contextFuncName="L1toORAN" moduleName="L1toORAN" rtlName="tmp_numSymbol_V_fu_991_p4" latency="0" BRAM="-1" DSP="-1" FF="-1" LUT="-1" fileDirectory="/home/ssaraswathy/Documents/ORAN_Uplane/Uplane_without_Compression/Hardware_design_TX/Looping_1layer_Test/Looping_Hardware-design/hls_src"><\/item>
<item  id="190" filename="L1toORAN/L1toORAN_main.cpp" linenumber="97" name="tmp_beamID_V" contextFuncName="L1toORAN" moduleName="L1toORAN" rtlName="tmp_beamID_V_fu_1000_p4" latency="0" BRAM="-1" DSP="-1" FF="-1" LUT="-1" fileDirectory="/home/ssaraswathy/Documents/ORAN_Uplane/Uplane_without_Compression/Hardware_design_TX/Looping_1layer_Test/Looping_Hardware-design/hls_src"><\/item>
<item  id="191" filename="L1toORAN/L1toORAN_main.cpp" linenumber="98" name="tmp_ef_V" contextFuncName="L1toORAN" moduleName="L1toORAN" rtlName="tmp_ef_V_fu_1009_p3" latency="0" BRAM="-1" DSP="-1" FF="-1" LUT="-1" fileDirectory="/home/ssaraswathy/Documents/ORAN_Uplane/Uplane_without_Compression/Hardware_design_TX/Looping_1layer_Test/Looping_Hardware-design/hls_src"><\/item>
<item  id="192" filename="L1toORAN/L1toORAN_main.cpp" linenumber="99" name="tmp_V_1" contextFuncName="L1toORAN" moduleName="L1toORAN" rtlName="rtcid_V_V_TDATA" latency="0" BRAM="-1" DSP="-1" FF="-1" LUT="-1" fileDirectory="/home/ssaraswathy/Documents/ORAN_Uplane/Uplane_without_Compression/Hardware_design_TX/Looping_1layer_Test/Looping_Hardware-design/hls_src"><\/item>
<item  id="198" filename="L1toORAN/L1toORAN_main.cpp" linenumber="102" name="tmp_startPrbu_V" contextFuncName="L1toORAN" moduleName="L1toORAN" rtlName="tmp_startPrbu_V_fu_1042_p1" latency="0" BRAM="-1" DSP="-1" FF="-1" LUT="-1" fileDirectory="/home/ssaraswathy/Documents/ORAN_Uplane/Uplane_without_Compression/Hardware_design_TX/Looping_1layer_Test/Looping_Hardware-design/hls_src"><\/item>
<item  id="200" filename="L1toORAN/L1toORAN_main.cpp" linenumber="102" name="tmp_2_2" contextFuncName="L1toORAN" moduleName="L1toORAN" rtlName="section_header_V_TDATA" latency="0" BRAM="-1" DSP="-1" FF="-1" LUT="-1" fileDirectory="/home/ssaraswathy/Documents/ORAN_Uplane/Uplane_without_Compression/Hardware_design_TX/Looping_1layer_Test/Looping_Hardware-design/hls_src"><\/item>
<item  id="209" filename="L1toORAN/L1toORAN_main.cpp" linenumber="63" name="icmp_ln63" contextFuncName="L1toORAN" moduleName="L1toORAN" rtlName="grp_fu_328_p2" latency="0" BRAM="-1" DSP="-1" FF="0" LUT="11" fileDirectory="/home/ssaraswathy/Documents/ORAN_Uplane/Uplane_without_Compression/Hardware_design_TX/Looping_1layer_Test/Looping_Hardware-design/hls_src"><\/item>
<item  id="215" filename="L1toORAN/L1toORAN_main.cpp" linenumber="70" name="tmp_3" contextFuncName="L1toORAN" moduleName="L1toORAN" rtlName="extn_hdr_ef_V" latency="0" BRAM="-1" DSP="-1" FF="-1" LUT="-1" fileDirectory="/home/ssaraswathy/Documents/ORAN_Uplane/Uplane_without_Compression/Hardware_design_TX/Looping_1layer_Test/Looping_Hardware-design/hls_src"><\/item>
<item  id="217" filename="L1toORAN/L1toORAN_main.cpp" linenumber="71" name="p_Result_9" contextFuncName="L1toORAN" moduleName="L1toORAN" rtlName="appn_hdr_payloadVers" latency="0" BRAM="-1" DSP="-1" FF="-1" LUT="-1" fileDirectory="/home/ssaraswathy/Documents/ORAN_Uplane/Uplane_without_Compression/Hardware_design_TX/Looping_1layer_Test/Looping_Hardware-design/hls_src"><\/item>
<item  id="219" filename="L1toORAN/L1toORAN_main.cpp" linenumber="72" name="p_Result_1" contextFuncName="L1toORAN" moduleName="L1toORAN" rtlName="appn_hdr_filterIndex" latency="0" BRAM="-1" DSP="-1" FF="-1" LUT="-1" fileDirectory="/home/ssaraswathy/Documents/ORAN_Uplane/Uplane_without_Compression/Hardware_design_TX/Looping_1layer_Test/Looping_Hardware-design/hls_src"><\/item>
<item  id="221" filename="L1toORAN/L1toORAN_main.cpp" linenumber="73" name="p_Result_3" contextFuncName="L1toORAN" moduleName="L1toORAN" rtlName="appn_hdr_frameId_V" latency="0" BRAM="-1" DSP="-1" FF="-1" LUT="-1" fileDirectory="/home/ssaraswathy/Documents/ORAN_Uplane/Uplane_without_Compression/Hardware_design_TX/Looping_1layer_Test/Looping_Hardware-design/hls_src"><\/item>
<item  id="223" filename="L1toORAN/L1toORAN_main.cpp" linenumber="74" name="p_Result_4" contextFuncName="L1toORAN" moduleName="L1toORAN" rtlName="appn_hdr_subframeId_s" latency="0" BRAM="-1" DSP="-1" FF="-1" LUT="-1" fileDirectory="/home/ssaraswathy/Documents/ORAN_Uplane/Uplane_without_Compression/Hardware_design_TX/Looping_1layer_Test/Looping_Hardware-design/hls_src"><\/item>
<item  id="225" filename="L1toORAN/L1toORAN_main.cpp" linenumber="75" name="p_Result_10" contextFuncName="L1toORAN" moduleName="L1toORAN" rtlName="appn_hdr_slotID_V" latency="0" BRAM="-1" DSP="-1" FF="-1" LUT="-1" fileDirectory="/home/ssaraswathy/Documents/ORAN_Uplane/Uplane_without_Compression/Hardware_design_TX/Looping_1layer_Test/Looping_Hardware-design/hls_src"><\/item>
<item  id="227" filename="L1toORAN/L1toORAN_main.cpp" linenumber="76" name="p_Result_11" contextFuncName="L1toORAN" moduleName="L1toORAN" rtlName="appn_hdr_startsymbol" latency="0" BRAM="-1" DSP="-1" FF="-1" LUT="-1" fileDirectory="/home/ssaraswathy/Documents/ORAN_Uplane/Uplane_without_Compression/Hardware_design_TX/Looping_1layer_Test/Looping_Hardware-design/hls_src"><\/item>
<item  id="229" filename="L1toORAN/L1toORAN_main.cpp" linenumber="77" name="p_Result_12" contextFuncName="L1toORAN" moduleName="L1toORAN" rtlName="appn_hdr_numSections" latency="0" BRAM="-1" DSP="-1" FF="-1" LUT="-1" fileDirectory="/home/ssaraswathy/Documents/ORAN_Uplane/Uplane_without_Compression/Hardware_design_TX/Looping_1layer_Test/Looping_Hardware-design/hls_src"><\/item>
<item  id="233" filename="L1toORAN/L1toORAN_main.cpp" linenumber="66" name="tmp_udCompHdr_V" contextFuncName="L1toORAN" moduleName="L1toORAN" rtlName="grp_fu_340_p4" latency="0" BRAM="-1" DSP="-1" FF="-1" LUT="-1" fileDirectory="/home/ssaraswathy/Documents/ORAN_Uplane/Uplane_without_Compression/Hardware_design_TX/Looping_1layer_Test/Looping_Hardware-design/hls_src"><\/item>
<item  id="241" filename="L1toORAN/L1toORAN_main.cpp" linenumber="67" name="tmp_startsymbolId_V" contextFuncName="L1toORAN" moduleName="L1toORAN" rtlName="tmp_startsymbolId_V_fu_1100_p1" latency="0" BRAM="-1" DSP="-1" FF="-1" LUT="-1" fileDirectory="/home/ssaraswathy/Documents/ORAN_Uplane/Uplane_without_Compression/Hardware_design_TX/Looping_1layer_Test/Looping_Hardware-design/hls_src"><\/item>
<item  id="244" filename="L1toORAN/L1toORAN_main.cpp" linenumber="67" name="tmp_sectionType_V" contextFuncName="L1toORAN" moduleName="L1toORAN" rtlName="tmp_sectionType_V_fu_1112_p1" latency="0" BRAM="-1" DSP="-1" FF="-1" LUT="-1" fileDirectory="/home/ssaraswathy/Documents/ORAN_Uplane/Uplane_without_Compression/Hardware_design_TX/Looping_1layer_Test/Looping_Hardware-design/hls_src"><\/item>
<item  id="245" filename="L1toORAN/L1toORAN_main.cpp" linenumber="67" name="tmp_1_2" contextFuncName="L1toORAN" moduleName="L1toORAN" rtlName="application_header_V_TDATA" latency="0" BRAM="-1" DSP="-1" FF="-1" LUT="-1" fileDirectory="/home/ssaraswathy/Documents/ORAN_Uplane/Uplane_without_Compression/Hardware_design_TX/Looping_1layer_Test/Looping_Hardware-design/hls_src"><\/item>
</annotationInfo>
