{
  "Top": "eCpri_header_config",
  "RtlTop": "eCpri_header_config",
  "RtlPrefix": "",
  "SourceLanguage": "cpp",
  "ResetStyle": "control",
  "GenerateBdFiles": "1",
  "HostMachineBits": "64",
  "Target": {
    "Family": "zynquplus",
    "Device": "xczu19eg",
    "Package": "-ffvd1760",
    "Speed": "-3-e"
  },
  "HlsSolution": {"Config": [
      "config_export -format=ip_catalog",
      "config_export -rtl=verilog"
    ]},
  "Args": {
    "eCPRI_PCID_config": {
      "index": "0",
      "type": {
        "kinds": ["struct"],
        "dataType": "conf_axis",
        "structImpl": "flat-interface",
        "fields": {"PCID_conf": {
            "order": "0",
            "dataType": "ap_uint"
          }}
      }
    },
    "eCPRI_data_out": {
      "index": "1",
      "type": {
        "kinds": ["struct"],
        "dataType": "eCPRI_axis",
        "structImpl": "flat-interface",
        "fields": {"data": {
            "order": "0",
            "dataType": "ap_uint"
          }}
      }
    },
    "state_out": {
      "index": "2",
      "type": {
        "dataType": "unsigned",
        "dataWidth": "8",
        "interfaceRef": "state_out"
      }
    },
    "PAYLOAD_VALUE": {
      "index": "3",
      "type": {
        "dataType": "unsigned",
        "dataWidth": "16",
        "interfaceRef": "PAYLOAD_VALUE"
      }
    }
  },
  "Return": {
    
  },
  "ClockInfo": {
    "ClockName": "ap_clk",
    "ClockPeriod": "3.2",
    "IsCombLogic": "0",
    "II": "1",
    "Latency": "1",
    "Uncertainty": "0.4"
  },
  "Xdc": {"OocClocks": ["create_clock -name ap_clk -period 3.200 [get_ports ap_clk]"]},
  "Ipx": {
    "Vendor": "xilinx.com",
    "Library": "hls",
    "Name": "eCpri_header_config",
    "Version": "1.0",
    "DisplayName": "Ecpri_header_config",
    "Revision": "",
    "Description": "An IP generated by Vivado HLS",
    "Taxonomy": "\/VIVADO_HLS_IP",
    "AutoFamilySupport": ""
  },
  "Files": {
    "CSource": ["..\/eCpri_header_with_8PCID.cpp"],
    "Vhdl": ["impl\/vhdl\/eCpri_header_config.vhd"],
    "Verilog": ["impl\/verilog\/eCpri_header_config.v"],
    "Misc": ["impl\/misc\/logo.png"],
    "DesignXml": "\/home\/ssaraswathy\/Documents\/ORAN_Uplane\/Uplane_without_Compression\/Simulation_design\/Looping_design\/ORAN_INTEG_1\/hls_src\/U_plane_src\/eCpri_header\/solution1\/.autopilot\/db\/eCpri_header_config.design.xml",
    "DebugDir": "\/home\/ssaraswathy\/Documents\/ORAN_Uplane\/Uplane_without_Compression\/Simulation_design\/Looping_design\/ORAN_INTEG_1\/hls_src\/U_plane_src\/eCpri_header\/solution1\/.debug",
    "ProtoInst": ["\/home\/ssaraswathy\/Documents\/ORAN_Uplane\/Uplane_without_Compression\/Simulation_design\/Looping_design\/ORAN_INTEG_1\/hls_src\/U_plane_src\/eCpri_header\/solution1\/.debug\/eCpri_header_config.protoinst"]
  },
  "SubcoreInfo": {
    "HasXpmMemory": false,
    "HasClockedDsp": false,
    "IP": []
  },
  "Interfaces": {
    "ap_clk": {
      "type": "clock",
      "ctype": {"CLK": {"Type": "bool"}},
      "bundle_name": "ap_clk",
      "bundle_role": "default",
      "buses": "eCPRI_PCID_config_V_PCID_conf_V eCPRI_data_out_V_data_V",
      "reset": "ap_rst_n"
    },
    "ap_rst_n": {
      "type": "reset",
      "polarity": "ACTIVE_LOW",
      "ctype": {"RST": {"Type": "bool"}},
      "bundle_name": "ap_rst_n",
      "bundle_role": "default"
    },
    "eCPRI_data_out_V_data_V": {
      "type": "axi4stream",
      "mode": "master",
      "port_prefix": "eCPRI_data_out_V_data_V",
      "has_tready": "1",
      "ctype": {
        "TDATA": {
          "Type": "integer unsigned",
          "Width": "64"
        },
        "TVALID": {"Type": "bool"},
        "TREADY": {"Type": "bool"}
      },
      "port_width": {"TDATA": "64"}
    },
    "eCPRI_PCID_config_V_PCID_conf_V": {
      "type": "axi4stream",
      "mode": "slave",
      "port_prefix": "eCPRI_PCID_config_V_PCID_conf_V",
      "has_tready": "1",
      "ctype": {
        "TDATA": {
          "Type": "integer unsigned",
          "Width": "16"
        },
        "TVALID": {"Type": "bool"},
        "TREADY": {"Type": "bool"}
      },
      "port_width": {"TDATA": "16"}
    },
    "PAYLOAD_VALUE": {
      "type": "data",
      "dir": "out",
      "width": "16",
      "ctype": {"DATA": {
          "Type": "integer unsigned",
          "Width": "16"
        }},
      "bundle_name": "PAYLOAD_VALUE",
      "bundle_role": "default"
    },
    "state_out": {
      "type": "data",
      "dir": "out",
      "width": "8",
      "ctype": {"DATA": {
          "Type": "integer unsigned",
          "Width": "8"
        }},
      "bundle_name": "state_out",
      "bundle_role": "default"
    }
  },
  "RtlPorts": {
    "ap_clk": {
      "dir": "in",
      "width": "1"
    },
    "ap_rst_n": {
      "dir": "in",
      "width": "1"
    },
    "eCPRI_PCID_config_V_PCID_conf_V_TDATA": {
      "dir": "in",
      "width": "16"
    },
    "eCPRI_PCID_config_V_PCID_conf_V_TVALID": {
      "dir": "in",
      "width": "1"
    },
    "eCPRI_PCID_config_V_PCID_conf_V_TREADY": {
      "dir": "out",
      "width": "1"
    },
    "eCPRI_data_out_V_data_V_TDATA": {
      "dir": "out",
      "width": "64"
    },
    "eCPRI_data_out_V_data_V_TVALID": {
      "dir": "out",
      "width": "1"
    },
    "eCPRI_data_out_V_data_V_TREADY": {
      "dir": "in",
      "width": "1"
    },
    "state_out": {
      "dir": "out",
      "width": "8"
    },
    "PAYLOAD_VALUE": {
      "dir": "out",
      "width": "16"
    }
  },
  "ModuleInfo": {
    "Hierarchy": {"ModuleName": "eCpri_header_config"},
    "Info": {"eCpri_header_config": {
        "FunctionProtocol": "ap_ctrl_none",
        "isTaskLevelControl": "1",
        "isPipelined": "1",
        "isCombinational": "0",
        "isOneStateSeq": "0"
      }},
    "Metrics": {"eCpri_header_config": {
        "Latency": {
          "LatencyBest": "1",
          "LatencyAvg": "1",
          "LatencyWorst": "1",
          "PipelineII": "1",
          "PipelineDepth": "2",
          "PipelineType": "function"
        },
        "Timing": {
          "Target": "3.20",
          "Uncertainty": "0.40",
          "Estimate": "2.004"
        },
        "Area": {
          "FF": "88",
          "LUT": "181",
          "BRAM_18K": "0",
          "DSP48E": "0",
          "URAM": "0"
        }
      }}
  },
  "Sdx": {
    "Target": "none",
    "ProfileOption": "0",
    "ProfileType": "none",
    "XO": "",
    "KernelName": "eCpri_header_config",
    "EnableXoSwEmu": "1"
  },
  "GenData": {
    "DataVersion": "0.2",
    "Time": "2021-04-09 10:12:35 IST",
    "ToolName": "vivado_hls",
    "ToolVersion": "2019.1"
  }
}
