<?xml version="1.0" encoding="UTF-8"?>
<vivadoHLSLog:LogRoot xmlns:vivadoHLSLog="www.xilinx.com/vivadoHLSLog">
  <errorLogs>
    <logs>
      <synLog/>
      <simLog/>
      <mgLog/>
      <packageLog/>
      <csimLog/>
    </logs>
  </errorLogs>
  <warningLogs>
    <logs>
      <synLog>
        <logs message="WARNING: [RTGEN 206-101] Port 'Total_PRB_count_V' with mode 'ap_none' may require an associated data valid signal to correctly communicate with other blocks or a test bench; automatic C/RTL co-simulation may not be able to verify such a port." projectName="uplane_packetiser" solutionName="solution1" date="2023-03-05T12:18:56.362+0530" type="Warning"/>
        <logs message="WARNING: [RTGEN 206-101] Port 'symbol_number_V' with mode 'ap_none' may require an associated data valid signal to correctly communicate with other blocks or a test bench; automatic C/RTL co-simulation may not be able to verify such a port." projectName="uplane_packetiser" solutionName="solution1" date="2023-03-05T12:18:56.360+0530" type="Warning"/>
        <logs message="WARNING: [RTGEN 206-101] Port 'state_out' with mode 'ap_none' may require an associated data valid signal to correctly communicate with other blocks or a test bench; automatic C/RTL co-simulation may not be able to verify such a port." projectName="uplane_packetiser" solutionName="solution1" date="2023-03-05T12:18:56.358+0530" type="Warning"/>
        <logs message="WARNING: [SCHED 204-21] The critical path in module 'uplane_packetiser' consists of the following:&#xA;&#x9;'load' operation ('PRB_fragmentation_lo', uplane_packetiser/uplane_packetizer.cpp:550) on static variable 'PRB_fragmentation' [47]  (0 ns)&#xA;&#x9;'add' operation ('add_ln550', uplane_packetiser/uplane_packetizer.cpp:550) [100]  (0.953 ns)&#xA;&#x9;'icmp' operation ('icmp_ln551', uplane_packetiser/uplane_packetizer.cpp:551) [101]  (1.05 ns)&#xA;&#x9;'select' operation ('select_ln551_1', uplane_packetiser/uplane_packetizer.cpp:551) [104]  (0.187 ns)&#xA;&#x9;'store' operation ('oran_ctrl_state_write_ln554', uplane_packetiser/uplane_packetizer.cpp:554) of variable 'select_ln551_1', uplane_packetiser/uplane_packetizer.cpp:551 on static variable 'oran_ctrl_state' [106]  (0.838 ns)" projectName="uplane_packetiser" solutionName="solution1" date="2023-03-05T12:18:56.246+0530" type="Warning"/>
        <logs message="WARNING: [SCHED 204-21] Estimated clock period (3.0293ns) exceeds the target (target clock period: 3.2ns, clock uncertainty: 0.4ns, effective delay budget: 2.8ns)." projectName="uplane_packetiser" solutionName="solution1" date="2023-03-05T12:18:56.243+0530" type="Warning"/>
        <logs message="WARNING: [XFORM 203-1103] Ignored data pack directive on non-struct variable 'IQ_data.V.data.V' (uplane_packetiser/uplane_packetizer.cpp:332)." projectName="uplane_packetiser" solutionName="solution1" date="2023-03-05T12:18:55.352+0530" type="Warning"/>
      </synLog>
      <simLog/>
      <mgLog/>
      <packageLog/>
      <csimLog/>
    </logs>
  </warningLogs>
</vivadoHLSLog:LogRoot>
