<?xml version="1.0" encoding="UTF-8"?>
<vivadoHLSLog:LogRoot xmlns:vivadoHLSLog="www.xilinx.com/vivadoHLSLog">
  <errorLogs>
    <logs>
      <synLog/>
      <simLog/>
      <mgLog/>
      <packageLog/>
      <csimLog/>
    </logs>
  </errorLogs>
  <warningLogs>
    <logs>
      <synLog>
        <logs message="WARNING: [RTGEN 206-101] Register 'section_count_V' is power-on initialization." projectName="12_Dummy_L1_to_UPLANE" solutionName="solution1" date="2021-03-18T10:34:00.918+0530" type="Warning"/>
        <logs message="WARNING: [RTGEN 206-101] Register 'sym_count_V' is power-on initialization." projectName="12_Dummy_L1_to_UPLANE" solutionName="solution1" date="2021-03-18T10:34:00.913+0530" type="Warning"/>
        <logs message="WARNING: [RTGEN 206-101] Register 'data_src_state' is power-on initialization." projectName="12_Dummy_L1_to_UPLANE" solutionName="solution1" date="2021-03-18T10:34:00.912+0530" type="Warning"/>
        <logs message="WARNING: [RTGEN 206-101] Port 'symbol_number_V' with mode 'ap_none' may require an associated data valid signal to correctly communicate with other blocks or a test bench; automatic C/RTL co-simulation may not be able to verify such a port." projectName="12_Dummy_L1_to_UPLANE" solutionName="solution1" date="2021-03-18T10:34:00.910+0530" type="Warning"/>
        <logs message="WARNING: [RTGEN 206-101] Port 'st_out_V' with mode 'ap_none' may require an associated data valid signal to correctly communicate with other blocks or a test bench; automatic C/RTL co-simulation may not be able to verify such a port." projectName="12_Dummy_L1_to_UPLANE" solutionName="solution1" date="2021-03-18T10:34:00.907+0530" type="Warning"/>
        <logs message="WARNING: [HLS 200-40] Skipped source file 'section_input.txt'. Source files must have extensions .c, .C, .cc, .cpp, .c++, .cp, or .cxx." projectName="12_Dummy_L1_to_UPLANE" solutionName="solution1" date="2021-03-18T10:33:51.188+0530" type="Warning"/>
      </synLog>
      <simLog/>
      <mgLog/>
      <packageLog/>
      <csimLog/>
    </logs>
  </warningLogs>
</vivadoHLSLog:LogRoot>
