<?xml version="1.0" encoding="UTF-8"?>
<vivadoHLSLog:LogRoot xmlns:vivadoHLSLog="www.xilinx.com/vivadoHLSLog">
  <errorLogs>
    <logs>
      <synLog/>
      <simLog/>
      <mgLog/>
      <packageLog/>
      <csimLog/>
    </logs>
  </errorLogs>
  <warningLogs>
    <logs>
      <synLog>
        <logs message="WARNING: [RTGEN 206-101] Port 'Total_PRB_count_V' with mode 'ap_none' may require an associated data valid signal to correctly communicate with other blocks or a test bench; automatic C/RTL co-simulation may not be able to verify such a port." projectName="uplane_packetiser" solutionName="solution1" date="2022-12-14T18:59:00.575+0530" type="Warning"/>
        <logs message="WARNING: [RTGEN 206-101] Port 'symbol_number_V' with mode 'ap_none' may require an associated data valid signal to correctly communicate with other blocks or a test bench; automatic C/RTL co-simulation may not be able to verify such a port." projectName="uplane_packetiser" solutionName="solution1" date="2022-12-14T18:59:00.565+0530" type="Warning"/>
        <logs message="WARNING: [RTGEN 206-101] Port 'state_out' with mode 'ap_none' may require an associated data valid signal to correctly communicate with other blocks or a test bench; automatic C/RTL co-simulation may not be able to verify such a port." projectName="uplane_packetiser" solutionName="solution1" date="2022-12-14T18:59:00.559+0530" type="Warning"/>
        <logs message="WARNING: [XFORM 203-1103] Ignored data pack directive on non-struct variable 'IQ_data.V.data.V' (uplane_packetiser/uplane_packetizer.cpp:7)." projectName="uplane_packetiser" solutionName="solution1" date="2022-12-14T18:58:59.215+0530" type="Warning"/>
        <logs message="WARNING: [HLS 200-40] In file included from uplane_packetiser/uplane_packetizer.cpp:1:&#xA;uplane_packetiser/uplane_packetizer.cpp:54:8: warning: enumeration value 'CHECK' not handled in switch [-Wswitch]&#xA;switch(oran_ctrl_state)&#xA;       ^&#xA;1 warning generated." projectName="uplane_packetiser" solutionName="solution1" date="2022-12-14T18:58:57.518+0530" type="Warning"/>
      </synLog>
      <simLog/>
      <mgLog/>
      <packageLog/>
      <csimLog/>
    </logs>
  </warningLogs>
</vivadoHLSLog:LogRoot>
