<stg><name>Data_Gen</name>


<trans_list>

<trans id="50" from="1" to="2">
<condition id="-1">
<or_exp><and_exp></and_exp></or_exp>
</condition>
</trans>
</trans_list>



<state_list>

<state id="1" st_id="1">

<operation id="3" st_id="1" stage="1" lat="1">
<core>AXI4Stream</core>
<MemPortIdVec></MemPortIdVec>
<condition id="-1">
<or_exp><and_exp></and_exp></or_exp>
</condition>

<Node id="21" bw="1" op_0_bw="1" op_1_bw="64" op_2_bw="32">
<![CDATA[
codeRepl:15  %tmp = call i1 @_ssdm_op_NbReadReq.axis.i64P(i64* %L1_axis_V, i32 1)

]]></Node>
<StgValue><ssdm name="tmp"/></StgValue>
</operation>

<operation id="4" st_id="1" stage="1" lat="1">
<core>NULL</core>
<MemPortIdVec></MemPortIdVec>
<condition id="-1">
<or_exp><and_exp></and_exp></or_exp>
</condition>

<Node id="22" bw="0" op_0_bw="1" op_1_bw="0" op_2_bw="0">
<![CDATA[
codeRepl:16  br i1 %tmp, label %0, label %._crit_edge357

]]></Node>
<StgValue><ssdm name="br_ln28"/></StgValue>
</operation>

<operation id="5" st_id="1" stage="1" lat="1">
<core>AXI4Stream</core>
<MemPortIdVec></MemPortIdVec>
<condition id="-1">
<or_exp><and_exp><literal name="tmp" val="1"/>
</and_exp></or_exp>
</condition>

<Node id="24" bw="64" op_0_bw="64" op_1_bw="64" op_2_bw="1">
<![CDATA[
:0  %tmp1 = call i64 @_ssdm_op_Read.axis.volatile.i64P(i64* %L1_axis_V)

]]></Node>
<StgValue><ssdm name="tmp1"/></StgValue>
</operation>

<operation id="6" st_id="1" stage="1" lat="1">
<core>NULL</core>
<MemPortIdVec></MemPortIdVec>
<condition id="-1">
<or_exp><and_exp><literal name="tmp" val="1"/>
</and_exp></or_exp>
</condition>

<Node id="25" bw="10" op_0_bw="10" op_1_bw="64" op_2_bw="32" op_3_bw="32">
<![CDATA[
:1  %tmp_dst_module_V_loa = call i10 @_ssdm_op_PartSelect.i10.i64.i32.i32(i64 %tmp1, i32 54, i32 63)

]]></Node>
<StgValue><ssdm name="tmp_dst_module_V_loa"/></StgValue>
</operation>

<operation id="7" st_id="1" stage="1" lat="1">
<core>Cmp</core>
<MemPortIdVec></MemPortIdVec>
<condition id="-1">
<or_exp><and_exp><literal name="tmp" val="1"/>
</and_exp></or_exp>
</condition>

<Node id="26" bw="1" op_0_bw="10" op_1_bw="10">
<![CDATA[
:2  %icmp_ln879 = icmp eq i10 %tmp_dst_module_V_loa, 17

]]></Node>
<StgValue><ssdm name="icmp_ln879"/></StgValue>
</operation>

<operation id="8" st_id="1" stage="1" lat="1">
<core>NULL</core>
<MemPortIdVec></MemPortIdVec>
<condition id="-1">
<or_exp><and_exp><literal name="tmp" val="1"/>
</and_exp></or_exp>
</condition>

<Node id="27" bw="0" op_0_bw="1" op_1_bw="0" op_2_bw="0">
<![CDATA[
:3  br i1 %icmp_ln879, label %1, label %._crit_edge358

]]></Node>
<StgValue><ssdm name="br_ln31"/></StgValue>
</operation>

<operation id="9" st_id="1" stage="1" lat="1">
<core>NULL</core>
<MemPortIdVec></MemPortIdVec>
<condition id="-1">
<or_exp><and_exp><literal name="tmp" val="1"/>
<literal name="icmp_ln879" val="1"/>
</and_exp></or_exp>
</condition>

<Node id="29" bw="2" op_0_bw="2" op_1_bw="64" op_2_bw="32" op_3_bw="32">
<![CDATA[
:0  %p_Result_s = call i2 @_ssdm_op_PartSelect.i2.i64.i32.i32(i64 %tmp1, i32 52, i32 53)

]]></Node>
<StgValue><ssdm name="p_Result_s"/></StgValue>
</operation>
</state>

<state id="2" st_id="2">

<operation id="10" st_id="2" stage="1" lat="1">
<core>NULL</core>
<MemPortIdVec></MemPortIdVec>
<condition id="-1">
<or_exp><and_exp></and_exp></or_exp>
</condition>

<Node id="6" bw="0" op_0_bw="0" op_1_bw="48">
<![CDATA[
codeRepl:0  call void (...)* @_ssdm_op_SpecBitsMap(i48* %section_header_V), !map !80

]]></Node>
<StgValue><ssdm name="specbitsmap_ln0"/></StgValue>
</operation>

<operation id="11" st_id="2" stage="1" lat="1">
<core>NULL</core>
<MemPortIdVec></MemPortIdVec>
<condition id="-1">
<or_exp><and_exp></and_exp></or_exp>
</condition>

<Node id="7" bw="0" op_0_bw="0" op_1_bw="32">
<![CDATA[
codeRepl:1  call void (...)* @_ssdm_op_SpecBitsMap(i32* %application_header_V), !map !102

]]></Node>
<StgValue><ssdm name="specbitsmap_ln0"/></StgValue>
</operation>

<operation id="12" st_id="2" stage="1" lat="1">
<core>NULL</core>
<MemPortIdVec></MemPortIdVec>
<condition id="-1">
<or_exp><and_exp></and_exp></or_exp>
</condition>

<Node id="8" bw="0" op_0_bw="0" op_1_bw="64">
<![CDATA[
codeRepl:2  call void (...)* @_ssdm_op_SpecBitsMap(i64* %L1_axis_V), !map !124

]]></Node>
<StgValue><ssdm name="specbitsmap_ln0"/></StgValue>
</operation>

<operation id="13" st_id="2" stage="1" lat="1">
<core>NULL</core>
<MemPortIdVec></MemPortIdVec>
<condition id="-1">
<or_exp><and_exp></and_exp></or_exp>
</condition>

<Node id="9" bw="0" op_0_bw="0" op_1_bw="8">
<![CDATA[
codeRepl:3  call void (...)* @_ssdm_op_SpecBitsMap(i8* %state_out_V), !map !131

]]></Node>
<StgValue><ssdm name="specbitsmap_ln0"/></StgValue>
</operation>

<operation id="14" st_id="2" stage="1" lat="1">
<core>NULL</core>
<MemPortIdVec></MemPortIdVec>
<condition id="-1">
<or_exp><and_exp></and_exp></or_exp>
</condition>

<Node id="10" bw="0" op_0_bw="0" op_1_bw="0">
<![CDATA[
codeRepl:4  call void (...)* @_ssdm_op_SpecTopModule([9 x i8]* @Data_Gen_str) nounwind

]]></Node>
<StgValue><ssdm name="spectopmodule_ln0"/></StgValue>
</operation>

<operation id="15" st_id="2" stage="1" lat="1">
<core>NULL</core>
<MemPortIdVec></MemPortIdVec>
<condition id="-1">
<or_exp><and_exp></and_exp></or_exp>
</condition>

<Node id="11" bw="0" op_0_bw="0" op_1_bw="48" op_2_bw="0" op_3_bw="32" op_4_bw="32" op_5_bw="0" op_6_bw="32" op_7_bw="32" op_8_bw="0" op_9_bw="0" op_10_bw="0" op_11_bw="32" op_12_bw="32" op_13_bw="32" op_14_bw="32" op_15_bw="0" op_16_bw="0">
<![CDATA[
codeRepl:5  call void (...)* @_ssdm_op_SpecInterface(i48* %section_header_V, [5 x i8]* @p_str2, i32 0, i32 0, [1 x i8]* @p_str, i32 0, i32 0, [1 x i8]* @p_str, [1 x i8]* @p_str, [1 x i8]* @p_str, i32 0, i32 0, i32 0, i32 0, [1 x i8]* @p_str, [1 x i8]* @p_str) nounwind

]]></Node>
<StgValue><ssdm name="specinterface_ln12"/></StgValue>
</operation>

<operation id="16" st_id="2" stage="1" lat="1">
<core>NULL</core>
<MemPortIdVec></MemPortIdVec>
<condition id="-1">
<or_exp><and_exp></and_exp></or_exp>
</condition>

<Node id="12" bw="0" op_0_bw="0" op_1_bw="32" op_2_bw="0" op_3_bw="32" op_4_bw="32" op_5_bw="0" op_6_bw="32" op_7_bw="32" op_8_bw="0" op_9_bw="0" op_10_bw="0" op_11_bw="32" op_12_bw="32" op_13_bw="32" op_14_bw="32" op_15_bw="0" op_16_bw="0">
<![CDATA[
codeRepl:6  call void (...)* @_ssdm_op_SpecInterface(i32* %application_header_V, [5 x i8]* @p_str2, i32 0, i32 0, [1 x i8]* @p_str, i32 0, i32 0, [1 x i8]* @p_str, [1 x i8]* @p_str, [1 x i8]* @p_str, i32 0, i32 0, i32 0, i32 0, [1 x i8]* @p_str, [1 x i8]* @p_str) nounwind

]]></Node>
<StgValue><ssdm name="specinterface_ln13"/></StgValue>
</operation>

<operation id="17" st_id="2" stage="1" lat="1">
<core>NULL</core>
<MemPortIdVec></MemPortIdVec>
<condition id="-1">
<or_exp><and_exp></and_exp></or_exp>
</condition>

<Node id="13" bw="0" op_0_bw="0" op_1_bw="64" op_2_bw="0" op_3_bw="32" op_4_bw="32" op_5_bw="0" op_6_bw="32" op_7_bw="32" op_8_bw="0" op_9_bw="0" op_10_bw="0" op_11_bw="32" op_12_bw="32" op_13_bw="32" op_14_bw="32" op_15_bw="0" op_16_bw="0">
<![CDATA[
codeRepl:7  call void (...)* @_ssdm_op_SpecInterface(i64* %L1_axis_V, [5 x i8]* @p_str2, i32 0, i32 0, [1 x i8]* @p_str, i32 0, i32 0, [1 x i8]* @p_str, [1 x i8]* @p_str, [1 x i8]* @p_str, i32 0, i32 0, i32 0, i32 0, [1 x i8]* @p_str, [1 x i8]* @p_str) nounwind

]]></Node>
<StgValue><ssdm name="specinterface_ln14"/></StgValue>
</operation>

<operation id="18" st_id="2" stage="1" lat="1">
<core>NULL</core>
<MemPortIdVec></MemPortIdVec>
<condition id="-1">
<or_exp><and_exp></and_exp></or_exp>
</condition>

<Node id="14" bw="0" op_0_bw="0" op_1_bw="32" op_2_bw="0" op_3_bw="32" op_4_bw="32" op_5_bw="0" op_6_bw="32" op_7_bw="32" op_8_bw="0" op_9_bw="0" op_10_bw="0" op_11_bw="32" op_12_bw="32" op_13_bw="32" op_14_bw="32" op_15_bw="0" op_16_bw="0">
<![CDATA[
codeRepl:8  call void (...)* @_ssdm_op_SpecInterface(i32 0, [13 x i8]* @p_str3, i32 0, i32 0, [1 x i8]* @p_str, i32 0, i32 0, [1 x i8]* @p_str, [1 x i8]* @p_str, [1 x i8]* @p_str, i32 0, i32 0, i32 0, i32 0, [1 x i8]* @p_str, [1 x i8]* @p_str) nounwind

]]></Node>
<StgValue><ssdm name="specinterface_ln15"/></StgValue>
</operation>

<operation id="19" st_id="2" stage="1" lat="1">
<core>NULL</core>
<MemPortIdVec></MemPortIdVec>
<condition id="-1">
<or_exp><and_exp></and_exp></or_exp>
</condition>

<Node id="15" bw="0" op_0_bw="0" op_1_bw="8" op_2_bw="0" op_3_bw="32" op_4_bw="32" op_5_bw="0" op_6_bw="32" op_7_bw="32" op_8_bw="0" op_9_bw="0" op_10_bw="0" op_11_bw="32" op_12_bw="32" op_13_bw="32" op_14_bw="32" op_15_bw="0" op_16_bw="0">
<![CDATA[
codeRepl:9  call void (...)* @_ssdm_op_SpecInterface(i8* %state_out_V, [8 x i8]* @p_str4, i32 0, i32 0, [1 x i8]* @p_str, i32 0, i32 0, [1 x i8]* @p_str, [1 x i8]* @p_str, [1 x i8]* @p_str, i32 0, i32 0, i32 0, i32 0, [1 x i8]* @p_str, [1 x i8]* @p_str) nounwind

]]></Node>
<StgValue><ssdm name="specinterface_ln16"/></StgValue>
</operation>

<operation id="20" st_id="2" stage="1" lat="1">
<core>NULL</core>
<MemPortIdVec></MemPortIdVec>
<condition id="-1">
<or_exp><and_exp></and_exp></or_exp>
</condition>

<Node id="16" bw="0" op_0_bw="0" op_1_bw="32" op_2_bw="32" op_3_bw="32" op_4_bw="32" op_5_bw="0">
<![CDATA[
codeRepl:10  call void (...)* @_ssdm_op_SpecPipeline(i32 1, i32 1, i32 1, i32 0, [1 x i8]* @p_str) nounwind

]]></Node>
<StgValue><ssdm name="specpipeline_ln17"/></StgValue>
</operation>

<operation id="21" st_id="2" stage="1" lat="1">
<core>NULL</core>
<MemPortIdVec></MemPortIdVec>
<condition id="-1">
<or_exp><and_exp></and_exp></or_exp>
</condition>

<Node id="17" bw="0" op_0_bw="0" op_1_bw="2" op_2_bw="32" op_3_bw="0">
<![CDATA[
codeRepl:11  call void (...)* @_ssdm_op_SpecReset(i2* @state_V, i32 1, [1 x i8]* @p_str) nounwind

]]></Node>
<StgValue><ssdm name="specreset_ln25"/></StgValue>
</operation>

<operation id="22" st_id="2" stage="1" lat="1">
<core>NULL</core>
<MemPortIdVec></MemPortIdVec>
<condition id="-1">
<or_exp><and_exp></and_exp></or_exp>
</condition>

<Node id="18" bw="2" op_0_bw="2">
<![CDATA[
codeRepl:12  %state_V_load = load i2* @state_V, align 1

]]></Node>
<StgValue><ssdm name="state_V_load"/></StgValue>
</operation>

<operation id="23" st_id="2" stage="1" lat="1">
<core>NULL</core>
<MemPortIdVec></MemPortIdVec>
<condition id="-1">
<or_exp><and_exp></and_exp></or_exp>
</condition>

<Node id="19" bw="8" op_0_bw="2">
<![CDATA[
codeRepl:13  %zext_ln209 = zext i2 %state_V_load to i8

]]></Node>
<StgValue><ssdm name="zext_ln209"/></StgValue>
</operation>

<operation id="24" st_id="2" stage="1" lat="1">
<core>NULL</core>
<MemPortIdVec></MemPortIdVec>
<condition id="-1">
<or_exp><and_exp></and_exp></or_exp>
</condition>

<Node id="20" bw="0" op_0_bw="0" op_1_bw="8" op_2_bw="8">
<![CDATA[
codeRepl:14  call void @_ssdm_op_Write.ap_none.i8P(i8* %state_out_V, i8 %zext_ln209)

]]></Node>
<StgValue><ssdm name="write_ln27"/></StgValue>
</operation>

<operation id="25" st_id="2" stage="1" lat="1">
<core>NULL</core>
<MemPortIdVec></MemPortIdVec>
<condition id="-1">
<or_exp><and_exp><literal name="tmp" val="1"/>
<literal name="icmp_ln879" val="1"/>
</and_exp></or_exp>
</condition>

<Node id="30" bw="0" op_0_bw="2" op_1_bw="2" op_2_bw="2">
<![CDATA[
:1  store i2 %p_Result_s, i2* @state_V, align 1

]]></Node>
<StgValue><ssdm name="store_ln32"/></StgValue>
</operation>

<operation id="26" st_id="2" stage="1" lat="1">
<core>NULL</core>
<MemPortIdVec></MemPortIdVec>
<condition id="-1">
<or_exp><and_exp><literal name="tmp" val="1"/>
<literal name="icmp_ln879" val="1"/>
</and_exp></or_exp>
</condition>

<Node id="31" bw="0" op_0_bw="2" op_1_bw="0" op_2_bw="2" op_3_bw="0" op_4_bw="2" op_5_bw="0">
<![CDATA[
:2  switch i2 %p_Result_s, label %._crit_edge359 [
    i2 0, label %2
    i2 1, label %3
  ]

]]></Node>
<StgValue><ssdm name="switch_ln35"/></StgValue>
</operation>

<operation id="27" st_id="2" stage="1" lat="1">
<core>NULL</core>
<MemPortIdVec></MemPortIdVec>
<condition id="-1">
<or_exp><and_exp><literal name="tmp" val="1"/>
<literal name="icmp_ln879" val="1"/>
<literal name="p_Result_s" val="1"/>
</and_exp></or_exp>
</condition>

<Node id="33" bw="12" op_0_bw="12" op_1_bw="64" op_2_bw="32" op_3_bw="32">
<![CDATA[
:0  %tmp_sectionID_V = call i12 @_ssdm_op_PartSelect.i12.i64.i32.i32(i64 %tmp1, i32 40, i32 51)

]]></Node>
<StgValue><ssdm name="tmp_sectionID_V"/></StgValue>
</operation>

<operation id="28" st_id="2" stage="1" lat="1">
<core>NULL</core>
<MemPortIdVec></MemPortIdVec>
<condition id="-1">
<or_exp><and_exp><literal name="tmp" val="1"/>
<literal name="icmp_ln879" val="1"/>
<literal name="p_Result_s" val="1"/>
</and_exp></or_exp>
</condition>

<Node id="34" bw="10" op_0_bw="10" op_1_bw="64" op_2_bw="32" op_3_bw="32">
<![CDATA[
:1  %tmp_startPrbu_V = call i10 @_ssdm_op_PartSelect.i10.i64.i32.i32(i64 %tmp1, i32 28, i32 37)

]]></Node>
<StgValue><ssdm name="tmp_startPrbu_V"/></StgValue>
</operation>

<operation id="29" st_id="2" stage="1" lat="1">
<core>NULL</core>
<MemPortIdVec></MemPortIdVec>
<condition id="-1">
<or_exp><and_exp><literal name="tmp" val="1"/>
<literal name="icmp_ln879" val="1"/>
<literal name="p_Result_s" val="1"/>
</and_exp></or_exp>
</condition>

<Node id="35" bw="8" op_0_bw="8" op_1_bw="64" op_2_bw="32" op_3_bw="32">
<![CDATA[
:2  %tmp_numPrbu_V = call i8 @_ssdm_op_PartSelect.i8.i64.i32.i32(i64 %tmp1, i32 20, i32 27)

]]></Node>
<StgValue><ssdm name="tmp_numPrbu_V"/></StgValue>
</operation>

<operation id="30" st_id="2" stage="1" lat="1">
<core>NULL</core>
<MemPortIdVec></MemPortIdVec>
<condition id="-1">
<or_exp><and_exp><literal name="tmp" val="1"/>
<literal name="icmp_ln879" val="1"/>
<literal name="p_Result_s" val="1"/>
</and_exp></or_exp>
</condition>

<Node id="36" bw="2" op_0_bw="2" op_1_bw="64" op_2_bw="32" op_3_bw="32">
<![CDATA[
:3  %tmp_5 = call i2 @_ssdm_op_PartSelect.i2.i64.i32.i32(i64 %tmp1, i32 39, i32 38)

]]></Node>
<StgValue><ssdm name="tmp_5"/></StgValue>
</operation>

<operation id="31" st_id="2" stage="1" lat="1">
<core>NULL</core>
<MemPortIdVec></MemPortIdVec>
<condition id="-1">
<or_exp><and_exp><literal name="tmp" val="1"/>
<literal name="icmp_ln879" val="1"/>
<literal name="p_Result_s" val="1"/>
</and_exp></or_exp>
</condition>

<Node id="37" bw="48" op_0_bw="48" op_1_bw="16" op_2_bw="8" op_3_bw="10" op_4_bw="2" op_5_bw="12">
<![CDATA[
:4  %tmp_2 = call i48 @_ssdm_op_BitConcatenate.i48.i16.i8.i10.i2.i12(i16 0, i8 %tmp_numPrbu_V, i10 %tmp_startPrbu_V, i2 %tmp_5, i12 %tmp_sectionID_V)

]]></Node>
<StgValue><ssdm name="tmp_2"/></StgValue>
</operation>

<operation id="32" st_id="2" stage="1" lat="1">
<core>AXI4Stream</core>
<MemPortIdVec></MemPortIdVec>
<condition id="-1">
<or_exp><and_exp><literal name="tmp" val="1"/>
<literal name="icmp_ln879" val="1"/>
<literal name="p_Result_s" val="1"/>
</and_exp></or_exp>
</condition>

<Node id="38" bw="0" op_0_bw="0" op_1_bw="48" op_2_bw="48">
<![CDATA[
:5  call void @_ssdm_op_Write.axis.volatile.i48P(i48* %section_header_V, i48 %tmp_2)

]]></Node>
<StgValue><ssdm name="write_ln59"/></StgValue>
</operation>

<operation id="33" st_id="2" stage="1" lat="1">
<core>NULL</core>
<MemPortIdVec></MemPortIdVec>
<condition id="-1">
<or_exp><and_exp><literal name="tmp" val="1"/>
<literal name="icmp_ln879" val="1"/>
<literal name="p_Result_s" val="1"/>
</and_exp></or_exp>
</condition>

<Node id="39" bw="0" op_0_bw="0">
<![CDATA[
:6  br label %._crit_edge359

]]></Node>
<StgValue><ssdm name="br_ln60"/></StgValue>
</operation>

<operation id="34" st_id="2" stage="1" lat="1">
<core>NULL</core>
<MemPortIdVec></MemPortIdVec>
<condition id="-1">
<or_exp><and_exp><literal name="tmp" val="1"/>
<literal name="icmp_ln879" val="1"/>
<literal name="p_Result_s" val="0"/>
</and_exp></or_exp>
</condition>

<Node id="41" bw="8" op_0_bw="8" op_1_bw="64" op_2_bw="32" op_3_bw="32">
<![CDATA[
:0  %tmp_frameId_V = call i8 @_ssdm_op_PartSelect.i8.i64.i32.i32(i64 %tmp1, i32 36, i32 43)

]]></Node>
<StgValue><ssdm name="tmp_frameId_V"/></StgValue>
</operation>

<operation id="35" st_id="2" stage="1" lat="1">
<core>NULL</core>
<MemPortIdVec></MemPortIdVec>
<condition id="-1">
<or_exp><and_exp><literal name="tmp" val="1"/>
<literal name="icmp_ln879" val="1"/>
<literal name="p_Result_s" val="0"/>
</and_exp></or_exp>
</condition>

<Node id="42" bw="4" op_0_bw="4" op_1_bw="64" op_2_bw="32" op_3_bw="32">
<![CDATA[
:1  %tmp_subframeId_V = call i4 @_ssdm_op_PartSelect.i4.i64.i32.i32(i64 %tmp1, i32 32, i32 35)

]]></Node>
<StgValue><ssdm name="tmp_subframeId_V"/></StgValue>
</operation>

<operation id="36" st_id="2" stage="1" lat="1">
<core>NULL</core>
<MemPortIdVec></MemPortIdVec>
<condition id="-1">
<or_exp><and_exp><literal name="tmp" val="1"/>
<literal name="icmp_ln879" val="1"/>
<literal name="p_Result_s" val="0"/>
</and_exp></or_exp>
</condition>

<Node id="43" bw="12" op_0_bw="12" op_1_bw="64" op_2_bw="32" op_3_bw="32">
<![CDATA[
:2  %tmp_3 = call i12 @_ssdm_op_PartSelect.i12.i64.i32.i32(i64 %tmp1, i32 20, i32 31)

]]></Node>
<StgValue><ssdm name="tmp_3"/></StgValue>
</operation>

<operation id="37" st_id="2" stage="1" lat="1">
<core>NULL</core>
<MemPortIdVec></MemPortIdVec>
<condition id="-1">
<or_exp><and_exp><literal name="tmp" val="1"/>
<literal name="icmp_ln879" val="1"/>
<literal name="p_Result_s" val="0"/>
</and_exp></or_exp>
</condition>

<Node id="44" bw="8" op_0_bw="8" op_1_bw="64" op_2_bw="32" op_3_bw="32">
<![CDATA[
:3  %tmp_4 = call i8 @_ssdm_op_PartSelect.i8.i64.i32.i32(i64 %tmp1, i32 44, i32 51)

]]></Node>
<StgValue><ssdm name="tmp_4"/></StgValue>
</operation>

<operation id="38" st_id="2" stage="1" lat="1">
<core>NULL</core>
<MemPortIdVec></MemPortIdVec>
<condition id="-1">
<or_exp><and_exp><literal name="tmp" val="1"/>
<literal name="icmp_ln879" val="1"/>
<literal name="p_Result_s" val="0"/>
</and_exp></or_exp>
</condition>

<Node id="45" bw="32" op_0_bw="32" op_1_bw="12" op_2_bw="4" op_3_bw="8" op_4_bw="8">
<![CDATA[
:4  %tmp_1 = call i32 @_ssdm_op_BitConcatenate.i32.i12.i4.i8.i8(i12 %tmp_3, i4 %tmp_subframeId_V, i8 %tmp_frameId_V, i8 %tmp_4)

]]></Node>
<StgValue><ssdm name="tmp_1"/></StgValue>
</operation>

<operation id="39" st_id="2" stage="1" lat="1">
<core>AXI4Stream</core>
<MemPortIdVec></MemPortIdVec>
<condition id="-1">
<or_exp><and_exp><literal name="tmp" val="1"/>
<literal name="icmp_ln879" val="1"/>
<literal name="p_Result_s" val="0"/>
</and_exp></or_exp>
</condition>

<Node id="46" bw="0" op_0_bw="0" op_1_bw="32" op_2_bw="32">
<![CDATA[
:5  call void @_ssdm_op_Write.axis.volatile.i32P(i32* %application_header_V, i32 %tmp_1)

]]></Node>
<StgValue><ssdm name="write_ln47"/></StgValue>
</operation>

<operation id="40" st_id="2" stage="1" lat="1">
<core>NULL</core>
<MemPortIdVec></MemPortIdVec>
<condition id="-1">
<or_exp><and_exp><literal name="tmp" val="1"/>
<literal name="icmp_ln879" val="1"/>
<literal name="p_Result_s" val="0"/>
</and_exp></or_exp>
</condition>

<Node id="47" bw="0" op_0_bw="0">
<![CDATA[
:6  br label %._crit_edge359

]]></Node>
<StgValue><ssdm name="br_ln48"/></StgValue>
</operation>

<operation id="41" st_id="2" stage="1" lat="1">
<core>NULL</core>
<MemPortIdVec></MemPortIdVec>
<condition id="-1">
<or_exp><and_exp><literal name="tmp" val="1"/>
<literal name="icmp_ln879" val="1"/>
</and_exp></or_exp>
</condition>

<Node id="49" bw="0" op_0_bw="0">
<![CDATA[
._crit_edge359:0  br label %._crit_edge358

]]></Node>
<StgValue><ssdm name="br_ln62"/></StgValue>
</operation>

<operation id="42" st_id="2" stage="1" lat="1">
<core>NULL</core>
<MemPortIdVec></MemPortIdVec>
<condition id="-1">
<or_exp><and_exp><literal name="tmp" val="1"/>
</and_exp></or_exp>
</condition>

<Node id="51" bw="0" op_0_bw="0">
<![CDATA[
._crit_edge358:0  br label %._crit_edge357

]]></Node>
<StgValue><ssdm name="br_ln63"/></StgValue>
</operation>

<operation id="43" st_id="2" stage="1" lat="1">
<core>NULL</core>
<MemPortIdVec></MemPortIdVec>
<condition id="-1">
<or_exp><and_exp></and_exp></or_exp>
</condition>

<Node id="53" bw="0">
<![CDATA[
._crit_edge357:0  ret void

]]></Node>
<StgValue><ssdm name="ret_ln65"/></StgValue>
</operation>
</state>
</state_list>


<ports>
<port id="51" name="L1_axis_V" dir="0" iftype="0">
<core>NULL</core><StgValue><ssdm name="L1_axis_V"/></StgValue>
</port>
<port id="52" name="application_header_V" dir="1" iftype="0">
<core>NULL</core><StgValue><ssdm name="application_header_V"/></StgValue>
</port>
<port id="53" name="section_header_V" dir="1" iftype="0">
<core>NULL</core><StgValue><ssdm name="section_header_V"/></StgValue>
</port>
<port id="54" name="state_out_V" dir="1" iftype="0">
<core>NULL</core><StgValue><ssdm name="state_out_V"/></StgValue>
</port>
<port id="55" name="state_V" dir="2" iftype="0">
<core>NULL</core><StgValue><ssdm name="state_V"/></StgValue>
</port>
</ports>


<dataflows>
<dataflow id="57" from="_ssdm_op_NbReadReq.axis.i64P" to="tmp" fromId="56" toId="3">
</dataflow>
<dataflow id="58" from="L1_axis_V" to="tmp" fromId="51" toId="3">
</dataflow>
<dataflow id="60" from="StgValue_59" to="tmp" fromId="59" toId="3">
</dataflow>
<dataflow id="61" from="tmp" to="br_ln28" fromId="3" toId="4">
</dataflow>
<dataflow id="63" from="_ssdm_op_Read.axis.volatile.i64P" to="tmp1" fromId="62" toId="5">
</dataflow>
<dataflow id="64" from="L1_axis_V" to="tmp1" fromId="51" toId="5">
</dataflow>
<dataflow id="66" from="_ssdm_op_PartSelect.i10.i64.i32.i32" to="tmp_dst_module_V_loa" fromId="65" toId="6">
</dataflow>
<dataflow id="67" from="tmp1" to="tmp_dst_module_V_loa" fromId="5" toId="6">
</dataflow>
<dataflow id="69" from="StgValue_68" to="tmp_dst_module_V_loa" fromId="68" toId="6">
</dataflow>
<dataflow id="71" from="StgValue_70" to="tmp_dst_module_V_loa" fromId="70" toId="6">
</dataflow>
<dataflow id="72" from="tmp_dst_module_V_loa" to="icmp_ln879" fromId="6" toId="7">
</dataflow>
<dataflow id="74" from="StgValue_73" to="icmp_ln879" fromId="73" toId="7">
</dataflow>
<dataflow id="75" from="icmp_ln879" to="br_ln31" fromId="7" toId="8">
</dataflow>
<dataflow id="77" from="_ssdm_op_PartSelect.i2.i64.i32.i32" to="p_Result_s" fromId="76" toId="9">
</dataflow>
<dataflow id="78" from="tmp1" to="p_Result_s" fromId="5" toId="9">
</dataflow>
<dataflow id="80" from="StgValue_79" to="p_Result_s" fromId="79" toId="9">
</dataflow>
<dataflow id="82" from="StgValue_81" to="p_Result_s" fromId="81" toId="9">
</dataflow>
<dataflow id="84" from="_ssdm_op_SpecBitsMap" to="specbitsmap_ln0" fromId="83" toId="10">
</dataflow>
<dataflow id="85" from="section_header_V" to="specbitsmap_ln0" fromId="53" toId="10">
</dataflow>
<dataflow id="86" from="_ssdm_op_SpecBitsMap" to="specbitsmap_ln0" fromId="83" toId="11">
</dataflow>
<dataflow id="87" from="application_header_V" to="specbitsmap_ln0" fromId="52" toId="11">
</dataflow>
<dataflow id="88" from="_ssdm_op_SpecBitsMap" to="specbitsmap_ln0" fromId="83" toId="12">
</dataflow>
<dataflow id="89" from="L1_axis_V" to="specbitsmap_ln0" fromId="51" toId="12">
</dataflow>
<dataflow id="90" from="_ssdm_op_SpecBitsMap" to="specbitsmap_ln0" fromId="83" toId="13">
</dataflow>
<dataflow id="91" from="state_out_V" to="specbitsmap_ln0" fromId="54" toId="13">
</dataflow>
<dataflow id="93" from="_ssdm_op_SpecTopModule" to="spectopmodule_ln0" fromId="92" toId="14">
</dataflow>
<dataflow id="95" from="Data_Gen_str" to="spectopmodule_ln0" fromId="94" toId="14">
</dataflow>
<dataflow id="97" from="_ssdm_op_SpecInterface" to="specinterface_ln12" fromId="96" toId="15">
</dataflow>
<dataflow id="98" from="section_header_V" to="specinterface_ln12" fromId="53" toId="15">
</dataflow>
<dataflow id="100" from="p_str2" to="specinterface_ln12" fromId="99" toId="15">
</dataflow>
<dataflow id="102" from="StgValue_101" to="specinterface_ln12" fromId="101" toId="15">
</dataflow>
<dataflow id="103" from="StgValue_101" to="specinterface_ln12" fromId="101" toId="15">
</dataflow>
<dataflow id="105" from="p_str" to="specinterface_ln12" fromId="104" toId="15">
</dataflow>
<dataflow id="106" from="StgValue_101" to="specinterface_ln12" fromId="101" toId="15">
</dataflow>
<dataflow id="107" from="StgValue_101" to="specinterface_ln12" fromId="101" toId="15">
</dataflow>
<dataflow id="108" from="p_str" to="specinterface_ln12" fromId="104" toId="15">
</dataflow>
<dataflow id="109" from="p_str" to="specinterface_ln12" fromId="104" toId="15">
</dataflow>
<dataflow id="110" from="p_str" to="specinterface_ln12" fromId="104" toId="15">
</dataflow>
<dataflow id="111" from="StgValue_101" to="specinterface_ln12" fromId="101" toId="15">
</dataflow>
<dataflow id="112" from="StgValue_101" to="specinterface_ln12" fromId="101" toId="15">
</dataflow>
<dataflow id="113" from="StgValue_101" to="specinterface_ln12" fromId="101" toId="15">
</dataflow>
<dataflow id="114" from="StgValue_101" to="specinterface_ln12" fromId="101" toId="15">
</dataflow>
<dataflow id="115" from="p_str" to="specinterface_ln12" fromId="104" toId="15">
</dataflow>
<dataflow id="116" from="p_str" to="specinterface_ln12" fromId="104" toId="15">
</dataflow>
<dataflow id="117" from="_ssdm_op_SpecInterface" to="specinterface_ln13" fromId="96" toId="16">
</dataflow>
<dataflow id="118" from="application_header_V" to="specinterface_ln13" fromId="52" toId="16">
</dataflow>
<dataflow id="119" from="p_str2" to="specinterface_ln13" fromId="99" toId="16">
</dataflow>
<dataflow id="120" from="StgValue_101" to="specinterface_ln13" fromId="101" toId="16">
</dataflow>
<dataflow id="121" from="StgValue_101" to="specinterface_ln13" fromId="101" toId="16">
</dataflow>
<dataflow id="122" from="p_str" to="specinterface_ln13" fromId="104" toId="16">
</dataflow>
<dataflow id="123" from="StgValue_101" to="specinterface_ln13" fromId="101" toId="16">
</dataflow>
<dataflow id="124" from="StgValue_101" to="specinterface_ln13" fromId="101" toId="16">
</dataflow>
<dataflow id="125" from="p_str" to="specinterface_ln13" fromId="104" toId="16">
</dataflow>
<dataflow id="126" from="p_str" to="specinterface_ln13" fromId="104" toId="16">
</dataflow>
<dataflow id="127" from="p_str" to="specinterface_ln13" fromId="104" toId="16">
</dataflow>
<dataflow id="128" from="StgValue_101" to="specinterface_ln13" fromId="101" toId="16">
</dataflow>
<dataflow id="129" from="StgValue_101" to="specinterface_ln13" fromId="101" toId="16">
</dataflow>
<dataflow id="130" from="StgValue_101" to="specinterface_ln13" fromId="101" toId="16">
</dataflow>
<dataflow id="131" from="StgValue_101" to="specinterface_ln13" fromId="101" toId="16">
</dataflow>
<dataflow id="132" from="p_str" to="specinterface_ln13" fromId="104" toId="16">
</dataflow>
<dataflow id="133" from="p_str" to="specinterface_ln13" fromId="104" toId="16">
</dataflow>
<dataflow id="134" from="_ssdm_op_SpecInterface" to="specinterface_ln14" fromId="96" toId="17">
</dataflow>
<dataflow id="135" from="L1_axis_V" to="specinterface_ln14" fromId="51" toId="17">
</dataflow>
<dataflow id="136" from="p_str2" to="specinterface_ln14" fromId="99" toId="17">
</dataflow>
<dataflow id="137" from="StgValue_101" to="specinterface_ln14" fromId="101" toId="17">
</dataflow>
<dataflow id="138" from="StgValue_101" to="specinterface_ln14" fromId="101" toId="17">
</dataflow>
<dataflow id="139" from="p_str" to="specinterface_ln14" fromId="104" toId="17">
</dataflow>
<dataflow id="140" from="StgValue_101" to="specinterface_ln14" fromId="101" toId="17">
</dataflow>
<dataflow id="141" from="StgValue_101" to="specinterface_ln14" fromId="101" toId="17">
</dataflow>
<dataflow id="142" from="p_str" to="specinterface_ln14" fromId="104" toId="17">
</dataflow>
<dataflow id="143" from="p_str" to="specinterface_ln14" fromId="104" toId="17">
</dataflow>
<dataflow id="144" from="p_str" to="specinterface_ln14" fromId="104" toId="17">
</dataflow>
<dataflow id="145" from="StgValue_101" to="specinterface_ln14" fromId="101" toId="17">
</dataflow>
<dataflow id="146" from="StgValue_101" to="specinterface_ln14" fromId="101" toId="17">
</dataflow>
<dataflow id="147" from="StgValue_101" to="specinterface_ln14" fromId="101" toId="17">
</dataflow>
<dataflow id="148" from="StgValue_101" to="specinterface_ln14" fromId="101" toId="17">
</dataflow>
<dataflow id="149" from="p_str" to="specinterface_ln14" fromId="104" toId="17">
</dataflow>
<dataflow id="150" from="p_str" to="specinterface_ln14" fromId="104" toId="17">
</dataflow>
<dataflow id="151" from="_ssdm_op_SpecInterface" to="specinterface_ln15" fromId="96" toId="18">
</dataflow>
<dataflow id="152" from="StgValue_101" to="specinterface_ln15" fromId="101" toId="18">
</dataflow>
<dataflow id="154" from="p_str3" to="specinterface_ln15" fromId="153" toId="18">
</dataflow>
<dataflow id="155" from="StgValue_101" to="specinterface_ln15" fromId="101" toId="18">
</dataflow>
<dataflow id="156" from="StgValue_101" to="specinterface_ln15" fromId="101" toId="18">
</dataflow>
<dataflow id="157" from="p_str" to="specinterface_ln15" fromId="104" toId="18">
</dataflow>
<dataflow id="158" from="StgValue_101" to="specinterface_ln15" fromId="101" toId="18">
</dataflow>
<dataflow id="159" from="StgValue_101" to="specinterface_ln15" fromId="101" toId="18">
</dataflow>
<dataflow id="160" from="p_str" to="specinterface_ln15" fromId="104" toId="18">
</dataflow>
<dataflow id="161" from="p_str" to="specinterface_ln15" fromId="104" toId="18">
</dataflow>
<dataflow id="162" from="p_str" to="specinterface_ln15" fromId="104" toId="18">
</dataflow>
<dataflow id="163" from="StgValue_101" to="specinterface_ln15" fromId="101" toId="18">
</dataflow>
<dataflow id="164" from="StgValue_101" to="specinterface_ln15" fromId="101" toId="18">
</dataflow>
<dataflow id="165" from="StgValue_101" to="specinterface_ln15" fromId="101" toId="18">
</dataflow>
<dataflow id="166" from="StgValue_101" to="specinterface_ln15" fromId="101" toId="18">
</dataflow>
<dataflow id="167" from="p_str" to="specinterface_ln15" fromId="104" toId="18">
</dataflow>
<dataflow id="168" from="p_str" to="specinterface_ln15" fromId="104" toId="18">
</dataflow>
<dataflow id="169" from="_ssdm_op_SpecInterface" to="specinterface_ln16" fromId="96" toId="19">
</dataflow>
<dataflow id="170" from="state_out_V" to="specinterface_ln16" fromId="54" toId="19">
</dataflow>
<dataflow id="172" from="p_str4" to="specinterface_ln16" fromId="171" toId="19">
</dataflow>
<dataflow id="173" from="StgValue_101" to="specinterface_ln16" fromId="101" toId="19">
</dataflow>
<dataflow id="174" from="StgValue_101" to="specinterface_ln16" fromId="101" toId="19">
</dataflow>
<dataflow id="175" from="p_str" to="specinterface_ln16" fromId="104" toId="19">
</dataflow>
<dataflow id="176" from="StgValue_101" to="specinterface_ln16" fromId="101" toId="19">
</dataflow>
<dataflow id="177" from="StgValue_101" to="specinterface_ln16" fromId="101" toId="19">
</dataflow>
<dataflow id="178" from="p_str" to="specinterface_ln16" fromId="104" toId="19">
</dataflow>
<dataflow id="179" from="p_str" to="specinterface_ln16" fromId="104" toId="19">
</dataflow>
<dataflow id="180" from="p_str" to="specinterface_ln16" fromId="104" toId="19">
</dataflow>
<dataflow id="181" from="StgValue_101" to="specinterface_ln16" fromId="101" toId="19">
</dataflow>
<dataflow id="182" from="StgValue_101" to="specinterface_ln16" fromId="101" toId="19">
</dataflow>
<dataflow id="183" from="StgValue_101" to="specinterface_ln16" fromId="101" toId="19">
</dataflow>
<dataflow id="184" from="StgValue_101" to="specinterface_ln16" fromId="101" toId="19">
</dataflow>
<dataflow id="185" from="p_str" to="specinterface_ln16" fromId="104" toId="19">
</dataflow>
<dataflow id="186" from="p_str" to="specinterface_ln16" fromId="104" toId="19">
</dataflow>
<dataflow id="188" from="_ssdm_op_SpecPipeline" to="specpipeline_ln17" fromId="187" toId="20">
</dataflow>
<dataflow id="189" from="StgValue_59" to="specpipeline_ln17" fromId="59" toId="20">
</dataflow>
<dataflow id="190" from="StgValue_59" to="specpipeline_ln17" fromId="59" toId="20">
</dataflow>
<dataflow id="191" from="StgValue_59" to="specpipeline_ln17" fromId="59" toId="20">
</dataflow>
<dataflow id="192" from="StgValue_101" to="specpipeline_ln17" fromId="101" toId="20">
</dataflow>
<dataflow id="193" from="p_str" to="specpipeline_ln17" fromId="104" toId="20">
</dataflow>
<dataflow id="195" from="_ssdm_op_SpecReset" to="specreset_ln25" fromId="194" toId="21">
</dataflow>
<dataflow id="196" from="state_V" to="specreset_ln25" fromId="55" toId="21">
</dataflow>
<dataflow id="197" from="StgValue_59" to="specreset_ln25" fromId="59" toId="21">
</dataflow>
<dataflow id="198" from="p_str" to="specreset_ln25" fromId="104" toId="21">
</dataflow>
<dataflow id="199" from="state_V" to="state_V_load" fromId="55" toId="22">
</dataflow>
<dataflow id="200" from="state_V_load" to="zext_ln209" fromId="22" toId="23">
</dataflow>
<dataflow id="202" from="_ssdm_op_Write.ap_none.i8P" to="write_ln27" fromId="201" toId="24">
</dataflow>
<dataflow id="203" from="state_out_V" to="write_ln27" fromId="54" toId="24">
</dataflow>
<dataflow id="204" from="zext_ln209" to="write_ln27" fromId="23" toId="24">
</dataflow>
<dataflow id="205" from="p_Result_s" to="store_ln32" fromId="9" toId="25">
</dataflow>
<dataflow id="206" from="state_V" to="store_ln32" fromId="55" toId="25">
</dataflow>
<dataflow id="207" from="p_Result_s" to="switch_ln35" fromId="9" toId="26">
</dataflow>
<dataflow id="209" from="StgValue_208" to="switch_ln35" fromId="208" toId="26">
</dataflow>
<dataflow id="211" from="StgValue_210" to="switch_ln35" fromId="210" toId="26">
</dataflow>
<dataflow id="213" from="_ssdm_op_PartSelect.i12.i64.i32.i32" to="tmp_sectionID_V" fromId="212" toId="27">
</dataflow>
<dataflow id="214" from="tmp1" to="tmp_sectionID_V" fromId="5" toId="27">
</dataflow>
<dataflow id="216" from="StgValue_215" to="tmp_sectionID_V" fromId="215" toId="27">
</dataflow>
<dataflow id="218" from="StgValue_217" to="tmp_sectionID_V" fromId="217" toId="27">
</dataflow>
<dataflow id="219" from="_ssdm_op_PartSelect.i10.i64.i32.i32" to="tmp_startPrbu_V" fromId="65" toId="28">
</dataflow>
<dataflow id="220" from="tmp1" to="tmp_startPrbu_V" fromId="5" toId="28">
</dataflow>
<dataflow id="222" from="StgValue_221" to="tmp_startPrbu_V" fromId="221" toId="28">
</dataflow>
<dataflow id="224" from="StgValue_223" to="tmp_startPrbu_V" fromId="223" toId="28">
</dataflow>
<dataflow id="226" from="_ssdm_op_PartSelect.i8.i64.i32.i32" to="tmp_numPrbu_V" fromId="225" toId="29">
</dataflow>
<dataflow id="227" from="tmp1" to="tmp_numPrbu_V" fromId="5" toId="29">
</dataflow>
<dataflow id="229" from="StgValue_228" to="tmp_numPrbu_V" fromId="228" toId="29">
</dataflow>
<dataflow id="231" from="StgValue_230" to="tmp_numPrbu_V" fromId="230" toId="29">
</dataflow>
<dataflow id="232" from="_ssdm_op_PartSelect.i2.i64.i32.i32" to="tmp_5" fromId="76" toId="30">
</dataflow>
<dataflow id="233" from="tmp1" to="tmp_5" fromId="5" toId="30">
</dataflow>
<dataflow id="235" from="StgValue_234" to="tmp_5" fromId="234" toId="30">
</dataflow>
<dataflow id="237" from="StgValue_236" to="tmp_5" fromId="236" toId="30">
</dataflow>
<dataflow id="239" from="_ssdm_op_BitConcatenate.i48.i16.i8.i10.i2.i12" to="tmp_2" fromId="238" toId="31">
</dataflow>
<dataflow id="241" from="StgValue_240" to="tmp_2" fromId="240" toId="31">
</dataflow>
<dataflow id="242" from="tmp_numPrbu_V" to="tmp_2" fromId="29" toId="31">
</dataflow>
<dataflow id="243" from="tmp_startPrbu_V" to="tmp_2" fromId="28" toId="31">
</dataflow>
<dataflow id="244" from="tmp_5" to="tmp_2" fromId="30" toId="31">
</dataflow>
<dataflow id="245" from="tmp_sectionID_V" to="tmp_2" fromId="27" toId="31">
</dataflow>
<dataflow id="247" from="_ssdm_op_Write.axis.volatile.i48P" to="write_ln59" fromId="246" toId="32">
</dataflow>
<dataflow id="248" from="section_header_V" to="write_ln59" fromId="53" toId="32">
</dataflow>
<dataflow id="249" from="tmp_2" to="write_ln59" fromId="31" toId="32">
</dataflow>
<dataflow id="250" from="_ssdm_op_PartSelect.i8.i64.i32.i32" to="tmp_frameId_V" fromId="225" toId="34">
</dataflow>
<dataflow id="251" from="tmp1" to="tmp_frameId_V" fromId="5" toId="34">
</dataflow>
<dataflow id="253" from="StgValue_252" to="tmp_frameId_V" fromId="252" toId="34">
</dataflow>
<dataflow id="255" from="StgValue_254" to="tmp_frameId_V" fromId="254" toId="34">
</dataflow>
<dataflow id="257" from="_ssdm_op_PartSelect.i4.i64.i32.i32" to="tmp_subframeId_V" fromId="256" toId="35">
</dataflow>
<dataflow id="258" from="tmp1" to="tmp_subframeId_V" fromId="5" toId="35">
</dataflow>
<dataflow id="260" from="StgValue_259" to="tmp_subframeId_V" fromId="259" toId="35">
</dataflow>
<dataflow id="262" from="StgValue_261" to="tmp_subframeId_V" fromId="261" toId="35">
</dataflow>
<dataflow id="263" from="_ssdm_op_PartSelect.i12.i64.i32.i32" to="tmp_3" fromId="212" toId="36">
</dataflow>
<dataflow id="264" from="tmp1" to="tmp_3" fromId="5" toId="36">
</dataflow>
<dataflow id="265" from="StgValue_228" to="tmp_3" fromId="228" toId="36">
</dataflow>
<dataflow id="267" from="StgValue_266" to="tmp_3" fromId="266" toId="36">
</dataflow>
<dataflow id="268" from="_ssdm_op_PartSelect.i8.i64.i32.i32" to="tmp_4" fromId="225" toId="37">
</dataflow>
<dataflow id="269" from="tmp1" to="tmp_4" fromId="5" toId="37">
</dataflow>
<dataflow id="271" from="StgValue_270" to="tmp_4" fromId="270" toId="37">
</dataflow>
<dataflow id="272" from="StgValue_217" to="tmp_4" fromId="217" toId="37">
</dataflow>
<dataflow id="274" from="_ssdm_op_BitConcatenate.i32.i12.i4.i8.i8" to="tmp_1" fromId="273" toId="38">
</dataflow>
<dataflow id="275" from="tmp_3" to="tmp_1" fromId="36" toId="38">
</dataflow>
<dataflow id="276" from="tmp_subframeId_V" to="tmp_1" fromId="35" toId="38">
</dataflow>
<dataflow id="277" from="tmp_frameId_V" to="tmp_1" fromId="34" toId="38">
</dataflow>
<dataflow id="278" from="tmp_4" to="tmp_1" fromId="37" toId="38">
</dataflow>
<dataflow id="280" from="_ssdm_op_Write.axis.volatile.i32P" to="write_ln47" fromId="279" toId="39">
</dataflow>
<dataflow id="281" from="application_header_V" to="write_ln47" fromId="52" toId="39">
</dataflow>
<dataflow id="282" from="tmp_1" to="write_ln47" fromId="38" toId="39">
</dataflow>
<dataflow id="283" from="tmp" to="StgValue_1" fromId="3" toId="1">
</dataflow>
<dataflow id="284" from="icmp_ln879" to="StgValue_1" fromId="7" toId="1">
</dataflow>
<dataflow id="285" from="tmp" to="StgValue_2" fromId="3" toId="2">
</dataflow>
<dataflow id="286" from="icmp_ln879" to="StgValue_2" fromId="7" toId="2">
</dataflow>
<dataflow id="287" from="p_Result_s" to="StgValue_2" fromId="9" toId="2">
</dataflow>
</dataflows>


</stg>
