<annotationInfo>
<item  id="19" filename="13_UPLANE_Appn_Secn_Gen/datagen.cpp" linenumber="27" name="zext_ln209" contextFuncName="Data_Gen" moduleName="Data_Gen" rtlName="state_out_V" latency="0" BRAM="-1" DSP="-1" FF="-1" LUT="-1" fileDirectory="/home/aswin/Desktop/Vivado_hls_projects"><\/item>
<item  id="25" filename="13_UPLANE_Appn_Secn_Gen/datagen.h" linenumber="61" name="tmp_dst_module_V_loa" contextFuncName="operator=" moduleName="Data_Gen" rtlName="tmp_dst_module_V_loa_fu_137_p4" latency="0" BRAM="-1" DSP="-1" FF="-1" LUT="-1" fileDirectory="/home/aswin/Desktop/Vivado_hls_projects"><\/item>
<item  id="26" filename="13_UPLANE_Appn_Secn_Gen/datagen.cpp" linenumber="31" name="icmp_ln879" contextFuncName="Data_Gen" moduleName="Data_Gen" rtlName="icmp_ln879_fu_147_p2" latency="0" BRAM="-1" DSP="-1" FF="0" LUT="13" fileDirectory="/home/aswin/Desktop/Vivado_hls_projects"><\/item>
<item  id="29" filename="13_UPLANE_Appn_Secn_Gen/datagen.cpp" linenumber="32" name="p_Result_s" contextFuncName="Data_Gen" moduleName="Data_Gen" rtlName="p_Result_s_reg_297" latency="0" BRAM="-1" DSP="-1" FF="-1" LUT="-1" fileDirectory="/home/aswin/Desktop/Vivado_hls_projects"><\/item>
<item  id="33" filename="13_UPLANE_Appn_Secn_Gen/datagen.cpp" linenumber="51" name="tmp_sectionID_V" contextFuncName="Data_Gen" moduleName="Data_Gen" rtlName="tmp_sectionID_V_fu_177_p4" latency="0" BRAM="-1" DSP="-1" FF="-1" LUT="-1" fileDirectory="/home/aswin/Desktop/Vivado_hls_projects"><\/item>
<item  id="34" filename="13_UPLANE_Appn_Secn_Gen/datagen.cpp" linenumber="54" name="tmp_startPrbu_V" contextFuncName="Data_Gen" moduleName="Data_Gen" rtlName="tmp_startPrbu_V_fu_186_p4" latency="0" BRAM="-1" DSP="-1" FF="-1" LUT="-1" fileDirectory="/home/aswin/Desktop/Vivado_hls_projects"><\/item>
<item  id="35" filename="13_UPLANE_Appn_Secn_Gen/datagen.cpp" linenumber="55" name="tmp_numPrbu_V" contextFuncName="Data_Gen" moduleName="Data_Gen" rtlName="tmp_numPrbu_V_fu_195_p4" latency="0" BRAM="-1" DSP="-1" FF="-1" LUT="-1" fileDirectory="/home/aswin/Desktop/Vivado_hls_projects"><\/item>
<item  id="36" filename="13_UPLANE_Appn_Secn_Gen/datagen.cpp" linenumber="59" name="tmp_5" contextFuncName="Data_Gen" moduleName="Data_Gen" rtlName="tmp_5_fu_204_p4" latency="0" BRAM="-1" DSP="-1" FF="-1" LUT="-1" fileDirectory="/home/aswin/Desktop/Vivado_hls_projects"><\/item>
<item  id="37" filename="13_UPLANE_Appn_Secn_Gen/datagen.cpp" linenumber="59" name="tmp_2" contextFuncName="Data_Gen" moduleName="Data_Gen" rtlName="section_header_V_TDATA" latency="0" BRAM="-1" DSP="-1" FF="-1" LUT="-1" fileDirectory="/home/aswin/Desktop/Vivado_hls_projects"><\/item>
<item  id="41" filename="13_UPLANE_Appn_Secn_Gen/datagen.cpp" linenumber="42" name="tmp_frameId_V" contextFuncName="Data_Gen" moduleName="Data_Gen" rtlName="tmp_frameId_V_fu_228_p4" latency="0" BRAM="-1" DSP="-1" FF="-1" LUT="-1" fileDirectory="/home/aswin/Desktop/Vivado_hls_projects"><\/item>
<item  id="42" filename="13_UPLANE_Appn_Secn_Gen/datagen.cpp" linenumber="43" name="tmp_subframeId_V" contextFuncName="Data_Gen" moduleName="Data_Gen" rtlName="tmp_subframeId_V_fu_237_p4" latency="0" BRAM="-1" DSP="-1" FF="-1" LUT="-1" fileDirectory="/home/aswin/Desktop/Vivado_hls_projects"><\/item>
<item  id="43" filename="13_UPLANE_Appn_Secn_Gen/datagen.cpp" linenumber="47" name="tmp_3" contextFuncName="Data_Gen" moduleName="Data_Gen" rtlName="tmp_3_fu_246_p4" latency="0" BRAM="-1" DSP="-1" FF="-1" LUT="-1" fileDirectory="/home/aswin/Desktop/Vivado_hls_projects"><\/item>
<item  id="44" filename="13_UPLANE_Appn_Secn_Gen/datagen.cpp" linenumber="47" name="tmp_4" contextFuncName="Data_Gen" moduleName="Data_Gen" rtlName="tmp_4_fu_255_p4" latency="0" BRAM="-1" DSP="-1" FF="-1" LUT="-1" fileDirectory="/home/aswin/Desktop/Vivado_hls_projects"><\/item>
<item  id="45" filename="13_UPLANE_Appn_Secn_Gen/datagen.cpp" linenumber="47" name="tmp_1" contextFuncName="Data_Gen" moduleName="Data_Gen" rtlName="application_header_V_TDATA" latency="0" BRAM="-1" DSP="-1" FF="-1" LUT="-1" fileDirectory="/home/aswin/Desktop/Vivado_hls_projects"><\/item>
</annotationInfo>
