<stg><name>Data_Gen</name>


<trans_list>

<trans id="50" from="1" to="2">
<condition id="-1">
<or_exp><and_exp></and_exp></or_exp>
</condition>
</trans>
</trans_list>



<state_list>

<state id="1" st_id="1">

<operation id="3" st_id="1" stage="1" lat="1">
<core>AXI4Stream</core>
<MemPortIdVec></MemPortIdVec>
<condition id="-1">
<or_exp><and_exp></and_exp></or_exp>
</condition>

<Node id="21" bw="1" op_0_bw="1" op_1_bw="64" op_2_bw="32">
<![CDATA[
codeRepl:15  %tmp = call i1 @_ssdm_op_NbReadReq.axis.i64P(i64* %L1_axis_V, i32 1)

]]></Node>
<StgValue><ssdm name="tmp"/></StgValue>
</operation>

<operation id="4" st_id="1" stage="1" lat="1">
<core>NULL</core>
<MemPortIdVec></MemPortIdVec>
<condition id="-1">
<or_exp><and_exp></and_exp></or_exp>
</condition>

<Node id="22" bw="0" op_0_bw="1" op_1_bw="0" op_2_bw="0">
<![CDATA[
codeRepl:16  br i1 %tmp, label %0, label %._crit_edge357

]]></Node>
<StgValue><ssdm name="br_ln28"/></StgValue>
</operation>

<operation id="5" st_id="1" stage="1" lat="1">
<core>AXI4Stream</core>
<MemPortIdVec></MemPortIdVec>
<condition id="-1">
<or_exp><and_exp><literal name="tmp" val="1"/>
</and_exp></or_exp>
</condition>

<Node id="24" bw="64" op_0_bw="64" op_1_bw="64" op_2_bw="1">
<![CDATA[
:0  %tmp1 = call i64 @_ssdm_op_Read.axis.volatile.i64P(i64* %L1_axis_V)

]]></Node>
<StgValue><ssdm name="tmp1"/></StgValue>
</operation>

<operation id="6" st_id="1" stage="1" lat="1">
<core>NULL</core>
<MemPortIdVec></MemPortIdVec>
<condition id="-1">
<or_exp><and_exp><literal name="tmp" val="1"/>
</and_exp></or_exp>
</condition>

<Node id="25" bw="10" op_0_bw="10" op_1_bw="64" op_2_bw="32" op_3_bw="32">
<![CDATA[
:1  %tmp_dst_module_V_loa = call i10 @_ssdm_op_PartSelect.i10.i64.i32.i32(i64 %tmp1, i32 54, i32 63)

]]></Node>
<StgValue><ssdm name="tmp_dst_module_V_loa"/></StgValue>
</operation>

<operation id="7" st_id="1" stage="1" lat="1">
<core>Cmp</core>
<MemPortIdVec></MemPortIdVec>
<condition id="-1">
<or_exp><and_exp><literal name="tmp" val="1"/>
</and_exp></or_exp>
</condition>

<Node id="26" bw="1" op_0_bw="10" op_1_bw="10">
<![CDATA[
:2  %icmp_ln879 = icmp eq i10 %tmp_dst_module_V_loa, 17

]]></Node>
<StgValue><ssdm name="icmp_ln879"/></StgValue>
</operation>

<operation id="8" st_id="1" stage="1" lat="1">
<core>NULL</core>
<MemPortIdVec></MemPortIdVec>
<condition id="-1">
<or_exp><and_exp><literal name="tmp" val="1"/>
</and_exp></or_exp>
</condition>

<Node id="27" bw="0" op_0_bw="1" op_1_bw="0" op_2_bw="0">
<![CDATA[
:3  br i1 %icmp_ln879, label %1, label %._crit_edge358

]]></Node>
<StgValue><ssdm name="br_ln31"/></StgValue>
</operation>

<operation id="9" st_id="1" stage="1" lat="1">
<core>NULL</core>
<MemPortIdVec></MemPortIdVec>
<condition id="-1">
<or_exp><and_exp><literal name="tmp" val="1"/>
<literal name="icmp_ln879" val="1"/>
</and_exp></or_exp>
</condition>

<Node id="29" bw="2" op_0_bw="2" op_1_bw="64" op_2_bw="32" op_3_bw="32">
<![CDATA[
:0  %p_Result_s = call i2 @_ssdm_op_PartSelect.i2.i64.i32.i32(i64 %tmp1, i32 52, i32 53)

]]></Node>
<StgValue><ssdm name="p_Result_s"/></StgValue>
</operation>
</state>

<state id="2" st_id="2">

<operation id="10" st_id="2" stage="1" lat="1">
<core>NULL</core>
<MemPortIdVec></MemPortIdVec>
<condition id="-1">
<or_exp><and_exp></and_exp></or_exp>
</condition>

<Node id="6" bw="0" op_0_bw="0" op_1_bw="48">
<![CDATA[
codeRepl:0  call void (...)* @_ssdm_op_SpecBitsMap(i48* %section_header_V), !map !80

]]></Node>
<StgValue><ssdm name="specbitsmap_ln0"/></StgValue>
</operation>

<operation id="11" st_id="2" stage="1" lat="1">
<core>NULL</core>
<MemPortIdVec></MemPortIdVec>
<condition id="-1">
<or_exp><and_exp></and_exp></or_exp>
</condition>

<Node id="7" bw="0" op_0_bw="0" op_1_bw="32">
<![CDATA[
codeRepl:1  call void (...)* @_ssdm_op_SpecBitsMap(i32* %application_header_V), !map !102

]]></Node>
<StgValue><ssdm name="specbitsmap_ln0"/></StgValue>
</operation>

<operation id="12" st_id="2" stage="1" lat="1">
<core>NULL</core>
<MemPortIdVec></MemPortIdVec>
<condition id="-1">
<or_exp><and_exp></and_exp></or_exp>
</condition>

<Node id="8" bw="0" op_0_bw="0" op_1_bw="64">
<![CDATA[
codeRepl:2  call void (...)* @_ssdm_op_SpecBitsMap(i64* %L1_axis_V), !map !124

]]></Node>
<StgValue><ssdm name="specbitsmap_ln0"/></StgValue>
</operation>

<operation id="13" st_id="2" stage="1" lat="1">
<core>NULL</core>
<MemPortIdVec></MemPortIdVec>
<condition id="-1">
<or_exp><and_exp></and_exp></or_exp>
</condition>

<Node id="9" bw="0" op_0_bw="0" op_1_bw="8">
<![CDATA[
codeRepl:3  call void (...)* @_ssdm_op_SpecBitsMap(i8* %state_out_V), !map !131

]]></Node>
<StgValue><ssdm name="specbitsmap_ln0"/></StgValue>
</operation>

<operation id="14" st_id="2" stage="1" lat="1">
<core>NULL</core>
<MemPortIdVec></MemPortIdVec>
<condition id="-1">
<or_exp><and_exp></and_exp></or_exp>
</condition>

<Node id="10" bw="0" op_0_bw="0" op_1_bw="0">
<![CDATA[
codeRepl:4  call void (...)* @_ssdm_op_SpecTopModule([9 x i8]* @Data_Gen_str) nounwind

]]></Node>
<StgValue><ssdm name="spectopmodule_ln0"/></StgValue>
</operation>

<operation id="15" st_id="2" stage="1" lat="1">
<core>NULL</core>
<MemPortIdVec></MemPortIdVec>
<condition id="-1">
<or_exp><and_exp></and_exp></or_exp>
</condition>

<Node id="11" bw="0" op_0_bw="0" op_1_bw="48" op_2_bw="0" op_3_bw="32" op_4_bw="32" op_5_bw="0" op_6_bw="32" op_7_bw="32" op_8_bw="0" op_9_bw="0" op_10_bw="0" op_11_bw="32" op_12_bw="32" op_13_bw="32" op_14_bw="32" op_15_bw="0" op_16_bw="0">
<![CDATA[
codeRepl:5  call void (...)* @_ssdm_op_SpecInterface(i48* %section_header_V, [5 x i8]* @p_str2, i32 0, i32 0, [1 x i8]* @p_str, i32 0, i32 0, [1 x i8]* @p_str, [1 x i8]* @p_str, [1 x i8]* @p_str, i32 0, i32 0, i32 0, i32 0, [1 x i8]* @p_str, [1 x i8]* @p_str) nounwind

]]></Node>
<StgValue><ssdm name="specinterface_ln12"/></StgValue>
</operation>

<operation id="16" st_id="2" stage="1" lat="1">
<core>NULL</core>
<MemPortIdVec></MemPortIdVec>
<condition id="-1">
<or_exp><and_exp></and_exp></or_exp>
</condition>

<Node id="12" bw="0" op_0_bw="0" op_1_bw="32" op_2_bw="0" op_3_bw="32" op_4_bw="32" op_5_bw="0" op_6_bw="32" op_7_bw="32" op_8_bw="0" op_9_bw="0" op_10_bw="0" op_11_bw="32" op_12_bw="32" op_13_bw="32" op_14_bw="32" op_15_bw="0" op_16_bw="0">
<![CDATA[
codeRepl:6  call void (...)* @_ssdm_op_SpecInterface(i32* %application_header_V, [5 x i8]* @p_str2, i32 0, i32 0, [1 x i8]* @p_str, i32 0, i32 0, [1 x i8]* @p_str, [1 x i8]* @p_str, [1 x i8]* @p_str, i32 0, i32 0, i32 0, i32 0, [1 x i8]* @p_str, [1 x i8]* @p_str) nounwind

]]></Node>
<StgValue><ssdm name="specinterface_ln13"/></StgValue>
</operation>

<operation id="17" st_id="2" stage="1" lat="1">
<core>NULL</core>
<MemPortIdVec></MemPortIdVec>
<condition id="-1">
<or_exp><and_exp></and_exp></or_exp>
</condition>

<Node id="13" bw="0" op_0_bw="0" op_1_bw="64" op_2_bw="0" op_3_bw="32" op_4_bw="32" op_5_bw="0" op_6_bw="32" op_7_bw="32" op_8_bw="0" op_9_bw="0" op_10_bw="0" op_11_bw="32" op_12_bw="32" op_13_bw="32" op_14_bw="32" op_15_bw="0" op_16_bw="0">
<![CDATA[
codeRepl:7  call void (...)* @_ssdm_op_SpecInterface(i64* %L1_axis_V, [5 x i8]* @p_str2, i32 0, i32 0, [1 x i8]* @p_str, i32 0, i32 0, [1 x i8]* @p_str, [1 x i8]* @p_str, [1 x i8]* @p_str, i32 0, i32 0, i32 0, i32 0, [1 x i8]* @p_str, [1 x i8]* @p_str) nounwind

]]></Node>
<StgValue><ssdm name="specinterface_ln14"/></StgValue>
</operation>

<operation id="18" st_id="2" stage="1" lat="1">
<core>NULL</core>
<MemPortIdVec></MemPortIdVec>
<condition id="-1">
<or_exp><and_exp></and_exp></or_exp>
</condition>

<Node id="14" bw="0" op_0_bw="0" op_1_bw="32" op_2_bw="0" op_3_bw="32" op_4_bw="32" op_5_bw="0" op_6_bw="32" op_7_bw="32" op_8_bw="0" op_9_bw="0" op_10_bw="0" op_11_bw="32" op_12_bw="32" op_13_bw="32" op_14_bw="32" op_15_bw="0" op_16_bw="0">
<![CDATA[
codeRepl:8  call void (...)* @_ssdm_op_SpecInterface(i32 0, [13 x i8]* @p_str3, i32 0, i32 0, [1 x i8]* @p_str, i32 0, i32 0, [1 x i8]* @p_str, [1 x i8]* @p_str, [1 x i8]* @p_str, i32 0, i32 0, i32 0, i32 0, [1 x i8]* @p_str, [1 x i8]* @p_str) nounwind

]]></Node>
<StgValue><ssdm name="specinterface_ln15"/></StgValue>
</operation>

<operation id="19" st_id="2" stage="1" lat="1">
<core>NULL</core>
<MemPortIdVec></MemPortIdVec>
<condition id="-1">
<or_exp><and_exp></and_exp></or_exp>
</condition>

<Node id="15" bw="0" op_0_bw="0" op_1_bw="8" op_2_bw="0" op_3_bw="32" op_4_bw="32" op_5_bw="0" op_6_bw="32" op_7_bw="32" op_8_bw="0" op_9_bw="0" op_10_bw="0" op_11_bw="32" op_12_bw="32" op_13_bw="32" op_14_bw="32" op_15_bw="0" op_16_bw="0">
<![CDATA[
codeRepl:9  call void (...)* @_ssdm_op_SpecInterface(i8* %state_out_V, [8 x i8]* @p_str4, i32 0, i32 0, [1 x i8]* @p_str, i32 0, i32 0, [1 x i8]* @p_str, [1 x i8]* @p_str, [1 x i8]* @p_str, i32 0, i32 0, i32 0, i32 0, [1 x i8]* @p_str, [1 x i8]* @p_str) nounwind

]]></Node>
<StgValue><ssdm name="specinterface_ln16"/></StgValue>
</operation>

<operation id="20" st_id="2" stage="1" lat="1">
<core>NULL</core>
<MemPortIdVec></MemPortIdVec>
<condition id="-1">
<or_exp><and_exp></and_exp></or_exp>
</condition>

<Node id="16" bw="0" op_0_bw="0" op_1_bw="32" op_2_bw="32" op_3_bw="32" op_4_bw="32" op_5_bw="0">
<![CDATA[
codeRepl:10  call void (...)* @_ssdm_op_SpecPipeline(i32 1, i32 1, i32 1, i32 0, [1 x i8]* @p_str) nounwind

]]></Node>
<StgValue><ssdm name="specpipeline_ln17"/></StgValue>
</operation>

<operation id="21" st_id="2" stage="1" lat="1">
<core>NULL</core>
<MemPortIdVec></MemPortIdVec>
<condition id="-1">
<or_exp><and_exp></and_exp></or_exp>
</condition>

<Node id="17" bw="0" op_0_bw="0" op_1_bw="2" op_2_bw="32" op_3_bw="0">
<![CDATA[
codeRepl:11  call void (...)* @_ssdm_op_SpecReset(i2* @state_V, i32 1, [1 x i8]* @p_str) nounwind

]]></Node>
<StgValue><ssdm name="specreset_ln25"/></StgValue>
</operation>

<operation id="22" st_id="2" stage="1" lat="1">
<core>NULL</core>
<MemPortIdVec></MemPortIdVec>
<condition id="-1">
<or_exp><and_exp></and_exp></or_exp>
</condition>

<Node id="18" bw="2" op_0_bw="2">
<![CDATA[
codeRepl:12  %state_V_load = load i2* @state_V, align 1

]]></Node>
<StgValue><ssdm name="state_V_load"/></StgValue>
</operation>

<operation id="23" st_id="2" stage="1" lat="1">
<core>NULL</core>
<MemPortIdVec></MemPortIdVec>
<condition id="-1">
<or_exp><and_exp></and_exp></or_exp>
</condition>

<Node id="19" bw="8" op_0_bw="2">
<![CDATA[
codeRepl:13  %zext_ln209 = zext i2 %state_V_load to i8

]]></Node>
<StgValue><ssdm name="zext_ln209"/></StgValue>
</operation>

<operation id="24" st_id="2" stage="1" lat="1">
<core>NULL</core>
<MemPortIdVec></MemPortIdVec>
<condition id="-1">
<or_exp><and_exp></and_exp></or_exp>
</condition>

<Node id="20" bw="0" op_0_bw="0" op_1_bw="8" op_2_bw="8">
<![CDATA[
codeRepl:14  call void @_ssdm_op_Write.ap_none.i8P(i8* %state_out_V, i8 %zext_ln209)

]]></Node>
<StgValue><ssdm name="write_ln27"/></StgValue>
</operation>

<operation id="25" st_id="2" stage="1" lat="1">
<core>NULL</core>
<MemPortIdVec></MemPortIdVec>
<condition id="-1">
<or_exp><and_exp><literal name="tmp" val="1"/>
<literal name="icmp_ln879" val="1"/>
</and_exp></or_exp>
</condition>

<Node id="30" bw="0" op_0_bw="2" op_1_bw="2" op_2_bw="2">
<![CDATA[
:1  store i2 %p_Result_s, i2* @state_V, align 1

]]></Node>
<StgValue><ssdm name="store_ln32"/></StgValue>
</operation>

<operation id="26" st_id="2" stage="1" lat="1">
<core>NULL</core>
<MemPortIdVec></MemPortIdVec>
<condition id="-1">
<or_exp><and_exp><literal name="tmp" val="1"/>
<literal name="icmp_ln879" val="1"/>
</and_exp></or_exp>
</condition>

<Node id="31" bw="0" op_0_bw="2" op_1_bw="0" op_2_bw="2" op_3_bw="0" op_4_bw="2" op_5_bw="0">
<![CDATA[
:2  switch i2 %p_Result_s, label %._crit_edge359 [
    i2 0, label %2
    i2 1, label %3
  ]

]]></Node>
<StgValue><ssdm name="switch_ln35"/></StgValue>
</operation>

<operation id="27" st_id="2" stage="1" lat="1">
<core>NULL</core>
<MemPortIdVec></MemPortIdVec>
<condition id="-1">
<or_exp><and_exp><literal name="tmp" val="1"/>
<literal name="icmp_ln879" val="1"/>
<literal name="p_Result_s" val="1"/>
</and_exp></or_exp>
</condition>

<Node id="33" bw="12" op_0_bw="12" op_1_bw="64" op_2_bw="32" op_3_bw="32">
<![CDATA[
:0  %tmp_sectionID_V = call i12 @_ssdm_op_PartSelect.i12.i64.i32.i32(i64 %tmp1, i32 40, i32 51)

]]></Node>
<StgValue><ssdm name="tmp_sectionID_V"/></StgValue>
</operation>

<operation id="28" st_id="2" stage="1" lat="1">
<core>NULL</core>
<MemPortIdVec></MemPortIdVec>
<condition id="-1">
<or_exp><and_exp><literal name="tmp" val="1"/>
<literal name="icmp_ln879" val="1"/>
<literal name="p_Result_s" val="1"/>
</and_exp></or_exp>
</condition>

<Node id="34" bw="10" op_0_bw="10" op_1_bw="64" op_2_bw="32" op_3_bw="32">
<![CDATA[
:1  %tmp_startPrbu_V = call i10 @_ssdm_op_PartSelect.i10.i64.i32.i32(i64 %tmp1, i32 28, i32 37)

]]></Node>
<StgValue><ssdm name="tmp_startPrbu_V"/></StgValue>
</operation>

<operation id="29" st_id="2" stage="1" lat="1">
<core>NULL</core>
<MemPortIdVec></MemPortIdVec>
<condition id="-1">
<or_exp><and_exp><literal name="tmp" val="1"/>
<literal name="icmp_ln879" val="1"/>
<literal name="p_Result_s" val="1"/>
</and_exp></or_exp>
</condition>

<Node id="35" bw="8" op_0_bw="8" op_1_bw="64" op_2_bw="32" op_3_bw="32">
<![CDATA[
:2  %tmp_numPrbu_V = call i8 @_ssdm_op_PartSelect.i8.i64.i32.i32(i64 %tmp1, i32 20, i32 27)

]]></Node>
<StgValue><ssdm name="tmp_numPrbu_V"/></StgValue>
</operation>

<operation id="30" st_id="2" stage="1" lat="1">
<core>NULL</core>
<MemPortIdVec></MemPortIdVec>
<condition id="-1">
<or_exp><and_exp><literal name="tmp" val="1"/>
<literal name="icmp_ln879" val="1"/>
<literal name="p_Result_s" val="1"/>
</and_exp></or_exp>
</condition>

<Node id="36" bw="2" op_0_bw="2" op_1_bw="64" op_2_bw="32" op_3_bw="32">
<![CDATA[
:3  %tmp_5 = call i2 @_ssdm_op_PartSelect.i2.i64.i32.i32(i64 %tmp1, i32 39, i32 38)

]]></Node>
<StgValue><ssdm name="tmp_5"/></StgValue>
</operation>

<operation id="31" st_id="2" stage="1" lat="1">
<core>NULL</core>
<MemPortIdVec></MemPortIdVec>
<condition id="-1">
<or_exp><and_exp><literal name="tmp" val="1"/>
<literal name="icmp_ln879" val="1"/>
<literal name="p_Result_s" val="1"/>
</and_exp></or_exp>
</condition>

<Node id="37" bw="48" op_0_bw="48" op_1_bw="16" op_2_bw="8" op_3_bw="10" op_4_bw="2" op_5_bw="12">
<![CDATA[
:4  %tmp_2 = call i48 @_ssdm_op_BitConcatenate.i48.i16.i8.i10.i2.i12(i16 0, i8 %tmp_numPrbu_V, i10 %tmp_startPrbu_V, i2 %tmp_5, i12 %tmp_sectionID_V)

]]></Node>
<StgValue><ssdm name="tmp_2"/></StgValue>
</operation>

<operation id="32" st_id="2" stage="1" lat="1">
<core>AXI4Stream</core>
<MemPortIdVec></MemPortIdVec>
<condition id="-1">
<or_exp><and_exp><literal name="tmp" val="1"/>
<literal name="icmp_ln879" val="1"/>
<literal name="p_Result_s" val="1"/>
</and_exp></or_exp>
</condition>

<Node id="38" bw="0" op_0_bw="0" op_1_bw="48" op_2_bw="48">
<![CDATA[
:5  call void @_ssdm_op_Write.axis.volatile.i48P(i48* %section_header_V, i48 %tmp_2)

]]></Node>
<StgValue><ssdm name="write_ln59"/></StgValue>
</operation>

<operation id="33" st_id="2" stage="1" lat="1">
<core>NULL</core>
<MemPortIdVec></MemPortIdVec>
<condition id="-1">
<or_exp><and_exp><literal name="tmp" val="1"/>
<literal name="icmp_ln879" val="1"/>
<literal name="p_Result_s" val="1"/>
</and_exp></or_exp>
</condition>

<Node id="39" bw="0" op_0_bw="0">
<![CDATA[
:6  br label %._crit_edge359

]]></Node>
<StgValue><ssdm name="br_ln60"/></StgValue>
</operation>

<operation id="34" st_id="2" stage="1" lat="1">
<core>NULL</core>
<MemPortIdVec></MemPortIdVec>
<condition id="-1">
<or_exp><and_exp><literal name="tmp" val="1"/>
<literal name="icmp_ln879" val="1"/>
<literal name="p_Result_s" val="0"/>
</and_exp></or_exp>
</condition>

<Node id="41" bw="8" op_0_bw="8" op_1_bw="64" op_2_bw="32" op_3_bw="32">
<![CDATA[
:0  %tmp_frameId_V = call i8 @_ssdm_op_PartSelect.i8.i64.i32.i32(i64 %tmp1, i32 36, i32 43)

]]></Node>
<StgValue><ssdm name="tmp_frameId_V"/></StgValue>
</operation>

<operation id="35" st_id="2" stage="1" lat="1">
<core>NULL</core>
<MemPortIdVec></MemPortIdVec>
<condition id="-1">
<or_exp><and_exp><literal name="tmp" val="1"/>
<literal name="icmp_ln879" val="1"/>
<literal name="p_Result_s" val="0"/>
</and_exp></or_exp>
</condition>

<Node id="42" bw="4" op_0_bw="4" op_1_bw="64" op_2_bw="32" op_3_bw="32">
<![CDATA[
:1  %tmp_subframeId_V = call i4 @_ssdm_op_PartSelect.i4.i64.i32.i32(i64 %tmp1, i32 32, i32 35)

]]></Node>
<StgValue><ssdm name="tmp_subframeId_V"/></StgValue>
</operation>

<operation id="36" st_id="2" stage="1" lat="1">
<core>NULL</core>
<MemPortIdVec></MemPortIdVec>
<condition id="-1">
<or_exp><and_exp><literal name="tmp" val="1"/>
<literal name="icmp_ln879" val="1"/>
<literal name="p_Result_s" val="0"/>
</and_exp></or_exp>
</condition>

<Node id="43" bw="12" op_0_bw="12" op_1_bw="64" op_2_bw="32" op_3_bw="32">
<![CDATA[
:2  %tmp_3 = call i12 @_ssdm_op_PartSelect.i12.i64.i32.i32(i64 %tmp1, i32 20, i32 31)

]]></Node>
<StgValue><ssdm name="tmp_3"/></StgValue>
</operation>

<operation id="37" st_id="2" stage="1" lat="1">
<core>NULL</core>
<MemPortIdVec></MemPortIdVec>
<condition id="-1">
<or_exp><and_exp><literal name="tmp" val="1"/>
<literal name="icmp_ln879" val="1"/>
<literal name="p_Result_s" val="0"/>
</and_exp></or_exp>
</condition>

<Node id="44" bw="8" op_0_bw="8" op_1_bw="64" op_2_bw="32" op_3_bw="32">
<![CDATA[
:3  %tmp_4 = call i8 @_ssdm_op_PartSelect.i8.i64.i32.i32(i64 %tmp1, i32 44, i32 51)

]]></Node>
<StgValue><ssdm name="tmp_4"/></StgValue>
</operation>

<operation id="38" st_id="2" stage="1" lat="1">
<core>NULL</core>
<MemPortIdVec></MemPortIdVec>
<condition id="-1">
<or_exp><and_exp><literal name="tmp" val="1"/>
<literal name="icmp_ln879" val="1"/>
<literal name="p_Result_s" val="0"/>
</and_exp></or_exp>
</condition>

<Node id="45" bw="32" op_0_bw="32" op_1_bw="12" op_2_bw="4" op_3_bw="8" op_4_bw="8">
<![CDATA[
:4  %tmp_1 = call i32 @_ssdm_op_BitConcatenate.i32.i12.i4.i8.i8(i12 %tmp_3, i4 %tmp_subframeId_V, i8 %tmp_frameId_V, i8 %tmp_4)

]]></Node>
<StgValue><ssdm name="tmp_1"/></StgValue>
</operation>

<operation id="39" st_id="2" stage="1" lat="1">
<core>AXI4Stream</core>
<MemPortIdVec></MemPortIdVec>
<condition id="-1">
<or_exp><and_exp><literal name="tmp" val="1"/>
<literal name="icmp_ln879" val="1"/>
<literal name="p_Result_s" val="0"/>
</and_exp></or_exp>
</condition>

<Node id="46" bw="0" op_0_bw="0" op_1_bw="32" op_2_bw="32">
<![CDATA[
:5  call void @_ssdm_op_Write.axis.volatile.i32P(i32* %application_header_V, i32 %tmp_1)

]]></Node>
<StgValue><ssdm name="write_ln47"/></StgValue>
</operation>

<operation id="40" st_id="2" stage="1" lat="1">
<core>NULL</core>
<MemPortIdVec></MemPortIdVec>
<condition id="-1">
<or_exp><and_exp><literal name="tmp" val="1"/>
<literal name="icmp_ln879" val="1"/>
<literal name="p_Result_s" val="0"/>
</and_exp></or_exp>
</condition>

<Node id="47" bw="0" op_0_bw="0">
<![CDATA[
:6  br label %._crit_edge359

]]></Node>
<StgValue><ssdm name="br_ln48"/></StgValue>
</operation>

<operation id="41" st_id="2" stage="1" lat="1">
<core>NULL</core>
<MemPortIdVec></MemPortIdVec>
<condition id="-1">
<or_exp><and_exp><literal name="tmp" val="1"/>
<literal name="icmp_ln879" val="1"/>
</and_exp></or_exp>
</condition>

<Node id="49" bw="0" op_0_bw="0">
<![CDATA[
._crit_edge359:0  br label %._crit_edge358

]]></Node>
<StgValue><ssdm name="br_ln62"/></StgValue>
</operation>

<operation id="42" st_id="2" stage="1" lat="1">
<core>NULL</core>
<MemPortIdVec></MemPortIdVec>
<condition id="-1">
<or_exp><and_exp><literal name="tmp" val="1"/>
</and_exp></or_exp>
</condition>

<Node id="51" bw="0" op_0_bw="0">
<![CDATA[
._crit_edge358:0  br label %._crit_edge357

]]></Node>
<StgValue><ssdm name="br_ln63"/></StgValue>
</operation>

<operation id="43" st_id="2" stage="1" lat="1">
<core>NULL</core>
<MemPortIdVec></MemPortIdVec>
<condition id="-1">
<or_exp><and_exp></and_exp></or_exp>
</condition>

<Node id="53" bw="0">
<![CDATA[
._crit_edge357:0  ret void

]]></Node>
<StgValue><ssdm name="ret_ln65"/></StgValue>
</operation>
</state>
</state_list>


<ports>
</ports>


<dataflows>
</dataflows>


</stg>
