{
  "Top": "Data_Gen",
  "RtlTop": "Data_Gen",
  "RtlPrefix": "",
  "SourceLanguage": "cpp",
  "ResetStyle": "control",
  "GenerateBdFiles": "1",
  "HostMachineBits": "64",
  "Target": {
    "Family": "zynquplus",
    "Device": "xczu9eg",
    "Package": "-ffvb1156",
    "Speed": "-2-e"
  },
  "HlsSolution": {"Config": [
      "config_sdx -target=none",
      "config_export -vivado_optimization_level=2"
    ]},
  "Args": {
    "L1_axis": {
      "index": "0",
      "type": {
        "kinds": ["struct"],
        "dataType": "l1_data_axis",
        "portRef": "TDATA",
        "structImpl": "interface",
        "dataPack": true,
        "fields": {
          "payload": {
            "order": "0",
            "dataType": "ap_uint"
          },
          "dst_module": {
            "order": "1",
            "dataType": "ap_uint"
          }
        }
      }
    },
    "application_header": {
      "index": "1",
      "type": {
        "kinds": ["struct"],
        "dataType": "Appn_header",
        "portRef": "TDATA",
        "structImpl": "interface",
        "dataPack": true,
        "fields": {
          "filterIndex": {
            "order": "0",
            "dataType": "ap_uint"
          },
          "payloadVersion": {
            "order": "1",
            "dataType": "ap_uint"
          },
          "dataDirection": {
            "order": "2",
            "dataType": "ap_uint"
          },
          "frameId": {
            "order": "3",
            "dataType": "ap_uint"
          },
          "subframeId": {
            "order": "4",
            "dataType": "ap_uint"
          },
          "startsymbolId": {
            "order": "5",
            "dataType": "ap_uint"
          },
          "slotID": {
            "order": "6",
            "dataType": "ap_uint"
          }
        }
      }
    },
    "section_header": {
      "index": "2",
      "type": {
        "kinds": ["struct"],
        "dataType": "Section_header",
        "portRef": "TDATA",
        "structImpl": "interface",
        "dataPack": true,
        "fields": {
          "sectionID": {
            "order": "0",
            "dataType": "ap_uint"
          },
          "rb": {
            "order": "1",
            "dataType": "ap_uint"
          },
          "symInc": {
            "order": "2",
            "dataType": "ap_uint"
          },
          "startPrbu": {
            "order": "3",
            "dataType": "ap_uint"
          },
          "numPrbu": {
            "order": "4",
            "dataType": "ap_uint"
          },
          "udCompHdr": {
            "order": "5",
            "dataType": "ap_uint"
          },
          "reserved": {
            "order": "6",
            "dataType": "ap_uint"
          }
        }
      }
    },
    "state_out": {
      "index": "3",
      "type": {
        "dataType": "ap_uint",
        "dataWidth": "8",
        "interfaceRef": "state_out_V"
      }
    }
  },
  "Return": {
    
  },
  "ClockInfo": {
    "ClockName": "ap_clk",
    "ClockPeriod": "3.2",
    "IsCombLogic": "0",
    "II": "1",
    "Latency": "1",
    "Uncertainty": "0.4"
  },
  "Xdc": {"OocClocks": ["create_clock -name ap_clk -period 3.200 [get_ports ap_clk]"]},
  "Ipx": {
    "Vendor": "xilinx.com",
    "Library": "hls",
    "Name": "Data_Gen",
    "Version": "1.0",
    "DisplayName": "Data_gen",
    "Revision": "",
    "Description": "An IP generated by Vivado HLS",
    "Taxonomy": "\/VIVADO_HLS_IP",
    "AutoFamilySupport": ""
  },
  "Files": {
    "CSource": ["..\/datagen.cpp"],
    "Vhdl": ["impl\/vhdl\/Data_Gen.vhd"],
    "Verilog": ["impl\/verilog\/Data_Gen.v"],
    "Misc": ["impl\/misc\/logo.png"],
    "DesignXml": "\/home\/aswin\/Desktop\/Vivado_hls_projects\/13_UPLANE_Appn_Secn_Gen\/solution1\/.autopilot\/db\/Data_Gen.design.xml",
    "DebugDir": "\/home\/aswin\/Desktop\/Vivado_hls_projects\/13_UPLANE_Appn_Secn_Gen\/solution1\/.debug",
    "ProtoInst": ["\/home\/aswin\/Desktop\/Vivado_hls_projects\/13_UPLANE_Appn_Secn_Gen\/solution1\/.debug\/Data_Gen.protoinst"]
  },
  "SubcoreInfo": {
    "HasXpmMemory": false,
    "HasClockedDsp": false,
    "IP": []
  },
  "Interfaces": {
    "ap_clk": {
      "type": "clock",
      "ctype": {"CLK": {"Type": "bool"}},
      "bundle_name": "ap_clk",
      "bundle_role": "default",
      "buses": "L1_axis_V application_header_V section_header_V",
      "reset": "ap_rst_n"
    },
    "ap_rst_n": {
      "type": "reset",
      "polarity": "ACTIVE_LOW",
      "ctype": {"RST": {"Type": "bool"}},
      "bundle_name": "ap_rst_n",
      "bundle_role": "default"
    },
    "application_header_V": {
      "type": "axi4stream",
      "mode": "master",
      "port_prefix": "application_header_V",
      "has_tready": "1",
      "ctype": {
        "TDATA": {
          "Type": "struct",
          "Width": "32",
          "Fields": {
            "filterIndex": {
              "Type": "integer unsigned",
              "Width": "4"
            },
            "payloadVersion": {
              "Type": "integer unsigned",
              "Width": "3"
            },
            "dataDirection": {
              "Type": "integer unsigned",
              "Width": "1"
            },
            "frameId": {
              "Type": "integer unsigned",
              "Width": "8"
            },
            "subframeId": {
              "Type": "integer unsigned",
              "Width": "4"
            },
            "startsymbolId": {
              "Type": "integer unsigned",
              "Width": "6"
            },
            "slotID": {
              "Type": "integer unsigned",
              "Width": "6"
            }
          }
        },
        "TVALID": {"Type": "bool"},
        "TREADY": {"Type": "bool"}
      },
      "port_width": {"TDATA": "32"}
    },
    "L1_axis_V": {
      "type": "axi4stream",
      "mode": "slave",
      "port_prefix": "L1_axis_V",
      "has_tready": "1",
      "ctype": {
        "TDATA": {
          "Type": "struct",
          "Width": "64",
          "Fields": {
            "payload": {
              "Type": "integer unsigned",
              "Width": "54"
            },
            "dst_module": {
              "Type": "integer unsigned",
              "Width": "10"
            }
          }
        },
        "TVALID": {"Type": "bool"},
        "TREADY": {"Type": "bool"}
      },
      "port_width": {"TDATA": "64"}
    },
    "section_header_V": {
      "type": "axi4stream",
      "mode": "master",
      "port_prefix": "section_header_V",
      "has_tready": "1",
      "ctype": {
        "TDATA": {
          "Type": "struct",
          "Width": "48",
          "Fields": {
            "sectionID": {
              "Type": "integer unsigned",
              "Width": "12"
            },
            "rb": {
              "Type": "integer unsigned",
              "Width": "1"
            },
            "symInc": {
              "Type": "integer unsigned",
              "Width": "1"
            },
            "startPrbu": {
              "Type": "integer unsigned",
              "Width": "10"
            },
            "numPrbu": {
              "Type": "integer unsigned",
              "Width": "8"
            },
            "udCompHdr": {
              "Type": "integer unsigned",
              "Width": "8"
            },
            "reserved": {
              "Type": "integer unsigned",
              "Width": "8"
            }
          }
        },
        "TVALID": {"Type": "bool"},
        "TREADY": {"Type": "bool"}
      },
      "port_width": {"TDATA": "48"}
    },
    "state_out_V": {
      "type": "data",
      "dir": "out",
      "width": "8",
      "ctype": {"DATA": {
          "Type": "integer unsigned",
          "Width": "8"
        }},
      "bundle_name": "state_out_V",
      "bundle_role": "default"
    }
  },
  "RtlPorts": {
    "ap_clk": {
      "dir": "in",
      "width": "1"
    },
    "ap_rst_n": {
      "dir": "in",
      "width": "1"
    },
    "L1_axis_V_TDATA": {
      "dir": "in",
      "width": "64"
    },
    "L1_axis_V_TVALID": {
      "dir": "in",
      "width": "1"
    },
    "L1_axis_V_TREADY": {
      "dir": "out",
      "width": "1"
    },
    "application_header_V_TDATA": {
      "dir": "out",
      "width": "32"
    },
    "application_header_V_TVALID": {
      "dir": "out",
      "width": "1"
    },
    "application_header_V_TREADY": {
      "dir": "in",
      "width": "1"
    },
    "section_header_V_TDATA": {
      "dir": "out",
      "width": "48"
    },
    "section_header_V_TVALID": {
      "dir": "out",
      "width": "1"
    },
    "section_header_V_TREADY": {
      "dir": "in",
      "width": "1"
    },
    "state_out_V": {
      "dir": "out",
      "width": "8"
    }
  },
  "ModuleInfo": {
    "Hierarchy": {"ModuleName": "Data_Gen"},
    "Info": {"Data_Gen": {
        "FunctionProtocol": "ap_ctrl_none",
        "isTaskLevelControl": "1",
        "isPipelined": "1",
        "isCombinational": "0",
        "isOneStateSeq": "0"
      }},
    "Metrics": {"Data_Gen": {
        "Latency": {
          "LatencyBest": "1",
          "LatencyAvg": "1",
          "LatencyWorst": "1",
          "PipelineII": "1",
          "PipelineDepth": "2",
          "PipelineType": "function"
        },
        "Timing": {
          "Target": "3.20",
          "Uncertainty": "0.40",
          "Estimate": "1.486"
        },
        "Area": {
          "FF": "72",
          "LUT": "56",
          "BRAM_18K": "0",
          "DSP48E": "0",
          "URAM": "0"
        }
      }}
  },
  "Sdx": {
    "Target": "none",
    "ProfileOption": "0",
    "ProfileType": "none",
    "XO": "",
    "KernelName": "Data_Gen",
    "EnableXoSwEmu": "1"
  },
  "GenData": {
    "DataVersion": "0.2",
    "Time": "2021-03-17 15:04:28 IST",
    "ToolName": "vivado_hls",
    "ToolVersion": "2019.1"
  }
}
