<InterfaceSummary>
<RtlPorts>
<name>CU_data_in_V_data_V</name>
<CType>
<TypeName>ap_uint 128</TypeName>
<TypeWidth>128</TypeWidth>
<PhysicalWidth>128</PhysicalWidth>
</CType>
<CFractionWidth>0</CFractionWidth>
<InvalidType>0</InvalidType>
</RtlPorts>
<RtlPorts>
<name>CU_data_in_V_user_V</name>
<CType>
<TypeName>ap_uint 1</TypeName>
<TypeWidth>1</TypeWidth>
<PhysicalWidth>1</PhysicalWidth>
</CType>
<CFractionWidth>0</CFractionWidth>
<InvalidType>0</InvalidType>
</RtlPorts>
<RtlPorts>
<name>CU_data_in_V_keep_V</name>
<CType>
<TypeName>ap_uint 16</TypeName>
<TypeWidth>16</TypeWidth>
<PhysicalWidth>16</PhysicalWidth>
</CType>
<CFractionWidth>0</CFractionWidth>
<InvalidType>0</InvalidType>
</RtlPorts>
<RtlPorts>
<name>CU_data_in_V_last_V</name>
<CType>
<TypeName>ap_uint 1</TypeName>
<TypeWidth>1</TypeWidth>
<PhysicalWidth>1</PhysicalWidth>
</CType>
<CFractionWidth>0</CFractionWidth>
<InvalidType>0</InvalidType>
</RtlPorts>
<RtlPorts>
<name>control_data_out_V_data_V</name>
<CType>
<TypeName>ap_uint 128</TypeName>
<TypeWidth>128</TypeWidth>
<PhysicalWidth>128</PhysicalWidth>
</CType>
<CFractionWidth>0</CFractionWidth>
<InvalidType>0</InvalidType>
</RtlPorts>
<RtlPorts>
<name>control_data_out_V_user_V</name>
<CType>
<TypeName>ap_uint 1</TypeName>
<TypeWidth>1</TypeWidth>
<PhysicalWidth>1</PhysicalWidth>
</CType>
<CFractionWidth>0</CFractionWidth>
<InvalidType>0</InvalidType>
</RtlPorts>
<RtlPorts>
<name>control_data_out_V_keep_V</name>
<CType>
<TypeName>ap_uint 16</TypeName>
<TypeWidth>16</TypeWidth>
<PhysicalWidth>16</PhysicalWidth>
</CType>
<CFractionWidth>0</CFractionWidth>
<InvalidType>0</InvalidType>
</RtlPorts>
<RtlPorts>
<name>control_data_out_V_last_V</name>
<CType>
<TypeName>ap_uint 1</TypeName>
<TypeWidth>1</TypeWidth>
<PhysicalWidth>1</PhysicalWidth>
</CType>
<CFractionWidth>0</CFractionWidth>
<InvalidType>0</InvalidType>
</RtlPorts>
<RtlPorts>
<name>user_data_out_V_data_V</name>
<CType>
<TypeName>ap_uint 128</TypeName>
<TypeWidth>128</TypeWidth>
<PhysicalWidth>128</PhysicalWidth>
</CType>
<CFractionWidth>0</CFractionWidth>
<InvalidType>0</InvalidType>
</RtlPorts>
<RtlPorts>
<name>user_data_out_V_user_V</name>
<CType>
<TypeName>ap_uint 1</TypeName>
<TypeWidth>1</TypeWidth>
<PhysicalWidth>1</PhysicalWidth>
</CType>
<CFractionWidth>0</CFractionWidth>
<InvalidType>0</InvalidType>
</RtlPorts>
<RtlPorts>
<name>user_data_out_V_keep_V</name>
<CType>
<TypeName>ap_uint 16</TypeName>
<TypeWidth>16</TypeWidth>
<PhysicalWidth>16</PhysicalWidth>
</CType>
<CFractionWidth>0</CFractionWidth>
<InvalidType>0</InvalidType>
</RtlPorts>
<RtlPorts>
<name>user_data_out_V_last_V</name>
<CType>
<TypeName>ap_uint 1</TypeName>
<TypeWidth>1</TypeWidth>
<PhysicalWidth>1</PhysicalWidth>
</CType>
<CFractionWidth>0</CFractionWidth>
<InvalidType>0</InvalidType>
</RtlPorts>
<RtlPorts>
<name>ecpri_demux_eth_state_out_V</name>
<CType>
<TypeName>ap_uint 2</TypeName>
<TypeWidth>2</TypeWidth>
<PhysicalWidth>2</PhysicalWidth>
</CType>
<CFractionWidth>0</CFractionWidth>
<InvalidType>0</InvalidType>
</RtlPorts>
<RtlPorts>
<name>msg_type_out_V</name>
<CType>
<TypeName>ap_uint 8</TypeName>
<TypeWidth>8</TypeWidth>
<PhysicalWidth>8</PhysicalWidth>
</CType>
<CFractionWidth>0</CFractionWidth>
<InvalidType>0</InvalidType>
</RtlPorts>
</InterfaceSummary>

