<stg><name>ecpri_demux</name>


<trans_list>

<trans id="130" from="1" to="2">
<condition id="-1">
<or_exp><and_exp></and_exp></or_exp>
</condition>
</trans>

<trans id="131" from="2" to="3">
<condition id="-1">
<or_exp><and_exp></and_exp></or_exp>
</condition>
</trans>
</trans_list>



<state_list>

<state id="1" st_id="1">

<operation id="4" st_id="1" stage="1" lat="1">
<core>NULL</core>
<MemPortIdVec></MemPortIdVec>
<condition id="-1">
<or_exp><and_exp></and_exp></or_exp>
</condition>

<Node id="41" bw="2" op_0_bw="2">
<![CDATA[
codeRepl:23  %state_V_load = load i2* @state_V, align 1

]]></Node>
<StgValue><ssdm name="state_V_load"/></StgValue>
</operation>

<operation id="5" st_id="1" stage="1" lat="1">
<core>NULL</core>
<MemPortIdVec></MemPortIdVec>
<condition id="-1">
<or_exp><and_exp></and_exp></or_exp>
</condition>

<Node id="45" bw="1" op_0_bw="1">
<![CDATA[
codeRepl:27  %first_read_load = load i1* @first_read, align 1

]]></Node>
<StgValue><ssdm name="first_read_load"/></StgValue>
</operation>

<operation id="6" st_id="1" stage="1" lat="1">
<core>AXI4Stream</core>
<MemPortIdVec></MemPortIdVec>
<condition id="-1">
<or_exp><and_exp><literal name="state_V_load" val="-1"/>
</and_exp></or_exp>
</condition>

<Node id="48" bw="146" op_0_bw="146" op_1_bw="128" op_2_bw="1" op_3_bw="16" op_4_bw="1">
<![CDATA[
:0  %empty_6 = call { i128, i1, i16, i1 } @_ssdm_op_Read.axis.volatile.i128P.i1P.i16P.i1P(i128* %CU_data_in_V_data_V, i1* %CU_data_in_V_user_V, i16* %CU_data_in_V_keep_V, i1* %CU_data_in_V_last_V)

]]></Node>
<StgValue><ssdm name="empty_6"/></StgValue>
</operation>

<operation id="7" st_id="1" stage="1" lat="1">
<core>NULL</core>
<MemPortIdVec></MemPortIdVec>
<condition id="-1">
<or_exp><and_exp><literal name="state_V_load" val="-1"/>
</and_exp></or_exp>
</condition>

<Node id="49" bw="1" op_0_bw="146">
<![CDATA[
:1  %tmp_last_V_3 = extractvalue { i128, i1, i16, i1 } %empty_6, 3

]]></Node>
<StgValue><ssdm name="tmp_last_V_3"/></StgValue>
</operation>

<operation id="8" st_id="1" stage="1" lat="1">
<core>NULL</core>
<MemPortIdVec></MemPortIdVec>
<condition id="-1">
<or_exp><and_exp><literal name="state_V_load" val="-1"/>
</and_exp></or_exp>
</condition>

<Node id="50" bw="0" op_0_bw="1" op_1_bw="0" op_2_bw="0">
<![CDATA[
:2  br i1 %tmp_last_V_3, label %20, label %._crit_edge157

]]></Node>
<StgValue><ssdm name="br_ln98"/></StgValue>
</operation>

<operation id="9" st_id="1" stage="1" lat="1">
<core>NULL</core>
<MemPortIdVec></MemPortIdVec>
<condition id="-1">
<or_exp><and_exp><literal name="state_V_load" val="-1"/>
<literal name="tmp_last_V_3" val="1"/>
</and_exp></or_exp>
</condition>

<Node id="52" bw="0" op_0_bw="2" op_1_bw="2" op_2_bw="2">
<![CDATA[
:0  store i2 0, i2* @state_V, align 1

]]></Node>
<StgValue><ssdm name="store_ln99"/></StgValue>
</operation>

<operation id="10" st_id="1" stage="1" lat="1">
<core>AXI4Stream</core>
<MemPortIdVec></MemPortIdVec>
<condition id="-1">
<or_exp><and_exp><literal name="state_V_load" val="-2"/>
</and_exp></or_exp>
</condition>

<Node id="57" bw="146" op_0_bw="146" op_1_bw="128" op_2_bw="1" op_3_bw="16" op_4_bw="1">
<![CDATA[
:0  %empty_5 = call { i128, i1, i16, i1 } @_ssdm_op_Read.axis.volatile.i128P.i1P.i16P.i1P(i128* %CU_data_in_V_data_V, i1* %CU_data_in_V_user_V, i16* %CU_data_in_V_keep_V, i1* %CU_data_in_V_last_V)

]]></Node>
<StgValue><ssdm name="empty_5"/></StgValue>
</operation>

<operation id="11" st_id="1" stage="1" lat="1">
<core>NULL</core>
<MemPortIdVec></MemPortIdVec>
<condition id="-1">
<or_exp><and_exp><literal name="state_V_load" val="-2"/>
</and_exp></or_exp>
</condition>

<Node id="58" bw="128" op_0_bw="146">
<![CDATA[
:1  %tmp_data_V_3 = extractvalue { i128, i1, i16, i1 } %empty_5, 0

]]></Node>
<StgValue><ssdm name="tmp_data_V_3"/></StgValue>
</operation>

<operation id="12" st_id="1" stage="1" lat="1">
<core>NULL</core>
<MemPortIdVec></MemPortIdVec>
<condition id="-1">
<or_exp><and_exp><literal name="state_V_load" val="-2"/>
</and_exp></or_exp>
</condition>

<Node id="59" bw="1" op_0_bw="146">
<![CDATA[
:2  %tmp_user_V_2 = extractvalue { i128, i1, i16, i1 } %empty_5, 1

]]></Node>
<StgValue><ssdm name="tmp_user_V_2"/></StgValue>
</operation>

<operation id="13" st_id="1" stage="1" lat="1">
<core>NULL</core>
<MemPortIdVec></MemPortIdVec>
<condition id="-1">
<or_exp><and_exp><literal name="state_V_load" val="-2"/>
</and_exp></or_exp>
</condition>

<Node id="60" bw="16" op_0_bw="146">
<![CDATA[
:3  %tmp_keep_V_2 = extractvalue { i128, i1, i16, i1 } %empty_5, 2

]]></Node>
<StgValue><ssdm name="tmp_keep_V_2"/></StgValue>
</operation>

<operation id="14" st_id="1" stage="1" lat="1">
<core>NULL</core>
<MemPortIdVec></MemPortIdVec>
<condition id="-1">
<or_exp><and_exp><literal name="state_V_load" val="-2"/>
</and_exp></or_exp>
</condition>

<Node id="61" bw="1" op_0_bw="146">
<![CDATA[
:4  %tmp_last_V_2 = extractvalue { i128, i1, i16, i1 } %empty_5, 3

]]></Node>
<StgValue><ssdm name="tmp_last_V_2"/></StgValue>
</operation>

<operation id="15" st_id="1" stage="1" lat="1">
<core>NULL</core>
<MemPortIdVec></MemPortIdVec>
<condition id="-1">
<or_exp><and_exp><literal name="state_V_load" val="-2"/>
</and_exp></or_exp>
</condition>

<Node id="62" bw="0" op_0_bw="1" op_1_bw="0" op_2_bw="0">
<![CDATA[
:5  br i1 %first_read_load, label %10, label %14

]]></Node>
<StgValue><ssdm name="br_ln77"/></StgValue>
</operation>

<operation id="16" st_id="1" stage="1" lat="1">
<core>NULL</core>
<MemPortIdVec></MemPortIdVec>
<condition id="-1">
<or_exp><and_exp><literal name="state_V_load" val="-2"/>
<literal name="first_read_load" val="0"/>
<literal name="tmp_last_V_2" val="1"/>
</and_exp></or_exp>
</condition>

<Node id="69" bw="0" op_0_bw="2" op_1_bw="2" op_2_bw="2">
<![CDATA[
:0  store i2 0, i2* @state_V, align 1

]]></Node>
<StgValue><ssdm name="store_ln88"/></StgValue>
</operation>

<operation id="17" st_id="1" stage="1" lat="1">
<core>NULL</core>
<MemPortIdVec></MemPortIdVec>
<condition id="-1">
<or_exp><and_exp><literal name="state_V_load" val="-2"/>
<literal name="first_read_load" val="1"/>
</and_exp></or_exp>
</condition>

<Node id="75" bw="0" op_0_bw="1" op_1_bw="1" op_2_bw="1">
<![CDATA[
:0  store i1 false, i1* @first_read, align 1

]]></Node>
<StgValue><ssdm name="store_ln78"/></StgValue>
</operation>

<operation id="18" st_id="1" stage="1" lat="1">
<core>NULL</core>
<MemPortIdVec></MemPortIdVec>
<condition id="-1">
<or_exp><and_exp><literal name="state_V_load" val="-2"/>
<literal name="first_read_load" val="1"/>
</and_exp></or_exp>
</condition>

<Node id="76" bw="8" op_0_bw="8" op_1_bw="128" op_2_bw="32" op_3_bw="32">
<![CDATA[
:1  %section_type_V = call i8 @_ssdm_op_PartSelect.i8.i128.i32.i32(i128 %tmp_data_V_3, i32 88, i32 95)

]]></Node>
<StgValue><ssdm name="section_type_V"/></StgValue>
</operation>

<operation id="19" st_id="1" stage="1" lat="1">
<core>Cmp</core>
<MemPortIdVec></MemPortIdVec>
<condition id="-1">
<or_exp><and_exp><literal name="state_V_load" val="-2"/>
<literal name="first_read_load" val="1"/>
</and_exp></or_exp>
</condition>

<Node id="77" bw="1" op_0_bw="8" op_1_bw="8">
<![CDATA[
:2  %icmp_ln879 = icmp eq i8 %section_type_V, 1

]]></Node>
<StgValue><ssdm name="icmp_ln879"/></StgValue>
</operation>

<operation id="20" st_id="1" stage="1" lat="1">
<core>NULL</core>
<MemPortIdVec></MemPortIdVec>
<condition id="-1">
<or_exp><and_exp><literal name="state_V_load" val="-2"/>
<literal name="first_read_load" val="1"/>
</and_exp></or_exp>
</condition>

<Node id="78" bw="0" op_0_bw="1" op_1_bw="0" op_2_bw="0">
<![CDATA[
:3  br i1 %icmp_ln879, label %11, label %12

]]></Node>
<StgValue><ssdm name="br_ln80"/></StgValue>
</operation>

<operation id="21" st_id="1" stage="1" lat="1">
<core>NULL</core>
<MemPortIdVec></MemPortIdVec>
<condition id="-1">
<or_exp><and_exp><literal name="state_V_load" val="-2"/>
<literal name="first_read_load" val="1"/>
<literal name="icmp_ln879" val="0"/>
</and_exp></or_exp>
</condition>

<Node id="80" bw="0" op_0_bw="2" op_1_bw="2" op_2_bw="2">
<![CDATA[
:0  store i2 -1, i2* @state_V, align 1

]]></Node>
<StgValue><ssdm name="store_ln84"/></StgValue>
</operation>

<operation id="22" st_id="1" stage="1" lat="1">
<core>NULL</core>
<MemPortIdVec></MemPortIdVec>
<condition id="-1">
<or_exp><and_exp><literal name="state_V_load" val="-2"/>
<literal name="first_read_load" val="1"/>
<literal name="icmp_ln879" val="1"/>
</and_exp></or_exp>
</condition>

<Node id="83" bw="0" op_0_bw="2" op_1_bw="2" op_2_bw="2">
<![CDATA[
:0  store i2 -2, i2* @state_V, align 1

]]></Node>
<StgValue><ssdm name="store_ln81"/></StgValue>
</operation>

<operation id="23" st_id="1" stage="1" lat="1">
<core>AXI4Stream</core>
<MemPortIdVec></MemPortIdVec>
<condition id="-1">
<or_exp><and_exp><literal name="state_V_load" val="1"/>
</and_exp></or_exp>
</condition>

<Node id="91" bw="146" op_0_bw="146" op_1_bw="128" op_2_bw="1" op_3_bw="16" op_4_bw="1">
<![CDATA[
:0  %empty_4 = call { i128, i1, i16, i1 } @_ssdm_op_Read.axis.volatile.i128P.i1P.i16P.i1P(i128* %CU_data_in_V_data_V, i1* %CU_data_in_V_user_V, i16* %CU_data_in_V_keep_V, i1* %CU_data_in_V_last_V)

]]></Node>
<StgValue><ssdm name="empty_4"/></StgValue>
</operation>

<operation id="24" st_id="1" stage="1" lat="1">
<core>NULL</core>
<MemPortIdVec></MemPortIdVec>
<condition id="-1">
<or_exp><and_exp><literal name="state_V_load" val="1"/>
</and_exp></or_exp>
</condition>

<Node id="92" bw="128" op_0_bw="146">
<![CDATA[
:1  %tmp_data_V = extractvalue { i128, i1, i16, i1 } %empty_4, 0

]]></Node>
<StgValue><ssdm name="tmp_data_V"/></StgValue>
</operation>

<operation id="25" st_id="1" stage="1" lat="1">
<core>NULL</core>
<MemPortIdVec></MemPortIdVec>
<condition id="-1">
<or_exp><and_exp><literal name="state_V_load" val="1"/>
</and_exp></or_exp>
</condition>

<Node id="93" bw="1" op_0_bw="146">
<![CDATA[
:2  %tmp_user_V_1 = extractvalue { i128, i1, i16, i1 } %empty_4, 1

]]></Node>
<StgValue><ssdm name="tmp_user_V_1"/></StgValue>
</operation>

<operation id="26" st_id="1" stage="1" lat="1">
<core>NULL</core>
<MemPortIdVec></MemPortIdVec>
<condition id="-1">
<or_exp><and_exp><literal name="state_V_load" val="1"/>
</and_exp></or_exp>
</condition>

<Node id="94" bw="16" op_0_bw="146">
<![CDATA[
:3  %tmp_keep_V_1 = extractvalue { i128, i1, i16, i1 } %empty_4, 2

]]></Node>
<StgValue><ssdm name="tmp_keep_V_1"/></StgValue>
</operation>

<operation id="27" st_id="1" stage="1" lat="1">
<core>NULL</core>
<MemPortIdVec></MemPortIdVec>
<condition id="-1">
<or_exp><and_exp><literal name="state_V_load" val="1"/>
</and_exp></or_exp>
</condition>

<Node id="95" bw="1" op_0_bw="146">
<![CDATA[
:4  %tmp_last_V_1 = extractvalue { i128, i1, i16, i1 } %empty_4, 3

]]></Node>
<StgValue><ssdm name="tmp_last_V_1"/></StgValue>
</operation>

<operation id="28" st_id="1" stage="1" lat="1">
<core>NULL</core>
<MemPortIdVec></MemPortIdVec>
<condition id="-1">
<or_exp><and_exp><literal name="state_V_load" val="1"/>
</and_exp></or_exp>
</condition>

<Node id="96" bw="0" op_0_bw="1" op_1_bw="0" op_2_bw="0">
<![CDATA[
:5  br i1 %tmp_last_V_1, label %6, label %7

]]></Node>
<StgValue><ssdm name="br_ln65"/></StgValue>
</operation>

<operation id="29" st_id="1" stage="1" lat="1">
<core>NULL</core>
<MemPortIdVec></MemPortIdVec>
<condition id="-1">
<or_exp><and_exp><literal name="state_V_load" val="1"/>
<literal name="tmp_last_V_1" val="1"/>
</and_exp></or_exp>
</condition>

<Node id="101" bw="0" op_0_bw="2" op_1_bw="2" op_2_bw="2">
<![CDATA[
:0  store i2 0, i2* @state_V, align 1

]]></Node>
<StgValue><ssdm name="store_ln66"/></StgValue>
</operation>

<operation id="30" st_id="1" stage="1" lat="1">
<core>AXI4Stream</core>
<MemPortIdVec></MemPortIdVec>
<condition id="-1">
<or_exp><and_exp><literal name="state_V_load" val="0"/>
</and_exp></or_exp>
</condition>

<Node id="107" bw="146" op_0_bw="146" op_1_bw="128" op_2_bw="1" op_3_bw="16" op_4_bw="1">
<![CDATA[
:0  %empty = call { i128, i1, i16, i1 } @_ssdm_op_Read.axis.volatile.i128P.i1P.i16P.i1P(i128* %CU_data_in_V_data_V, i1* %CU_data_in_V_user_V, i16* %CU_data_in_V_keep_V, i1* %CU_data_in_V_last_V)

]]></Node>
<StgValue><ssdm name="empty"/></StgValue>
</operation>

<operation id="31" st_id="1" stage="1" lat="1">
<core>NULL</core>
<MemPortIdVec></MemPortIdVec>
<condition id="-1">
<or_exp><and_exp><literal name="state_V_load" val="0"/>
</and_exp></or_exp>
</condition>

<Node id="108" bw="128" op_0_bw="146">
<![CDATA[
:1  %tmp_data_V_2 = extractvalue { i128, i1, i16, i1 } %empty, 0

]]></Node>
<StgValue><ssdm name="tmp_data_V_2"/></StgValue>
</operation>

<operation id="32" st_id="1" stage="1" lat="1">
<core>NULL</core>
<MemPortIdVec></MemPortIdVec>
<condition id="-1">
<or_exp><and_exp><literal name="state_V_load" val="0"/>
</and_exp></or_exp>
</condition>

<Node id="109" bw="1" op_0_bw="146">
<![CDATA[
:2  %tmp_user_V = extractvalue { i128, i1, i16, i1 } %empty, 1

]]></Node>
<StgValue><ssdm name="tmp_user_V"/></StgValue>
</operation>

<operation id="33" st_id="1" stage="1" lat="1">
<core>NULL</core>
<MemPortIdVec></MemPortIdVec>
<condition id="-1">
<or_exp><and_exp><literal name="state_V_load" val="0"/>
</and_exp></or_exp>
</condition>

<Node id="110" bw="16" op_0_bw="146">
<![CDATA[
:3  %tmp_keep_V = extractvalue { i128, i1, i16, i1 } %empty, 2

]]></Node>
<StgValue><ssdm name="tmp_keep_V"/></StgValue>
</operation>

<operation id="34" st_id="1" stage="1" lat="1">
<core>NULL</core>
<MemPortIdVec></MemPortIdVec>
<condition id="-1">
<or_exp><and_exp><literal name="state_V_load" val="0"/>
</and_exp></or_exp>
</condition>

<Node id="111" bw="1" op_0_bw="146">
<![CDATA[
:4  %tmp_last_V = extractvalue { i128, i1, i16, i1 } %empty, 3

]]></Node>
<StgValue><ssdm name="tmp_last_V"/></StgValue>
</operation>

<operation id="35" st_id="1" stage="1" lat="1">
<core>NULL</core>
<MemPortIdVec></MemPortIdVec>
<condition id="-1">
<or_exp><and_exp><literal name="state_V_load" val="0"/>
</and_exp></or_exp>
</condition>

<Node id="112" bw="8" op_0_bw="8" op_1_bw="128" op_2_bw="32" op_3_bw="32">
<![CDATA[
:5  %p_Result_s = call i8 @_ssdm_op_PartSelect.i8.i128.i32.i32(i128 %tmp_data_V_2, i32 120, i32 127)

]]></Node>
<StgValue><ssdm name="p_Result_s"/></StgValue>
</operation>

<operation id="36" st_id="1" stage="1" lat="1">
<core>NULL</core>
<MemPortIdVec></MemPortIdVec>
<condition id="-1">
<or_exp><and_exp><literal name="state_V_load" val="0"/>
</and_exp></or_exp>
</condition>

<Node id="114" bw="0" op_0_bw="1" op_1_bw="1" op_2_bw="1">
<![CDATA[
:7  store i1 true, i1* @first_read, align 1

]]></Node>
<StgValue><ssdm name="store_ln43"/></StgValue>
</operation>

<operation id="37" st_id="1" stage="1" lat="1">
<core>NULL</core>
<MemPortIdVec></MemPortIdVec>
<condition id="-1">
<or_exp><and_exp><literal name="state_V_load" val="0"/>
<literal name="p_Result_s" val="2"/>
</and_exp></or_exp>
</condition>

<Node id="117" bw="0" op_0_bw="2" op_1_bw="2" op_2_bw="2">
<![CDATA[
:0  store i2 -2, i2* @state_V, align 1

]]></Node>
<StgValue><ssdm name="store_ln51"/></StgValue>
</operation>

<operation id="38" st_id="1" stage="1" lat="1">
<core>NULL</core>
<MemPortIdVec></MemPortIdVec>
<condition id="-1">
<or_exp><and_exp><literal name="state_V_load" val="0"/>
<literal name="p_Result_s" val="0"/>
</and_exp></or_exp>
</condition>

<Node id="121" bw="0" op_0_bw="2" op_1_bw="2" op_2_bw="2">
<![CDATA[
:1  store i2 1, i2* @state_V, align 1

]]></Node>
<StgValue><ssdm name="store_ln47"/></StgValue>
</operation>

<operation id="39" st_id="1" stage="1" lat="1">
<core>NULL</core>
<MemPortIdVec></MemPortIdVec>
<condition id="-1">
<or_exp><and_exp><literal name="state_V_load" val="0"/>
<literal name="p_Result_s" val="!0"/>
<literal name="p_Result_s" val="!2"/>
</and_exp></or_exp>
</condition>

<Node id="124" bw="0" op_0_bw="2" op_1_bw="2" op_2_bw="2">
<![CDATA[
:0  store i2 -1, i2* @state_V, align 1

]]></Node>
<StgValue><ssdm name="store_ln55"/></StgValue>
</operation>
</state>

<state id="2" st_id="2">

<operation id="40" st_id="2" stage="1" lat="1">
<core>NULL</core>
<MemPortIdVec></MemPortIdVec>
<condition id="-1">
<or_exp><and_exp><literal name="state_V_load" val="-2"/>
<literal name="first_read_load" val="0"/>
</and_exp></or_exp>
</condition>

<Node id="64" bw="0" op_0_bw="1" op_1_bw="0" op_2_bw="0">
<![CDATA[
:0  br i1 %tmp_last_V_2, label %15, label %16

]]></Node>
<StgValue><ssdm name="br_ln86"/></StgValue>
</operation>

<operation id="41" st_id="2" stage="2" lat="2">
<core>AXI4Stream</core>
<MemPortIdVec></MemPortIdVec>
<condition id="-1">
<or_exp><and_exp><literal name="state_V_load" val="-2"/>
<literal name="first_read_load" val="0"/>
<literal name="tmp_last_V_2" val="0"/>
</and_exp></or_exp>
</condition>

<Node id="66" bw="0" op_0_bw="0" op_1_bw="128" op_2_bw="1" op_3_bw="16" op_4_bw="1" op_5_bw="128" op_6_bw="1" op_7_bw="16" op_8_bw="1">
<![CDATA[
:0  call void @_ssdm_op_Write.axis.volatile.i128P.i1P.i16P.i1P(i128* %control_data_out_V_data_V, i1* %control_data_out_V_user_V, i16* %control_data_out_V_keep_V, i1* %control_data_out_V_last_V, i128 %tmp_data_V_3, i1 %tmp_user_V_2, i16 %tmp_keep_V_2, i1 false)

]]></Node>
<StgValue><ssdm name="write_ln92"/></StgValue>
</operation>

<operation id="42" st_id="2" stage="2" lat="2">
<core>AXI4Stream</core>
<MemPortIdVec></MemPortIdVec>
<condition id="-1">
<or_exp><and_exp><literal name="state_V_load" val="-2"/>
<literal name="first_read_load" val="0"/>
<literal name="tmp_last_V_2" val="1"/>
</and_exp></or_exp>
</condition>

<Node id="70" bw="0" op_0_bw="0" op_1_bw="128" op_2_bw="1" op_3_bw="16" op_4_bw="1" op_5_bw="128" op_6_bw="1" op_7_bw="16" op_8_bw="1">
<![CDATA[
:1  call void @_ssdm_op_Write.axis.volatile.i128P.i1P.i16P.i1P(i128* %control_data_out_V_data_V, i1* %control_data_out_V_user_V, i16* %control_data_out_V_keep_V, i1* %control_data_out_V_last_V, i128 %tmp_data_V_3, i1 %tmp_user_V_2, i16 %tmp_keep_V_2, i1 true)

]]></Node>
<StgValue><ssdm name="write_ln89"/></StgValue>
</operation>

<operation id="43" st_id="2" stage="2" lat="2">
<core>AXI4Stream</core>
<MemPortIdVec></MemPortIdVec>
<condition id="-1">
<or_exp><and_exp><literal name="state_V_load" val="-2"/>
<literal name="first_read_load" val="1"/>
<literal name="icmp_ln879" val="1"/>
</and_exp></or_exp>
</condition>

<Node id="84" bw="0" op_0_bw="0" op_1_bw="128" op_2_bw="1" op_3_bw="16" op_4_bw="1" op_5_bw="128" op_6_bw="1" op_7_bw="16" op_8_bw="1">
<![CDATA[
:1  call void @_ssdm_op_Write.axis.volatile.i128P.i1P.i16P.i1P(i128* %control_data_out_V_data_V, i1* %control_data_out_V_user_V, i16* %control_data_out_V_keep_V, i1* %control_data_out_V_last_V, i128 %tmp_data_V_3, i1 %tmp_user_V_2, i16 %tmp_keep_V_2, i1 %tmp_last_V_2)

]]></Node>
<StgValue><ssdm name="write_ln82"/></StgValue>
</operation>

<operation id="44" st_id="2" stage="2" lat="2">
<core>AXI4Stream</core>
<MemPortIdVec></MemPortIdVec>
<condition id="-1">
<or_exp><and_exp><literal name="state_V_load" val="1"/>
<literal name="tmp_last_V_1" val="0"/>
</and_exp></or_exp>
</condition>

<Node id="98" bw="0" op_0_bw="0" op_1_bw="128" op_2_bw="1" op_3_bw="16" op_4_bw="1" op_5_bw="128" op_6_bw="1" op_7_bw="16" op_8_bw="1">
<![CDATA[
:0  call void @_ssdm_op_Write.axis.volatile.i128P.i1P.i16P.i1P(i128* %user_data_out_V_data_V, i1* %user_data_out_V_user_V, i16* %user_data_out_V_keep_V, i1* %user_data_out_V_last_V, i128 %tmp_data_V, i1 %tmp_user_V_1, i16 %tmp_keep_V_1, i1 false)

]]></Node>
<StgValue><ssdm name="write_ln70"/></StgValue>
</operation>

<operation id="45" st_id="2" stage="2" lat="2">
<core>AXI4Stream</core>
<MemPortIdVec></MemPortIdVec>
<condition id="-1">
<or_exp><and_exp><literal name="state_V_load" val="1"/>
<literal name="tmp_last_V_1" val="1"/>
</and_exp></or_exp>
</condition>

<Node id="102" bw="0" op_0_bw="0" op_1_bw="128" op_2_bw="1" op_3_bw="16" op_4_bw="1" op_5_bw="128" op_6_bw="1" op_7_bw="16" op_8_bw="1">
<![CDATA[
:1  call void @_ssdm_op_Write.axis.volatile.i128P.i1P.i16P.i1P(i128* %user_data_out_V_data_V, i1* %user_data_out_V_user_V, i16* %user_data_out_V_keep_V, i1* %user_data_out_V_last_V, i128 %tmp_data_V, i1 %tmp_user_V_1, i16 %tmp_keep_V_1, i1 true)

]]></Node>
<StgValue><ssdm name="write_ln67"/></StgValue>
</operation>

<operation id="46" st_id="2" stage="2" lat="2">
<core>AXI4Stream</core>
<MemPortIdVec></MemPortIdVec>
<condition id="-1">
<or_exp><and_exp><literal name="state_V_load" val="0"/>
<literal name="p_Result_s" val="0"/>
</and_exp></or_exp>
</condition>

<Node id="120" bw="0" op_0_bw="0" op_1_bw="128" op_2_bw="1" op_3_bw="16" op_4_bw="1" op_5_bw="128" op_6_bw="1" op_7_bw="16" op_8_bw="1">
<![CDATA[
:0  call void @_ssdm_op_Write.axis.volatile.i128P.i1P.i16P.i1P(i128* %user_data_out_V_data_V, i1* %user_data_out_V_user_V, i16* %user_data_out_V_keep_V, i1* %user_data_out_V_last_V, i128 %tmp_data_V_2, i1 %tmp_user_V, i16 %tmp_keep_V, i1 %tmp_last_V)

]]></Node>
<StgValue><ssdm name="write_ln46"/></StgValue>
</operation>
</state>

<state id="3" st_id="3">

<operation id="47" st_id="3" stage="1" lat="1">
<core>NULL</core>
<MemPortIdVec></MemPortIdVec>
<condition id="-1">
<or_exp><and_exp></and_exp></or_exp>
</condition>

<Node id="18" bw="0" op_0_bw="0" op_1_bw="128">
<![CDATA[
codeRepl:0  call void (...)* @_ssdm_op_SpecBitsMap(i128* %CU_data_in_V_data_V), !map !61

]]></Node>
<StgValue><ssdm name="specbitsmap_ln0"/></StgValue>
</operation>

<operation id="48" st_id="3" stage="1" lat="1">
<core>NULL</core>
<MemPortIdVec></MemPortIdVec>
<condition id="-1">
<or_exp><and_exp></and_exp></or_exp>
</condition>

<Node id="19" bw="0" op_0_bw="0" op_1_bw="1">
<![CDATA[
codeRepl:1  call void (...)* @_ssdm_op_SpecBitsMap(i1* %CU_data_in_V_user_V), !map !67

]]></Node>
<StgValue><ssdm name="specbitsmap_ln0"/></StgValue>
</operation>

<operation id="49" st_id="3" stage="1" lat="1">
<core>NULL</core>
<MemPortIdVec></MemPortIdVec>
<condition id="-1">
<or_exp><and_exp></and_exp></or_exp>
</condition>

<Node id="20" bw="0" op_0_bw="0" op_1_bw="16">
<![CDATA[
codeRepl:2  call void (...)* @_ssdm_op_SpecBitsMap(i16* %CU_data_in_V_keep_V), !map !71

]]></Node>
<StgValue><ssdm name="specbitsmap_ln0"/></StgValue>
</operation>

<operation id="50" st_id="3" stage="1" lat="1">
<core>NULL</core>
<MemPortIdVec></MemPortIdVec>
<condition id="-1">
<or_exp><and_exp></and_exp></or_exp>
</condition>

<Node id="21" bw="0" op_0_bw="0" op_1_bw="1">
<![CDATA[
codeRepl:3  call void (...)* @_ssdm_op_SpecBitsMap(i1* %CU_data_in_V_last_V), !map !75

]]></Node>
<StgValue><ssdm name="specbitsmap_ln0"/></StgValue>
</operation>

<operation id="51" st_id="3" stage="1" lat="1">
<core>NULL</core>
<MemPortIdVec></MemPortIdVec>
<condition id="-1">
<or_exp><and_exp></and_exp></or_exp>
</condition>

<Node id="22" bw="0" op_0_bw="0" op_1_bw="128">
<![CDATA[
codeRepl:4  call void (...)* @_ssdm_op_SpecBitsMap(i128* %control_data_out_V_data_V), !map !79

]]></Node>
<StgValue><ssdm name="specbitsmap_ln0"/></StgValue>
</operation>

<operation id="52" st_id="3" stage="1" lat="1">
<core>NULL</core>
<MemPortIdVec></MemPortIdVec>
<condition id="-1">
<or_exp><and_exp></and_exp></or_exp>
</condition>

<Node id="23" bw="0" op_0_bw="0" op_1_bw="1">
<![CDATA[
codeRepl:5  call void (...)* @_ssdm_op_SpecBitsMap(i1* %control_data_out_V_user_V), !map !83

]]></Node>
<StgValue><ssdm name="specbitsmap_ln0"/></StgValue>
</operation>

<operation id="53" st_id="3" stage="1" lat="1">
<core>NULL</core>
<MemPortIdVec></MemPortIdVec>
<condition id="-1">
<or_exp><and_exp></and_exp></or_exp>
</condition>

<Node id="24" bw="0" op_0_bw="0" op_1_bw="16">
<![CDATA[
codeRepl:6  call void (...)* @_ssdm_op_SpecBitsMap(i16* %control_data_out_V_keep_V), !map !87

]]></Node>
<StgValue><ssdm name="specbitsmap_ln0"/></StgValue>
</operation>

<operation id="54" st_id="3" stage="1" lat="1">
<core>NULL</core>
<MemPortIdVec></MemPortIdVec>
<condition id="-1">
<or_exp><and_exp></and_exp></or_exp>
</condition>

<Node id="25" bw="0" op_0_bw="0" op_1_bw="1">
<![CDATA[
codeRepl:7  call void (...)* @_ssdm_op_SpecBitsMap(i1* %control_data_out_V_last_V), !map !91

]]></Node>
<StgValue><ssdm name="specbitsmap_ln0"/></StgValue>
</operation>

<operation id="55" st_id="3" stage="1" lat="1">
<core>NULL</core>
<MemPortIdVec></MemPortIdVec>
<condition id="-1">
<or_exp><and_exp></and_exp></or_exp>
</condition>

<Node id="26" bw="0" op_0_bw="0" op_1_bw="128">
<![CDATA[
codeRepl:8  call void (...)* @_ssdm_op_SpecBitsMap(i128* %user_data_out_V_data_V), !map !95

]]></Node>
<StgValue><ssdm name="specbitsmap_ln0"/></StgValue>
</operation>

<operation id="56" st_id="3" stage="1" lat="1">
<core>NULL</core>
<MemPortIdVec></MemPortIdVec>
<condition id="-1">
<or_exp><and_exp></and_exp></or_exp>
</condition>

<Node id="27" bw="0" op_0_bw="0" op_1_bw="1">
<![CDATA[
codeRepl:9  call void (...)* @_ssdm_op_SpecBitsMap(i1* %user_data_out_V_user_V), !map !99

]]></Node>
<StgValue><ssdm name="specbitsmap_ln0"/></StgValue>
</operation>

<operation id="57" st_id="3" stage="1" lat="1">
<core>NULL</core>
<MemPortIdVec></MemPortIdVec>
<condition id="-1">
<or_exp><and_exp></and_exp></or_exp>
</condition>

<Node id="28" bw="0" op_0_bw="0" op_1_bw="16">
<![CDATA[
codeRepl:10  call void (...)* @_ssdm_op_SpecBitsMap(i16* %user_data_out_V_keep_V), !map !103

]]></Node>
<StgValue><ssdm name="specbitsmap_ln0"/></StgValue>
</operation>

<operation id="58" st_id="3" stage="1" lat="1">
<core>NULL</core>
<MemPortIdVec></MemPortIdVec>
<condition id="-1">
<or_exp><and_exp></and_exp></or_exp>
</condition>

<Node id="29" bw="0" op_0_bw="0" op_1_bw="1">
<![CDATA[
codeRepl:11  call void (...)* @_ssdm_op_SpecBitsMap(i1* %user_data_out_V_last_V), !map !107

]]></Node>
<StgValue><ssdm name="specbitsmap_ln0"/></StgValue>
</operation>

<operation id="59" st_id="3" stage="1" lat="1">
<core>NULL</core>
<MemPortIdVec></MemPortIdVec>
<condition id="-1">
<or_exp><and_exp></and_exp></or_exp>
</condition>

<Node id="30" bw="0" op_0_bw="0" op_1_bw="2">
<![CDATA[
codeRepl:12  call void (...)* @_ssdm_op_SpecBitsMap(i2* %ecpri_demux_eth_state_out_V), !map !111

]]></Node>
<StgValue><ssdm name="specbitsmap_ln0"/></StgValue>
</operation>

<operation id="60" st_id="3" stage="1" lat="1">
<core>NULL</core>
<MemPortIdVec></MemPortIdVec>
<condition id="-1">
<or_exp><and_exp></and_exp></or_exp>
</condition>

<Node id="31" bw="0" op_0_bw="0" op_1_bw="8">
<![CDATA[
codeRepl:13  call void (...)* @_ssdm_op_SpecBitsMap(i8* %msg_type_out_V), !map !115

]]></Node>
<StgValue><ssdm name="specbitsmap_ln0"/></StgValue>
</operation>

<operation id="61" st_id="3" stage="1" lat="1">
<core>NULL</core>
<MemPortIdVec></MemPortIdVec>
<condition id="-1">
<or_exp><and_exp></and_exp></or_exp>
</condition>

<Node id="32" bw="0" op_0_bw="0" op_1_bw="0">
<![CDATA[
codeRepl:14  call void (...)* @_ssdm_op_SpecTopModule([12 x i8]* @ecpri_demux_str) nounwind

]]></Node>
<StgValue><ssdm name="spectopmodule_ln0"/></StgValue>
</operation>

<operation id="62" st_id="3" stage="1" lat="1">
<core>NULL</core>
<MemPortIdVec></MemPortIdVec>
<condition id="-1">
<or_exp><and_exp></and_exp></or_exp>
</condition>

<Node id="33" bw="0" op_0_bw="0" op_1_bw="128" op_2_bw="1" op_3_bw="16" op_4_bw="1" op_5_bw="0" op_6_bw="32" op_7_bw="32" op_8_bw="0" op_9_bw="32" op_10_bw="32" op_11_bw="0" op_12_bw="0" op_13_bw="0" op_14_bw="32" op_15_bw="32" op_16_bw="32" op_17_bw="32" op_18_bw="0" op_19_bw="0">
<![CDATA[
codeRepl:15  call void (...)* @_ssdm_op_SpecInterface(i128* %CU_data_in_V_data_V, i1* %CU_data_in_V_user_V, i16* %CU_data_in_V_keep_V, i1* %CU_data_in_V_last_V, [5 x i8]* @p_str, i32 1, i32 1, [5 x i8]* @p_str1, i32 0, i32 0, [1 x i8]* @p_str2, [1 x i8]* @p_str2, [1 x i8]* @p_str2, i32 0, i32 0, i32 0, i32 0, [1 x i8]* @p_str2, [1 x i8]* @p_str2) nounwind

]]></Node>
<StgValue><ssdm name="specinterface_ln20"/></StgValue>
</operation>

<operation id="63" st_id="3" stage="1" lat="1">
<core>NULL</core>
<MemPortIdVec></MemPortIdVec>
<condition id="-1">
<or_exp><and_exp></and_exp></or_exp>
</condition>

<Node id="34" bw="0" op_0_bw="0" op_1_bw="128" op_2_bw="1" op_3_bw="16" op_4_bw="1" op_5_bw="0" op_6_bw="32" op_7_bw="32" op_8_bw="0" op_9_bw="32" op_10_bw="32" op_11_bw="0" op_12_bw="0" op_13_bw="0" op_14_bw="32" op_15_bw="32" op_16_bw="32" op_17_bw="32" op_18_bw="0" op_19_bw="0">
<![CDATA[
codeRepl:16  call void (...)* @_ssdm_op_SpecInterface(i128* %control_data_out_V_data_V, i1* %control_data_out_V_user_V, i16* %control_data_out_V_keep_V, i1* %control_data_out_V_last_V, [5 x i8]* @p_str, i32 1, i32 1, [5 x i8]* @p_str1, i32 0, i32 0, [1 x i8]* @p_str2, [1 x i8]* @p_str2, [1 x i8]* @p_str2, i32 0, i32 0, i32 0, i32 0, [1 x i8]* @p_str2, [1 x i8]* @p_str2) nounwind

]]></Node>
<StgValue><ssdm name="specinterface_ln21"/></StgValue>
</operation>

<operation id="64" st_id="3" stage="1" lat="1">
<core>NULL</core>
<MemPortIdVec></MemPortIdVec>
<condition id="-1">
<or_exp><and_exp></and_exp></or_exp>
</condition>

<Node id="35" bw="0" op_0_bw="0" op_1_bw="128" op_2_bw="1" op_3_bw="16" op_4_bw="1" op_5_bw="0" op_6_bw="32" op_7_bw="32" op_8_bw="0" op_9_bw="32" op_10_bw="32" op_11_bw="0" op_12_bw="0" op_13_bw="0" op_14_bw="32" op_15_bw="32" op_16_bw="32" op_17_bw="32" op_18_bw="0" op_19_bw="0">
<![CDATA[
codeRepl:17  call void (...)* @_ssdm_op_SpecInterface(i128* %user_data_out_V_data_V, i1* %user_data_out_V_user_V, i16* %user_data_out_V_keep_V, i1* %user_data_out_V_last_V, [5 x i8]* @p_str, i32 1, i32 1, [5 x i8]* @p_str1, i32 0, i32 0, [1 x i8]* @p_str2, [1 x i8]* @p_str2, [1 x i8]* @p_str2, i32 0, i32 0, i32 0, i32 0, [1 x i8]* @p_str2, [1 x i8]* @p_str2) nounwind

]]></Node>
<StgValue><ssdm name="specinterface_ln22"/></StgValue>
</operation>

<operation id="65" st_id="3" stage="1" lat="1">
<core>NULL</core>
<MemPortIdVec></MemPortIdVec>
<condition id="-1">
<or_exp><and_exp></and_exp></or_exp>
</condition>

<Node id="36" bw="0" op_0_bw="0" op_1_bw="2" op_2_bw="0" op_3_bw="32" op_4_bw="32" op_5_bw="0" op_6_bw="32" op_7_bw="32" op_8_bw="0" op_9_bw="0" op_10_bw="0" op_11_bw="32" op_12_bw="32" op_13_bw="32" op_14_bw="32" op_15_bw="0" op_16_bw="0">
<![CDATA[
codeRepl:18  call void (...)* @_ssdm_op_SpecInterface(i2* %ecpri_demux_eth_state_out_V, [8 x i8]* @p_str3, i32 0, i32 0, [1 x i8]* @p_str2, i32 0, i32 0, [1 x i8]* @p_str2, [1 x i8]* @p_str2, [1 x i8]* @p_str2, i32 0, i32 0, i32 0, i32 0, [1 x i8]* @p_str2, [1 x i8]* @p_str2) nounwind

]]></Node>
<StgValue><ssdm name="specinterface_ln23"/></StgValue>
</operation>

<operation id="66" st_id="3" stage="1" lat="1">
<core>NULL</core>
<MemPortIdVec></MemPortIdVec>
<condition id="-1">
<or_exp><and_exp></and_exp></or_exp>
</condition>

<Node id="37" bw="0" op_0_bw="0" op_1_bw="32" op_2_bw="32" op_3_bw="32" op_4_bw="32" op_5_bw="0">
<![CDATA[
codeRepl:19  call void (...)* @_ssdm_op_SpecPipeline(i32 1, i32 2, i32 1, i32 0, [1 x i8]* @p_str2) nounwind

]]></Node>
<StgValue><ssdm name="specpipeline_ln24"/></StgValue>
</operation>

<operation id="67" st_id="3" stage="1" lat="1">
<core>NULL</core>
<MemPortIdVec></MemPortIdVec>
<condition id="-1">
<or_exp><and_exp></and_exp></or_exp>
</condition>

<Node id="38" bw="0" op_0_bw="0" op_1_bw="8" op_2_bw="0" op_3_bw="32" op_4_bw="32" op_5_bw="0" op_6_bw="32" op_7_bw="32" op_8_bw="0" op_9_bw="0" op_10_bw="0" op_11_bw="32" op_12_bw="32" op_13_bw="32" op_14_bw="32" op_15_bw="0" op_16_bw="0">
<![CDATA[
codeRepl:20  call void (...)* @_ssdm_op_SpecInterface(i8* %msg_type_out_V, [8 x i8]* @p_str3, i32 0, i32 0, [1 x i8]* @p_str2, i32 0, i32 0, [1 x i8]* @p_str2, [1 x i8]* @p_str2, [1 x i8]* @p_str2, i32 0, i32 0, i32 0, i32 0, [1 x i8]* @p_str2, [1 x i8]* @p_str2) nounwind

]]></Node>
<StgValue><ssdm name="specinterface_ln25"/></StgValue>
</operation>

<operation id="68" st_id="3" stage="1" lat="1">
<core>NULL</core>
<MemPortIdVec></MemPortIdVec>
<condition id="-1">
<or_exp><and_exp></and_exp></or_exp>
</condition>

<Node id="39" bw="0" op_0_bw="0" op_1_bw="32" op_2_bw="0" op_3_bw="32" op_4_bw="32" op_5_bw="0" op_6_bw="32" op_7_bw="32" op_8_bw="0" op_9_bw="0" op_10_bw="0" op_11_bw="32" op_12_bw="32" op_13_bw="32" op_14_bw="32" op_15_bw="0" op_16_bw="0">
<![CDATA[
codeRepl:21  call void (...)* @_ssdm_op_SpecInterface(i32 0, [13 x i8]* @p_str4, i32 0, i32 0, [1 x i8]* @p_str2, i32 0, i32 0, [1 x i8]* @p_str2, [1 x i8]* @p_str2, [1 x i8]* @p_str2, i32 0, i32 0, i32 0, i32 0, [1 x i8]* @p_str2, [1 x i8]* @p_str2) nounwind

]]></Node>
<StgValue><ssdm name="specinterface_ln26"/></StgValue>
</operation>

<operation id="69" st_id="3" stage="1" lat="1">
<core>NULL</core>
<MemPortIdVec></MemPortIdVec>
<condition id="-1">
<or_exp><and_exp></and_exp></or_exp>
</condition>

<Node id="40" bw="0" op_0_bw="0" op_1_bw="2" op_2_bw="32" op_3_bw="0">
<![CDATA[
codeRepl:22  call void (...)* @_ssdm_op_SpecReset(i2* @state_V, i32 1, [1 x i8]* @p_str2) nounwind

]]></Node>
<StgValue><ssdm name="specreset_ln34"/></StgValue>
</operation>

<operation id="70" st_id="3" stage="1" lat="1">
<core>NULL</core>
<MemPortIdVec></MemPortIdVec>
<condition id="-1">
<or_exp><and_exp></and_exp></or_exp>
</condition>

<Node id="42" bw="0" op_0_bw="0" op_1_bw="2" op_2_bw="2">
<![CDATA[
codeRepl:24  call void @_ssdm_op_Write.ap_none.i2P(i2* %ecpri_demux_eth_state_out_V, i2 %state_V_load)

]]></Node>
<StgValue><ssdm name="write_ln35"/></StgValue>
</operation>

<operation id="71" st_id="3" stage="1" lat="1">
<core>NULL</core>
<MemPortIdVec></MemPortIdVec>
<condition id="-1">
<or_exp><and_exp></and_exp></or_exp>
</condition>

<Node id="43" bw="8" op_0_bw="8">
<![CDATA[
codeRepl:25  %msg_type_V_load = load i8* @msg_type_V, align 1

]]></Node>
<StgValue><ssdm name="msg_type_V_load"/></StgValue>
</operation>

<operation id="72" st_id="3" stage="1" lat="1">
<core>NULL</core>
<MemPortIdVec></MemPortIdVec>
<condition id="-1">
<or_exp><and_exp></and_exp></or_exp>
</condition>

<Node id="44" bw="0" op_0_bw="0" op_1_bw="8" op_2_bw="8">
<![CDATA[
codeRepl:26  call void @_ssdm_op_Write.ap_none.i8P(i8* %msg_type_out_V, i8 %msg_type_V_load)

]]></Node>
<StgValue><ssdm name="write_ln36"/></StgValue>
</operation>

<operation id="73" st_id="3" stage="1" lat="1">
<core>NULL</core>
<MemPortIdVec></MemPortIdVec>
<condition id="-1">
<or_exp><and_exp></and_exp></or_exp>
</condition>

<Node id="46" bw="0" op_0_bw="2" op_1_bw="0" op_2_bw="2" op_3_bw="0" op_4_bw="2" op_5_bw="0" op_6_bw="2" op_7_bw="0" op_8_bw="2" op_9_bw="0">
<![CDATA[
codeRepl:28  switch i2 %state_V_load, label %._crit_edge156 [
    i2 0, label %0
    i2 1, label %5
    i2 -2, label %9
    i2 -1, label %19
  ]

]]></Node>
<StgValue><ssdm name="switch_ln38"/></StgValue>
</operation>

<operation id="74" st_id="3" stage="1" lat="1">
<core>NULL</core>
<MemPortIdVec></MemPortIdVec>
<condition id="-1">
<or_exp><and_exp><literal name="state_V_load" val="-1"/>
<literal name="tmp_last_V_3" val="1"/>
</and_exp></or_exp>
</condition>

<Node id="53" bw="0" op_0_bw="0">
<![CDATA[
:1  br label %._crit_edge157

]]></Node>
<StgValue><ssdm name="br_ln100"/></StgValue>
</operation>

<operation id="75" st_id="3" stage="1" lat="1">
<core>NULL</core>
<MemPortIdVec></MemPortIdVec>
<condition id="-1">
<or_exp><and_exp><literal name="state_V_load" val="-1"/>
</and_exp></or_exp>
</condition>

<Node id="55" bw="0" op_0_bw="0">
<![CDATA[
._crit_edge157:0  br label %._crit_edge156

]]></Node>
<StgValue><ssdm name="br_ln101"/></StgValue>
</operation>

<operation id="76" st_id="3" stage="1" lat="2">
<core>AXI4Stream</core>
<MemPortIdVec></MemPortIdVec>
<condition id="-1">
<or_exp><and_exp><literal name="state_V_load" val="-2"/>
<literal name="first_read_load" val="0"/>
<literal name="tmp_last_V_2" val="0"/>
</and_exp></or_exp>
</condition>

<Node id="66" bw="0" op_0_bw="0" op_1_bw="128" op_2_bw="1" op_3_bw="16" op_4_bw="1" op_5_bw="128" op_6_bw="1" op_7_bw="16" op_8_bw="1">
<![CDATA[
:0  call void @_ssdm_op_Write.axis.volatile.i128P.i1P.i16P.i1P(i128* %control_data_out_V_data_V, i1* %control_data_out_V_user_V, i16* %control_data_out_V_keep_V, i1* %control_data_out_V_last_V, i128 %tmp_data_V_3, i1 %tmp_user_V_2, i16 %tmp_keep_V_2, i1 false)

]]></Node>
<StgValue><ssdm name="write_ln92"/></StgValue>
</operation>

<operation id="77" st_id="3" stage="1" lat="1">
<core>NULL</core>
<MemPortIdVec></MemPortIdVec>
<condition id="-1">
<or_exp><and_exp><literal name="state_V_load" val="-2"/>
<literal name="first_read_load" val="0"/>
<literal name="tmp_last_V_2" val="0"/>
</and_exp></or_exp>
</condition>

<Node id="67" bw="0" op_0_bw="0">
<![CDATA[
:1  br label %17

]]></Node>
<StgValue><ssdm name="br_ln0"/></StgValue>
</operation>

<operation id="78" st_id="3" stage="1" lat="2">
<core>AXI4Stream</core>
<MemPortIdVec></MemPortIdVec>
<condition id="-1">
<or_exp><and_exp><literal name="state_V_load" val="-2"/>
<literal name="first_read_load" val="0"/>
<literal name="tmp_last_V_2" val="1"/>
</and_exp></or_exp>
</condition>

<Node id="70" bw="0" op_0_bw="0" op_1_bw="128" op_2_bw="1" op_3_bw="16" op_4_bw="1" op_5_bw="128" op_6_bw="1" op_7_bw="16" op_8_bw="1">
<![CDATA[
:1  call void @_ssdm_op_Write.axis.volatile.i128P.i1P.i16P.i1P(i128* %control_data_out_V_data_V, i1* %control_data_out_V_user_V, i16* %control_data_out_V_keep_V, i1* %control_data_out_V_last_V, i128 %tmp_data_V_3, i1 %tmp_user_V_2, i16 %tmp_keep_V_2, i1 true)

]]></Node>
<StgValue><ssdm name="write_ln89"/></StgValue>
</operation>

<operation id="79" st_id="3" stage="1" lat="1">
<core>NULL</core>
<MemPortIdVec></MemPortIdVec>
<condition id="-1">
<or_exp><and_exp><literal name="state_V_load" val="-2"/>
<literal name="first_read_load" val="0"/>
<literal name="tmp_last_V_2" val="1"/>
</and_exp></or_exp>
</condition>

<Node id="71" bw="0" op_0_bw="0">
<![CDATA[
:2  br label %17

]]></Node>
<StgValue><ssdm name="br_ln90"/></StgValue>
</operation>

<operation id="80" st_id="3" stage="1" lat="1">
<core>NULL</core>
<MemPortIdVec></MemPortIdVec>
<condition id="-1">
<or_exp><and_exp><literal name="state_V_load" val="-2"/>
<literal name="first_read_load" val="0"/>
</and_exp></or_exp>
</condition>

<Node id="73" bw="0" op_0_bw="0">
<![CDATA[
:0  br label %18

]]></Node>
<StgValue><ssdm name="br_ln0"/></StgValue>
</operation>

<operation id="81" st_id="3" stage="1" lat="1">
<core>NULL</core>
<MemPortIdVec></MemPortIdVec>
<condition id="-1">
<or_exp><and_exp><literal name="state_V_load" val="-2"/>
<literal name="first_read_load" val="1"/>
<literal name="icmp_ln879" val="0"/>
</and_exp></or_exp>
</condition>

<Node id="81" bw="0" op_0_bw="0">
<![CDATA[
:1  br label %13

]]></Node>
<StgValue><ssdm name="br_ln0"/></StgValue>
</operation>

<operation id="82" st_id="3" stage="1" lat="2">
<core>AXI4Stream</core>
<MemPortIdVec></MemPortIdVec>
<condition id="-1">
<or_exp><and_exp><literal name="state_V_load" val="-2"/>
<literal name="first_read_load" val="1"/>
<literal name="icmp_ln879" val="1"/>
</and_exp></or_exp>
</condition>

<Node id="84" bw="0" op_0_bw="0" op_1_bw="128" op_2_bw="1" op_3_bw="16" op_4_bw="1" op_5_bw="128" op_6_bw="1" op_7_bw="16" op_8_bw="1">
<![CDATA[
:1  call void @_ssdm_op_Write.axis.volatile.i128P.i1P.i16P.i1P(i128* %control_data_out_V_data_V, i1* %control_data_out_V_user_V, i16* %control_data_out_V_keep_V, i1* %control_data_out_V_last_V, i128 %tmp_data_V_3, i1 %tmp_user_V_2, i16 %tmp_keep_V_2, i1 %tmp_last_V_2)

]]></Node>
<StgValue><ssdm name="write_ln82"/></StgValue>
</operation>

<operation id="83" st_id="3" stage="1" lat="1">
<core>NULL</core>
<MemPortIdVec></MemPortIdVec>
<condition id="-1">
<or_exp><and_exp><literal name="state_V_load" val="-2"/>
<literal name="first_read_load" val="1"/>
<literal name="icmp_ln879" val="1"/>
</and_exp></or_exp>
</condition>

<Node id="85" bw="0" op_0_bw="0">
<![CDATA[
:2  br label %13

]]></Node>
<StgValue><ssdm name="br_ln83"/></StgValue>
</operation>

<operation id="84" st_id="3" stage="1" lat="1">
<core>NULL</core>
<MemPortIdVec></MemPortIdVec>
<condition id="-1">
<or_exp><and_exp><literal name="state_V_load" val="-2"/>
<literal name="first_read_load" val="1"/>
</and_exp></or_exp>
</condition>

<Node id="87" bw="0" op_0_bw="0">
<![CDATA[
:0  br label %18

]]></Node>
<StgValue><ssdm name="br_ln86"/></StgValue>
</operation>

<operation id="85" st_id="3" stage="1" lat="1">
<core>NULL</core>
<MemPortIdVec></MemPortIdVec>
<condition id="-1">
<or_exp><and_exp><literal name="state_V_load" val="-2"/>
</and_exp></or_exp>
</condition>

<Node id="89" bw="0" op_0_bw="0">
<![CDATA[
:0  br label %._crit_edge156

]]></Node>
<StgValue><ssdm name="br_ln94"/></StgValue>
</operation>

<operation id="86" st_id="3" stage="1" lat="2">
<core>AXI4Stream</core>
<MemPortIdVec></MemPortIdVec>
<condition id="-1">
<or_exp><and_exp><literal name="state_V_load" val="1"/>
<literal name="tmp_last_V_1" val="0"/>
</and_exp></or_exp>
</condition>

<Node id="98" bw="0" op_0_bw="0" op_1_bw="128" op_2_bw="1" op_3_bw="16" op_4_bw="1" op_5_bw="128" op_6_bw="1" op_7_bw="16" op_8_bw="1">
<![CDATA[
:0  call void @_ssdm_op_Write.axis.volatile.i128P.i1P.i16P.i1P(i128* %user_data_out_V_data_V, i1* %user_data_out_V_user_V, i16* %user_data_out_V_keep_V, i1* %user_data_out_V_last_V, i128 %tmp_data_V, i1 %tmp_user_V_1, i16 %tmp_keep_V_1, i1 false)

]]></Node>
<StgValue><ssdm name="write_ln70"/></StgValue>
</operation>

<operation id="87" st_id="3" stage="1" lat="1">
<core>NULL</core>
<MemPortIdVec></MemPortIdVec>
<condition id="-1">
<or_exp><and_exp><literal name="state_V_load" val="1"/>
<literal name="tmp_last_V_1" val="0"/>
</and_exp></or_exp>
</condition>

<Node id="99" bw="0" op_0_bw="0">
<![CDATA[
:1  br label %8

]]></Node>
<StgValue><ssdm name="br_ln0"/></StgValue>
</operation>

<operation id="88" st_id="3" stage="1" lat="2">
<core>AXI4Stream</core>
<MemPortIdVec></MemPortIdVec>
<condition id="-1">
<or_exp><and_exp><literal name="state_V_load" val="1"/>
<literal name="tmp_last_V_1" val="1"/>
</and_exp></or_exp>
</condition>

<Node id="102" bw="0" op_0_bw="0" op_1_bw="128" op_2_bw="1" op_3_bw="16" op_4_bw="1" op_5_bw="128" op_6_bw="1" op_7_bw="16" op_8_bw="1">
<![CDATA[
:1  call void @_ssdm_op_Write.axis.volatile.i128P.i1P.i16P.i1P(i128* %user_data_out_V_data_V, i1* %user_data_out_V_user_V, i16* %user_data_out_V_keep_V, i1* %user_data_out_V_last_V, i128 %tmp_data_V, i1 %tmp_user_V_1, i16 %tmp_keep_V_1, i1 true)

]]></Node>
<StgValue><ssdm name="write_ln67"/></StgValue>
</operation>

<operation id="89" st_id="3" stage="1" lat="1">
<core>NULL</core>
<MemPortIdVec></MemPortIdVec>
<condition id="-1">
<or_exp><and_exp><literal name="state_V_load" val="1"/>
<literal name="tmp_last_V_1" val="1"/>
</and_exp></or_exp>
</condition>

<Node id="103" bw="0" op_0_bw="0">
<![CDATA[
:2  br label %8

]]></Node>
<StgValue><ssdm name="br_ln68"/></StgValue>
</operation>

<operation id="90" st_id="3" stage="1" lat="1">
<core>NULL</core>
<MemPortIdVec></MemPortIdVec>
<condition id="-1">
<or_exp><and_exp><literal name="state_V_load" val="1"/>
</and_exp></or_exp>
</condition>

<Node id="105" bw="0" op_0_bw="0">
<![CDATA[
:0  br label %._crit_edge156

]]></Node>
<StgValue><ssdm name="br_ln73"/></StgValue>
</operation>

<operation id="91" st_id="3" stage="1" lat="1">
<core>NULL</core>
<MemPortIdVec></MemPortIdVec>
<condition id="-1">
<or_exp><and_exp><literal name="state_V_load" val="0"/>
</and_exp></or_exp>
</condition>

<Node id="113" bw="0" op_0_bw="8" op_1_bw="8" op_2_bw="8">
<![CDATA[
:6  store i8 %p_Result_s, i8* @msg_type_V, align 1

]]></Node>
<StgValue><ssdm name="store_ln42"/></StgValue>
</operation>

<operation id="92" st_id="3" stage="1" lat="1">
<core>NULL</core>
<MemPortIdVec></MemPortIdVec>
<condition id="-1">
<or_exp><and_exp><literal name="state_V_load" val="0"/>
</and_exp></or_exp>
</condition>

<Node id="115" bw="0" op_0_bw="8" op_1_bw="0" op_2_bw="8" op_3_bw="0" op_4_bw="8" op_5_bw="0">
<![CDATA[
:8  switch i8 %p_Result_s, label %3 [
    i8 0, label %1
    i8 2, label %2
  ]

]]></Node>
<StgValue><ssdm name="switch_ln44"/></StgValue>
</operation>

<operation id="93" st_id="3" stage="1" lat="1">
<core>NULL</core>
<MemPortIdVec></MemPortIdVec>
<condition id="-1">
<or_exp><and_exp><literal name="state_V_load" val="0"/>
<literal name="p_Result_s" val="2"/>
</and_exp></or_exp>
</condition>

<Node id="118" bw="0" op_0_bw="0">
<![CDATA[
:1  br label %4

]]></Node>
<StgValue><ssdm name="br_ln52"/></StgValue>
</operation>

<operation id="94" st_id="3" stage="1" lat="2">
<core>AXI4Stream</core>
<MemPortIdVec></MemPortIdVec>
<condition id="-1">
<or_exp><and_exp><literal name="state_V_load" val="0"/>
<literal name="p_Result_s" val="0"/>
</and_exp></or_exp>
</condition>

<Node id="120" bw="0" op_0_bw="0" op_1_bw="128" op_2_bw="1" op_3_bw="16" op_4_bw="1" op_5_bw="128" op_6_bw="1" op_7_bw="16" op_8_bw="1">
<![CDATA[
:0  call void @_ssdm_op_Write.axis.volatile.i128P.i1P.i16P.i1P(i128* %user_data_out_V_data_V, i1* %user_data_out_V_user_V, i16* %user_data_out_V_keep_V, i1* %user_data_out_V_last_V, i128 %tmp_data_V_2, i1 %tmp_user_V, i16 %tmp_keep_V, i1 %tmp_last_V)

]]></Node>
<StgValue><ssdm name="write_ln46"/></StgValue>
</operation>

<operation id="95" st_id="3" stage="1" lat="1">
<core>NULL</core>
<MemPortIdVec></MemPortIdVec>
<condition id="-1">
<or_exp><and_exp><literal name="state_V_load" val="0"/>
<literal name="p_Result_s" val="0"/>
</and_exp></or_exp>
</condition>

<Node id="122" bw="0" op_0_bw="0">
<![CDATA[
:2  br label %4

]]></Node>
<StgValue><ssdm name="br_ln48"/></StgValue>
</operation>

<operation id="96" st_id="3" stage="1" lat="1">
<core>NULL</core>
<MemPortIdVec></MemPortIdVec>
<condition id="-1">
<or_exp><and_exp><literal name="state_V_load" val="0"/>
<literal name="p_Result_s" val="!0"/>
<literal name="p_Result_s" val="!2"/>
</and_exp></or_exp>
</condition>

<Node id="125" bw="0" op_0_bw="0">
<![CDATA[
:1  br label %4

]]></Node>
<StgValue><ssdm name="br_ln56"/></StgValue>
</operation>

<operation id="97" st_id="3" stage="1" lat="1">
<core>NULL</core>
<MemPortIdVec></MemPortIdVec>
<condition id="-1">
<or_exp><and_exp><literal name="state_V_load" val="0"/>
</and_exp></or_exp>
</condition>

<Node id="127" bw="0" op_0_bw="0">
<![CDATA[
:0  br label %._crit_edge156

]]></Node>
<StgValue><ssdm name="br_ln59"/></StgValue>
</operation>

<operation id="98" st_id="3" stage="1" lat="1">
<core>NULL</core>
<MemPortIdVec></MemPortIdVec>
<condition id="-1">
<or_exp><and_exp></and_exp></or_exp>
</condition>

<Node id="129" bw="0">
<![CDATA[
._crit_edge156:0  ret void

]]></Node>
<StgValue><ssdm name="ret_ln103"/></StgValue>
</operation>
</state>
</state_list>


<ports>
<port id="132" name="CU_data_in_V_data_V" dir="0" iftype="0">
<core>NULL</core><StgValue><ssdm name="CU_data_in_V_data_V"/></StgValue>
</port>
<port id="133" name="CU_data_in_V_user_V" dir="0" iftype="0">
<core>NULL</core><StgValue><ssdm name="CU_data_in_V_user_V"/></StgValue>
</port>
<port id="134" name="CU_data_in_V_keep_V" dir="0" iftype="0">
<core>NULL</core><StgValue><ssdm name="CU_data_in_V_keep_V"/></StgValue>
</port>
<port id="135" name="CU_data_in_V_last_V" dir="0" iftype="0">
<core>NULL</core><StgValue><ssdm name="CU_data_in_V_last_V"/></StgValue>
</port>
<port id="136" name="control_data_out_V_data_V" dir="1" iftype="0">
<core>NULL</core><StgValue><ssdm name="control_data_out_V_data_V"/></StgValue>
</port>
<port id="137" name="control_data_out_V_user_V" dir="1" iftype="0">
<core>NULL</core><StgValue><ssdm name="control_data_out_V_user_V"/></StgValue>
</port>
<port id="138" name="control_data_out_V_keep_V" dir="1" iftype="0">
<core>NULL</core><StgValue><ssdm name="control_data_out_V_keep_V"/></StgValue>
</port>
<port id="139" name="control_data_out_V_last_V" dir="1" iftype="0">
<core>NULL</core><StgValue><ssdm name="control_data_out_V_last_V"/></StgValue>
</port>
<port id="140" name="user_data_out_V_data_V" dir="1" iftype="0">
<core>NULL</core><StgValue><ssdm name="user_data_out_V_data_V"/></StgValue>
</port>
<port id="141" name="user_data_out_V_user_V" dir="1" iftype="0">
<core>NULL</core><StgValue><ssdm name="user_data_out_V_user_V"/></StgValue>
</port>
<port id="142" name="user_data_out_V_keep_V" dir="1" iftype="0">
<core>NULL</core><StgValue><ssdm name="user_data_out_V_keep_V"/></StgValue>
</port>
<port id="143" name="user_data_out_V_last_V" dir="1" iftype="0">
<core>NULL</core><StgValue><ssdm name="user_data_out_V_last_V"/></StgValue>
</port>
<port id="144" name="ecpri_demux_eth_state_out_V" dir="1" iftype="0">
<core>NULL</core><StgValue><ssdm name="ecpri_demux_eth_state_out_V"/></StgValue>
</port>
<port id="145" name="msg_type_out_V" dir="1" iftype="0">
<core>NULL</core><StgValue><ssdm name="msg_type_out_V"/></StgValue>
</port>
<port id="146" name="state_V" dir="2" iftype="0">
<core>NULL</core><StgValue><ssdm name="state_V"/></StgValue>
</port>
<port id="147" name="msg_type_V" dir="2" iftype="0">
<core>NULL</core><StgValue><ssdm name="msg_type_V"/></StgValue>
</port>
<port id="148" name="first_read" dir="2" iftype="0">
<core>NULL</core><StgValue><ssdm name="first_read"/></StgValue>
</port>
</ports>


<dataflows>
<dataflow id="149" from="state_V" to="state_V_load" fromId="146" toId="4">
</dataflow>
<dataflow id="150" from="first_read" to="first_read_load" fromId="148" toId="5">
</dataflow>
<dataflow id="152" from="_ssdm_op_Read.axis.volatile.i128P.i1P.i16P.i1P" to="empty_6" fromId="151" toId="6">
</dataflow>
<dataflow id="153" from="CU_data_in_V_data_V" to="empty_6" fromId="132" toId="6">
</dataflow>
<dataflow id="154" from="CU_data_in_V_user_V" to="empty_6" fromId="133" toId="6">
</dataflow>
<dataflow id="155" from="CU_data_in_V_keep_V" to="empty_6" fromId="134" toId="6">
</dataflow>
<dataflow id="156" from="CU_data_in_V_last_V" to="empty_6" fromId="135" toId="6">
</dataflow>
<dataflow id="157" from="empty_6" to="tmp_last_V_3" fromId="6" toId="7">
</dataflow>
<dataflow id="158" from="tmp_last_V_3" to="br_ln98" fromId="7" toId="8">
</dataflow>
<dataflow id="160" from="StgValue_159" to="store_ln99" fromId="159" toId="9">
</dataflow>
<dataflow id="161" from="state_V" to="store_ln99" fromId="146" toId="9">
</dataflow>
<dataflow id="162" from="_ssdm_op_Read.axis.volatile.i128P.i1P.i16P.i1P" to="empty_5" fromId="151" toId="10">
</dataflow>
<dataflow id="163" from="CU_data_in_V_data_V" to="empty_5" fromId="132" toId="10">
</dataflow>
<dataflow id="164" from="CU_data_in_V_user_V" to="empty_5" fromId="133" toId="10">
</dataflow>
<dataflow id="165" from="CU_data_in_V_keep_V" to="empty_5" fromId="134" toId="10">
</dataflow>
<dataflow id="166" from="CU_data_in_V_last_V" to="empty_5" fromId="135" toId="10">
</dataflow>
<dataflow id="167" from="empty_5" to="tmp_data_V_3" fromId="10" toId="11">
</dataflow>
<dataflow id="168" from="empty_5" to="tmp_user_V_2" fromId="10" toId="12">
</dataflow>
<dataflow id="169" from="empty_5" to="tmp_keep_V_2" fromId="10" toId="13">
</dataflow>
<dataflow id="170" from="empty_5" to="tmp_last_V_2" fromId="10" toId="14">
</dataflow>
<dataflow id="171" from="first_read_load" to="br_ln77" fromId="5" toId="15">
</dataflow>
<dataflow id="172" from="StgValue_159" to="store_ln88" fromId="159" toId="16">
</dataflow>
<dataflow id="173" from="state_V" to="store_ln88" fromId="146" toId="16">
</dataflow>
<dataflow id="175" from="StgValue_174" to="store_ln78" fromId="174" toId="17">
</dataflow>
<dataflow id="176" from="first_read" to="store_ln78" fromId="148" toId="17">
</dataflow>
<dataflow id="178" from="_ssdm_op_PartSelect.i8.i128.i32.i32" to="section_type_V" fromId="177" toId="18">
</dataflow>
<dataflow id="179" from="tmp_data_V_3" to="section_type_V" fromId="11" toId="18">
</dataflow>
<dataflow id="181" from="StgValue_180" to="section_type_V" fromId="180" toId="18">
</dataflow>
<dataflow id="183" from="StgValue_182" to="section_type_V" fromId="182" toId="18">
</dataflow>
<dataflow id="184" from="section_type_V" to="icmp_ln879" fromId="18" toId="19">
</dataflow>
<dataflow id="186" from="StgValue_185" to="icmp_ln879" fromId="185" toId="19">
</dataflow>
<dataflow id="187" from="icmp_ln879" to="br_ln80" fromId="19" toId="20">
</dataflow>
<dataflow id="189" from="StgValue_188" to="store_ln84" fromId="188" toId="21">
</dataflow>
<dataflow id="190" from="state_V" to="store_ln84" fromId="146" toId="21">
</dataflow>
<dataflow id="192" from="StgValue_191" to="store_ln81" fromId="191" toId="22">
</dataflow>
<dataflow id="193" from="state_V" to="store_ln81" fromId="146" toId="22">
</dataflow>
<dataflow id="194" from="_ssdm_op_Read.axis.volatile.i128P.i1P.i16P.i1P" to="empty_4" fromId="151" toId="23">
</dataflow>
<dataflow id="195" from="CU_data_in_V_data_V" to="empty_4" fromId="132" toId="23">
</dataflow>
<dataflow id="196" from="CU_data_in_V_user_V" to="empty_4" fromId="133" toId="23">
</dataflow>
<dataflow id="197" from="CU_data_in_V_keep_V" to="empty_4" fromId="134" toId="23">
</dataflow>
<dataflow id="198" from="CU_data_in_V_last_V" to="empty_4" fromId="135" toId="23">
</dataflow>
<dataflow id="199" from="empty_4" to="tmp_data_V" fromId="23" toId="24">
</dataflow>
<dataflow id="200" from="empty_4" to="tmp_user_V_1" fromId="23" toId="25">
</dataflow>
<dataflow id="201" from="empty_4" to="tmp_keep_V_1" fromId="23" toId="26">
</dataflow>
<dataflow id="202" from="empty_4" to="tmp_last_V_1" fromId="23" toId="27">
</dataflow>
<dataflow id="203" from="tmp_last_V_1" to="br_ln65" fromId="27" toId="28">
</dataflow>
<dataflow id="204" from="StgValue_159" to="store_ln66" fromId="159" toId="29">
</dataflow>
<dataflow id="205" from="state_V" to="store_ln66" fromId="146" toId="29">
</dataflow>
<dataflow id="206" from="_ssdm_op_Read.axis.volatile.i128P.i1P.i16P.i1P" to="empty" fromId="151" toId="30">
</dataflow>
<dataflow id="207" from="CU_data_in_V_data_V" to="empty" fromId="132" toId="30">
</dataflow>
<dataflow id="208" from="CU_data_in_V_user_V" to="empty" fromId="133" toId="30">
</dataflow>
<dataflow id="209" from="CU_data_in_V_keep_V" to="empty" fromId="134" toId="30">
</dataflow>
<dataflow id="210" from="CU_data_in_V_last_V" to="empty" fromId="135" toId="30">
</dataflow>
<dataflow id="211" from="empty" to="tmp_data_V_2" fromId="30" toId="31">
</dataflow>
<dataflow id="212" from="empty" to="tmp_user_V" fromId="30" toId="32">
</dataflow>
<dataflow id="213" from="empty" to="tmp_keep_V" fromId="30" toId="33">
</dataflow>
<dataflow id="214" from="empty" to="tmp_last_V" fromId="30" toId="34">
</dataflow>
<dataflow id="215" from="_ssdm_op_PartSelect.i8.i128.i32.i32" to="p_Result_s" fromId="177" toId="35">
</dataflow>
<dataflow id="216" from="tmp_data_V_2" to="p_Result_s" fromId="31" toId="35">
</dataflow>
<dataflow id="218" from="StgValue_217" to="p_Result_s" fromId="217" toId="35">
</dataflow>
<dataflow id="220" from="StgValue_219" to="p_Result_s" fromId="219" toId="35">
</dataflow>
<dataflow id="222" from="StgValue_221" to="store_ln43" fromId="221" toId="36">
</dataflow>
<dataflow id="223" from="first_read" to="store_ln43" fromId="148" toId="36">
</dataflow>
<dataflow id="224" from="StgValue_191" to="store_ln51" fromId="191" toId="37">
</dataflow>
<dataflow id="225" from="state_V" to="store_ln51" fromId="146" toId="37">
</dataflow>
<dataflow id="227" from="StgValue_226" to="store_ln47" fromId="226" toId="38">
</dataflow>
<dataflow id="228" from="state_V" to="store_ln47" fromId="146" toId="38">
</dataflow>
<dataflow id="229" from="StgValue_188" to="store_ln55" fromId="188" toId="39">
</dataflow>
<dataflow id="230" from="state_V" to="store_ln55" fromId="146" toId="39">
</dataflow>
<dataflow id="231" from="tmp_last_V_2" to="br_ln86" fromId="14" toId="40">
</dataflow>
<dataflow id="233" from="_ssdm_op_Write.axis.volatile.i128P.i1P.i16P.i1P" to="write_ln92" fromId="232" toId="41">
</dataflow>
<dataflow id="234" from="control_data_out_V_data_V" to="write_ln92" fromId="136" toId="41">
</dataflow>
<dataflow id="235" from="control_data_out_V_user_V" to="write_ln92" fromId="137" toId="41">
</dataflow>
<dataflow id="236" from="control_data_out_V_keep_V" to="write_ln92" fromId="138" toId="41">
</dataflow>
<dataflow id="237" from="control_data_out_V_last_V" to="write_ln92" fromId="139" toId="41">
</dataflow>
<dataflow id="238" from="tmp_data_V_3" to="write_ln92" fromId="11" toId="41">
</dataflow>
<dataflow id="239" from="tmp_user_V_2" to="write_ln92" fromId="12" toId="41">
</dataflow>
<dataflow id="240" from="tmp_keep_V_2" to="write_ln92" fromId="13" toId="41">
</dataflow>
<dataflow id="241" from="StgValue_174" to="write_ln92" fromId="174" toId="41">
</dataflow>
<dataflow id="242" from="_ssdm_op_Write.axis.volatile.i128P.i1P.i16P.i1P" to="write_ln89" fromId="232" toId="42">
</dataflow>
<dataflow id="243" from="control_data_out_V_data_V" to="write_ln89" fromId="136" toId="42">
</dataflow>
<dataflow id="244" from="control_data_out_V_user_V" to="write_ln89" fromId="137" toId="42">
</dataflow>
<dataflow id="245" from="control_data_out_V_keep_V" to="write_ln89" fromId="138" toId="42">
</dataflow>
<dataflow id="246" from="control_data_out_V_last_V" to="write_ln89" fromId="139" toId="42">
</dataflow>
<dataflow id="247" from="tmp_data_V_3" to="write_ln89" fromId="11" toId="42">
</dataflow>
<dataflow id="248" from="tmp_user_V_2" to="write_ln89" fromId="12" toId="42">
</dataflow>
<dataflow id="249" from="tmp_keep_V_2" to="write_ln89" fromId="13" toId="42">
</dataflow>
<dataflow id="250" from="StgValue_221" to="write_ln89" fromId="221" toId="42">
</dataflow>
<dataflow id="251" from="_ssdm_op_Write.axis.volatile.i128P.i1P.i16P.i1P" to="write_ln82" fromId="232" toId="43">
</dataflow>
<dataflow id="252" from="control_data_out_V_data_V" to="write_ln82" fromId="136" toId="43">
</dataflow>
<dataflow id="253" from="control_data_out_V_user_V" to="write_ln82" fromId="137" toId="43">
</dataflow>
<dataflow id="254" from="control_data_out_V_keep_V" to="write_ln82" fromId="138" toId="43">
</dataflow>
<dataflow id="255" from="control_data_out_V_last_V" to="write_ln82" fromId="139" toId="43">
</dataflow>
<dataflow id="256" from="tmp_data_V_3" to="write_ln82" fromId="11" toId="43">
</dataflow>
<dataflow id="257" from="tmp_user_V_2" to="write_ln82" fromId="12" toId="43">
</dataflow>
<dataflow id="258" from="tmp_keep_V_2" to="write_ln82" fromId="13" toId="43">
</dataflow>
<dataflow id="259" from="tmp_last_V_2" to="write_ln82" fromId="14" toId="43">
</dataflow>
<dataflow id="260" from="_ssdm_op_Write.axis.volatile.i128P.i1P.i16P.i1P" to="write_ln70" fromId="232" toId="44">
</dataflow>
<dataflow id="261" from="user_data_out_V_data_V" to="write_ln70" fromId="140" toId="44">
</dataflow>
<dataflow id="262" from="user_data_out_V_user_V" to="write_ln70" fromId="141" toId="44">
</dataflow>
<dataflow id="263" from="user_data_out_V_keep_V" to="write_ln70" fromId="142" toId="44">
</dataflow>
<dataflow id="264" from="user_data_out_V_last_V" to="write_ln70" fromId="143" toId="44">
</dataflow>
<dataflow id="265" from="tmp_data_V" to="write_ln70" fromId="24" toId="44">
</dataflow>
<dataflow id="266" from="tmp_user_V_1" to="write_ln70" fromId="25" toId="44">
</dataflow>
<dataflow id="267" from="tmp_keep_V_1" to="write_ln70" fromId="26" toId="44">
</dataflow>
<dataflow id="268" from="StgValue_174" to="write_ln70" fromId="174" toId="44">
</dataflow>
<dataflow id="269" from="_ssdm_op_Write.axis.volatile.i128P.i1P.i16P.i1P" to="write_ln67" fromId="232" toId="45">
</dataflow>
<dataflow id="270" from="user_data_out_V_data_V" to="write_ln67" fromId="140" toId="45">
</dataflow>
<dataflow id="271" from="user_data_out_V_user_V" to="write_ln67" fromId="141" toId="45">
</dataflow>
<dataflow id="272" from="user_data_out_V_keep_V" to="write_ln67" fromId="142" toId="45">
</dataflow>
<dataflow id="273" from="user_data_out_V_last_V" to="write_ln67" fromId="143" toId="45">
</dataflow>
<dataflow id="274" from="tmp_data_V" to="write_ln67" fromId="24" toId="45">
</dataflow>
<dataflow id="275" from="tmp_user_V_1" to="write_ln67" fromId="25" toId="45">
</dataflow>
<dataflow id="276" from="tmp_keep_V_1" to="write_ln67" fromId="26" toId="45">
</dataflow>
<dataflow id="277" from="StgValue_221" to="write_ln67" fromId="221" toId="45">
</dataflow>
<dataflow id="278" from="_ssdm_op_Write.axis.volatile.i128P.i1P.i16P.i1P" to="write_ln46" fromId="232" toId="46">
</dataflow>
<dataflow id="279" from="user_data_out_V_data_V" to="write_ln46" fromId="140" toId="46">
</dataflow>
<dataflow id="280" from="user_data_out_V_user_V" to="write_ln46" fromId="141" toId="46">
</dataflow>
<dataflow id="281" from="user_data_out_V_keep_V" to="write_ln46" fromId="142" toId="46">
</dataflow>
<dataflow id="282" from="user_data_out_V_last_V" to="write_ln46" fromId="143" toId="46">
</dataflow>
<dataflow id="283" from="tmp_data_V_2" to="write_ln46" fromId="31" toId="46">
</dataflow>
<dataflow id="284" from="tmp_user_V" to="write_ln46" fromId="32" toId="46">
</dataflow>
<dataflow id="285" from="tmp_keep_V" to="write_ln46" fromId="33" toId="46">
</dataflow>
<dataflow id="286" from="tmp_last_V" to="write_ln46" fromId="34" toId="46">
</dataflow>
<dataflow id="288" from="_ssdm_op_SpecBitsMap" to="specbitsmap_ln0" fromId="287" toId="47">
</dataflow>
<dataflow id="289" from="CU_data_in_V_data_V" to="specbitsmap_ln0" fromId="132" toId="47">
</dataflow>
<dataflow id="290" from="_ssdm_op_SpecBitsMap" to="specbitsmap_ln0" fromId="287" toId="48">
</dataflow>
<dataflow id="291" from="CU_data_in_V_user_V" to="specbitsmap_ln0" fromId="133" toId="48">
</dataflow>
<dataflow id="292" from="_ssdm_op_SpecBitsMap" to="specbitsmap_ln0" fromId="287" toId="49">
</dataflow>
<dataflow id="293" from="CU_data_in_V_keep_V" to="specbitsmap_ln0" fromId="134" toId="49">
</dataflow>
<dataflow id="294" from="_ssdm_op_SpecBitsMap" to="specbitsmap_ln0" fromId="287" toId="50">
</dataflow>
<dataflow id="295" from="CU_data_in_V_last_V" to="specbitsmap_ln0" fromId="135" toId="50">
</dataflow>
<dataflow id="296" from="_ssdm_op_SpecBitsMap" to="specbitsmap_ln0" fromId="287" toId="51">
</dataflow>
<dataflow id="297" from="control_data_out_V_data_V" to="specbitsmap_ln0" fromId="136" toId="51">
</dataflow>
<dataflow id="298" from="_ssdm_op_SpecBitsMap" to="specbitsmap_ln0" fromId="287" toId="52">
</dataflow>
<dataflow id="299" from="control_data_out_V_user_V" to="specbitsmap_ln0" fromId="137" toId="52">
</dataflow>
<dataflow id="300" from="_ssdm_op_SpecBitsMap" to="specbitsmap_ln0" fromId="287" toId="53">
</dataflow>
<dataflow id="301" from="control_data_out_V_keep_V" to="specbitsmap_ln0" fromId="138" toId="53">
</dataflow>
<dataflow id="302" from="_ssdm_op_SpecBitsMap" to="specbitsmap_ln0" fromId="287" toId="54">
</dataflow>
<dataflow id="303" from="control_data_out_V_last_V" to="specbitsmap_ln0" fromId="139" toId="54">
</dataflow>
<dataflow id="304" from="_ssdm_op_SpecBitsMap" to="specbitsmap_ln0" fromId="287" toId="55">
</dataflow>
<dataflow id="305" from="user_data_out_V_data_V" to="specbitsmap_ln0" fromId="140" toId="55">
</dataflow>
<dataflow id="306" from="_ssdm_op_SpecBitsMap" to="specbitsmap_ln0" fromId="287" toId="56">
</dataflow>
<dataflow id="307" from="user_data_out_V_user_V" to="specbitsmap_ln0" fromId="141" toId="56">
</dataflow>
<dataflow id="308" from="_ssdm_op_SpecBitsMap" to="specbitsmap_ln0" fromId="287" toId="57">
</dataflow>
<dataflow id="309" from="user_data_out_V_keep_V" to="specbitsmap_ln0" fromId="142" toId="57">
</dataflow>
<dataflow id="310" from="_ssdm_op_SpecBitsMap" to="specbitsmap_ln0" fromId="287" toId="58">
</dataflow>
<dataflow id="311" from="user_data_out_V_last_V" to="specbitsmap_ln0" fromId="143" toId="58">
</dataflow>
<dataflow id="312" from="_ssdm_op_SpecBitsMap" to="specbitsmap_ln0" fromId="287" toId="59">
</dataflow>
<dataflow id="313" from="ecpri_demux_eth_state_out_V" to="specbitsmap_ln0" fromId="144" toId="59">
</dataflow>
<dataflow id="314" from="_ssdm_op_SpecBitsMap" to="specbitsmap_ln0" fromId="287" toId="60">
</dataflow>
<dataflow id="315" from="msg_type_out_V" to="specbitsmap_ln0" fromId="145" toId="60">
</dataflow>
<dataflow id="317" from="_ssdm_op_SpecTopModule" to="spectopmodule_ln0" fromId="316" toId="61">
</dataflow>
<dataflow id="319" from="ecpri_demux_str" to="spectopmodule_ln0" fromId="318" toId="61">
</dataflow>
<dataflow id="321" from="_ssdm_op_SpecInterface" to="specinterface_ln20" fromId="320" toId="62">
</dataflow>
<dataflow id="322" from="CU_data_in_V_data_V" to="specinterface_ln20" fromId="132" toId="62">
</dataflow>
<dataflow id="323" from="CU_data_in_V_user_V" to="specinterface_ln20" fromId="133" toId="62">
</dataflow>
<dataflow id="324" from="CU_data_in_V_keep_V" to="specinterface_ln20" fromId="134" toId="62">
</dataflow>
<dataflow id="325" from="CU_data_in_V_last_V" to="specinterface_ln20" fromId="135" toId="62">
</dataflow>
<dataflow id="327" from="p_str" to="specinterface_ln20" fromId="326" toId="62">
</dataflow>
<dataflow id="329" from="StgValue_328" to="specinterface_ln20" fromId="328" toId="62">
</dataflow>
<dataflow id="330" from="StgValue_328" to="specinterface_ln20" fromId="328" toId="62">
</dataflow>
<dataflow id="332" from="p_str1" to="specinterface_ln20" fromId="331" toId="62">
</dataflow>
<dataflow id="334" from="StgValue_333" to="specinterface_ln20" fromId="333" toId="62">
</dataflow>
<dataflow id="335" from="StgValue_333" to="specinterface_ln20" fromId="333" toId="62">
</dataflow>
<dataflow id="337" from="p_str2" to="specinterface_ln20" fromId="336" toId="62">
</dataflow>
<dataflow id="338" from="p_str2" to="specinterface_ln20" fromId="336" toId="62">
</dataflow>
<dataflow id="339" from="p_str2" to="specinterface_ln20" fromId="336" toId="62">
</dataflow>
<dataflow id="340" from="StgValue_333" to="specinterface_ln20" fromId="333" toId="62">
</dataflow>
<dataflow id="341" from="StgValue_333" to="specinterface_ln20" fromId="333" toId="62">
</dataflow>
<dataflow id="342" from="StgValue_333" to="specinterface_ln20" fromId="333" toId="62">
</dataflow>
<dataflow id="343" from="StgValue_333" to="specinterface_ln20" fromId="333" toId="62">
</dataflow>
<dataflow id="344" from="p_str2" to="specinterface_ln20" fromId="336" toId="62">
</dataflow>
<dataflow id="345" from="p_str2" to="specinterface_ln20" fromId="336" toId="62">
</dataflow>
<dataflow id="346" from="_ssdm_op_SpecInterface" to="specinterface_ln21" fromId="320" toId="63">
</dataflow>
<dataflow id="347" from="control_data_out_V_data_V" to="specinterface_ln21" fromId="136" toId="63">
</dataflow>
<dataflow id="348" from="control_data_out_V_user_V" to="specinterface_ln21" fromId="137" toId="63">
</dataflow>
<dataflow id="349" from="control_data_out_V_keep_V" to="specinterface_ln21" fromId="138" toId="63">
</dataflow>
<dataflow id="350" from="control_data_out_V_last_V" to="specinterface_ln21" fromId="139" toId="63">
</dataflow>
<dataflow id="351" from="p_str" to="specinterface_ln21" fromId="326" toId="63">
</dataflow>
<dataflow id="352" from="StgValue_328" to="specinterface_ln21" fromId="328" toId="63">
</dataflow>
<dataflow id="353" from="StgValue_328" to="specinterface_ln21" fromId="328" toId="63">
</dataflow>
<dataflow id="354" from="p_str1" to="specinterface_ln21" fromId="331" toId="63">
</dataflow>
<dataflow id="355" from="StgValue_333" to="specinterface_ln21" fromId="333" toId="63">
</dataflow>
<dataflow id="356" from="StgValue_333" to="specinterface_ln21" fromId="333" toId="63">
</dataflow>
<dataflow id="357" from="p_str2" to="specinterface_ln21" fromId="336" toId="63">
</dataflow>
<dataflow id="358" from="p_str2" to="specinterface_ln21" fromId="336" toId="63">
</dataflow>
<dataflow id="359" from="p_str2" to="specinterface_ln21" fromId="336" toId="63">
</dataflow>
<dataflow id="360" from="StgValue_333" to="specinterface_ln21" fromId="333" toId="63">
</dataflow>
<dataflow id="361" from="StgValue_333" to="specinterface_ln21" fromId="333" toId="63">
</dataflow>
<dataflow id="362" from="StgValue_333" to="specinterface_ln21" fromId="333" toId="63">
</dataflow>
<dataflow id="363" from="StgValue_333" to="specinterface_ln21" fromId="333" toId="63">
</dataflow>
<dataflow id="364" from="p_str2" to="specinterface_ln21" fromId="336" toId="63">
</dataflow>
<dataflow id="365" from="p_str2" to="specinterface_ln21" fromId="336" toId="63">
</dataflow>
<dataflow id="366" from="_ssdm_op_SpecInterface" to="specinterface_ln22" fromId="320" toId="64">
</dataflow>
<dataflow id="367" from="user_data_out_V_data_V" to="specinterface_ln22" fromId="140" toId="64">
</dataflow>
<dataflow id="368" from="user_data_out_V_user_V" to="specinterface_ln22" fromId="141" toId="64">
</dataflow>
<dataflow id="369" from="user_data_out_V_keep_V" to="specinterface_ln22" fromId="142" toId="64">
</dataflow>
<dataflow id="370" from="user_data_out_V_last_V" to="specinterface_ln22" fromId="143" toId="64">
</dataflow>
<dataflow id="371" from="p_str" to="specinterface_ln22" fromId="326" toId="64">
</dataflow>
<dataflow id="372" from="StgValue_328" to="specinterface_ln22" fromId="328" toId="64">
</dataflow>
<dataflow id="373" from="StgValue_328" to="specinterface_ln22" fromId="328" toId="64">
</dataflow>
<dataflow id="374" from="p_str1" to="specinterface_ln22" fromId="331" toId="64">
</dataflow>
<dataflow id="375" from="StgValue_333" to="specinterface_ln22" fromId="333" toId="64">
</dataflow>
<dataflow id="376" from="StgValue_333" to="specinterface_ln22" fromId="333" toId="64">
</dataflow>
<dataflow id="377" from="p_str2" to="specinterface_ln22" fromId="336" toId="64">
</dataflow>
<dataflow id="378" from="p_str2" to="specinterface_ln22" fromId="336" toId="64">
</dataflow>
<dataflow id="379" from="p_str2" to="specinterface_ln22" fromId="336" toId="64">
</dataflow>
<dataflow id="380" from="StgValue_333" to="specinterface_ln22" fromId="333" toId="64">
</dataflow>
<dataflow id="381" from="StgValue_333" to="specinterface_ln22" fromId="333" toId="64">
</dataflow>
<dataflow id="382" from="StgValue_333" to="specinterface_ln22" fromId="333" toId="64">
</dataflow>
<dataflow id="383" from="StgValue_333" to="specinterface_ln22" fromId="333" toId="64">
</dataflow>
<dataflow id="384" from="p_str2" to="specinterface_ln22" fromId="336" toId="64">
</dataflow>
<dataflow id="385" from="p_str2" to="specinterface_ln22" fromId="336" toId="64">
</dataflow>
<dataflow id="386" from="_ssdm_op_SpecInterface" to="specinterface_ln23" fromId="320" toId="65">
</dataflow>
<dataflow id="387" from="ecpri_demux_eth_state_out_V" to="specinterface_ln23" fromId="144" toId="65">
</dataflow>
<dataflow id="389" from="p_str3" to="specinterface_ln23" fromId="388" toId="65">
</dataflow>
<dataflow id="390" from="StgValue_333" to="specinterface_ln23" fromId="333" toId="65">
</dataflow>
<dataflow id="391" from="StgValue_333" to="specinterface_ln23" fromId="333" toId="65">
</dataflow>
<dataflow id="392" from="p_str2" to="specinterface_ln23" fromId="336" toId="65">
</dataflow>
<dataflow id="393" from="StgValue_333" to="specinterface_ln23" fromId="333" toId="65">
</dataflow>
<dataflow id="394" from="StgValue_333" to="specinterface_ln23" fromId="333" toId="65">
</dataflow>
<dataflow id="395" from="p_str2" to="specinterface_ln23" fromId="336" toId="65">
</dataflow>
<dataflow id="396" from="p_str2" to="specinterface_ln23" fromId="336" toId="65">
</dataflow>
<dataflow id="397" from="p_str2" to="specinterface_ln23" fromId="336" toId="65">
</dataflow>
<dataflow id="398" from="StgValue_333" to="specinterface_ln23" fromId="333" toId="65">
</dataflow>
<dataflow id="399" from="StgValue_333" to="specinterface_ln23" fromId="333" toId="65">
</dataflow>
<dataflow id="400" from="StgValue_333" to="specinterface_ln23" fromId="333" toId="65">
</dataflow>
<dataflow id="401" from="StgValue_333" to="specinterface_ln23" fromId="333" toId="65">
</dataflow>
<dataflow id="402" from="p_str2" to="specinterface_ln23" fromId="336" toId="65">
</dataflow>
<dataflow id="403" from="p_str2" to="specinterface_ln23" fromId="336" toId="65">
</dataflow>
<dataflow id="405" from="_ssdm_op_SpecPipeline" to="specpipeline_ln24" fromId="404" toId="66">
</dataflow>
<dataflow id="406" from="StgValue_328" to="specpipeline_ln24" fromId="328" toId="66">
</dataflow>
<dataflow id="408" from="StgValue_407" to="specpipeline_ln24" fromId="407" toId="66">
</dataflow>
<dataflow id="409" from="StgValue_328" to="specpipeline_ln24" fromId="328" toId="66">
</dataflow>
<dataflow id="410" from="StgValue_333" to="specpipeline_ln24" fromId="333" toId="66">
</dataflow>
<dataflow id="411" from="p_str2" to="specpipeline_ln24" fromId="336" toId="66">
</dataflow>
<dataflow id="412" from="_ssdm_op_SpecInterface" to="specinterface_ln25" fromId="320" toId="67">
</dataflow>
<dataflow id="413" from="msg_type_out_V" to="specinterface_ln25" fromId="145" toId="67">
</dataflow>
<dataflow id="414" from="p_str3" to="specinterface_ln25" fromId="388" toId="67">
</dataflow>
<dataflow id="415" from="StgValue_333" to="specinterface_ln25" fromId="333" toId="67">
</dataflow>
<dataflow id="416" from="StgValue_333" to="specinterface_ln25" fromId="333" toId="67">
</dataflow>
<dataflow id="417" from="p_str2" to="specinterface_ln25" fromId="336" toId="67">
</dataflow>
<dataflow id="418" from="StgValue_333" to="specinterface_ln25" fromId="333" toId="67">
</dataflow>
<dataflow id="419" from="StgValue_333" to="specinterface_ln25" fromId="333" toId="67">
</dataflow>
<dataflow id="420" from="p_str2" to="specinterface_ln25" fromId="336" toId="67">
</dataflow>
<dataflow id="421" from="p_str2" to="specinterface_ln25" fromId="336" toId="67">
</dataflow>
<dataflow id="422" from="p_str2" to="specinterface_ln25" fromId="336" toId="67">
</dataflow>
<dataflow id="423" from="StgValue_333" to="specinterface_ln25" fromId="333" toId="67">
</dataflow>
<dataflow id="424" from="StgValue_333" to="specinterface_ln25" fromId="333" toId="67">
</dataflow>
<dataflow id="425" from="StgValue_333" to="specinterface_ln25" fromId="333" toId="67">
</dataflow>
<dataflow id="426" from="StgValue_333" to="specinterface_ln25" fromId="333" toId="67">
</dataflow>
<dataflow id="427" from="p_str2" to="specinterface_ln25" fromId="336" toId="67">
</dataflow>
<dataflow id="428" from="p_str2" to="specinterface_ln25" fromId="336" toId="67">
</dataflow>
<dataflow id="429" from="_ssdm_op_SpecInterface" to="specinterface_ln26" fromId="320" toId="68">
</dataflow>
<dataflow id="430" from="StgValue_333" to="specinterface_ln26" fromId="333" toId="68">
</dataflow>
<dataflow id="432" from="p_str4" to="specinterface_ln26" fromId="431" toId="68">
</dataflow>
<dataflow id="433" from="StgValue_333" to="specinterface_ln26" fromId="333" toId="68">
</dataflow>
<dataflow id="434" from="StgValue_333" to="specinterface_ln26" fromId="333" toId="68">
</dataflow>
<dataflow id="435" from="p_str2" to="specinterface_ln26" fromId="336" toId="68">
</dataflow>
<dataflow id="436" from="StgValue_333" to="specinterface_ln26" fromId="333" toId="68">
</dataflow>
<dataflow id="437" from="StgValue_333" to="specinterface_ln26" fromId="333" toId="68">
</dataflow>
<dataflow id="438" from="p_str2" to="specinterface_ln26" fromId="336" toId="68">
</dataflow>
<dataflow id="439" from="p_str2" to="specinterface_ln26" fromId="336" toId="68">
</dataflow>
<dataflow id="440" from="p_str2" to="specinterface_ln26" fromId="336" toId="68">
</dataflow>
<dataflow id="441" from="StgValue_333" to="specinterface_ln26" fromId="333" toId="68">
</dataflow>
<dataflow id="442" from="StgValue_333" to="specinterface_ln26" fromId="333" toId="68">
</dataflow>
<dataflow id="443" from="StgValue_333" to="specinterface_ln26" fromId="333" toId="68">
</dataflow>
<dataflow id="444" from="StgValue_333" to="specinterface_ln26" fromId="333" toId="68">
</dataflow>
<dataflow id="445" from="p_str2" to="specinterface_ln26" fromId="336" toId="68">
</dataflow>
<dataflow id="446" from="p_str2" to="specinterface_ln26" fromId="336" toId="68">
</dataflow>
<dataflow id="448" from="_ssdm_op_SpecReset" to="specreset_ln34" fromId="447" toId="69">
</dataflow>
<dataflow id="449" from="state_V" to="specreset_ln34" fromId="146" toId="69">
</dataflow>
<dataflow id="450" from="StgValue_328" to="specreset_ln34" fromId="328" toId="69">
</dataflow>
<dataflow id="451" from="p_str2" to="specreset_ln34" fromId="336" toId="69">
</dataflow>
<dataflow id="453" from="_ssdm_op_Write.ap_none.i2P" to="write_ln35" fromId="452" toId="70">
</dataflow>
<dataflow id="454" from="ecpri_demux_eth_state_out_V" to="write_ln35" fromId="144" toId="70">
</dataflow>
<dataflow id="455" from="state_V_load" to="write_ln35" fromId="4" toId="70">
</dataflow>
<dataflow id="456" from="msg_type_V" to="msg_type_V_load" fromId="147" toId="71">
</dataflow>
<dataflow id="458" from="_ssdm_op_Write.ap_none.i8P" to="write_ln36" fromId="457" toId="72">
</dataflow>
<dataflow id="459" from="msg_type_out_V" to="write_ln36" fromId="145" toId="72">
</dataflow>
<dataflow id="460" from="msg_type_V_load" to="write_ln36" fromId="71" toId="72">
</dataflow>
<dataflow id="461" from="state_V_load" to="switch_ln38" fromId="4" toId="73">
</dataflow>
<dataflow id="462" from="StgValue_159" to="switch_ln38" fromId="159" toId="73">
</dataflow>
<dataflow id="463" from="StgValue_226" to="switch_ln38" fromId="226" toId="73">
</dataflow>
<dataflow id="464" from="StgValue_191" to="switch_ln38" fromId="191" toId="73">
</dataflow>
<dataflow id="465" from="StgValue_188" to="switch_ln38" fromId="188" toId="73">
</dataflow>
<dataflow id="466" from="_ssdm_op_Write.axis.volatile.i128P.i1P.i16P.i1P" to="write_ln92" fromId="232" toId="76">
</dataflow>
<dataflow id="467" from="control_data_out_V_data_V" to="write_ln92" fromId="136" toId="76">
</dataflow>
<dataflow id="468" from="control_data_out_V_user_V" to="write_ln92" fromId="137" toId="76">
</dataflow>
<dataflow id="469" from="control_data_out_V_keep_V" to="write_ln92" fromId="138" toId="76">
</dataflow>
<dataflow id="470" from="control_data_out_V_last_V" to="write_ln92" fromId="139" toId="76">
</dataflow>
<dataflow id="471" from="tmp_data_V_3" to="write_ln92" fromId="11" toId="76">
</dataflow>
<dataflow id="472" from="tmp_user_V_2" to="write_ln92" fromId="12" toId="76">
</dataflow>
<dataflow id="473" from="tmp_keep_V_2" to="write_ln92" fromId="13" toId="76">
</dataflow>
<dataflow id="474" from="StgValue_174" to="write_ln92" fromId="174" toId="76">
</dataflow>
<dataflow id="475" from="_ssdm_op_Write.axis.volatile.i128P.i1P.i16P.i1P" to="write_ln89" fromId="232" toId="78">
</dataflow>
<dataflow id="476" from="control_data_out_V_data_V" to="write_ln89" fromId="136" toId="78">
</dataflow>
<dataflow id="477" from="control_data_out_V_user_V" to="write_ln89" fromId="137" toId="78">
</dataflow>
<dataflow id="478" from="control_data_out_V_keep_V" to="write_ln89" fromId="138" toId="78">
</dataflow>
<dataflow id="479" from="control_data_out_V_last_V" to="write_ln89" fromId="139" toId="78">
</dataflow>
<dataflow id="480" from="tmp_data_V_3" to="write_ln89" fromId="11" toId="78">
</dataflow>
<dataflow id="481" from="tmp_user_V_2" to="write_ln89" fromId="12" toId="78">
</dataflow>
<dataflow id="482" from="tmp_keep_V_2" to="write_ln89" fromId="13" toId="78">
</dataflow>
<dataflow id="483" from="StgValue_221" to="write_ln89" fromId="221" toId="78">
</dataflow>
<dataflow id="484" from="_ssdm_op_Write.axis.volatile.i128P.i1P.i16P.i1P" to="write_ln82" fromId="232" toId="82">
</dataflow>
<dataflow id="485" from="control_data_out_V_data_V" to="write_ln82" fromId="136" toId="82">
</dataflow>
<dataflow id="486" from="control_data_out_V_user_V" to="write_ln82" fromId="137" toId="82">
</dataflow>
<dataflow id="487" from="control_data_out_V_keep_V" to="write_ln82" fromId="138" toId="82">
</dataflow>
<dataflow id="488" from="control_data_out_V_last_V" to="write_ln82" fromId="139" toId="82">
</dataflow>
<dataflow id="489" from="tmp_data_V_3" to="write_ln82" fromId="11" toId="82">
</dataflow>
<dataflow id="490" from="tmp_user_V_2" to="write_ln82" fromId="12" toId="82">
</dataflow>
<dataflow id="491" from="tmp_keep_V_2" to="write_ln82" fromId="13" toId="82">
</dataflow>
<dataflow id="492" from="tmp_last_V_2" to="write_ln82" fromId="14" toId="82">
</dataflow>
<dataflow id="493" from="_ssdm_op_Write.axis.volatile.i128P.i1P.i16P.i1P" to="write_ln70" fromId="232" toId="86">
</dataflow>
<dataflow id="494" from="user_data_out_V_data_V" to="write_ln70" fromId="140" toId="86">
</dataflow>
<dataflow id="495" from="user_data_out_V_user_V" to="write_ln70" fromId="141" toId="86">
</dataflow>
<dataflow id="496" from="user_data_out_V_keep_V" to="write_ln70" fromId="142" toId="86">
</dataflow>
<dataflow id="497" from="user_data_out_V_last_V" to="write_ln70" fromId="143" toId="86">
</dataflow>
<dataflow id="498" from="tmp_data_V" to="write_ln70" fromId="24" toId="86">
</dataflow>
<dataflow id="499" from="tmp_user_V_1" to="write_ln70" fromId="25" toId="86">
</dataflow>
<dataflow id="500" from="tmp_keep_V_1" to="write_ln70" fromId="26" toId="86">
</dataflow>
<dataflow id="501" from="StgValue_174" to="write_ln70" fromId="174" toId="86">
</dataflow>
<dataflow id="502" from="_ssdm_op_Write.axis.volatile.i128P.i1P.i16P.i1P" to="write_ln67" fromId="232" toId="88">
</dataflow>
<dataflow id="503" from="user_data_out_V_data_V" to="write_ln67" fromId="140" toId="88">
</dataflow>
<dataflow id="504" from="user_data_out_V_user_V" to="write_ln67" fromId="141" toId="88">
</dataflow>
<dataflow id="505" from="user_data_out_V_keep_V" to="write_ln67" fromId="142" toId="88">
</dataflow>
<dataflow id="506" from="user_data_out_V_last_V" to="write_ln67" fromId="143" toId="88">
</dataflow>
<dataflow id="507" from="tmp_data_V" to="write_ln67" fromId="24" toId="88">
</dataflow>
<dataflow id="508" from="tmp_user_V_1" to="write_ln67" fromId="25" toId="88">
</dataflow>
<dataflow id="509" from="tmp_keep_V_1" to="write_ln67" fromId="26" toId="88">
</dataflow>
<dataflow id="510" from="StgValue_221" to="write_ln67" fromId="221" toId="88">
</dataflow>
<dataflow id="511" from="p_Result_s" to="store_ln42" fromId="35" toId="91">
</dataflow>
<dataflow id="512" from="msg_type_V" to="store_ln42" fromId="147" toId="91">
</dataflow>
<dataflow id="513" from="p_Result_s" to="switch_ln44" fromId="35" toId="92">
</dataflow>
<dataflow id="515" from="StgValue_514" to="switch_ln44" fromId="514" toId="92">
</dataflow>
<dataflow id="517" from="StgValue_516" to="switch_ln44" fromId="516" toId="92">
</dataflow>
<dataflow id="518" from="_ssdm_op_Write.axis.volatile.i128P.i1P.i16P.i1P" to="write_ln46" fromId="232" toId="94">
</dataflow>
<dataflow id="519" from="user_data_out_V_data_V" to="write_ln46" fromId="140" toId="94">
</dataflow>
<dataflow id="520" from="user_data_out_V_user_V" to="write_ln46" fromId="141" toId="94">
</dataflow>
<dataflow id="521" from="user_data_out_V_keep_V" to="write_ln46" fromId="142" toId="94">
</dataflow>
<dataflow id="522" from="user_data_out_V_last_V" to="write_ln46" fromId="143" toId="94">
</dataflow>
<dataflow id="523" from="tmp_data_V_2" to="write_ln46" fromId="31" toId="94">
</dataflow>
<dataflow id="524" from="tmp_user_V" to="write_ln46" fromId="32" toId="94">
</dataflow>
<dataflow id="525" from="tmp_keep_V" to="write_ln46" fromId="33" toId="94">
</dataflow>
<dataflow id="526" from="tmp_last_V" to="write_ln46" fromId="34" toId="94">
</dataflow>
<dataflow id="527" from="state_V_load" to="StgValue_1" fromId="4" toId="1">
</dataflow>
<dataflow id="528" from="tmp_last_V_3" to="StgValue_1" fromId="7" toId="1">
</dataflow>
<dataflow id="529" from="first_read_load" to="StgValue_1" fromId="5" toId="1">
</dataflow>
<dataflow id="530" from="tmp_last_V_2" to="StgValue_1" fromId="14" toId="1">
</dataflow>
<dataflow id="531" from="icmp_ln879" to="StgValue_1" fromId="19" toId="1">
</dataflow>
<dataflow id="532" from="tmp_last_V_1" to="StgValue_1" fromId="27" toId="1">
</dataflow>
<dataflow id="533" from="p_Result_s" to="StgValue_1" fromId="35" toId="1">
</dataflow>
<dataflow id="534" from="state_V_load" to="StgValue_2" fromId="4" toId="2">
</dataflow>
<dataflow id="535" from="first_read_load" to="StgValue_2" fromId="5" toId="2">
</dataflow>
<dataflow id="536" from="tmp_last_V_2" to="StgValue_2" fromId="14" toId="2">
</dataflow>
<dataflow id="537" from="icmp_ln879" to="StgValue_2" fromId="19" toId="2">
</dataflow>
<dataflow id="538" from="tmp_last_V_1" to="StgValue_2" fromId="27" toId="2">
</dataflow>
<dataflow id="539" from="p_Result_s" to="StgValue_2" fromId="35" toId="2">
</dataflow>
<dataflow id="540" from="state_V_load" to="StgValue_3" fromId="4" toId="3">
</dataflow>
<dataflow id="541" from="tmp_last_V_3" to="StgValue_3" fromId="7" toId="3">
</dataflow>
<dataflow id="542" from="first_read_load" to="StgValue_3" fromId="5" toId="3">
</dataflow>
<dataflow id="543" from="tmp_last_V_2" to="StgValue_3" fromId="14" toId="3">
</dataflow>
<dataflow id="544" from="icmp_ln879" to="StgValue_3" fromId="19" toId="3">
</dataflow>
<dataflow id="545" from="tmp_last_V_1" to="StgValue_3" fromId="27" toId="3">
</dataflow>
<dataflow id="546" from="p_Result_s" to="StgValue_3" fromId="35" toId="3">
</dataflow>
</dataflows>


</stg>
