{
  "Top": "Ethernet_demux",
  "RtlTop": "Ethernet_demux",
  "RtlPrefix": "",
  "SourceLanguage": "cpp",
  "ResetStyle": "state",
  "GenerateBdFiles": "1",
  "HostMachineBits": "64",
  "Target": {
    "Family": "zynquplus",
    "Device": "xczu9eg",
    "Package": "-ffvb1156",
    "Speed": "-2-e"
  },
  "HlsSolution": {"Config": [
      "config_rtl -encoding=auto",
      "config_rtl -kernel_profile=0",
      "config_rtl -module_auto_prefix=0",
      "config_rtl -mult_keep_attribute=0",
      "config_rtl -reset=state",
      "config_rtl -reset_async=0",
      "config_rtl -reset_level=low",
      "config_rtl -verbose=0",
      "config_export -format=ip_catalog",
      "config_export -rtl=verilog"
    ]},
  "Args": {
    "eth_data_rx": {
      "index": "0",
      "type": {
        "kinds": ["struct"],
        "dataType": "ETH_BUS",
        "structImpl": "flat-field",
        "dataPack": true,
        "fields": {
          "data": {
            "order": "0",
            "dataType": "ap_uint"
          },
          "user": {
            "order": "1",
            "dataType": "ap_uint"
          },
          "keep": {
            "order": "2",
            "dataType": "ap_uint"
          },
          "last": {
            "order": "3",
            "dataType": "ap_uint"
          }
        }
      }
    },
    "cu_data_out": {
      "index": "1",
      "type": {
        "kinds": ["struct"],
        "dataType": "ETH_BUS",
        "structImpl": "flat-field",
        "dataPack": true,
        "fields": {
          "data": {
            "order": "0",
            "dataType": "ap_uint"
          },
          "user": {
            "order": "1",
            "dataType": "ap_uint"
          },
          "keep": {
            "order": "2",
            "dataType": "ap_uint"
          },
          "last": {
            "order": "3",
            "dataType": "ap_uint"
          }
        }
      }
    },
    "sync_data_out": {
      "index": "2",
      "type": {
        "kinds": ["struct"],
        "dataType": "ETH_BUS",
        "structImpl": "flat-field",
        "dataPack": true,
        "fields": {
          "data": {
            "order": "0",
            "dataType": "ap_uint"
          },
          "user": {
            "order": "1",
            "dataType": "ap_uint"
          },
          "keep": {
            "order": "2",
            "dataType": "ap_uint"
          },
          "last": {
            "order": "3",
            "dataType": "ap_uint"
          }
        }
      }
    },
    "mgmt_data_out": {
      "index": "3",
      "type": {
        "kinds": ["struct"],
        "dataType": "ETH_BUS",
        "structImpl": "flat-field",
        "dataPack": true,
        "fields": {
          "data": {
            "order": "0",
            "dataType": "ap_uint"
          },
          "user": {
            "order": "1",
            "dataType": "ap_uint"
          },
          "keep": {
            "order": "2",
            "dataType": "ap_uint"
          },
          "last": {
            "order": "3",
            "dataType": "ap_uint"
          }
        }
      }
    },
    "rx_tstamp_in": {
      "index": "4",
      "type": {
        "dataType": "ap_uint",
        "dataWidth": "80",
        "interfaceRef": "rx_tstamp_in_V"
      }
    },
    "rx_tstamp_out": {
      "index": "5",
      "type": {"dataType": "ap_uint"}
    },
    "ethernet_demux_state_out": {
      "index": "6",
      "type": {
        "dataType": "ap_uint",
        "dataWidth": "3",
        "interfaceRef": "ethernet_demux_state_out_V"
      }
    }
  },
  "Return": {
    
  },
  "ClockInfo": {
    "ClockName": "ap_clk",
    "ClockPeriod": "3.2",
    "IsCombLogic": "0",
    "II": "1",
    "Latency": "2",
    "Uncertainty": "0.4"
  },
  "Xdc": {"OocClocks": ["create_clock -name ap_clk -period 3.200 [get_ports ap_clk]"]},
  "Ipx": {
    "Vendor": "xilinx.com",
    "Library": "hls",
    "Name": "Ethernet_demux",
    "Version": "1.0",
    "DisplayName": "Ethernet_demux",
    "Revision": "",
    "Description": "An IP generated by Vivado HLS",
    "Taxonomy": "\/VIVADO_HLS_IP",
    "AutoFamilySupport": ""
  },
  "Files": {
    "CSource": ["..\/ethernet_demux.cpp"],
    "Vhdl": ["impl\/vhdl\/Ethernet_demux.vhd"],
    "Verilog": ["impl\/verilog\/Ethernet_demux.v"],
    "Misc": ["impl\/misc\/logo.png"],
    "DesignXml": "\/home\/sai\/Desktop\/Looping_Hardware-design\/hls_src\/Ethernet_Demux\/solution1\/.autopilot\/db\/Ethernet_demux.design.xml",
    "DebugDir": "\/home\/sai\/Desktop\/Looping_Hardware-design\/hls_src\/Ethernet_Demux\/solution1\/.debug",
    "ProtoInst": ["\/home\/sai\/Desktop\/Looping_Hardware-design\/hls_src\/Ethernet_Demux\/solution1\/.debug\/Ethernet_demux.protoinst"]
  },
  "SubcoreInfo": {
    "HasXpmMemory": false,
    "HasClockedDsp": false,
    "IP": []
  },
  "Interfaces": {
    "ap_clk": {
      "type": "clock",
      "ctype": {"CLK": {"Type": "bool"}},
      "bundle_name": "ap_clk",
      "bundle_role": "default",
      "buses": "eth_data_rx cu_data_out sync_data_out mgmt_data_out rx_tstamp_out_V_V",
      "reset": "ap_rst_n"
    },
    "ap_rst_n": {
      "type": "reset",
      "polarity": "ACTIVE_LOW",
      "ctype": {"RST": {"Type": "bool"}},
      "bundle_name": "ap_rst_n",
      "bundle_role": "default"
    },
    "cu_data_out": {
      "type": "axi4stream",
      "mode": "master",
      "port_prefix": "cu_data_out",
      "has_tready": "1",
      "ctype": {
        "TDATA": {
          "Type": "integer unsigned",
          "Width": "128"
        },
        "TREADY": {"Type": "bool"},
        "TVALID": {"Type": "bool"},
        "TLAST": {
          "Type": "integer unsigned",
          "Width": "1"
        },
        "TUSER": {
          "Type": "integer unsigned",
          "Width": "1"
        },
        "TKEEP": {
          "Type": "integer unsigned",
          "Width": "16"
        }
      },
      "port_width": {
        "TDATA": "128",
        "TKEEP": "16",
        "TLAST": "1",
        "TUSER": "1"
      }
    },
    "eth_data_rx": {
      "type": "axi4stream",
      "mode": "slave",
      "port_prefix": "eth_data_rx",
      "has_tready": "1",
      "ctype": {
        "TDATA": {
          "Type": "integer unsigned",
          "Width": "128"
        },
        "TVALID": {"Type": "bool"},
        "TREADY": {"Type": "bool"},
        "TLAST": {
          "Type": "integer unsigned",
          "Width": "1"
        },
        "TUSER": {
          "Type": "integer unsigned",
          "Width": "1"
        },
        "TKEEP": {
          "Type": "integer unsigned",
          "Width": "16"
        }
      },
      "port_width": {
        "TDATA": "128",
        "TKEEP": "16",
        "TLAST": "1",
        "TUSER": "1"
      }
    },
    "ethernet_demux_state_out_V": {
      "type": "data",
      "dir": "out",
      "width": "3",
      "ctype": {"DATA": {
          "Type": "integer unsigned",
          "Width": "3"
        }},
      "bundle_name": "ethernet_demux_state_out_V",
      "bundle_role": "default"
    },
    "mgmt_data_out": {
      "type": "axi4stream",
      "mode": "master",
      "port_prefix": "mgmt_data_out",
      "has_tready": "1",
      "ctype": {
        "TDATA": {
          "Type": "integer unsigned",
          "Width": "128"
        },
        "TREADY": {"Type": "bool"},
        "TVALID": {"Type": "bool"},
        "TLAST": {
          "Type": "integer unsigned",
          "Width": "1"
        },
        "TUSER": {
          "Type": "integer unsigned",
          "Width": "1"
        },
        "TKEEP": {
          "Type": "integer unsigned",
          "Width": "16"
        }
      },
      "port_width": {
        "TDATA": "128",
        "TKEEP": "16",
        "TLAST": "1",
        "TUSER": "1"
      }
    },
    "rx_tstamp_in_V": {
      "type": "data",
      "dir": "in",
      "width": "80",
      "ctype": {"DATA": {
          "Type": "integer unsigned",
          "Width": "80"
        }},
      "bundle_name": "rx_tstamp_in_V",
      "bundle_role": "default"
    },
    "rx_tstamp_out_V_V": {
      "type": "axi4stream",
      "mode": "master",
      "port_prefix": "rx_tstamp_out_V_V",
      "has_tready": "1",
      "ctype": {
        "TDATA": {
          "Type": "integer unsigned",
          "Width": "80"
        },
        "TVALID": {"Type": "bool"},
        "TREADY": {"Type": "bool"}
      },
      "port_width": {"TDATA": "80"}
    },
    "sync_data_out": {
      "type": "axi4stream",
      "mode": "master",
      "port_prefix": "sync_data_out",
      "has_tready": "1",
      "ctype": {
        "TDATA": {
          "Type": "integer unsigned",
          "Width": "128"
        },
        "TREADY": {"Type": "bool"},
        "TVALID": {"Type": "bool"},
        "TLAST": {
          "Type": "integer unsigned",
          "Width": "1"
        },
        "TUSER": {
          "Type": "integer unsigned",
          "Width": "1"
        },
        "TKEEP": {
          "Type": "integer unsigned",
          "Width": "16"
        }
      },
      "port_width": {
        "TDATA": "128",
        "TKEEP": "16",
        "TLAST": "1",
        "TUSER": "1"
      }
    }
  },
  "RtlPorts": {
    "ap_clk": {
      "dir": "in",
      "width": "1"
    },
    "ap_rst_n": {
      "dir": "in",
      "width": "1"
    },
    "eth_data_rx_TDATA": {
      "dir": "in",
      "width": "128"
    },
    "eth_data_rx_TVALID": {
      "dir": "in",
      "width": "1"
    },
    "eth_data_rx_TREADY": {
      "dir": "out",
      "width": "1"
    },
    "eth_data_rx_TLAST": {
      "dir": "in",
      "width": "1",
      "isVector": "true"
    },
    "eth_data_rx_TUSER": {
      "dir": "in",
      "width": "1",
      "isVector": "true"
    },
    "eth_data_rx_TKEEP": {
      "dir": "in",
      "width": "16"
    },
    "cu_data_out_TDATA": {
      "dir": "out",
      "width": "128"
    },
    "cu_data_out_TREADY": {
      "dir": "in",
      "width": "1"
    },
    "cu_data_out_TVALID": {
      "dir": "out",
      "width": "1"
    },
    "cu_data_out_TLAST": {
      "dir": "out",
      "width": "1",
      "isVector": "true"
    },
    "cu_data_out_TUSER": {
      "dir": "out",
      "width": "1",
      "isVector": "true"
    },
    "cu_data_out_TKEEP": {
      "dir": "out",
      "width": "16"
    },
    "sync_data_out_TDATA": {
      "dir": "out",
      "width": "128"
    },
    "sync_data_out_TREADY": {
      "dir": "in",
      "width": "1"
    },
    "sync_data_out_TVALID": {
      "dir": "out",
      "width": "1"
    },
    "sync_data_out_TLAST": {
      "dir": "out",
      "width": "1",
      "isVector": "true"
    },
    "sync_data_out_TUSER": {
      "dir": "out",
      "width": "1",
      "isVector": "true"
    },
    "sync_data_out_TKEEP": {
      "dir": "out",
      "width": "16"
    },
    "mgmt_data_out_TDATA": {
      "dir": "out",
      "width": "128"
    },
    "mgmt_data_out_TREADY": {
      "dir": "in",
      "width": "1"
    },
    "mgmt_data_out_TVALID": {
      "dir": "out",
      "width": "1"
    },
    "mgmt_data_out_TLAST": {
      "dir": "out",
      "width": "1",
      "isVector": "true"
    },
    "mgmt_data_out_TUSER": {
      "dir": "out",
      "width": "1",
      "isVector": "true"
    },
    "mgmt_data_out_TKEEP": {
      "dir": "out",
      "width": "16"
    },
    "rx_tstamp_in_V": {
      "dir": "in",
      "width": "80"
    },
    "rx_tstamp_out_V_V_TDATA": {
      "dir": "out",
      "width": "80"
    },
    "rx_tstamp_out_V_V_TVALID": {
      "dir": "out",
      "width": "1"
    },
    "rx_tstamp_out_V_V_TREADY": {
      "dir": "in",
      "width": "1"
    },
    "ethernet_demux_state_out_V": {
      "dir": "out",
      "width": "3"
    }
  },
  "ModuleInfo": {
    "Hierarchy": {"ModuleName": "Ethernet_demux"},
    "Info": {"Ethernet_demux": {
        "FunctionProtocol": "ap_ctrl_none",
        "isTaskLevelControl": "1",
        "isPipelined": "1",
        "isCombinational": "0",
        "isOneStateSeq": "0"
      }},
    "Metrics": {"Ethernet_demux": {
        "Latency": {
          "LatencyBest": "2",
          "LatencyAvg": "2",
          "LatencyWorst": "2",
          "PipelineII": "1",
          "PipelineDepth": "3",
          "PipelineType": "function"
        },
        "Timing": {
          "Target": "3.20",
          "Uncertainty": "0.40",
          "Estimate": "1.161"
        },
        "Area": {
          "FF": "1741",
          "LUT": "781",
          "BRAM_18K": "0",
          "DSP48E": "0",
          "URAM": "0"
        }
      }}
  },
  "Sdx": {
    "Target": "none",
    "ProfileOption": "0",
    "ProfileType": "none",
    "XO": "",
    "KernelName": "Ethernet_demux",
    "EnableXoSwEmu": "1"
  },
  "GenData": {
    "DataVersion": "0.2",
    "Time": "2023-03-03 10:30:24 IST",
    "ToolName": "vivado_hls",
    "ToolVersion": "2019.1"
  }
}
