{
  "Top": "cplane_depacketizer",
  "RtlTop": "cplane_depacketizer",
  "RtlPrefix": "",
  "SourceLanguage": "cpp",
  "ResetStyle": "control",
  "GenerateBdFiles": "1",
  "HostMachineBits": "64",
  "Target": {
    "Family": "zynquplus",
    "Device": "xczu9eg",
    "Package": "-ffvb1156",
    "Speed": "-2-e"
  },
  "HlsSolution": {"Config": [
      "config_export -format=ip_catalog",
      "config_export -rtl=verilog"
    ]},
  "Args": {
    "eth_data": {
      "index": "0",
      "type": {
        "kinds": ["struct"],
        "dataType": "ETH_BUS",
        "structImpl": "flat-field",
        "dataPack": true,
        "fields": {
          "data": {
            "order": "0",
            "dataType": "ap_uint"
          },
          "tuser": {
            "order": "1",
            "dataType": "ap_uint"
          },
          "last": {
            "order": "2",
            "dataType": "ap_uint"
          }
        }
      }
    },
    "beam_data": {
      "index": "1",
      "type": {
        "kinds": ["struct"],
        "dataType": "DATA_BUS",
        "structImpl": "flat-field",
        "dataPack": true,
        "fields": {
          "data": {
            "order": "0",
            "dataType": "ap_uint"
          },
          "last": {
            "order": "1",
            "dataType": "ap_uint"
          }
        }
      }
    },
    "beam_info": {
      "index": "2",
      "type": {
        "kinds": ["struct"],
        "dataType": "beam_ctrl",
        "portRef": "TDATA",
        "structImpl": "interface",
        "dataPack": true,
        "fields": {
          "startSymc": {
            "order": "0",
            "dataType": "ap_uint"
          },
          "numSymc": {
            "order": "1",
            "dataType": "ap_uint"
          },
          "startPrbc": {
            "order": "2",
            "dataType": "ap_uint"
          },
          "numPrbc": {
            "order": "3",
            "dataType": "ap_uint"
          },
          "beamID": {
            "order": "4",
            "dataType": "ap_uint"
          },
          "bundPRB": {
            "order": "5",
            "dataType": "ap_uint"
          },
          "reMask": {
            "order": "6",
            "dataType": "ap_uint"
          },
          "layer": {
            "order": "7",
            "dataType": "ap_uint"
          }
        }
      }
    }
  },
  "Return": {
    
  },
  "ClockInfo": {
    "ClockName": "ap_clk",
    "ClockPeriod": "3.2",
    "IsCombLogic": "0",
    "II": "1",
    "Latency": "1",
    "Uncertainty": "0.4"
  },
  "Xdc": {"OocClocks": ["create_clock -name ap_clk -period 3.200 [get_ports ap_clk]"]},
  "Ipx": {
    "Vendor": "xilinx.com",
    "Library": "hls",
    "Name": "cplane_depacketizer",
    "Version": "1.0",
    "DisplayName": "Cplane_depacketizer",
    "Revision": "",
    "Description": "An IP generated by Vivado HLS",
    "Taxonomy": "\/VIVADO_HLS_IP",
    "AutoFamilySupport": ""
  },
  "Files": {
    "CSource": ["..\/CtrlPlaneDepacketizer.cpp"],
    "Vhdl": ["impl\/vhdl\/cplane_depacketizer.vhd"],
    "Verilog": ["impl\/verilog\/cplane_depacketizer.v"],
    "Misc": ["impl\/misc\/logo.png"],
    "DesignXml": "\/home\/aswin\/Desktop\/Vivado_projects\/13_LETS_INTEGRATE\/C\/looping\/12_ORAN_1L_no_compression_cont_data\/ORAN_INTEG_1\/hls_src\/CtrlPlaneDepacketizer\/solution1\/.autopilot\/db\/cplane_depacketizer.design.xml",
    "DebugDir": "\/home\/aswin\/Desktop\/Vivado_projects\/13_LETS_INTEGRATE\/C\/looping\/12_ORAN_1L_no_compression_cont_data\/ORAN_INTEG_1\/hls_src\/CtrlPlaneDepacketizer\/solution1\/.debug",
    "ProtoInst": ["\/home\/aswin\/Desktop\/Vivado_projects\/13_LETS_INTEGRATE\/C\/looping\/12_ORAN_1L_no_compression_cont_data\/ORAN_INTEG_1\/hls_src\/CtrlPlaneDepacketizer\/solution1\/.debug\/cplane_depacketizer.protoinst"]
  },
  "SubcoreInfo": {
    "HasXpmMemory": false,
    "HasClockedDsp": false,
    "IP": []
  },
  "Interfaces": {
    "ap_clk": {
      "type": "clock",
      "ctype": {"CLK": {"Type": "bool"}},
      "bundle_name": "ap_clk",
      "bundle_role": "default",
      "buses": "eth_data beam_data beam_info_V",
      "reset": "ap_rst_n"
    },
    "ap_rst_n": {
      "type": "reset",
      "polarity": "ACTIVE_LOW",
      "ctype": {"RST": {"Type": "bool"}},
      "bundle_name": "ap_rst_n",
      "bundle_role": "default"
    },
    "beam_data": {
      "type": "axi4stream",
      "mode": "master",
      "port_prefix": "beam_data",
      "has_tready": "1",
      "ctype": {
        "TDATA": {
          "Type": "integer unsigned",
          "Width": "128"
        },
        "TREADY": {"Type": "bool"},
        "TVALID": {"Type": "bool"},
        "TLAST": {
          "Type": "integer unsigned",
          "Width": "1"
        }
      },
      "port_width": {
        "TDATA": "128",
        "TLAST": "1"
      }
    },
    "beam_info_V": {
      "type": "axi4stream",
      "mode": "master",
      "port_prefix": "beam_info_V",
      "has_tready": "1",
      "ctype": {
        "TDATA": {
          "Type": "struct",
          "Width": "64",
          "Fields": {
            "startSymc": {
              "Type": "integer unsigned",
              "Width": "4"
            },
            "numSymc": {
              "Type": "integer unsigned",
              "Width": "4"
            },
            "startPrbc": {
              "Type": "integer unsigned",
              "Width": "8"
            },
            "numPrbc": {
              "Type": "integer unsigned",
              "Width": "8"
            },
            "beamID": {
              "Type": "integer unsigned",
              "Width": "16"
            },
            "bundPRB": {
              "Type": "integer unsigned",
              "Width": "8"
            },
            "reMask": {
              "Type": "integer unsigned",
              "Width": "12"
            },
            "layer": {
              "Type": "integer unsigned",
              "Width": "4"
            }
          }
        },
        "TVALID": {"Type": "bool"},
        "TREADY": {"Type": "bool"}
      },
      "port_width": {"TDATA": "64"}
    },
    "eth_data": {
      "type": "axi4stream",
      "mode": "slave",
      "port_prefix": "eth_data",
      "has_tready": "1",
      "ctype": {
        "TDATA": {
          "Type": "integer unsigned",
          "Width": "128"
        },
        "TVALID": {"Type": "bool"},
        "TREADY": {"Type": "bool"},
        "TLAST": {
          "Type": "integer unsigned",
          "Width": "1"
        },
        "TUSER": {
          "Type": "integer unsigned",
          "Width": "70"
        }
      },
      "port_width": {
        "TDATA": "128",
        "TLAST": "1",
        "TUSER": "70"
      }
    }
  },
  "RtlPorts": {
    "ap_clk": {
      "dir": "in",
      "width": "1"
    },
    "ap_rst_n": {
      "dir": "in",
      "width": "1"
    },
    "eth_data_TDATA": {
      "dir": "in",
      "width": "128"
    },
    "eth_data_TVALID": {
      "dir": "in",
      "width": "1"
    },
    "eth_data_TREADY": {
      "dir": "out",
      "width": "1"
    },
    "eth_data_TLAST": {
      "dir": "in",
      "width": "1",
      "isVector": "true"
    },
    "eth_data_TUSER": {
      "dir": "in",
      "width": "70"
    },
    "beam_data_TDATA": {
      "dir": "out",
      "width": "128"
    },
    "beam_data_TREADY": {
      "dir": "in",
      "width": "1"
    },
    "beam_data_TVALID": {
      "dir": "out",
      "width": "1"
    },
    "beam_data_TLAST": {
      "dir": "out",
      "width": "1",
      "isVector": "true"
    },
    "beam_info_V_TDATA": {
      "dir": "out",
      "width": "64"
    },
    "beam_info_V_TVALID": {
      "dir": "out",
      "width": "1"
    },
    "beam_info_V_TREADY": {
      "dir": "in",
      "width": "1"
    }
  },
  "ModuleInfo": {
    "Hierarchy": {"ModuleName": "cplane_depacketizer"},
    "Info": {"cplane_depacketizer": {
        "FunctionProtocol": "ap_ctrl_none",
        "isTaskLevelControl": "1",
        "isPipelined": "1",
        "isCombinational": "0",
        "isOneStateSeq": "0"
      }},
    "Metrics": {"cplane_depacketizer": {
        "Latency": {
          "LatencyBest": "1",
          "LatencyAvg": "1",
          "LatencyWorst": "1",
          "PipelineII": "1",
          "PipelineDepth": "2",
          "PipelineType": "function"
        },
        "Timing": {
          "Target": "3.20",
          "Uncertainty": "0.40",
          "Estimate": "2.121"
        },
        "Area": {
          "FF": "669",
          "LUT": "566",
          "BRAM_18K": "0",
          "DSP48E": "0",
          "URAM": "0"
        }
      }}
  },
  "Sdx": {
    "Target": "none",
    "ProfileOption": "0",
    "ProfileType": "none",
    "XO": "",
    "KernelName": "cplane_depacketizer",
    "EnableXoSwEmu": "1"
  },
  "GenData": {
    "DataVersion": "0.2",
    "Time": "2021-03-19 17:03:02 IST",
    "ToolName": "vivado_hls",
    "ToolVersion": "2019.1"
  }
}
