<?xml version="1.0" encoding="UTF-8"?>
<vivadoHLSLog:LogRoot xmlns:vivadoHLSLog="www.xilinx.com/vivadoHLSLog">
  <errorLogs>
    <logs>
      <synLog/>
      <simLog/>
      <mgLog/>
      <packageLog/>
      <csimLog/>
    </logs>
  </errorLogs>
  <warningLogs>
    <logs>
      <synLog>
        <logs message="WARNING: [RTGEN 206-101] Register 'symbolID_V' is power-on initialization." projectName="Uplane_depacketiser" solutionName="solution1" date="2022-10-14T17:28:58.162+0530" type="Warning"/>
        <logs message="WARNING: [RTGEN 206-101] Register 'PRB_fragmentation_V' is power-on initialization." projectName="Uplane_depacketiser" solutionName="solution1" date="2022-10-14T17:28:58.144+0530" type="Warning"/>
        <logs message="WARNING: [RTGEN 206-101] Register 'App_skip_V' is power-on initialization." projectName="Uplane_depacketiser" solutionName="solution1" date="2022-10-14T17:28:58.139+0530" type="Warning"/>
        <logs message="WARNING: [RTGEN 206-101] Register 'count_prb_V' is power-on initialization." projectName="Uplane_depacketiser" solutionName="solution1" date="2022-10-14T17:28:58.134+0530" type="Warning"/>
        <logs message="WARNING: [RTGEN 206-101] Register 'section_Prbu_V' is power-on initialization." projectName="Uplane_depacketiser" solutionName="solution1" date="2022-10-14T17:28:58.129+0530" type="Warning"/>
        <logs message="WARNING: [RTGEN 206-101] Register 'PRB_count_V' is power-on initialization." projectName="Uplane_depacketiser" solutionName="solution1" date="2022-10-14T17:28:58.124+0530" type="Warning"/>
        <logs message="WARNING: [RTGEN 206-101] Register 'ecpri_msg_state' is power-on initialization." projectName="Uplane_depacketiser" solutionName="solution1" date="2022-10-14T17:28:58.119+0530" type="Warning"/>
        <logs message="WARNING: [RTGEN 206-101] Port 'iq_msg_state_out_V' with mode 'ap_none' may require an associated data valid signal to correctly communicate with other blocks or a test bench; automatic C/RTL co-simulation may not be able to verify such a port." projectName="Uplane_depacketiser" solutionName="solution1" date="2022-10-14T17:28:58.114+0530" type="Warning"/>
        <logs message="WARNING: [RTGEN 206-101] Port 'depack_symbol_number_V' with mode 'ap_none' may require an associated data valid signal to correctly communicate with other blocks or a test bench; automatic C/RTL co-simulation may not be able to verify such a port." projectName="Uplane_depacketiser" solutionName="solution1" date="2022-10-14T17:28:58.109+0530" type="Warning"/>
        <logs message="WARNING: [RTGEN 206-101] Port 'PRB_count_each_section_V' with mode 'ap_none' may require an associated data valid signal to correctly communicate with other blocks or a test bench; automatic C/RTL co-simulation may not be able to verify such a port." projectName="Uplane_depacketiser" solutionName="solution1" date="2022-10-14T17:28:58.105+0530" type="Warning"/>
        <logs message="WARNING: [RTGEN 206-101] Port 'counter_PRB_V' with mode 'ap_none' may require an associated data valid signal to correctly communicate with other blocks or a test bench; automatic C/RTL co-simulation may not be able to verify such a port." projectName="Uplane_depacketiser" solutionName="solution1" date="2022-10-14T17:28:58.101+0530" type="Warning"/>
        <logs message="WARNING: [HLS 200-40] In file included from Uplane_depacketiser/uplane_depacketiser.cpp:1:&#xA;Uplane_depacketiser/uplane_depacketiser.cpp:52:9: warning: enumeration value 'CHECK' not handled in switch [-Wswitch]&#xA; switch(ecpri_msg_state){&#xA;        ^&#xA;1 warning generated." projectName="Uplane_depacketiser" solutionName="solution1" date="2022-10-14T17:28:56.014+0530" type="Warning"/>
        <logs message="WARNING: [HLS 200-40] In file included from Uplane_depacketiser/uplane_depacketiser.cpp:3:&#xA;Uplane_depacketiser/oran_header.h:20:9: warning: 'eCPRI_ETHER_TYPE' macro redefined&#xA;#define eCPRI_ETHER_TYPE 0xFEAE //AEFE&#xA;        ^&#xA;Uplane_depacketiser/oran_header.h:9:9: note: previous definition is here&#xA;#define eCPRI_ETHER_TYPE 0xAEFE&#xA;        ^&#xA;1 warning generated." projectName="Uplane_depacketiser" solutionName="solution1" date="2022-10-14T17:28:48.721+0530" type="Warning"/>
      </synLog>
      <simLog/>
      <mgLog/>
      <packageLog/>
      <csimLog/>
    </logs>
  </warningLogs>
</vivadoHLSLog:LogRoot>
