<profile>

<section name = "Vivado HLS Report for 'l1tomplane'" level="0">
<item name = "Date">Wed Apr 21 16:04:07 2021
</item>
<item name = "Version">2019.1 (Build 2552052 on Fri May 24 15:28:33 MDT 2019)</item>
<item name = "Project">4_l1tomplane_bigendian</item>
<item name = "Solution">solution1</item>
<item name = "Product family">zynquplus</item>
<item name = "Target device">xczu9eg-ffvb1156-2-e</item>
</section>

<section name = "Performance Estimates" level="0">
<item name = "Timing (ns)">
<section name = "" level="1">
<item name = "Summary"><table name="" hasTotal="0">
<keys size="4">Clock, Target, Estimated, Uncertainty</keys>
<column name="ap_clk">10.00, 0.656, 1.25</column>
</table>
</item>
</section>
</item>
<item name = "Latency (clock cycles)">
<section name = "" level="1">
<item name = "Summary"><table name="" hasTotal="0">
<keys size="6">, min, max, min, max, Type</keys>
<column name="">2, 2, 1, 1, function</column>
</table>
</item>
<item name = "Detail">
<section name = "" level="1">
<item name = "Instance"><table name="" hasTotal="0">
<keys size="7">Instance, Module, min, max, min, max, Type</keys>
</table>
</item>
<item name = "Loop"><table name="" hasTotal="0">
<keys size="8">Loop Name, min, max, Latency, achieved, target, Count, Pipelined</keys>
</table>
</item>
</section>
</item>
</section>
</item>
</section>

<section name = "Utilization Estimates" level="0">
<item name = "Summary"><table name="" hasTotal="1">
<keys size="6">Name, BRAM_18K, DSP48E, FF, LUT, URAM</keys>
<column name="DSP">-, -, -, -, -</column>
<column name="Expression">-, -, 0, 22, -</column>
<column name="FIFO">-, -, -, -, -</column>
<column name="Instance">-, -, -, -, -</column>
<column name="Memory">-, -, -, -, -</column>
<column name="Multiplexer">-, -, -, 87, -</column>
<column name="Register">-, -, 143, -, -</column>
<specialColumn name="Available">1824, 2520, 548160, 274080, 0</specialColumn>
<specialColumn name="Utilization (%)">0, 0, ~0, ~0, 0</specialColumn>
</table>
</item>
<item name = "Detail">
<section name = "" level="1">
<item name = "Instance"><table name="" hasTotal="1">
<keys size="7">Instance, Module, BRAM_18K, DSP48E, FF, LUT, URAM</keys>
</table>
</item>
<item name = "DSP48E"><table name="" hasTotal="0">
<keys size="3">Instance, Module, Expression</keys>
</table>
</item>
<item name = "Memory"><table name="" hasTotal="1">
<keys size="10">Memory, Module, BRAM_18K, FF, LUT, URAM, Words, Bits, Banks, W*Bits*Banks</keys>
</table>
</item>
<item name = "FIFO"><table name="" hasTotal="1">
<keys size="8">Name, BRAM_18K, FF, LUT, URAM, Depth, Bits, Size:D*B</keys>
</table>
</item>
<item name = "Expression"><table name="" hasTotal="1">
<keys size="7">Variable Name, Operation, DSP48E, FF, LUT, Bitwidth P0, Bitwidth P1</keys>
<column name="ap_condition_146">and, 0, 0, 2, 1, 1</column>
<column name="ap_condition_159">and, 0, 0, 2, 1, 1</column>
<column name="outdata_V_V_1_load_A">and, 0, 0, 2, 1, 1</column>
<column name="outdata_V_V_1_load_B">and, 0, 0, 2, 1, 1</column>
<column name="outdata_V_V_1_state_cmp_full">icmp, 0, 0, 8, 2, 1</column>
<column name="ap_block_state2_io">or, 0, 0, 2, 1, 1</column>
<column name="ap_block_state3_io">or, 0, 0, 2, 1, 1</column>
<column name="ap_block_state3_pp0_stage0_iter2">or, 0, 0, 2, 1, 1</column>
</table>
</item>
<item name = "Multiplexer"><table name="" hasTotal="1">
<keys size="5">Name, LUT, Input Size, Bits, Total Bits</keys>
<column name="ap_NS_iter1_fsm">15, 3, 2, 6</column>
<column name="ap_NS_iter2_fsm">15, 3, 2, 6</column>
<column name="j_V">9, 2, 2, 4</column>
<column name="outdata_V_V_1_data_in">15, 3, 64, 192</column>
<column name="outdata_V_V_1_data_out">9, 2, 64, 128</column>
<column name="outdata_V_V_1_state">15, 3, 2, 6</column>
<column name="outdata_V_V_TDATA_blk_n">9, 2, 1, 2</column>
</table>
</item>
<item name = "Register"><table name="" hasTotal="1">
<keys size="5">Name, FF, LUT, Bits, Const Bits</keys>
<column name="ap_CS_iter0_fsm">1, 0, 1, 0</column>
<column name="ap_CS_iter1_fsm">2, 0, 2, 0</column>
<column name="ap_CS_iter2_fsm">2, 0, 2, 0</column>
<column name="j_V">2, 0, 2, 0</column>
<column name="j_V_load_reg_80">2, 0, 2, 0</column>
<column name="j_V_load_reg_80_pp0_iter1_reg">2, 0, 2, 0</column>
<column name="outdata_V_V_1_payload_A">64, 0, 64, 0</column>
<column name="outdata_V_V_1_payload_B">64, 0, 64, 0</column>
<column name="outdata_V_V_1_sel_rd">1, 0, 1, 0</column>
<column name="outdata_V_V_1_sel_wr">1, 0, 1, 0</column>
<column name="outdata_V_V_1_state">2, 0, 2, 0</column>
</table>
</item>
</section>
</item>
</section>

<section name = "Interface" level="0">
<item name = "Summary"><table name="" hasTotal="0">
<keys size="6">RTL Ports, Dir, Bits, Protocol, Source Object, C Type</keys>
<column name="ap_clk">in, 1, ap_ctrl_none, l1tomplane, return value</column>
<column name="ap_rst_n">in, 1, ap_ctrl_none, l1tomplane, return value</column>
<column name="outdata_V_V_TDATA">out, 64, axis, outdata_V_V, pointer</column>
<column name="outdata_V_V_TVALID">out, 1, axis, outdata_V_V, pointer</column>
<column name="outdata_V_V_TREADY">in, 1, axis, outdata_V_V, pointer</column>
<column name="state_out_V">out, 2, ap_none, state_out_V, pointer</column>
</table>
</item>
</section>
</profile>
