<stg><name>l1tomplane</name>


<trans_list>

<trans id="31" from="1" to="2">
<condition id="-1">
<or_exp><and_exp></and_exp></or_exp>
</condition>
</trans>

<trans id="32" from="2" to="3">
<condition id="-1">
<or_exp><and_exp></and_exp></or_exp>
</condition>
</trans>
</trans_list>



<state_list>

<state id="1" st_id="1">

<operation id="4" st_id="1" stage="1" lat="1">
<core>NULL</core>
<MemPortIdVec></MemPortIdVec>
<condition id="-1">
<or_exp><and_exp></and_exp></or_exp>
</condition>

<Node id="11" bw="2" op_0_bw="2">
<![CDATA[
codeRepl:7  %j_V_load = load i2* @j_V, align 1

]]></Node>
<StgValue><ssdm name="j_V_load"/></StgValue>
</operation>

<operation id="5" st_id="1" stage="1" lat="1">
<core>NULL</core>
<MemPortIdVec></MemPortIdVec>
<condition id="-1">
<or_exp><and_exp><literal name="j_V_load" val="-2"/>
</and_exp></or_exp>
</condition>

<Node id="17" bw="0" op_0_bw="2" op_1_bw="2" op_2_bw="2">
<![CDATA[
:1  store i2 -1, i2* @j_V, align 1

]]></Node>
<StgValue><ssdm name="store_ln30"/></StgValue>
</operation>

<operation id="6" st_id="1" stage="1" lat="1">
<core>NULL</core>
<MemPortIdVec></MemPortIdVec>
<condition id="-1">
<or_exp><and_exp><literal name="j_V_load" val="1"/>
</and_exp></or_exp>
</condition>

<Node id="21" bw="0" op_0_bw="2" op_1_bw="2" op_2_bw="2">
<![CDATA[
:1  store i2 -2, i2* @j_V, align 1

]]></Node>
<StgValue><ssdm name="store_ln24"/></StgValue>
</operation>
</state>

<state id="2" st_id="2">

<operation id="7" st_id="2" stage="2" lat="2">
<core>AXI4Stream</core>
<MemPortIdVec></MemPortIdVec>
<condition id="-1">
<or_exp><and_exp><literal name="j_V_load" val="-2"/>
</and_exp></or_exp>
</condition>

<Node id="16" bw="0" op_0_bw="0" op_1_bw="64" op_2_bw="64">
<![CDATA[
:0  call void @_ssdm_op_Write.axis.volatile.i64P(i64* %outdata_V_V, i64 7201256505587269648)

]]></Node>
<StgValue><ssdm name="write_ln29"/></StgValue>
</operation>

<operation id="8" st_id="2" stage="2" lat="2">
<core>AXI4Stream</core>
<MemPortIdVec></MemPortIdVec>
<condition id="-1">
<or_exp><and_exp><literal name="j_V_load" val="1"/>
</and_exp></or_exp>
</condition>

<Node id="20" bw="0" op_0_bw="0" op_1_bw="64" op_2_bw="64">
<![CDATA[
:0  call void @_ssdm_op_Write.axis.volatile.i64P(i64* %outdata_V_V, i64 6935547824197074943)

]]></Node>
<StgValue><ssdm name="write_ln23"/></StgValue>
</operation>
</state>

<state id="3" st_id="3">

<operation id="9" st_id="3" stage="1" lat="1">
<core>NULL</core>
<MemPortIdVec></MemPortIdVec>
<condition id="-1">
<or_exp><and_exp></and_exp></or_exp>
</condition>

<Node id="4" bw="0" op_0_bw="0" op_1_bw="64">
<![CDATA[
codeRepl:0  call void (...)* @_ssdm_op_SpecBitsMap(i64* %outdata_V_V), !map !34

]]></Node>
<StgValue><ssdm name="specbitsmap_ln0"/></StgValue>
</operation>

<operation id="10" st_id="3" stage="1" lat="1">
<core>NULL</core>
<MemPortIdVec></MemPortIdVec>
<condition id="-1">
<or_exp><and_exp></and_exp></or_exp>
</condition>

<Node id="5" bw="0" op_0_bw="0" op_1_bw="2">
<![CDATA[
codeRepl:1  call void (...)* @_ssdm_op_SpecBitsMap(i2* %state_out_V), !map !38

]]></Node>
<StgValue><ssdm name="specbitsmap_ln0"/></StgValue>
</operation>

<operation id="11" st_id="3" stage="1" lat="1">
<core>NULL</core>
<MemPortIdVec></MemPortIdVec>
<condition id="-1">
<or_exp><and_exp></and_exp></or_exp>
</condition>

<Node id="6" bw="0" op_0_bw="0" op_1_bw="0">
<![CDATA[
codeRepl:2  call void (...)* @_ssdm_op_SpecTopModule([11 x i8]* @l1tomplane_str) nounwind

]]></Node>
<StgValue><ssdm name="spectopmodule_ln0"/></StgValue>
</operation>

<operation id="12" st_id="3" stage="1" lat="1">
<core>NULL</core>
<MemPortIdVec></MemPortIdVec>
<condition id="-1">
<or_exp><and_exp></and_exp></or_exp>
</condition>

<Node id="7" bw="0" op_0_bw="0" op_1_bw="2" op_2_bw="0" op_3_bw="32" op_4_bw="32" op_5_bw="0" op_6_bw="32" op_7_bw="32" op_8_bw="0" op_9_bw="0" op_10_bw="0" op_11_bw="32" op_12_bw="32" op_13_bw="32" op_14_bw="32" op_15_bw="0" op_16_bw="0">
<![CDATA[
codeRepl:3  call void (...)* @_ssdm_op_SpecInterface(i2* %state_out_V, [8 x i8]* @p_str, i32 0, i32 0, [1 x i8]* @p_str1, i32 0, i32 0, [1 x i8]* @p_str1, [1 x i8]* @p_str1, [1 x i8]* @p_str1, i32 0, i32 0, i32 0, i32 0, [1 x i8]* @p_str1, [1 x i8]* @p_str1) nounwind

]]></Node>
<StgValue><ssdm name="specinterface_ln5"/></StgValue>
</operation>

<operation id="13" st_id="3" stage="1" lat="1">
<core>NULL</core>
<MemPortIdVec></MemPortIdVec>
<condition id="-1">
<or_exp><and_exp></and_exp></or_exp>
</condition>

<Node id="8" bw="0" op_0_bw="0" op_1_bw="64" op_2_bw="0" op_3_bw="32" op_4_bw="32" op_5_bw="0" op_6_bw="32" op_7_bw="32" op_8_bw="0" op_9_bw="0" op_10_bw="0" op_11_bw="32" op_12_bw="32" op_13_bw="32" op_14_bw="32" op_15_bw="0" op_16_bw="0">
<![CDATA[
codeRepl:4  call void (...)* @_ssdm_op_SpecInterface(i64* %outdata_V_V, [5 x i8]* @p_str2, i32 1, i32 1, [5 x i8]* @p_str3, i32 0, i32 0, [1 x i8]* @p_str1, [1 x i8]* @p_str1, [1 x i8]* @p_str1, i32 0, i32 0, i32 0, i32 0, [1 x i8]* @p_str1, [1 x i8]* @p_str1) nounwind

]]></Node>
<StgValue><ssdm name="specinterface_ln6"/></StgValue>
</operation>

<operation id="14" st_id="3" stage="1" lat="1">
<core>NULL</core>
<MemPortIdVec></MemPortIdVec>
<condition id="-1">
<or_exp><and_exp></and_exp></or_exp>
</condition>

<Node id="9" bw="0" op_0_bw="0" op_1_bw="32" op_2_bw="32" op_3_bw="32" op_4_bw="32" op_5_bw="0">
<![CDATA[
codeRepl:5  call void (...)* @_ssdm_op_SpecPipeline(i32 1, i32 2, i32 1, i32 0, [1 x i8]* @p_str1) nounwind

]]></Node>
<StgValue><ssdm name="specpipeline_ln7"/></StgValue>
</operation>

<operation id="15" st_id="3" stage="1" lat="1">
<core>NULL</core>
<MemPortIdVec></MemPortIdVec>
<condition id="-1">
<or_exp><and_exp></and_exp></or_exp>
</condition>

<Node id="10" bw="0" op_0_bw="0" op_1_bw="32" op_2_bw="0" op_3_bw="32" op_4_bw="32" op_5_bw="0" op_6_bw="32" op_7_bw="32" op_8_bw="0" op_9_bw="0" op_10_bw="0" op_11_bw="32" op_12_bw="32" op_13_bw="32" op_14_bw="32" op_15_bw="0" op_16_bw="0">
<![CDATA[
codeRepl:6  call void (...)* @_ssdm_op_SpecInterface(i32 0, [13 x i8]* @p_str4, i32 0, i32 0, [1 x i8]* @p_str1, i32 0, i32 0, [1 x i8]* @p_str1, [1 x i8]* @p_str1, [1 x i8]* @p_str1, i32 0, i32 0, i32 0, i32 0, [1 x i8]* @p_str1, [1 x i8]* @p_str1) nounwind

]]></Node>
<StgValue><ssdm name="specinterface_ln8"/></StgValue>
</operation>

<operation id="16" st_id="3" stage="1" lat="1">
<core>NULL</core>
<MemPortIdVec></MemPortIdVec>
<condition id="-1">
<or_exp><and_exp></and_exp></or_exp>
</condition>

<Node id="12" bw="0" op_0_bw="0" op_1_bw="2" op_2_bw="2">
<![CDATA[
codeRepl:8  call void @_ssdm_op_Write.ap_none.i2P(i2* %state_out_V, i2 %j_V_load)

]]></Node>
<StgValue><ssdm name="write_ln15"/></StgValue>
</operation>

<operation id="17" st_id="3" stage="1" lat="1">
<core>NULL</core>
<MemPortIdVec></MemPortIdVec>
<condition id="-1">
<or_exp><and_exp></and_exp></or_exp>
</condition>

<Node id="13" bw="0" op_0_bw="0" op_1_bw="2" op_2_bw="32" op_3_bw="0">
<![CDATA[
codeRepl:9  call void (...)* @_ssdm_op_SpecReset(i2* @j_V, i32 1, [1 x i8]* @p_str1) nounwind

]]></Node>
<StgValue><ssdm name="specreset_ln17"/></StgValue>
</operation>

<operation id="18" st_id="3" stage="1" lat="1">
<core>NULL</core>
<MemPortIdVec></MemPortIdVec>
<condition id="-1">
<or_exp><and_exp></and_exp></or_exp>
</condition>

<Node id="14" bw="0" op_0_bw="2" op_1_bw="0" op_2_bw="2" op_3_bw="0" op_4_bw="2" op_5_bw="0">
<![CDATA[
codeRepl:10  switch i2 %j_V_load, label %._crit_edge33 [
    i2 1, label %0
    i2 -2, label %1
  ]

]]></Node>
<StgValue><ssdm name="switch_ln19"/></StgValue>
</operation>

<operation id="19" st_id="3" stage="1" lat="2">
<core>AXI4Stream</core>
<MemPortIdVec></MemPortIdVec>
<condition id="-1">
<or_exp><and_exp><literal name="j_V_load" val="-2"/>
</and_exp></or_exp>
</condition>

<Node id="16" bw="0" op_0_bw="0" op_1_bw="64" op_2_bw="64">
<![CDATA[
:0  call void @_ssdm_op_Write.axis.volatile.i64P(i64* %outdata_V_V, i64 7201256505587269648)

]]></Node>
<StgValue><ssdm name="write_ln29"/></StgValue>
</operation>

<operation id="20" st_id="3" stage="1" lat="1">
<core>NULL</core>
<MemPortIdVec></MemPortIdVec>
<condition id="-1">
<or_exp><and_exp><literal name="j_V_load" val="-2"/>
</and_exp></or_exp>
</condition>

<Node id="18" bw="0" op_0_bw="0">
<![CDATA[
:2  br label %._crit_edge33

]]></Node>
<StgValue><ssdm name="br_ln31"/></StgValue>
</operation>

<operation id="21" st_id="3" stage="1" lat="2">
<core>AXI4Stream</core>
<MemPortIdVec></MemPortIdVec>
<condition id="-1">
<or_exp><and_exp><literal name="j_V_load" val="1"/>
</and_exp></or_exp>
</condition>

<Node id="20" bw="0" op_0_bw="0" op_1_bw="64" op_2_bw="64">
<![CDATA[
:0  call void @_ssdm_op_Write.axis.volatile.i64P(i64* %outdata_V_V, i64 6935547824197074943)

]]></Node>
<StgValue><ssdm name="write_ln23"/></StgValue>
</operation>

<operation id="22" st_id="3" stage="1" lat="1">
<core>NULL</core>
<MemPortIdVec></MemPortIdVec>
<condition id="-1">
<or_exp><and_exp><literal name="j_V_load" val="1"/>
</and_exp></or_exp>
</condition>

<Node id="22" bw="0" op_0_bw="0">
<![CDATA[
:2  br label %._crit_edge33

]]></Node>
<StgValue><ssdm name="br_ln25"/></StgValue>
</operation>

<operation id="23" st_id="3" stage="1" lat="1">
<core>NULL</core>
<MemPortIdVec></MemPortIdVec>
<condition id="-1">
<or_exp><and_exp></and_exp></or_exp>
</condition>

<Node id="24" bw="0">
<![CDATA[
._crit_edge33:0  ret void

]]></Node>
<StgValue><ssdm name="ret_ln37"/></StgValue>
</operation>
</state>
</state_list>


<ports>
<port id="33" name="outdata_V_V" dir="1" iftype="0">
<core>NULL</core><StgValue><ssdm name="outdata_V_V"/></StgValue>
</port>
<port id="34" name="state_out_V" dir="1" iftype="0">
<core>NULL</core><StgValue><ssdm name="state_out_V"/></StgValue>
</port>
<port id="35" name="j_V" dir="2" iftype="0">
<core>NULL</core><StgValue><ssdm name="j_V"/></StgValue>
</port>
</ports>


<dataflows>
<dataflow id="36" from="j_V" to="j_V_load" fromId="35" toId="4">
</dataflow>
<dataflow id="38" from="StgValue_37" to="store_ln30" fromId="37" toId="5">
</dataflow>
<dataflow id="39" from="j_V" to="store_ln30" fromId="35" toId="5">
</dataflow>
<dataflow id="41" from="StgValue_40" to="store_ln24" fromId="40" toId="6">
</dataflow>
<dataflow id="42" from="j_V" to="store_ln24" fromId="35" toId="6">
</dataflow>
<dataflow id="44" from="_ssdm_op_Write.axis.volatile.i64P" to="write_ln29" fromId="43" toId="7">
</dataflow>
<dataflow id="45" from="outdata_V_V" to="write_ln29" fromId="33" toId="7">
</dataflow>
<dataflow id="47" from="StgValue_46" to="write_ln29" fromId="46" toId="7">
</dataflow>
<dataflow id="48" from="_ssdm_op_Write.axis.volatile.i64P" to="write_ln23" fromId="43" toId="8">
</dataflow>
<dataflow id="49" from="outdata_V_V" to="write_ln23" fromId="33" toId="8">
</dataflow>
<dataflow id="51" from="StgValue_50" to="write_ln23" fromId="50" toId="8">
</dataflow>
<dataflow id="53" from="_ssdm_op_SpecBitsMap" to="specbitsmap_ln0" fromId="52" toId="9">
</dataflow>
<dataflow id="54" from="outdata_V_V" to="specbitsmap_ln0" fromId="33" toId="9">
</dataflow>
<dataflow id="55" from="_ssdm_op_SpecBitsMap" to="specbitsmap_ln0" fromId="52" toId="10">
</dataflow>
<dataflow id="56" from="state_out_V" to="specbitsmap_ln0" fromId="34" toId="10">
</dataflow>
<dataflow id="58" from="_ssdm_op_SpecTopModule" to="spectopmodule_ln0" fromId="57" toId="11">
</dataflow>
<dataflow id="60" from="l1tomplane_str" to="spectopmodule_ln0" fromId="59" toId="11">
</dataflow>
<dataflow id="62" from="_ssdm_op_SpecInterface" to="specinterface_ln5" fromId="61" toId="12">
</dataflow>
<dataflow id="63" from="state_out_V" to="specinterface_ln5" fromId="34" toId="12">
</dataflow>
<dataflow id="65" from="p_str" to="specinterface_ln5" fromId="64" toId="12">
</dataflow>
<dataflow id="67" from="StgValue_66" to="specinterface_ln5" fromId="66" toId="12">
</dataflow>
<dataflow id="68" from="StgValue_66" to="specinterface_ln5" fromId="66" toId="12">
</dataflow>
<dataflow id="70" from="p_str1" to="specinterface_ln5" fromId="69" toId="12">
</dataflow>
<dataflow id="71" from="StgValue_66" to="specinterface_ln5" fromId="66" toId="12">
</dataflow>
<dataflow id="72" from="StgValue_66" to="specinterface_ln5" fromId="66" toId="12">
</dataflow>
<dataflow id="73" from="p_str1" to="specinterface_ln5" fromId="69" toId="12">
</dataflow>
<dataflow id="74" from="p_str1" to="specinterface_ln5" fromId="69" toId="12">
</dataflow>
<dataflow id="75" from="p_str1" to="specinterface_ln5" fromId="69" toId="12">
</dataflow>
<dataflow id="76" from="StgValue_66" to="specinterface_ln5" fromId="66" toId="12">
</dataflow>
<dataflow id="77" from="StgValue_66" to="specinterface_ln5" fromId="66" toId="12">
</dataflow>
<dataflow id="78" from="StgValue_66" to="specinterface_ln5" fromId="66" toId="12">
</dataflow>
<dataflow id="79" from="StgValue_66" to="specinterface_ln5" fromId="66" toId="12">
</dataflow>
<dataflow id="80" from="p_str1" to="specinterface_ln5" fromId="69" toId="12">
</dataflow>
<dataflow id="81" from="p_str1" to="specinterface_ln5" fromId="69" toId="12">
</dataflow>
<dataflow id="82" from="_ssdm_op_SpecInterface" to="specinterface_ln6" fromId="61" toId="13">
</dataflow>
<dataflow id="83" from="outdata_V_V" to="specinterface_ln6" fromId="33" toId="13">
</dataflow>
<dataflow id="85" from="p_str2" to="specinterface_ln6" fromId="84" toId="13">
</dataflow>
<dataflow id="87" from="StgValue_86" to="specinterface_ln6" fromId="86" toId="13">
</dataflow>
<dataflow id="88" from="StgValue_86" to="specinterface_ln6" fromId="86" toId="13">
</dataflow>
<dataflow id="90" from="p_str3" to="specinterface_ln6" fromId="89" toId="13">
</dataflow>
<dataflow id="91" from="StgValue_66" to="specinterface_ln6" fromId="66" toId="13">
</dataflow>
<dataflow id="92" from="StgValue_66" to="specinterface_ln6" fromId="66" toId="13">
</dataflow>
<dataflow id="93" from="p_str1" to="specinterface_ln6" fromId="69" toId="13">
</dataflow>
<dataflow id="94" from="p_str1" to="specinterface_ln6" fromId="69" toId="13">
</dataflow>
<dataflow id="95" from="p_str1" to="specinterface_ln6" fromId="69" toId="13">
</dataflow>
<dataflow id="96" from="StgValue_66" to="specinterface_ln6" fromId="66" toId="13">
</dataflow>
<dataflow id="97" from="StgValue_66" to="specinterface_ln6" fromId="66" toId="13">
</dataflow>
<dataflow id="98" from="StgValue_66" to="specinterface_ln6" fromId="66" toId="13">
</dataflow>
<dataflow id="99" from="StgValue_66" to="specinterface_ln6" fromId="66" toId="13">
</dataflow>
<dataflow id="100" from="p_str1" to="specinterface_ln6" fromId="69" toId="13">
</dataflow>
<dataflow id="101" from="p_str1" to="specinterface_ln6" fromId="69" toId="13">
</dataflow>
<dataflow id="103" from="_ssdm_op_SpecPipeline" to="specpipeline_ln7" fromId="102" toId="14">
</dataflow>
<dataflow id="104" from="StgValue_86" to="specpipeline_ln7" fromId="86" toId="14">
</dataflow>
<dataflow id="106" from="StgValue_105" to="specpipeline_ln7" fromId="105" toId="14">
</dataflow>
<dataflow id="107" from="StgValue_86" to="specpipeline_ln7" fromId="86" toId="14">
</dataflow>
<dataflow id="108" from="StgValue_66" to="specpipeline_ln7" fromId="66" toId="14">
</dataflow>
<dataflow id="109" from="p_str1" to="specpipeline_ln7" fromId="69" toId="14">
</dataflow>
<dataflow id="110" from="_ssdm_op_SpecInterface" to="specinterface_ln8" fromId="61" toId="15">
</dataflow>
<dataflow id="111" from="StgValue_66" to="specinterface_ln8" fromId="66" toId="15">
</dataflow>
<dataflow id="113" from="p_str4" to="specinterface_ln8" fromId="112" toId="15">
</dataflow>
<dataflow id="114" from="StgValue_66" to="specinterface_ln8" fromId="66" toId="15">
</dataflow>
<dataflow id="115" from="StgValue_66" to="specinterface_ln8" fromId="66" toId="15">
</dataflow>
<dataflow id="116" from="p_str1" to="specinterface_ln8" fromId="69" toId="15">
</dataflow>
<dataflow id="117" from="StgValue_66" to="specinterface_ln8" fromId="66" toId="15">
</dataflow>
<dataflow id="118" from="StgValue_66" to="specinterface_ln8" fromId="66" toId="15">
</dataflow>
<dataflow id="119" from="p_str1" to="specinterface_ln8" fromId="69" toId="15">
</dataflow>
<dataflow id="120" from="p_str1" to="specinterface_ln8" fromId="69" toId="15">
</dataflow>
<dataflow id="121" from="p_str1" to="specinterface_ln8" fromId="69" toId="15">
</dataflow>
<dataflow id="122" from="StgValue_66" to="specinterface_ln8" fromId="66" toId="15">
</dataflow>
<dataflow id="123" from="StgValue_66" to="specinterface_ln8" fromId="66" toId="15">
</dataflow>
<dataflow id="124" from="StgValue_66" to="specinterface_ln8" fromId="66" toId="15">
</dataflow>
<dataflow id="125" from="StgValue_66" to="specinterface_ln8" fromId="66" toId="15">
</dataflow>
<dataflow id="126" from="p_str1" to="specinterface_ln8" fromId="69" toId="15">
</dataflow>
<dataflow id="127" from="p_str1" to="specinterface_ln8" fromId="69" toId="15">
</dataflow>
<dataflow id="129" from="_ssdm_op_Write.ap_none.i2P" to="write_ln15" fromId="128" toId="16">
</dataflow>
<dataflow id="130" from="state_out_V" to="write_ln15" fromId="34" toId="16">
</dataflow>
<dataflow id="131" from="j_V_load" to="write_ln15" fromId="4" toId="16">
</dataflow>
<dataflow id="133" from="_ssdm_op_SpecReset" to="specreset_ln17" fromId="132" toId="17">
</dataflow>
<dataflow id="134" from="j_V" to="specreset_ln17" fromId="35" toId="17">
</dataflow>
<dataflow id="135" from="StgValue_86" to="specreset_ln17" fromId="86" toId="17">
</dataflow>
<dataflow id="136" from="p_str1" to="specreset_ln17" fromId="69" toId="17">
</dataflow>
<dataflow id="137" from="j_V_load" to="switch_ln19" fromId="4" toId="18">
</dataflow>
<dataflow id="139" from="StgValue_138" to="switch_ln19" fromId="138" toId="18">
</dataflow>
<dataflow id="140" from="StgValue_40" to="switch_ln19" fromId="40" toId="18">
</dataflow>
<dataflow id="141" from="_ssdm_op_Write.axis.volatile.i64P" to="write_ln29" fromId="43" toId="19">
</dataflow>
<dataflow id="142" from="outdata_V_V" to="write_ln29" fromId="33" toId="19">
</dataflow>
<dataflow id="143" from="StgValue_46" to="write_ln29" fromId="46" toId="19">
</dataflow>
<dataflow id="144" from="_ssdm_op_Write.axis.volatile.i64P" to="write_ln23" fromId="43" toId="21">
</dataflow>
<dataflow id="145" from="outdata_V_V" to="write_ln23" fromId="33" toId="21">
</dataflow>
<dataflow id="146" from="StgValue_50" to="write_ln23" fromId="50" toId="21">
</dataflow>
<dataflow id="147" from="j_V_load" to="StgValue_1" fromId="4" toId="1">
</dataflow>
<dataflow id="148" from="j_V_load" to="StgValue_2" fromId="4" toId="2">
</dataflow>
<dataflow id="149" from="j_V_load" to="StgValue_3" fromId="4" toId="3">
</dataflow>
</dataflows>


</stg>
